#
# There is insufficient memory for the Java Runtime Environment to continue.
# Native memory allocation (malloc) failed to allocate 1546416 bytes. Error detail: Chunk::new
# Possible reasons:
#   The system is out of physical RAM or swap space
#   This process is running with CompressedOops enabled, and the Java Heap may be blocking the growth of the native heap
# Possible solutions:
#   Reduce memory load on the system
#   Increase physical memory or swap space
#   Check if swap backing store is full
#   Decrease Java heap size (-Xmx/-Xms)
#   Decrease number of Java threads
#   Decrease Java thread stack sizes (-Xss)
#   Set larger code cache with -XX:ReservedCodeCacheSize=
#   JVM is running with Zero Based Compressed Oops mode in which the Java heap is
#     placed in the first 32GB address space. The Java Heap base address is the
#     maximum limit for the native heap growth. Please use -XX:HeapBaseMinAddress
#     to set the Java Heap base and to place the Java Heap above 32GB virtual address.
# This output file may be truncated or incomplete.
#
#  Out of Memory Error (arena.cpp:168), pid=25196, tid=8696
#
# JRE version: OpenJDK Runtime Environment Corretto-21.0.9.10.1 (21.0.9+10) (build 21.0.9+10-LTS)
# Java VM: OpenJDK 64-Bit Server VM Corretto-21.0.9.10.1 (21.0.9+10-LTS, mixed mode, sharing, tiered, compressed oops, compressed class ptrs, g1 gc, windows-amd64)
# No core dump will be written. Minidumps are not enabled by default on client versions of Windows
#

---------------  S U M M A R Y ------------

Command Line: --add-opens=java.base/java.lang=ALL-UNNAMED --add-opens=java.base/java.lang.invoke=ALL-UNNAMED --add-opens=java.base/java.util=ALL-UNNAMED --add-opens=java.prefs/java.util.prefs=ALL-UNNAMED --add-exports=jdk.compiler/com.sun.tools.javac.api=ALL-UNNAMED --add-exports=jdk.compiler/com.sun.tools.javac.util=ALL-UNNAMED --add-opens=java.base/java.util=ALL-UNNAMED --add-opens=java.prefs/java.util.prefs=ALL-UNNAMED --add-opens=java.base/java.nio.charset=ALL-UNNAMED --add-opens=java.base/java.net=ALL-UNNAMED --add-opens=java.base/java.util.concurrent=ALL-UNNAMED --add-opens=java.base/java.util.concurrent.atomic=ALL-UNNAMED --add-opens=java.xml/javax.xml.namespace=ALL-UNNAMED --add-opens=java.base/java.time=ALL-UNNAMED -XX:MaxMetaspaceSize=1g -Xmx3g -Dfile.encoding=UTF-8 -Duser.country=CN -Duser.language=zh -Duser.variant -javaagent:C:\Users\lin17\.gradle\wrapper\dists\gradle-9.4.0-bin\lcvyxq3t37f6mx9miaydrrgs\gradle-9.4.0\lib\agents\gradle-instrumentation-agent-9.4.0.jar org.gradle.launcher.daemon.bootstrap.GradleDaemon 9.4.0

Host: AMD Ryzen 7 6800H with Radeon Graphics         , 16 cores, 15G,  Windows 11 , 64 bit Build 26100 (10.0.26100.8328)
Time: Wed May 27 16:27:20 2026 elapsed time: 876.505791 seconds (0d 0h 14m 36s)

---------------  T H R E A D  ---------------

Current thread (0x000001f57ce8e4d0):  JavaThread "C2 CompilerThread0" daemon [_thread_in_native, id=8696, stack(0x0000004260f00000,0x0000004261000000) (1024K)]


Current CompileTask:
C2:876505 151603       4       org.jetbrains.kotlin.fir.backend.Fir2IrTypeConverter::toIrType (1744 bytes)

Stack: [0x0000004260f00000,0x0000004261000000]
Native frames: (J=compiled Java code, j=interpreted, Vv=VM code, C=native code)
V  [jvm.dll+0x6de6a9]
V  [jvm.dll+0x8bbdeb]
V  [jvm.dll+0x8be37a]
V  [jvm.dll+0x8bea53]
V  [jvm.dll+0x28a1d6]
V  [jvm.dll+0xc8fdd]
V  [jvm.dll+0xc952c]
V  [jvm.dll+0x3c51f2]
V  [jvm.dll+0x3919b2]
V  [jvm.dll+0x390e0a]
V  [jvm.dll+0x251f70]
V  [jvm.dll+0x25159c]
V  [jvm.dll+0x1d184e]
V  [jvm.dll+0x26114a]
V  [jvm.dll+0x25f6d5]
V  [jvm.dll+0x3fefbd]
V  [jvm.dll+0x865f4d]
V  [jvm.dll+0x6dcead]
C  [ucrtbase.dll+0x37b0]
C  [KERNEL32.DLL+0x2e957]
C  [ntdll.dll+0x427c]


---------------  P R O C E S S  ---------------

Threads class SMR info:
_java_thread_list=0x000001f53b9e5640, length=87, elements={
0x000001f55c018ab0, 0x000001f57ce722c0, 0x000001f57ce72d10, 0x000001f57ce77b10,
0x000001f57ce78b20, 0x000001f57ce81580, 0x000001f57ce8a120, 0x000001f57ce8e4d0,
0x000001f57ce910a0, 0x000001f57d114670, 0x000001f57d1e6f50, 0x000001f57e946840,
0x000001f57f596670, 0x000001f57ee99260, 0x000001f57e8fac50, 0x000001f57ef7f310,
0x000001f57f8b64b0, 0x000001f57f8b7320, 0x000001f57f87d120, 0x000001f57f879ca0,
0x000001f57f87a330, 0x000001f57f87ca90, 0x000001f57f87a9c0, 0x000001f57f87b050,
0x000001f539efc9f0, 0x000001f539efafb0, 0x000001f539efa920, 0x000001f539efd080,
0x000001f539efb640, 0x000001f539efd710, 0x000001f539efbcd0, 0x000001f539efa290,
0x000001f539eff7e0, 0x000001f539f00500, 0x000001f539f01220, 0x000001f539efdda0,
0x000001f539efeac0, 0x000001f539f018b0, 0x000001f539eff150, 0x000001f539efe430,
0x000001f539effe70, 0x000001f53cd979d0, 0x000001f53cd986f0, 0x000001f53cd99aa0,
0x000001f53cd96cb0, 0x000001f53cd98060, 0x000001f53cd98d80, 0x000001f53cd99410,
0x000001f53cd9a130, 0x000001f53cd97340, 0x000001f53a3f3d00, 0x000001f53a3f7810,
0x000001f53dd628d0, 0x000001f53dd63c80, 0x000001f53dd64310, 0x000001f53a3f9250,
0x000001f53a3f5dd0, 0x000001f53a3f98e0, 0x000001f53a3f6460, 0x000001f53a3f9f70,
0x000001f53a3fb320, 0x000001f53997b300, 0x000001f53997c020, 0x000001f539978ba0,
0x000001f53997a5e0, 0x000001f5399798c0, 0x000001f53997ac70, 0x000001f539979f50,
0x000001f53997b990, 0x000001f53997c6b0, 0x000001f53997e0f0, 0x000001f53b7e1af0,
0x000001f53b7ddfe0, 0x000001f543c62330, 0x000001f53c338420, 0x000001f53c228030,
0x000001f53c227310, 0x000001f55a4ffb70, 0x000001f54db1f110, 0x000001f53c76a410,
0x000001f53cd325d0, 0x000001f55a7f3a70, 0x000001f54f740410, 0x000001f54ec61450,
0x000001f53cd318b0, 0x000001f55a7c5840, 0x000001f5443d3670
}

Java Threads: ( => current thread )
  0x000001f55c018ab0 JavaThread "main"                              [_thread_blocked, id=13200, stack(0x0000004260100000,0x0000004260200000) (1024K)]
  0x000001f57ce722c0 JavaThread "Reference Handler"          daemon [_thread_blocked, id=26444, stack(0x0000004260900000,0x0000004260a00000) (1024K)]
  0x000001f57ce72d10 JavaThread "Finalizer"                  daemon [_thread_blocked, id=22208, stack(0x0000004260a00000,0x0000004260b00000) (1024K)]
  0x000001f57ce77b10 JavaThread "Signal Dispatcher"          daemon [_thread_blocked, id=25824, stack(0x0000004260b00000,0x0000004260c00000) (1024K)]
  0x000001f57ce78b20 JavaThread "Attach Listener"            daemon [_thread_blocked, id=39168, stack(0x0000004260c00000,0x0000004260d00000) (1024K)]
  0x000001f57ce81580 JavaThread "Service Thread"             daemon [_thread_blocked, id=6980, stack(0x0000004260d00000,0x0000004260e00000) (1024K)]
  0x000001f57ce8a120 JavaThread "Monitor Deflation Thread"   daemon [_thread_blocked, id=30476, stack(0x0000004260e00000,0x0000004260f00000) (1024K)]
=>0x000001f57ce8e4d0 JavaThread "C2 CompilerThread0"         daemon [_thread_in_native, id=8696, stack(0x0000004260f00000,0x0000004261000000) (1024K)]
  0x000001f57ce910a0 JavaThread "C1 CompilerThread0"         daemon [_thread_blocked, id=42276, stack(0x0000004261000000,0x0000004261100000) (1024K)]
  0x000001f57d114670 JavaThread "Common-Cleaner"             daemon [_thread_blocked, id=26016, stack(0x0000004261200000,0x0000004261300000) (1024K)]
  0x000001f57d1e6f50 JavaThread "Notification Thread"        daemon [_thread_blocked, id=27640, stack(0x0000004261300000,0x0000004261400000) (1024K)]
  0x000001f57e946840 JavaThread "Daemon health stats"               [_thread_blocked, id=13940, stack(0x0000004261500000,0x0000004261600000) (1024K)]
  0x000001f57f596670 JavaThread "Incoming local TCP Connector on port 61185"        [_thread_in_native, id=18704, stack(0x0000004261600000,0x0000004261700000) (1024K)]
  0x000001f57ee99260 JavaThread "Daemon periodic checks"            [_thread_blocked, id=31972, stack(0x0000004261d00000,0x0000004261e00000) (1024K)]
  0x000001f57e8fac50 JavaThread "Daemon"                            [_thread_blocked, id=28976, stack(0x0000004261e00000,0x0000004261f00000) (1024K)]
  0x000001f57ef7f310 JavaThread "Handler for socket connection from /127.0.0.1:61185 to /127.0.0.1:61186"        [_thread_in_native, id=10768, stack(0x0000004261f00000,0x0000004262000000) (1024K)]
  0x000001f57f8b64b0 JavaThread "Cancel handler"                    [_thread_blocked, id=42240, stack(0x0000004262000000,0x0000004262100000) (1024K)]
  0x000001f57f8b7320 JavaThread "Daemon worker"                     [_thread_blocked, id=3952, stack(0x0000004262100000,0x0000004262200000) (1024K)]
  0x000001f57f87d120 JavaThread "Asynchronous log dispatcher for DefaultDaemonConnection: socket connection from /127.0.0.1:61185 to /127.0.0.1:61186"        [_thread_blocked, id=36892, stack(0x0000004262200000,0x0000004262300000) (1024K)]
  0x000001f57f879ca0 JavaThread "Stdin handler"                     [_thread_blocked, id=40460, stack(0x0000004262300000,0x0000004262400000) (1024K)]
  0x000001f57f87a330 JavaThread "Daemon client event forwarder"        [_thread_blocked, id=25568, stack(0x0000004262400000,0x0000004262500000) (1024K)]
  0x000001f57f87ca90 JavaThread "Cache worker for journal cache (C:\Users\lin17\.gradle\caches\journal-1)"        [_thread_blocked, id=19996, stack(0x0000004262500000,0x0000004262600000) (1024K)]
  0x000001f57f87a9c0 JavaThread "File lock request listener"        [_thread_in_native, id=36288, stack(0x0000004262600000,0x0000004262700000) (1024K)]
  0x000001f57f87b050 JavaThread "Cache worker for file hash cache (C:\Users\lin17\.gradle\caches\9.4.0\fileHashes)"        [_thread_blocked, id=34108, stack(0x0000004261400000,0x0000004261500000) (1024K)]
  0x000001f539efc9f0 JavaThread "Cache worker for file hash cache (D:\code\intellij\cangjie\.gradle\9.4.0\fileHashes)"        [_thread_blocked, id=2680, stack(0x0000004263300000,0x0000004263400000) (1024K)]
  0x000001f539efafb0 JavaThread "Cache worker for Build Output Cleanup Cache (D:\code\intellij\cangjie\.gradle\buildOutputCleanup)"        [_thread_blocked, id=42316, stack(0x0000004261700000,0x0000004261800000) (1024K)]
  0x000001f539efa920 JavaThread "File watcher server"        daemon [_thread_blocked, id=26116, stack(0x0000004262700000,0x0000004262800000) (1024K)]
  0x000001f539efd080 JavaThread "File watcher consumer"      daemon [_thread_blocked, id=24276, stack(0x0000004263400000,0x0000004263500000) (1024K)]
  0x000001f539efb640 JavaThread "Cache worker for file content cache (C:\Users\lin17\.gradle\caches\9.4.0\fileContent)"        [_thread_blocked, id=33468, stack(0x0000004263500000,0x0000004263600000) (1024K)]
  0x000001f539efd710 JavaThread "Cache worker for checksums cache (D:\code\intellij\cangjie\.gradle\9.4.0\checksums)"        [_thread_blocked, id=41184, stack(0x0000004263600000,0x0000004263700000) (1024K)]
  0x000001f539efbcd0 JavaThread "Cache worker for cache directory md-supplier (C:\Users\lin17\.gradle\caches\9.4.0\md-supplier)"        [_thread_blocked, id=19352, stack(0x0000004263900000,0x0000004263a00000) (1024K)]
  0x000001f539efa290 JavaThread "Cache worker for cache directory md-rule (C:\Users\lin17\.gradle\caches\9.4.0\md-rule)"        [_thread_blocked, id=27496, stack(0x0000004263a00000,0x0000004263b00000) (1024K)]
  0x000001f539eff7e0 JavaThread "Cache worker for Build Output Cleanup Cache (D:\code\intellij\cangjie\repo\gradle-settings-conventions\.gradle\buildOutputCleanup)"        [_thread_blocked, id=9064, stack(0x0000004263c00000,0x0000004263d00000) (1024K)]
  0x000001f539f00500 JavaThread "Build operations"                  [_thread_blocked, id=29648, stack(0x0000004261c00000,0x0000004261d00000) (1024K)]
  0x000001f539f01220 JavaThread "Build operations Thread 2"         [_thread_blocked, id=27592, stack(0x0000004263700000,0x0000004263800000) (1024K)]
  0x000001f539efdda0 JavaThread "Build operations Thread 3"         [_thread_blocked, id=37216, stack(0x0000004263800000,0x0000004263900000) (1024K)]
  0x000001f539efeac0 JavaThread "Build operations Thread 4"         [_thread_blocked, id=16356, stack(0x0000004263b00000,0x0000004263c00000) (1024K)]
  0x000001f539f018b0 JavaThread "Build operations Thread 5"         [_thread_blocked, id=37752, stack(0x0000004263d00000,0x0000004263e00000) (1024K)]
  0x000001f539eff150 JavaThread "Build operations Thread 6"         [_thread_blocked, id=37740, stack(0x0000004263e00000,0x0000004263f00000) (1024K)]
  0x000001f539efe430 JavaThread "Cache worker for Build Output Cleanup Cache (D:\code\intellij\cangjie\repo\gradle-build-conventions\.gradle\buildOutputCleanup)"        [_thread_blocked, id=29800, stack(0x0000004264100000,0x0000004264200000) (1024K)]
  0x000001f539effe70 JavaThread "Build operations Thread 7"         [_thread_blocked, id=41388, stack(0x0000004264300000,0x0000004264400000) (1024K)]
  0x000001f53cd979d0 JavaThread "Build operations Thread 8"         [_thread_blocked, id=41552, stack(0x0000004264400000,0x0000004264500000) (1024K)]
  0x000001f53cd986f0 JavaThread "Build operations Thread 9"         [_thread_blocked, id=9180, stack(0x0000004264500000,0x0000004264600000) (1024K)]
  0x000001f53cd99aa0 JavaThread "Build operations Thread 10"        [_thread_blocked, id=36380, stack(0x0000004264600000,0x0000004264700000) (1024K)]
  0x000001f53cd96cb0 JavaThread "Build operations Thread 11"        [_thread_blocked, id=33096, stack(0x0000004264700000,0x0000004264800000) (1024K)]
  0x000001f53cd98060 JavaThread "Build operations Thread 12"        [_thread_blocked, id=18988, stack(0x0000004264800000,0x0000004264900000) (1024K)]
  0x000001f53cd98d80 JavaThread "Build operations Thread 13"        [_thread_blocked, id=41504, stack(0x0000004264900000,0x0000004264a00000) (1024K)]
  0x000001f53cd99410 JavaThread "Build operations Thread 14"        [_thread_blocked, id=30352, stack(0x0000004264a00000,0x0000004264b00000) (1024K)]
  0x000001f53cd9a130 JavaThread "Build operations Thread 15"        [_thread_blocked, id=38764, stack(0x0000004264b00000,0x0000004264c00000) (1024K)]
  0x000001f53cd97340 JavaThread "Build operations Thread 16"        [_thread_blocked, id=29804, stack(0x0000004264c00000,0x0000004264d00000) (1024K)]
  0x000001f53a3f3d00 JavaThread "Memory manager"                    [_thread_blocked, id=32896, stack(0x0000004264e00000,0x0000004264f00000) (1024K)]
  0x000001f53a3f7810 JavaThread "build event listener"              [_thread_blocked, id=37880, stack(0x0000004260000000,0x0000004260100000) (1024K)]
  0x000001f53dd628d0 JavaThread "ForkJoinPool.commonPool-worker-11" daemon [_thread_blocked, id=2712, stack(0x0000004265700000,0x0000004265800000) (1024K)]
  0x000001f53dd63c80 JavaThread "included builds"                   [_thread_blocked, id=37500, stack(0x000000425fe00000,0x000000425ff00000) (1024K)]
  0x000001f53dd64310 JavaThread "Execution worker"                  [_thread_blocked, id=46952, stack(0x0000004265b00000,0x0000004265c00000) (1024K)]
  0x000001f53a3f9250 JavaThread "Execution worker Thread 2"         [_thread_blocked, id=36652, stack(0x0000004265c00000,0x0000004265d00000) (1024K)]
  0x000001f53a3f5dd0 JavaThread "Execution worker Thread 3"         [_thread_blocked, id=32760, stack(0x0000004265d00000,0x0000004265e00000) (1024K)]
  0x000001f53a3f98e0 JavaThread "Execution worker Thread 4"         [_thread_blocked, id=29240, stack(0x0000004265e00000,0x0000004265f00000) (1024K)]
  0x000001f53a3f6460 JavaThread "Execution worker Thread 5"         [_thread_blocked, id=14252, stack(0x0000004265f00000,0x0000004266000000) (1024K)]
  0x000001f53a3f9f70 JavaThread "Execution worker Thread 6"         [_thread_blocked, id=33852, stack(0x0000004266000000,0x0000004266100000) (1024K)]
  0x000001f53a3fb320 JavaThread "Execution worker Thread 7"         [_thread_blocked, id=11400, stack(0x0000004266100000,0x0000004266200000) (1024K)]
  0x000001f53997b300 JavaThread "Execution worker Thread 8"         [_thread_blocked, id=46788, stack(0x0000004266200000,0x0000004266300000) (1024K)]
  0x000001f53997c020 JavaThread "Execution worker Thread 9"         [_thread_blocked, id=35872, stack(0x0000004266300000,0x0000004266400000) (1024K)]
  0x000001f539978ba0 JavaThread "Execution worker Thread 10"        [_thread_blocked, id=23748, stack(0x0000004266400000,0x0000004266500000) (1024K)]
  0x000001f53997a5e0 JavaThread "Execution worker Thread 11"        [_thread_blocked, id=26244, stack(0x0000004266500000,0x0000004266600000) (1024K)]
  0x000001f5399798c0 JavaThread "Execution worker Thread 12"        [_thread_blocked, id=15072, stack(0x0000004266600000,0x0000004266700000) (1024K)]
  0x000001f53997ac70 JavaThread "Execution worker Thread 13"        [_thread_blocked, id=25112, stack(0x0000004266700000,0x0000004266800000) (1024K)]
  0x000001f539979f50 JavaThread "Execution worker Thread 14"        [_thread_blocked, id=37096, stack(0x0000004266800000,0x0000004266900000) (1024K)]
  0x000001f53997b990 JavaThread "Execution worker Thread 15"        [_thread_blocked, id=44752, stack(0x0000004266900000,0x0000004266a00000) (1024K)]
  0x000001f53997c6b0 JavaThread "Cache worker for execution history cache (D:\code\intellij\cangjie\repo\gradle-settings-conventions\.gradle\9.4.0\executionHistory)"        [_thread_blocked, id=7568, stack(0x0000004266a00000,0x0000004266b00000) (1024K)]
  0x000001f53997e0f0 JavaThread "build event listener"              [_thread_blocked, id=22780, stack(0x0000004264200000,0x0000004264300000) (1024K)]
  0x000001f53b7e1af0 JavaThread "Cache worker for execution history cache (D:\code\intellij\cangjie\repo\gradle-build-conventions\.gradle\9.4.0\executionHistory)"        [_thread_blocked, id=44128, stack(0x0000004266d00000,0x0000004266e00000) (1024K)]
  0x000001f53b7ddfe0 JavaThread "build event listener"              [_thread_blocked, id=33176, stack(0x0000004266e00000,0x0000004266f00000) (1024K)]
  0x000001f543c62330 JavaThread "Cache worker for execution history cache (D:\code\intellij\cangjie\.gradle\9.4.0\executionHistory)"        [_thread_blocked, id=22548, stack(0x0000004266f00000,0x0000004267000000) (1024K)]
  0x000001f53c338420 JavaThread "WorkerExecutor Queue"              [_thread_blocked, id=5916, stack(0x0000004266b00000,0x0000004266c00000) (1024K)]
  0x000001f53c228030 JavaThread "Cache worker for Java compile cache (C:\Users\lin17\.gradle\caches\9.4.0\javaCompile)"        [_thread_blocked, id=31836, stack(0x0000004266c00000,0x0000004266d00000) (1024K)]
  0x000001f53c227310 JavaThread "WorkerExecutor Queue Thread 2"        [_thread_blocked, id=3236, stack(0x0000004263f00000,0x0000004264000000) (1024K)]
  0x000001f55a4ffb70 JavaThread "WorkerExecutor Queue Thread 3"        [_thread_blocked, id=3888, stack(0x0000004264f00000,0x0000004265000000) (1024K)]
  0x000001f54db1f110 JavaThread "WorkerExecutor Queue Thread 4"        [_thread_blocked, id=28824, stack(0x0000004265500000,0x0000004265600000) (1024K)]
  0x000001f53c76a410 JavaThread "pool-4-thread-1"                   [_thread_blocked, id=31504, stack(0x0000004265600000,0x0000004265700000) (1024K)]
  0x000001f53cd325d0 JavaThread "WorkerExecutor Queue Thread 5"        [_thread_blocked, id=26540, stack(0x0000004265900000,0x0000004265a00000) (1024K)]
  0x000001f55a7f3a70 JavaThread "pool-5-thread-1"                   [_thread_blocked, id=22684, stack(0x0000004265a00000,0x0000004265b00000) (1024K)]
  0x000001f54f740410 JavaThread "WorkerExecutor Queue Thread 6"        [_thread_blocked, id=41920, stack(0x0000004267000000,0x0000004267100000) (1024K)]
  0x000001f54ec61450 JavaThread "pool-6-thread-1"                   [_thread_blocked, id=33108, stack(0x0000004267100000,0x0000004267200000) (1024K)]
  0x000001f53cd318b0 JavaThread "WorkerExecutor Queue Thread 7"        [_thread_blocked, id=44484, stack(0x0000004267200000,0x0000004267300000) (1024K)]
  0x000001f55a7c5840 JavaThread "C1 CompilerThread1"         daemon [_thread_in_vm, id=25236, stack(0x000000425ff00000,0x0000004260000000) (1024K)]
  0x000001f5443d3670 JavaThread "C1 CompilerThread2"         daemon [_thread_blocked, id=35560, stack(0x0000004263000000,0x0000004263100000) (1024K)]
Total: 87

Other Threads:
  0x000001f57ce50710 VMThread "VM Thread"                           [id=34156, stack(0x0000004260800000,0x0000004260900000) (1024K)] _threads_hazard_ptr=0x000001f53b9e5640
  0x000001f57ce3fd00 WatcherThread "VM Periodic Task Thread"        [id=22060, stack(0x0000004260700000,0x0000004260800000) (1024K)]
  0x000001f55e3852f0 WorkerThread "GC Thread#0"                     [id=45028, stack(0x0000004260200000,0x0000004260300000) (1024K)]
  0x000001f57dc16160 WorkerThread "GC Thread#1"                     [id=6692, stack(0x0000004261800000,0x0000004261900000) (1024K)]
  0x000001f57e036210 WorkerThread "GC Thread#2"                     [id=34624, stack(0x0000004261900000,0x0000004261a00000) (1024K)]
  0x000001f57e0365b0 WorkerThread "GC Thread#3"                     [id=32668, stack(0x0000004261a00000,0x0000004261b00000) (1024K)]
  0x000001f57e0a6fc0 WorkerThread "GC Thread#4"                     [id=31364, stack(0x0000004261b00000,0x0000004261c00000) (1024K)]
  0x000001f53998dfd0 WorkerThread "GC Thread#5"                     [id=48612, stack(0x0000004262800000,0x0000004262900000) (1024K)]
  0x000001f53998d150 WorkerThread "GC Thread#6"                     [id=21600, stack(0x0000004262900000,0x0000004262a00000) (1024K)]
  0x000001f53998c670 WorkerThread "GC Thread#7"                     [id=20612, stack(0x0000004262a00000,0x0000004262b00000) (1024K)]
  0x000001f53998d4f0 WorkerThread "GC Thread#8"                     [id=26024, stack(0x0000004262b00000,0x0000004262c00000) (1024K)]
  0x000001f53998d890 WorkerThread "GC Thread#9"                     [id=46048, stack(0x0000004262c00000,0x0000004262d00000) (1024K)]
  0x000001f53998dc30 WorkerThread "GC Thread#10"                    [id=8592, stack(0x0000004262d00000,0x0000004262e00000) (1024K)]
  0x000001f53998ca10 WorkerThread "GC Thread#11"                    [id=4484, stack(0x0000004262e00000,0x0000004262f00000) (1024K)]
  0x000001f53998cdb0 WorkerThread "GC Thread#12"                    [id=40684, stack(0x0000004262f00000,0x0000004263000000) (1024K)]
  0x000001f55e3921e0 ConcurrentGCThread "G1 Main Marker"            [id=27632, stack(0x0000004260300000,0x0000004260400000) (1024K)]
  0x000001f55e393a70 WorkerThread "G1 Conc#0"                       [id=44560, stack(0x0000004260400000,0x0000004260500000) (1024K)]
  0x000001f53a1115e0 WorkerThread "G1 Conc#1"                       [id=6840, stack(0x0000004263100000,0x0000004263200000) (1024K)]
  0x000001f53a111d20 WorkerThread "G1 Conc#2"                       [id=26944, stack(0x0000004263200000,0x0000004263300000) (1024K)]
  0x000001f55e3eeb10 ConcurrentGCThread "G1 Refine#0"               [id=26500, stack(0x0000004260500000,0x0000004260600000) (1024K)]
  0x000001f57cd0e5f0 ConcurrentGCThread "G1 Service"                [id=45784, stack(0x0000004260600000,0x0000004260700000) (1024K)]
Total: 21

Threads with active compile tasks:
C2 CompilerThread0  876545 151603       4       org.jetbrains.kotlin.fir.backend.Fir2IrTypeConverter::toIrType (1744 bytes)
C1 CompilerThread0  876545 151536       3       org.jetbrains.kotlin.fir.scopes.impl.FirAbstractImportingScope::processClassifiersFromImportsByName (143 bytes)
C1 CompilerThread1  876545 151420       3       com.sun.org.apache.xerces.internal.impl.XMLEntityScanner::skipChar (142 bytes)
C1 CompilerThread2  876545 151641       2       org.jetbrains.kotlin.ir.interpreter.IrInterpreter::handle (82 bytes)
Total: 4

VM state: synchronizing (normal execution)

VM Mutex/Monitor currently owned by a thread:  ([mutex/lock_event])
[0x00007ffafe094570] CompileThread_lock - owner thread: 0x000001f57ce910a0
[0x00007ffafe095570] Threads_lock - owner thread: 0x000001f57ce50710

Heap address: 0x0000000740000000, size: 3072 MB, Compressed Oops mode: Zero based, Oop shift amount: 3

CDS archive(s) mapped at: [0x000001f500000000-0x000001f500c80000-0x000001f500c80000), size 13107200, SharedBaseAddress: 0x000001f500000000, ArchiveRelocationMode: 1.
Compressed class space mapped at: 0x000001f501000000-0x000001f535000000, reserved size: 872415232
Narrow klass base: 0x000001f500000000, Narrow klass shift: 0, Narrow klass range: 0x100000000

GC Precious Log:
 CardTable entry size: 512
 Card Set container configuration: InlinePtr #cards 4 size 8 Array Of Cards #cards 16 size 48 Howl #buckets 8 coarsen threshold 3686 Howl Bitmap #cards 512 size 80 coarsen threshold 460 Card regions per heap region 1 cards per card region 4096
 CPUs: 16 total, 16 available
 Memory: 15613M
 Large Page Support: Disabled
 NUMA Support: Disabled
 Compressed Oops: Enabled (Zero based)
 Heap Region Size: 2M
 Heap Min Capacity: 8M
 Heap Initial Capacity: 244M
 Heap Max Capacity: 3G
 Pre-touch: Disabled
 Parallel Workers: 13
 Concurrent Workers: 3
 Concurrent Refinement Workers: 13
 Periodic GC: Disabled

Heap:
 garbage-first heap   total 1728512K, used 1025981K [0x0000000740000000, 0x0000000800000000)
  region size 2048K, 37 young (75776K), 26 survivors (53248K)
 Metaspace       used 529879K, committed 533696K, reserved 1376256K
  class space    used 60817K, committed 62656K, reserved 851968K

Heap Regions: E=young(eden), S=young(survivor), O=old, HS=humongous(starts), HC=humongous(continues), CS=collection set, F=free, TAMS=top-at-mark-start, PB=parsable bottom
|   0|0x0000000740000000, 0x0000000740200000, 0x0000000740200000|100%|HS|  |TAMS 0x0000000740200000| PB 0x0000000740000000| Complete 
|   1|0x0000000740200000, 0x0000000740400000, 0x0000000740400000|100%|HC|  |TAMS 0x0000000740400000| PB 0x0000000740200000| Complete 
|   2|0x0000000740400000, 0x0000000740600000, 0x0000000740600000|100%| O|  |TAMS 0x0000000740600000| PB 0x0000000740400000| Untracked 
|   3|0x0000000740600000, 0x0000000740800000, 0x0000000740800000|100%| O|  |TAMS 0x0000000740800000| PB 0x0000000740600000| Untracked 
|   4|0x0000000740800000, 0x0000000740a00000, 0x0000000740a00000|100%| O|  |TAMS 0x0000000740a00000| PB 0x0000000740800000| Untracked 
|   5|0x0000000740a00000, 0x0000000740c00000, 0x0000000740c00000|100%| O|  |TAMS 0x0000000740c00000| PB 0x0000000740a00000| Untracked 
|   6|0x0000000740c00000, 0x0000000740e00000, 0x0000000740e00000|100%| O|  |TAMS 0x0000000740e00000| PB 0x0000000740c00000| Untracked 
|   7|0x0000000740e00000, 0x0000000741000000, 0x0000000741000000|100%| O|  |TAMS 0x0000000741000000| PB 0x0000000740e00000| Untracked 
|   8|0x0000000741000000, 0x0000000741200000, 0x0000000741200000|100%| O|  |TAMS 0x0000000741200000| PB 0x0000000741000000| Untracked 
|   9|0x0000000741200000, 0x0000000741400000, 0x0000000741400000|100%| O|  |TAMS 0x0000000741400000| PB 0x0000000741200000| Untracked 
|  10|0x0000000741400000, 0x0000000741600000, 0x0000000741600000|100%| O|  |TAMS 0x0000000741600000| PB 0x0000000741400000| Untracked 
|  11|0x0000000741600000, 0x0000000741800000, 0x0000000741800000|100%| O|  |TAMS 0x0000000741800000| PB 0x0000000741600000| Untracked 
|  12|0x0000000741800000, 0x0000000741a00000, 0x0000000741a00000|100%| O|  |TAMS 0x0000000741a00000| PB 0x0000000741800000| Untracked 
|  13|0x0000000741a00000, 0x0000000741c00000, 0x0000000741c00000|100%| O|  |TAMS 0x0000000741c00000| PB 0x0000000741a00000| Untracked 
|  14|0x0000000741c00000, 0x0000000741e00000, 0x0000000741e00000|100%| O|  |TAMS 0x0000000741e00000| PB 0x0000000741c00000| Untracked 
|  15|0x0000000741e00000, 0x0000000742000000, 0x0000000742000000|100%| O|  |TAMS 0x0000000742000000| PB 0x0000000741e00000| Untracked 
|  16|0x0000000742000000, 0x0000000742200000, 0x0000000742200000|100%|HS|  |TAMS 0x0000000742200000| PB 0x0000000742000000| Complete 
|  17|0x0000000742200000, 0x0000000742400000, 0x0000000742400000|100%|HS|  |TAMS 0x0000000742400000| PB 0x0000000742200000| Complete 
|  18|0x0000000742400000, 0x0000000742600000, 0x0000000742600000|100%| O|  |TAMS 0x0000000742600000| PB 0x0000000742400000| Untracked 
|  19|0x0000000742600000, 0x0000000742800000, 0x0000000742800000|100%| O|  |TAMS 0x0000000742800000| PB 0x0000000742600000| Untracked 
|  20|0x0000000742800000, 0x0000000742a00000, 0x0000000742a00000|100%| O|  |TAMS 0x0000000742a00000| PB 0x0000000742800000| Untracked 
|  21|0x0000000742a00000, 0x0000000742c00000, 0x0000000742c00000|100%| O|  |TAMS 0x0000000742c00000| PB 0x0000000742a00000| Untracked 
|  22|0x0000000742c00000, 0x0000000742e00000, 0x0000000742e00000|100%| O|  |TAMS 0x0000000742e00000| PB 0x0000000742c00000| Untracked 
|  23|0x0000000742e00000, 0x0000000743000000, 0x0000000743000000|100%|HS|  |TAMS 0x0000000743000000| PB 0x0000000742e00000| Complete 
|  24|0x0000000743000000, 0x0000000743200000, 0x0000000743200000|100%| O|  |TAMS 0x0000000743200000| PB 0x0000000743000000| Untracked 
|  25|0x0000000743200000, 0x0000000743400000, 0x0000000743400000|100%| O|  |TAMS 0x0000000743400000| PB 0x0000000743200000| Untracked 
|  26|0x0000000743400000, 0x0000000743600000, 0x0000000743600000|100%| O|  |TAMS 0x0000000743600000| PB 0x0000000743400000| Untracked 
|  27|0x0000000743600000, 0x0000000743800000, 0x0000000743800000|100%| O|  |TAMS 0x0000000743800000| PB 0x0000000743600000| Untracked 
|  28|0x0000000743800000, 0x0000000743a00000, 0x0000000743a00000|100%| O|  |TAMS 0x0000000743a00000| PB 0x0000000743800000| Untracked 
|  29|0x0000000743a00000, 0x0000000743c00000, 0x0000000743c00000|100%| O|  |TAMS 0x0000000743c00000| PB 0x0000000743a00000| Untracked 
|  30|0x0000000743c00000, 0x0000000743e00000, 0x0000000743e00000|100%| O|  |TAMS 0x0000000743e00000| PB 0x0000000743c00000| Untracked 
|  31|0x0000000743e00000, 0x0000000744000000, 0x0000000744000000|100%| O|  |TAMS 0x0000000744000000| PB 0x0000000743e00000| Untracked 
|  32|0x0000000744000000, 0x0000000744200000, 0x0000000744200000|100%| O|  |TAMS 0x0000000744200000| PB 0x0000000744000000| Untracked 
|  33|0x0000000744200000, 0x0000000744400000, 0x0000000744400000|100%| O|  |TAMS 0x0000000744400000| PB 0x0000000744200000| Untracked 
|  34|0x0000000744400000, 0x0000000744600000, 0x0000000744600000|100%| O|  |TAMS 0x0000000744600000| PB 0x0000000744400000| Untracked 
|  35|0x0000000744600000, 0x0000000744800000, 0x0000000744800000|100%| O|  |TAMS 0x0000000744800000| PB 0x0000000744600000| Untracked 
|  36|0x0000000744800000, 0x0000000744a00000, 0x0000000744a00000|100%| O|  |TAMS 0x0000000744a00000| PB 0x0000000744800000| Untracked 
|  37|0x0000000744a00000, 0x0000000744c00000, 0x0000000744c00000|100%| O|  |TAMS 0x0000000744c00000| PB 0x0000000744a00000| Untracked 
|  38|0x0000000744c00000, 0x0000000744e00000, 0x0000000744e00000|100%| O|  |TAMS 0x0000000744e00000| PB 0x0000000744c00000| Untracked 
|  39|0x0000000744e00000, 0x0000000745000000, 0x0000000745000000|100%| O|  |TAMS 0x0000000745000000| PB 0x0000000744e00000| Untracked 
|  40|0x0000000745000000, 0x0000000745200000, 0x0000000745200000|100%| O|  |TAMS 0x0000000745200000| PB 0x0000000745000000| Untracked 
|  41|0x0000000745200000, 0x0000000745400000, 0x0000000745400000|100%| O|  |TAMS 0x0000000745400000| PB 0x0000000745200000| Untracked 
|  42|0x0000000745400000, 0x0000000745600000, 0x0000000745600000|100%| O|  |TAMS 0x0000000745600000| PB 0x0000000745400000| Untracked 
|  43|0x0000000745600000, 0x0000000745800000, 0x0000000745800000|100%| O|  |TAMS 0x0000000745800000| PB 0x0000000745600000| Untracked 
|  44|0x0000000745800000, 0x0000000745a00000, 0x0000000745a00000|100%| O|  |TAMS 0x0000000745a00000| PB 0x0000000745800000| Untracked 
|  45|0x0000000745a00000, 0x0000000745c00000, 0x0000000745c00000|100%| O|  |TAMS 0x0000000745c00000| PB 0x0000000745a00000| Untracked 
|  46|0x0000000745c00000, 0x0000000745e00000, 0x0000000745e00000|100%| O|  |TAMS 0x0000000745e00000| PB 0x0000000745c00000| Untracked 
|  47|0x0000000745e00000, 0x0000000746000000, 0x0000000746000000|100%| O|  |TAMS 0x0000000746000000| PB 0x0000000745e00000| Untracked 
|  48|0x0000000746000000, 0x0000000746200000, 0x0000000746200000|100%| O|  |TAMS 0x0000000746200000| PB 0x0000000746000000| Untracked 
|  49|0x0000000746200000, 0x0000000746400000, 0x0000000746400000|100%| O|  |TAMS 0x0000000746400000| PB 0x0000000746200000| Untracked 
|  50|0x0000000746400000, 0x0000000746600000, 0x0000000746600000|100%| O|  |TAMS 0x0000000746600000| PB 0x0000000746400000| Untracked 
|  51|0x0000000746600000, 0x0000000746800000, 0x0000000746800000|100%| O|  |TAMS 0x0000000746800000| PB 0x0000000746600000| Untracked 
|  52|0x0000000746800000, 0x0000000746a00000, 0x0000000746a00000|100%| O|  |TAMS 0x0000000746a00000| PB 0x0000000746800000| Untracked 
|  53|0x0000000746a00000, 0x0000000746c00000, 0x0000000746c00000|100%| O|  |TAMS 0x0000000746c00000| PB 0x0000000746a00000| Untracked 
|  54|0x0000000746c00000, 0x0000000746e00000, 0x0000000746e00000|100%| O|  |TAMS 0x0000000746e00000| PB 0x0000000746c00000| Untracked 
|  55|0x0000000746e00000, 0x0000000747000000, 0x0000000747000000|100%| O|  |TAMS 0x0000000747000000| PB 0x0000000746e00000| Untracked 
|  56|0x0000000747000000, 0x0000000747200000, 0x0000000747200000|100%| O|  |TAMS 0x0000000747200000| PB 0x0000000747000000| Untracked 
|  57|0x0000000747200000, 0x0000000747400000, 0x0000000747400000|100%| O|  |TAMS 0x0000000747400000| PB 0x0000000747200000| Untracked 
|  58|0x0000000747400000, 0x0000000747600000, 0x0000000747600000|100%| O|  |TAMS 0x0000000747600000| PB 0x0000000747400000| Untracked 
|  59|0x0000000747600000, 0x0000000747800000, 0x0000000747800000|100%| O|  |TAMS 0x0000000747800000| PB 0x0000000747600000| Untracked 
|  60|0x0000000747800000, 0x0000000747a00000, 0x0000000747a00000|100%| O|  |TAMS 0x0000000747a00000| PB 0x0000000747800000| Untracked 
|  61|0x0000000747a00000, 0x0000000747c00000, 0x0000000747c00000|100%| O|  |TAMS 0x0000000747c00000| PB 0x0000000747a00000| Untracked 
|  62|0x0000000747c00000, 0x0000000747e00000, 0x0000000747e00000|100%| O|  |TAMS 0x0000000747e00000| PB 0x0000000747c00000| Untracked 
|  63|0x0000000747e00000, 0x0000000748000000, 0x0000000748000000|100%| O|  |TAMS 0x0000000748000000| PB 0x0000000747e00000| Untracked 
|  64|0x0000000748000000, 0x0000000748200000, 0x0000000748200000|100%| O|  |TAMS 0x0000000748200000| PB 0x0000000748000000| Untracked 
|  65|0x0000000748200000, 0x0000000748400000, 0x0000000748400000|100%| O|  |TAMS 0x0000000748400000| PB 0x0000000748200000| Untracked 
|  66|0x0000000748400000, 0x0000000748600000, 0x0000000748600000|100%| O|  |TAMS 0x0000000748600000| PB 0x0000000748400000| Untracked 
|  67|0x0000000748600000, 0x0000000748800000, 0x0000000748800000|100%| O|  |TAMS 0x0000000748800000| PB 0x0000000748600000| Untracked 
|  68|0x0000000748800000, 0x0000000748a00000, 0x0000000748a00000|100%| O|  |TAMS 0x0000000748a00000| PB 0x0000000748800000| Untracked 
|  69|0x0000000748a00000, 0x0000000748c00000, 0x0000000748c00000|100%| O|  |TAMS 0x0000000748c00000| PB 0x0000000748a00000| Untracked 
|  70|0x0000000748c00000, 0x0000000748e00000, 0x0000000748e00000|100%| O|  |TAMS 0x0000000748e00000| PB 0x0000000748c00000| Untracked 
|  71|0x0000000748e00000, 0x0000000749000000, 0x0000000749000000|100%| O|  |TAMS 0x0000000749000000| PB 0x0000000748e00000| Untracked 
|  72|0x0000000749000000, 0x0000000749200000, 0x0000000749200000|100%| O|  |TAMS 0x0000000749200000| PB 0x0000000749000000| Untracked 
|  73|0x0000000749200000, 0x0000000749400000, 0x0000000749400000|100%| O|  |TAMS 0x0000000749400000| PB 0x0000000749200000| Untracked 
|  74|0x0000000749400000, 0x0000000749600000, 0x0000000749600000|100%|HS|  |TAMS 0x0000000749600000| PB 0x0000000749400000| Complete 
|  75|0x0000000749600000, 0x0000000749800000, 0x0000000749800000|100%|HC|  |TAMS 0x0000000749800000| PB 0x0000000749600000| Complete 
|  76|0x0000000749800000, 0x0000000749a00000, 0x0000000749a00000|100%| O|  |TAMS 0x0000000749a00000| PB 0x0000000749800000| Untracked 
|  77|0x0000000749a00000, 0x0000000749c00000, 0x0000000749c00000|100%| O|  |TAMS 0x0000000749c00000| PB 0x0000000749a00000| Untracked 
|  78|0x0000000749c00000, 0x0000000749e00000, 0x0000000749e00000|100%| O|  |TAMS 0x0000000749e00000| PB 0x0000000749c00000| Untracked 
|  79|0x0000000749e00000, 0x000000074a000000, 0x000000074a000000|100%| O|  |TAMS 0x000000074a000000| PB 0x0000000749e00000| Untracked 
|  80|0x000000074a000000, 0x000000074a200000, 0x000000074a200000|100%| O|  |TAMS 0x000000074a200000| PB 0x000000074a000000| Untracked 
|  81|0x000000074a200000, 0x000000074a400000, 0x000000074a400000|100%| O|  |TAMS 0x000000074a400000| PB 0x000000074a200000| Untracked 
|  82|0x000000074a400000, 0x000000074a600000, 0x000000074a600000|100%| O|  |TAMS 0x000000074a600000| PB 0x000000074a400000| Untracked 
|  83|0x000000074a600000, 0x000000074a800000, 0x000000074a800000|100%| O|  |TAMS 0x000000074a800000| PB 0x000000074a600000| Untracked 
|  84|0x000000074a800000, 0x000000074aa00000, 0x000000074aa00000|100%| O|  |TAMS 0x000000074aa00000| PB 0x000000074a800000| Untracked 
|  85|0x000000074aa00000, 0x000000074ac00000, 0x000000074ac00000|100%| O|  |TAMS 0x000000074ac00000| PB 0x000000074aa00000| Untracked 
|  86|0x000000074ac00000, 0x000000074ae00000, 0x000000074ae00000|100%| O|  |TAMS 0x000000074ae00000| PB 0x000000074ac00000| Untracked 
|  87|0x000000074ae00000, 0x000000074b000000, 0x000000074b000000|100%| O|  |TAMS 0x000000074b000000| PB 0x000000074ae00000| Untracked 
|  88|0x000000074b000000, 0x000000074b200000, 0x000000074b200000|100%| O|  |TAMS 0x000000074b200000| PB 0x000000074b000000| Untracked 
|  89|0x000000074b200000, 0x000000074b400000, 0x000000074b400000|100%| O|  |TAMS 0x000000074b400000| PB 0x000000074b200000| Untracked 
|  90|0x000000074b400000, 0x000000074b600000, 0x000000074b600000|100%| O|  |TAMS 0x000000074b600000| PB 0x000000074b400000| Untracked 
|  91|0x000000074b600000, 0x000000074b800000, 0x000000074b800000|100%| O|  |TAMS 0x000000074b800000| PB 0x000000074b600000| Untracked 
|  92|0x000000074b800000, 0x000000074ba00000, 0x000000074ba00000|100%| O|  |TAMS 0x000000074ba00000| PB 0x000000074b800000| Untracked 
|  93|0x000000074ba00000, 0x000000074bc00000, 0x000000074bc00000|100%| O|  |TAMS 0x000000074bc00000| PB 0x000000074ba00000| Untracked 
|  94|0x000000074bc00000, 0x000000074be00000, 0x000000074be00000|100%| O|  |TAMS 0x000000074be00000| PB 0x000000074bc00000| Untracked 
|  95|0x000000074be00000, 0x000000074c000000, 0x000000074c000000|100%| O|  |TAMS 0x000000074c000000| PB 0x000000074be00000| Untracked 
|  96|0x000000074c000000, 0x000000074c200000, 0x000000074c200000|100%| O|  |TAMS 0x000000074c200000| PB 0x000000074c000000| Untracked 
|  97|0x000000074c200000, 0x000000074c400000, 0x000000074c400000|100%| O|  |TAMS 0x000000074c400000| PB 0x000000074c200000| Untracked 
|  98|0x000000074c400000, 0x000000074c600000, 0x000000074c600000|100%| O|  |TAMS 0x000000074c600000| PB 0x000000074c400000| Untracked 
|  99|0x000000074c600000, 0x000000074c800000, 0x000000074c800000|100%| O|  |TAMS 0x000000074c800000| PB 0x000000074c600000| Untracked 
| 100|0x000000074c800000, 0x000000074ca00000, 0x000000074ca00000|100%| O|  |TAMS 0x000000074ca00000| PB 0x000000074c800000| Untracked 
| 101|0x000000074ca00000, 0x000000074cc00000, 0x000000074cc00000|100%| O|  |TAMS 0x000000074cc00000| PB 0x000000074ca00000| Untracked 
| 102|0x000000074cc00000, 0x000000074ce00000, 0x000000074ce00000|100%| O|  |TAMS 0x000000074ce00000| PB 0x000000074cc00000| Untracked 
| 103|0x000000074ce00000, 0x000000074d000000, 0x000000074d000000|100%| O|  |TAMS 0x000000074d000000| PB 0x000000074ce00000| Untracked 
| 104|0x000000074d000000, 0x000000074d200000, 0x000000074d200000|100%| O|  |TAMS 0x000000074d200000| PB 0x000000074d000000| Untracked 
| 105|0x000000074d200000, 0x000000074d400000, 0x000000074d400000|100%| O|  |TAMS 0x000000074d400000| PB 0x000000074d200000| Untracked 
| 106|0x000000074d400000, 0x000000074d600000, 0x000000074d600000|100%| O|  |TAMS 0x000000074d600000| PB 0x000000074d400000| Untracked 
| 107|0x000000074d600000, 0x000000074d800000, 0x000000074d800000|100%| O|  |TAMS 0x000000074d800000| PB 0x000000074d600000| Untracked 
| 108|0x000000074d800000, 0x000000074da00000, 0x000000074da00000|100%| O|  |TAMS 0x000000074da00000| PB 0x000000074d800000| Untracked 
| 109|0x000000074da00000, 0x000000074dc00000, 0x000000074dc00000|100%| O|  |TAMS 0x000000074dc00000| PB 0x000000074da00000| Untracked 
| 110|0x000000074dc00000, 0x000000074de00000, 0x000000074de00000|100%| O|  |TAMS 0x000000074de00000| PB 0x000000074dc00000| Untracked 
| 111|0x000000074de00000, 0x000000074e000000, 0x000000074e000000|100%| O|  |TAMS 0x000000074e000000| PB 0x000000074de00000| Untracked 
| 112|0x000000074e000000, 0x000000074e200000, 0x000000074e200000|100%| O|  |TAMS 0x000000074e200000| PB 0x000000074e000000| Untracked 
| 113|0x000000074e200000, 0x000000074e400000, 0x000000074e400000|100%| O|  |TAMS 0x000000074e400000| PB 0x000000074e200000| Untracked 
| 114|0x000000074e400000, 0x000000074e600000, 0x000000074e600000|100%| O|  |TAMS 0x000000074e600000| PB 0x000000074e400000| Untracked 
| 115|0x000000074e600000, 0x000000074e800000, 0x000000074e800000|100%| O|  |TAMS 0x000000074e800000| PB 0x000000074e600000| Untracked 
| 116|0x000000074e800000, 0x000000074ea00000, 0x000000074ea00000|100%| O|  |TAMS 0x000000074ea00000| PB 0x000000074e800000| Untracked 
| 117|0x000000074ea00000, 0x000000074ec00000, 0x000000074ec00000|100%| O|  |TAMS 0x000000074ec00000| PB 0x000000074ea00000| Untracked 
| 118|0x000000074ec00000, 0x000000074ee00000, 0x000000074ee00000|100%| O|  |TAMS 0x000000074ee00000| PB 0x000000074ec00000| Untracked 
| 119|0x000000074ee00000, 0x000000074f000000, 0x000000074f000000|100%| O|  |TAMS 0x000000074f000000| PB 0x000000074ee00000| Untracked 
| 120|0x000000074f000000, 0x000000074f200000, 0x000000074f200000|100%| O|  |TAMS 0x000000074f200000| PB 0x000000074f000000| Untracked 
| 121|0x000000074f200000, 0x000000074f400000, 0x000000074f400000|100%| O|  |TAMS 0x000000074f400000| PB 0x000000074f200000| Untracked 
| 122|0x000000074f400000, 0x000000074f600000, 0x000000074f600000|100%| O|  |TAMS 0x000000074f600000| PB 0x000000074f400000| Untracked 
| 123|0x000000074f600000, 0x000000074f800000, 0x000000074f800000|100%| O|  |TAMS 0x000000074f800000| PB 0x000000074f600000| Untracked 
| 124|0x000000074f800000, 0x000000074fa00000, 0x000000074fa00000|100%| O|  |TAMS 0x000000074fa00000| PB 0x000000074f800000| Untracked 
| 125|0x000000074fa00000, 0x000000074fc00000, 0x000000074fc00000|100%| O|  |TAMS 0x000000074fc00000| PB 0x000000074fa00000| Untracked 
| 126|0x000000074fc00000, 0x000000074fe00000, 0x000000074fe00000|100%| O|  |TAMS 0x000000074fe00000| PB 0x000000074fc00000| Untracked 
| 127|0x000000074fe00000, 0x0000000750000000, 0x0000000750000000|100%| O|  |TAMS 0x0000000750000000| PB 0x000000074fe00000| Untracked 
| 128|0x0000000750000000, 0x0000000750200000, 0x0000000750200000|100%| O|  |TAMS 0x0000000750200000| PB 0x0000000750000000| Untracked 
| 129|0x0000000750200000, 0x0000000750400000, 0x0000000750400000|100%| O|  |TAMS 0x0000000750400000| PB 0x0000000750200000| Untracked 
| 130|0x0000000750400000, 0x0000000750600000, 0x0000000750600000|100%| O|  |TAMS 0x0000000750600000| PB 0x0000000750400000| Untracked 
| 131|0x0000000750600000, 0x0000000750800000, 0x0000000750800000|100%| O|  |TAMS 0x0000000750800000| PB 0x0000000750600000| Untracked 
| 132|0x0000000750800000, 0x0000000750a00000, 0x0000000750a00000|100%| O|  |TAMS 0x0000000750a00000| PB 0x0000000750800000| Untracked 
| 133|0x0000000750a00000, 0x0000000750c00000, 0x0000000750c00000|100%| O|  |TAMS 0x0000000750c00000| PB 0x0000000750a00000| Untracked 
| 134|0x0000000750c00000, 0x0000000750e00000, 0x0000000750e00000|100%| O|  |TAMS 0x0000000750e00000| PB 0x0000000750c00000| Untracked 
| 135|0x0000000750e00000, 0x0000000751000000, 0x0000000751000000|100%| O|  |TAMS 0x0000000751000000| PB 0x0000000750e00000| Untracked 
| 136|0x0000000751000000, 0x0000000751200000, 0x0000000751200000|100%| O|  |TAMS 0x0000000751200000| PB 0x0000000751000000| Untracked 
| 137|0x0000000751200000, 0x0000000751400000, 0x0000000751400000|100%| O|  |TAMS 0x0000000751400000| PB 0x0000000751200000| Untracked 
| 138|0x0000000751400000, 0x0000000751600000, 0x0000000751600000|100%| O|  |TAMS 0x0000000751600000| PB 0x0000000751400000| Untracked 
| 139|0x0000000751600000, 0x0000000751800000, 0x0000000751800000|100%| O|  |TAMS 0x0000000751800000| PB 0x0000000751600000| Untracked 
| 140|0x0000000751800000, 0x0000000751a00000, 0x0000000751a00000|100%| O|  |TAMS 0x0000000751a00000| PB 0x0000000751800000| Untracked 
| 141|0x0000000751a00000, 0x0000000751c00000, 0x0000000751c00000|100%| O|  |TAMS 0x0000000751c00000| PB 0x0000000751a00000| Untracked 
| 142|0x0000000751c00000, 0x0000000751e00000, 0x0000000751e00000|100%| O|  |TAMS 0x0000000751e00000| PB 0x0000000751c00000| Untracked 
| 143|0x0000000751e00000, 0x0000000752000000, 0x0000000752000000|100%| O|  |TAMS 0x0000000752000000| PB 0x0000000751e00000| Untracked 
| 144|0x0000000752000000, 0x0000000752200000, 0x0000000752200000|100%| O|  |TAMS 0x0000000752200000| PB 0x0000000752000000| Untracked 
| 145|0x0000000752200000, 0x0000000752400000, 0x0000000752400000|100%| O|  |TAMS 0x0000000752400000| PB 0x0000000752200000| Untracked 
| 146|0x0000000752400000, 0x0000000752600000, 0x0000000752600000|100%| O|  |TAMS 0x0000000752600000| PB 0x0000000752400000| Untracked 
| 147|0x0000000752600000, 0x0000000752800000, 0x0000000752800000|100%| O|  |TAMS 0x0000000752800000| PB 0x0000000752600000| Untracked 
| 148|0x0000000752800000, 0x0000000752a00000, 0x0000000752a00000|100%| O|  |TAMS 0x0000000752a00000| PB 0x0000000752800000| Untracked 
| 149|0x0000000752a00000, 0x0000000752c00000, 0x0000000752c00000|100%| O|  |TAMS 0x0000000752c00000| PB 0x0000000752a00000| Untracked 
| 150|0x0000000752c00000, 0x0000000752e00000, 0x0000000752e00000|100%| O|  |TAMS 0x0000000752e00000| PB 0x0000000752c00000| Untracked 
| 151|0x0000000752e00000, 0x0000000753000000, 0x0000000753000000|100%| O|  |TAMS 0x0000000753000000| PB 0x0000000752e00000| Untracked 
| 152|0x0000000753000000, 0x0000000753200000, 0x0000000753200000|100%| O|  |TAMS 0x0000000753200000| PB 0x0000000753000000| Untracked 
| 153|0x0000000753200000, 0x0000000753400000, 0x0000000753400000|100%| O|  |TAMS 0x0000000753400000| PB 0x0000000753200000| Untracked 
| 154|0x0000000753400000, 0x0000000753600000, 0x0000000753600000|100%| O|  |TAMS 0x0000000753600000| PB 0x0000000753400000| Untracked 
| 155|0x0000000753600000, 0x0000000753800000, 0x0000000753800000|100%| O|  |TAMS 0x0000000753800000| PB 0x0000000753600000| Untracked 
| 156|0x0000000753800000, 0x0000000753a00000, 0x0000000753a00000|100%| O|  |TAMS 0x0000000753a00000| PB 0x0000000753800000| Untracked 
| 157|0x0000000753a00000, 0x0000000753c00000, 0x0000000753c00000|100%| O|  |TAMS 0x0000000753c00000| PB 0x0000000753a00000| Untracked 
| 158|0x0000000753c00000, 0x0000000753e00000, 0x0000000753e00000|100%| O|  |TAMS 0x0000000753e00000| PB 0x0000000753c00000| Untracked 
| 159|0x0000000753e00000, 0x0000000754000000, 0x0000000754000000|100%| O|  |TAMS 0x0000000754000000| PB 0x0000000753e00000| Untracked 
| 160|0x0000000754000000, 0x0000000754200000, 0x0000000754200000|100%| O|  |TAMS 0x0000000754200000| PB 0x0000000754000000| Untracked 
| 161|0x0000000754200000, 0x0000000754400000, 0x0000000754400000|100%| O|  |TAMS 0x0000000754400000| PB 0x0000000754200000| Untracked 
| 162|0x0000000754400000, 0x0000000754600000, 0x0000000754600000|100%| O|  |TAMS 0x0000000754600000| PB 0x0000000754400000| Untracked 
| 163|0x0000000754600000, 0x0000000754800000, 0x0000000754800000|100%| O|  |TAMS 0x0000000754800000| PB 0x0000000754600000| Untracked 
| 164|0x0000000754800000, 0x0000000754a00000, 0x0000000754a00000|100%| O|  |TAMS 0x0000000754a00000| PB 0x0000000754800000| Untracked 
| 165|0x0000000754a00000, 0x0000000754c00000, 0x0000000754c00000|100%| O|  |TAMS 0x0000000754c00000| PB 0x0000000754a00000| Untracked 
| 166|0x0000000754c00000, 0x0000000754e00000, 0x0000000754e00000|100%| O|  |TAMS 0x0000000754e00000| PB 0x0000000754c00000| Untracked 
| 167|0x0000000754e00000, 0x0000000755000000, 0x0000000755000000|100%| O|  |TAMS 0x0000000755000000| PB 0x0000000754e00000| Untracked 
| 168|0x0000000755000000, 0x0000000755200000, 0x0000000755200000|100%| O|  |TAMS 0x0000000755200000| PB 0x0000000755000000| Untracked 
| 169|0x0000000755200000, 0x0000000755400000, 0x0000000755400000|100%| O|  |TAMS 0x0000000755400000| PB 0x0000000755200000| Untracked 
| 170|0x0000000755400000, 0x0000000755600000, 0x0000000755600000|100%| O|  |TAMS 0x0000000755600000| PB 0x0000000755400000| Untracked 
| 171|0x0000000755600000, 0x0000000755800000, 0x0000000755800000|100%| O|  |TAMS 0x0000000755800000| PB 0x0000000755600000| Untracked 
| 172|0x0000000755800000, 0x0000000755a00000, 0x0000000755a00000|100%| O|  |TAMS 0x0000000755a00000| PB 0x0000000755800000| Untracked 
| 173|0x0000000755a00000, 0x0000000755c00000, 0x0000000755c00000|100%| O|  |TAMS 0x0000000755c00000| PB 0x0000000755a00000| Untracked 
| 174|0x0000000755c00000, 0x0000000755e00000, 0x0000000755e00000|100%| O|  |TAMS 0x0000000755e00000| PB 0x0000000755c00000| Untracked 
| 175|0x0000000755e00000, 0x0000000756000000, 0x0000000756000000|100%| O|  |TAMS 0x0000000756000000| PB 0x0000000755e00000| Untracked 
| 176|0x0000000756000000, 0x0000000756200000, 0x0000000756200000|100%| O|  |TAMS 0x0000000756200000| PB 0x0000000756000000| Untracked 
| 177|0x0000000756200000, 0x0000000756400000, 0x0000000756400000|100%| O|  |TAMS 0x0000000756400000| PB 0x0000000756200000| Untracked 
| 178|0x0000000756400000, 0x0000000756600000, 0x0000000756600000|100%| O|  |TAMS 0x0000000756600000| PB 0x0000000756400000| Untracked 
| 179|0x0000000756600000, 0x0000000756800000, 0x0000000756800000|100%| O|  |TAMS 0x0000000756800000| PB 0x0000000756600000| Untracked 
| 180|0x0000000756800000, 0x0000000756a00000, 0x0000000756a00000|100%| O|  |TAMS 0x0000000756a00000| PB 0x0000000756800000| Untracked 
| 181|0x0000000756a00000, 0x0000000756c00000, 0x0000000756c00000|100%| O|  |TAMS 0x0000000756c00000| PB 0x0000000756a00000| Untracked 
| 182|0x0000000756c00000, 0x0000000756e00000, 0x0000000756e00000|100%| O|  |TAMS 0x0000000756e00000| PB 0x0000000756c00000| Untracked 
| 183|0x0000000756e00000, 0x0000000757000000, 0x0000000757000000|100%| O|  |TAMS 0x0000000757000000| PB 0x0000000756e00000| Untracked 
| 184|0x0000000757000000, 0x0000000757200000, 0x0000000757200000|100%| O|  |TAMS 0x0000000757200000| PB 0x0000000757000000| Untracked 
| 185|0x0000000757200000, 0x0000000757400000, 0x0000000757400000|100%| O|  |TAMS 0x0000000757400000| PB 0x0000000757200000| Untracked 
| 186|0x0000000757400000, 0x0000000757600000, 0x0000000757600000|100%| O|  |TAMS 0x0000000757600000| PB 0x0000000757400000| Untracked 
| 187|0x0000000757600000, 0x0000000757800000, 0x0000000757800000|100%| O|  |TAMS 0x0000000757800000| PB 0x0000000757600000| Untracked 
| 188|0x0000000757800000, 0x0000000757a00000, 0x0000000757a00000|100%| O|  |TAMS 0x0000000757a00000| PB 0x0000000757800000| Untracked 
| 189|0x0000000757a00000, 0x0000000757c00000, 0x0000000757c00000|100%| O|  |TAMS 0x0000000757c00000| PB 0x0000000757a00000| Untracked 
| 190|0x0000000757c00000, 0x0000000757e00000, 0x0000000757e00000|100%| O|  |TAMS 0x0000000757e00000| PB 0x0000000757c00000| Untracked 
| 191|0x0000000757e00000, 0x0000000758000000, 0x0000000758000000|100%| O|  |TAMS 0x0000000758000000| PB 0x0000000757e00000| Untracked 
| 192|0x0000000758000000, 0x0000000758200000, 0x0000000758200000|100%| O|  |TAMS 0x0000000758200000| PB 0x0000000758000000| Untracked 
| 193|0x0000000758200000, 0x0000000758400000, 0x0000000758400000|100%| O|  |TAMS 0x0000000758400000| PB 0x0000000758200000| Untracked 
| 194|0x0000000758400000, 0x0000000758600000, 0x0000000758600000|100%| O|  |TAMS 0x0000000758600000| PB 0x0000000758400000| Untracked 
| 195|0x0000000758600000, 0x0000000758800000, 0x0000000758800000|100%| O|  |TAMS 0x0000000758800000| PB 0x0000000758600000| Untracked 
| 196|0x0000000758800000, 0x0000000758a00000, 0x0000000758a00000|100%| O|  |TAMS 0x0000000758a00000| PB 0x0000000758800000| Untracked 
| 197|0x0000000758a00000, 0x0000000758c00000, 0x0000000758c00000|100%| O|  |TAMS 0x0000000758c00000| PB 0x0000000758a00000| Untracked 
| 198|0x0000000758c00000, 0x0000000758e00000, 0x0000000758e00000|100%| O|  |TAMS 0x0000000758e00000| PB 0x0000000758c00000| Untracked 
| 199|0x0000000758e00000, 0x0000000759000000, 0x0000000759000000|100%| O|  |TAMS 0x0000000759000000| PB 0x0000000758e00000| Untracked 
| 200|0x0000000759000000, 0x0000000759200000, 0x0000000759200000|100%| O|  |TAMS 0x0000000759200000| PB 0x0000000759000000| Untracked 
| 201|0x0000000759200000, 0x0000000759400000, 0x0000000759400000|100%| O|  |TAMS 0x0000000759400000| PB 0x0000000759200000| Untracked 
| 202|0x0000000759400000, 0x0000000759600000, 0x0000000759600000|100%| O|  |TAMS 0x0000000759600000| PB 0x0000000759400000| Untracked 
| 203|0x0000000759600000, 0x0000000759800000, 0x0000000759800000|100%| O|  |TAMS 0x0000000759800000| PB 0x0000000759600000| Untracked 
| 204|0x0000000759800000, 0x0000000759a00000, 0x0000000759a00000|100%| O|  |TAMS 0x0000000759a00000| PB 0x0000000759800000| Untracked 
| 205|0x0000000759a00000, 0x0000000759c00000, 0x0000000759c00000|100%| O|  |TAMS 0x0000000759c00000| PB 0x0000000759a00000| Untracked 
| 206|0x0000000759c00000, 0x0000000759e00000, 0x0000000759e00000|100%| O|  |TAMS 0x0000000759e00000| PB 0x0000000759c00000| Untracked 
| 207|0x0000000759e00000, 0x000000075a000000, 0x000000075a000000|100%| O|  |TAMS 0x000000075a000000| PB 0x0000000759e00000| Untracked 
| 208|0x000000075a000000, 0x000000075a200000, 0x000000075a200000|100%| O|  |TAMS 0x000000075a200000| PB 0x000000075a000000| Untracked 
| 209|0x000000075a200000, 0x000000075a400000, 0x000000075a400000|100%| O|  |TAMS 0x000000075a400000| PB 0x000000075a200000| Untracked 
| 210|0x000000075a400000, 0x000000075a600000, 0x000000075a600000|100%| O|  |TAMS 0x000000075a600000| PB 0x000000075a400000| Untracked 
| 211|0x000000075a600000, 0x000000075a800000, 0x000000075a800000|100%| O|  |TAMS 0x000000075a800000| PB 0x000000075a600000| Untracked 
| 212|0x000000075a800000, 0x000000075aa00000, 0x000000075aa00000|100%| O|  |TAMS 0x000000075aa00000| PB 0x000000075a800000| Untracked 
| 213|0x000000075aa00000, 0x000000075ac00000, 0x000000075ac00000|100%| O|  |TAMS 0x000000075ac00000| PB 0x000000075aa00000| Untracked 
| 214|0x000000075ac00000, 0x000000075ae00000, 0x000000075ae00000|100%| O|  |TAMS 0x000000075ae00000| PB 0x000000075ac00000| Untracked 
| 215|0x000000075ae00000, 0x000000075b000000, 0x000000075b000000|100%| O|  |TAMS 0x000000075b000000| PB 0x000000075ae00000| Untracked 
| 216|0x000000075b000000, 0x000000075b200000, 0x000000075b200000|100%| O|  |TAMS 0x000000075b200000| PB 0x000000075b000000| Untracked 
| 217|0x000000075b200000, 0x000000075b400000, 0x000000075b400000|100%| O|  |TAMS 0x000000075b400000| PB 0x000000075b200000| Untracked 
| 218|0x000000075b400000, 0x000000075b600000, 0x000000075b600000|100%| O|  |TAMS 0x000000075b600000| PB 0x000000075b400000| Untracked 
| 219|0x000000075b600000, 0x000000075b800000, 0x000000075b800000|100%| O|  |TAMS 0x000000075b800000| PB 0x000000075b600000| Untracked 
| 220|0x000000075b800000, 0x000000075ba00000, 0x000000075ba00000|100%| O|  |TAMS 0x000000075ba00000| PB 0x000000075b800000| Untracked 
| 221|0x000000075ba00000, 0x000000075bc00000, 0x000000075bc00000|100%| O|  |TAMS 0x000000075bc00000| PB 0x000000075ba00000| Untracked 
| 222|0x000000075bc00000, 0x000000075be00000, 0x000000075be00000|100%| O|  |TAMS 0x000000075be00000| PB 0x000000075bc00000| Untracked 
| 223|0x000000075be00000, 0x000000075c000000, 0x000000075c000000|100%| O|  |TAMS 0x000000075c000000| PB 0x000000075be00000| Untracked 
| 224|0x000000075c000000, 0x000000075c200000, 0x000000075c200000|100%| O|  |TAMS 0x000000075c200000| PB 0x000000075c000000| Untracked 
| 225|0x000000075c200000, 0x000000075c400000, 0x000000075c400000|100%| O|  |TAMS 0x000000075c400000| PB 0x000000075c200000| Untracked 
| 226|0x000000075c400000, 0x000000075c600000, 0x000000075c600000|100%| O|  |TAMS 0x000000075c600000| PB 0x000000075c400000| Untracked 
| 227|0x000000075c600000, 0x000000075c800000, 0x000000075c800000|100%| O|  |TAMS 0x000000075c800000| PB 0x000000075c600000| Untracked 
| 228|0x000000075c800000, 0x000000075ca00000, 0x000000075ca00000|100%| O|  |TAMS 0x000000075ca00000| PB 0x000000075c800000| Untracked 
| 229|0x000000075ca00000, 0x000000075cc00000, 0x000000075cc00000|100%| O|  |TAMS 0x000000075cc00000| PB 0x000000075ca00000| Untracked 
| 230|0x000000075cc00000, 0x000000075ce00000, 0x000000075ce00000|100%| O|  |TAMS 0x000000075ce00000| PB 0x000000075cc00000| Untracked 
| 231|0x000000075ce00000, 0x000000075d000000, 0x000000075d000000|100%| O|  |TAMS 0x000000075d000000| PB 0x000000075ce00000| Untracked 
| 232|0x000000075d000000, 0x000000075d200000, 0x000000075d200000|100%| O|  |TAMS 0x000000075d200000| PB 0x000000075d000000| Untracked 
| 233|0x000000075d200000, 0x000000075d400000, 0x000000075d400000|100%| O|  |TAMS 0x000000075d400000| PB 0x000000075d200000| Untracked 
| 234|0x000000075d400000, 0x000000075d600000, 0x000000075d600000|100%| O|  |TAMS 0x000000075d600000| PB 0x000000075d400000| Untracked 
| 235|0x000000075d600000, 0x000000075d800000, 0x000000075d800000|100%| O|  |TAMS 0x000000075d800000| PB 0x000000075d600000| Untracked 
| 236|0x000000075d800000, 0x000000075da00000, 0x000000075da00000|100%| O|  |TAMS 0x000000075da00000| PB 0x000000075d800000| Untracked 
| 237|0x000000075da00000, 0x000000075dc00000, 0x000000075dc00000|100%| O|  |TAMS 0x000000075dc00000| PB 0x000000075da00000| Untracked 
| 238|0x000000075dc00000, 0x000000075de00000, 0x000000075de00000|100%| O|  |TAMS 0x000000075de00000| PB 0x000000075dc00000| Untracked 
| 239|0x000000075de00000, 0x000000075e000000, 0x000000075e000000|100%| O|  |TAMS 0x000000075e000000| PB 0x000000075de00000| Untracked 
| 240|0x000000075e000000, 0x000000075e200000, 0x000000075e200000|100%| O|  |TAMS 0x000000075e200000| PB 0x000000075e000000| Untracked 
| 241|0x000000075e200000, 0x000000075e400000, 0x000000075e400000|100%| O|  |TAMS 0x000000075e400000| PB 0x000000075e200000| Untracked 
| 242|0x000000075e400000, 0x000000075e600000, 0x000000075e600000|100%| O|  |TAMS 0x000000075e600000| PB 0x000000075e400000| Untracked 
| 243|0x000000075e600000, 0x000000075e800000, 0x000000075e800000|100%| O|  |TAMS 0x000000075e800000| PB 0x000000075e600000| Untracked 
| 244|0x000000075e800000, 0x000000075ea00000, 0x000000075ea00000|100%| O|  |TAMS 0x000000075ea00000| PB 0x000000075e800000| Untracked 
| 245|0x000000075ea00000, 0x000000075ec00000, 0x000000075ec00000|100%| O|  |TAMS 0x000000075ec00000| PB 0x000000075ea00000| Untracked 
| 246|0x000000075ec00000, 0x000000075ee00000, 0x000000075ee00000|100%| O|  |TAMS 0x000000075ee00000| PB 0x000000075ec00000| Untracked 
| 247|0x000000075ee00000, 0x000000075f000000, 0x000000075f000000|100%| O|  |TAMS 0x000000075f000000| PB 0x000000075ee00000| Untracked 
| 248|0x000000075f000000, 0x000000075f200000, 0x000000075f200000|100%| O|  |TAMS 0x000000075f200000| PB 0x000000075f000000| Untracked 
| 249|0x000000075f200000, 0x000000075f400000, 0x000000075f400000|100%| O|  |TAMS 0x000000075f400000| PB 0x000000075f200000| Untracked 
| 250|0x000000075f400000, 0x000000075f600000, 0x000000075f600000|100%| O|  |TAMS 0x000000075f600000| PB 0x000000075f400000| Untracked 
| 251|0x000000075f600000, 0x000000075f800000, 0x000000075f800000|100%| O|  |TAMS 0x000000075f800000| PB 0x000000075f600000| Untracked 
| 252|0x000000075f800000, 0x000000075fa00000, 0x000000075fa00000|100%| O|  |TAMS 0x000000075fa00000| PB 0x000000075f800000| Untracked 
| 253|0x000000075fa00000, 0x000000075fc00000, 0x000000075fc00000|100%| O|  |TAMS 0x000000075fc00000| PB 0x000000075fa00000| Untracked 
| 254|0x000000075fc00000, 0x000000075fe00000, 0x000000075fe00000|100%| O|  |TAMS 0x000000075fe00000| PB 0x000000075fc00000| Untracked 
| 255|0x000000075fe00000, 0x0000000760000000, 0x0000000760000000|100%| O|  |TAMS 0x0000000760000000| PB 0x000000075fe00000| Untracked 
| 256|0x0000000760000000, 0x0000000760200000, 0x0000000760200000|100%| O|  |TAMS 0x0000000760200000| PB 0x0000000760000000| Untracked 
| 257|0x0000000760200000, 0x0000000760400000, 0x0000000760400000|100%| O|  |TAMS 0x0000000760400000| PB 0x0000000760200000| Untracked 
| 258|0x0000000760400000, 0x0000000760600000, 0x0000000760600000|100%| O|  |TAMS 0x0000000760600000| PB 0x0000000760400000| Untracked 
| 259|0x0000000760600000, 0x0000000760800000, 0x0000000760800000|100%| O|  |TAMS 0x0000000760800000| PB 0x0000000760600000| Untracked 
| 260|0x0000000760800000, 0x0000000760a00000, 0x0000000760a00000|100%| O|  |TAMS 0x0000000760a00000| PB 0x0000000760800000| Untracked 
| 261|0x0000000760a00000, 0x0000000760c00000, 0x0000000760c00000|100%| O|  |TAMS 0x0000000760c00000| PB 0x0000000760a00000| Untracked 
| 262|0x0000000760c00000, 0x0000000760e00000, 0x0000000760e00000|100%| O|  |TAMS 0x0000000760e00000| PB 0x0000000760c00000| Untracked 
| 263|0x0000000760e00000, 0x0000000761000000, 0x0000000761000000|100%| O|  |TAMS 0x0000000761000000| PB 0x0000000760e00000| Untracked 
| 264|0x0000000761000000, 0x0000000761200000, 0x0000000761200000|100%| O|  |TAMS 0x0000000761200000| PB 0x0000000761000000| Untracked 
| 265|0x0000000761200000, 0x0000000761400000, 0x0000000761400000|100%| O|  |TAMS 0x0000000761400000| PB 0x0000000761200000| Untracked 
| 266|0x0000000761400000, 0x0000000761600000, 0x0000000761600000|100%| O|  |TAMS 0x0000000761600000| PB 0x0000000761400000| Untracked 
| 267|0x0000000761600000, 0x0000000761800000, 0x0000000761800000|100%| O|  |TAMS 0x0000000761800000| PB 0x0000000761600000| Untracked 
| 268|0x0000000761800000, 0x0000000761a00000, 0x0000000761a00000|100%| O|  |TAMS 0x0000000761a00000| PB 0x0000000761800000| Untracked 
| 269|0x0000000761a00000, 0x0000000761c00000, 0x0000000761c00000|100%| O|  |TAMS 0x0000000761c00000| PB 0x0000000761a00000| Untracked 
| 270|0x0000000761c00000, 0x0000000761e00000, 0x0000000761e00000|100%| O|  |TAMS 0x0000000761e00000| PB 0x0000000761c00000| Untracked 
| 271|0x0000000761e00000, 0x0000000762000000, 0x0000000762000000|100%| O|  |TAMS 0x0000000762000000| PB 0x0000000761e00000| Untracked 
| 272|0x0000000762000000, 0x0000000762200000, 0x0000000762200000|100%| O|  |TAMS 0x0000000762200000| PB 0x0000000762000000| Untracked 
| 273|0x0000000762200000, 0x0000000762400000, 0x0000000762400000|100%| O|  |TAMS 0x0000000762400000| PB 0x0000000762200000| Untracked 
| 274|0x0000000762400000, 0x0000000762600000, 0x0000000762600000|100%| O|  |TAMS 0x0000000762600000| PB 0x0000000762400000| Untracked 
| 275|0x0000000762600000, 0x0000000762800000, 0x0000000762800000|100%| O|  |TAMS 0x0000000762800000| PB 0x0000000762600000| Untracked 
| 276|0x0000000762800000, 0x0000000762a00000, 0x0000000762a00000|100%| O|  |TAMS 0x0000000762a00000| PB 0x0000000762800000| Untracked 
| 277|0x0000000762a00000, 0x0000000762c00000, 0x0000000762c00000|100%| O|  |TAMS 0x0000000762c00000| PB 0x0000000762a00000| Untracked 
| 278|0x0000000762c00000, 0x0000000762e00000, 0x0000000762e00000|100%| O|  |TAMS 0x0000000762e00000| PB 0x0000000762c00000| Untracked 
| 279|0x0000000762e00000, 0x0000000763000000, 0x0000000763000000|100%| O|  |TAMS 0x0000000763000000| PB 0x0000000762e00000| Untracked 
| 280|0x0000000763000000, 0x0000000763200000, 0x0000000763200000|100%| O|  |TAMS 0x0000000763200000| PB 0x0000000763000000| Untracked 
| 281|0x0000000763200000, 0x0000000763400000, 0x0000000763400000|100%| O|  |TAMS 0x0000000763400000| PB 0x0000000763200000| Untracked 
| 282|0x0000000763400000, 0x0000000763600000, 0x0000000763600000|100%| O|  |TAMS 0x0000000763600000| PB 0x0000000763400000| Untracked 
| 283|0x0000000763600000, 0x0000000763800000, 0x0000000763800000|100%| O|  |TAMS 0x0000000763800000| PB 0x0000000763600000| Untracked 
| 284|0x0000000763800000, 0x0000000763a00000, 0x0000000763a00000|100%| O|  |TAMS 0x0000000763a00000| PB 0x0000000763800000| Untracked 
| 285|0x0000000763a00000, 0x0000000763c00000, 0x0000000763c00000|100%| O|  |TAMS 0x0000000763c00000| PB 0x0000000763a00000| Untracked 
| 286|0x0000000763c00000, 0x0000000763e00000, 0x0000000763e00000|100%| O|  |TAMS 0x0000000763e00000| PB 0x0000000763c00000| Untracked 
| 287|0x0000000763e00000, 0x0000000764000000, 0x0000000764000000|100%| O|  |TAMS 0x0000000764000000| PB 0x0000000763e00000| Untracked 
| 288|0x0000000764000000, 0x0000000764200000, 0x0000000764200000|100%| O|  |TAMS 0x0000000764200000| PB 0x0000000764000000| Untracked 
| 289|0x0000000764200000, 0x0000000764400000, 0x0000000764400000|100%| O|  |TAMS 0x0000000764400000| PB 0x0000000764200000| Untracked 
| 290|0x0000000764400000, 0x0000000764600000, 0x0000000764600000|100%| O|  |TAMS 0x0000000764600000| PB 0x0000000764400000| Untracked 
| 291|0x0000000764600000, 0x0000000764800000, 0x0000000764800000|100%| O|  |TAMS 0x0000000764800000| PB 0x0000000764600000| Untracked 
| 292|0x0000000764800000, 0x0000000764a00000, 0x0000000764a00000|100%| O|  |TAMS 0x0000000764a00000| PB 0x0000000764800000| Untracked 
| 293|0x0000000764a00000, 0x0000000764c00000, 0x0000000764c00000|100%| O|  |TAMS 0x0000000764c00000| PB 0x0000000764a00000| Untracked 
| 294|0x0000000764c00000, 0x0000000764e00000, 0x0000000764e00000|100%| O|  |TAMS 0x0000000764e00000| PB 0x0000000764c00000| Untracked 
| 295|0x0000000764e00000, 0x0000000765000000, 0x0000000765000000|100%| O|  |TAMS 0x0000000765000000| PB 0x0000000764e00000| Untracked 
| 296|0x0000000765000000, 0x0000000765200000, 0x0000000765200000|100%| O|  |TAMS 0x0000000765200000| PB 0x0000000765000000| Untracked 
| 297|0x0000000765200000, 0x0000000765400000, 0x0000000765400000|100%| O|  |TAMS 0x0000000765400000| PB 0x0000000765200000| Untracked 
| 298|0x0000000765400000, 0x0000000765600000, 0x0000000765600000|100%| O|  |TAMS 0x0000000765600000| PB 0x0000000765400000| Untracked 
| 299|0x0000000765600000, 0x0000000765800000, 0x0000000765800000|100%| O|  |TAMS 0x0000000765800000| PB 0x0000000765600000| Untracked 
| 300|0x0000000765800000, 0x0000000765a00000, 0x0000000765a00000|100%| O|  |TAMS 0x0000000765a00000| PB 0x0000000765800000| Untracked 
| 301|0x0000000765a00000, 0x0000000765c00000, 0x0000000765c00000|100%| O|  |TAMS 0x0000000765c00000| PB 0x0000000765a00000| Untracked 
| 302|0x0000000765c00000, 0x0000000765e00000, 0x0000000765e00000|100%| O|  |TAMS 0x0000000765e00000| PB 0x0000000765c00000| Untracked 
| 303|0x0000000765e00000, 0x0000000766000000, 0x0000000766000000|100%| O|  |TAMS 0x0000000766000000| PB 0x0000000765e00000| Untracked 
| 304|0x0000000766000000, 0x0000000766200000, 0x0000000766200000|100%| O|  |TAMS 0x0000000766200000| PB 0x0000000766000000| Untracked 
| 305|0x0000000766200000, 0x0000000766400000, 0x0000000766400000|100%| O|  |TAMS 0x0000000766400000| PB 0x0000000766200000| Untracked 
| 306|0x0000000766400000, 0x0000000766600000, 0x0000000766600000|100%| O|  |TAMS 0x0000000766600000| PB 0x0000000766400000| Untracked 
| 307|0x0000000766600000, 0x0000000766800000, 0x0000000766800000|100%| O|  |TAMS 0x0000000766800000| PB 0x0000000766600000| Untracked 
| 308|0x0000000766800000, 0x0000000766a00000, 0x0000000766a00000|100%| O|  |TAMS 0x0000000766a00000| PB 0x0000000766800000| Untracked 
| 309|0x0000000766a00000, 0x0000000766c00000, 0x0000000766c00000|100%| O|  |TAMS 0x0000000766c00000| PB 0x0000000766a00000| Untracked 
| 310|0x0000000766c00000, 0x0000000766e00000, 0x0000000766e00000|100%| O|  |TAMS 0x0000000766e00000| PB 0x0000000766c00000| Untracked 
| 311|0x0000000766e00000, 0x0000000767000000, 0x0000000767000000|100%| O|  |TAMS 0x0000000767000000| PB 0x0000000766e00000| Untracked 
| 312|0x0000000767000000, 0x0000000767200000, 0x0000000767200000|100%| O|  |TAMS 0x0000000767200000| PB 0x0000000767000000| Untracked 
| 313|0x0000000767200000, 0x0000000767400000, 0x0000000767400000|100%| O|  |TAMS 0x0000000767400000| PB 0x0000000767200000| Untracked 
| 314|0x0000000767400000, 0x0000000767600000, 0x0000000767600000|100%| O|  |TAMS 0x0000000767600000| PB 0x0000000767400000| Untracked 
| 315|0x0000000767600000, 0x0000000767800000, 0x0000000767800000|100%| O|  |TAMS 0x0000000767800000| PB 0x0000000767600000| Untracked 
| 316|0x0000000767800000, 0x0000000767a00000, 0x0000000767a00000|100%| O|  |TAMS 0x0000000767a00000| PB 0x0000000767800000| Untracked 
| 317|0x0000000767a00000, 0x0000000767c00000, 0x0000000767c00000|100%| O|  |TAMS 0x0000000767c00000| PB 0x0000000767a00000| Untracked 
| 318|0x0000000767c00000, 0x0000000767e00000, 0x0000000767e00000|100%| O|  |TAMS 0x0000000767e00000| PB 0x0000000767c00000| Untracked 
| 319|0x0000000767e00000, 0x0000000768000000, 0x0000000768000000|100%| O|  |TAMS 0x0000000768000000| PB 0x0000000767e00000| Untracked 
| 320|0x0000000768000000, 0x0000000768200000, 0x0000000768200000|100%| O|  |TAMS 0x0000000768200000| PB 0x0000000768000000| Untracked 
| 321|0x0000000768200000, 0x0000000768400000, 0x0000000768400000|100%| O|  |TAMS 0x0000000768400000| PB 0x0000000768200000| Untracked 
| 322|0x0000000768400000, 0x0000000768600000, 0x0000000768600000|100%| O|  |TAMS 0x0000000768600000| PB 0x0000000768400000| Untracked 
| 323|0x0000000768600000, 0x0000000768800000, 0x0000000768800000|100%| O|  |TAMS 0x0000000768800000| PB 0x0000000768600000| Untracked 
| 324|0x0000000768800000, 0x0000000768a00000, 0x0000000768a00000|100%| O|  |TAMS 0x0000000768a00000| PB 0x0000000768800000| Untracked 
| 325|0x0000000768a00000, 0x0000000768c00000, 0x0000000768c00000|100%| O|  |TAMS 0x0000000768c00000| PB 0x0000000768a00000| Untracked 
| 326|0x0000000768c00000, 0x0000000768e00000, 0x0000000768e00000|100%| O|  |TAMS 0x0000000768e00000| PB 0x0000000768c00000| Untracked 
| 327|0x0000000768e00000, 0x0000000769000000, 0x0000000769000000|100%| O|  |TAMS 0x0000000769000000| PB 0x0000000768e00000| Untracked 
| 328|0x0000000769000000, 0x0000000769200000, 0x0000000769200000|100%| O|  |TAMS 0x0000000769200000| PB 0x0000000769000000| Untracked 
| 329|0x0000000769200000, 0x0000000769400000, 0x0000000769400000|100%| O|  |TAMS 0x0000000769400000| PB 0x0000000769200000| Untracked 
| 330|0x0000000769400000, 0x0000000769600000, 0x0000000769600000|100%| O|  |TAMS 0x0000000769600000| PB 0x0000000769400000| Untracked 
| 331|0x0000000769600000, 0x0000000769800000, 0x0000000769800000|100%| O|  |TAMS 0x0000000769800000| PB 0x0000000769600000| Untracked 
| 332|0x0000000769800000, 0x0000000769a00000, 0x0000000769a00000|100%| O|  |TAMS 0x0000000769a00000| PB 0x0000000769800000| Untracked 
| 333|0x0000000769a00000, 0x0000000769c00000, 0x0000000769c00000|100%| O|  |TAMS 0x0000000769c00000| PB 0x0000000769a00000| Untracked 
| 334|0x0000000769c00000, 0x0000000769e00000, 0x0000000769e00000|100%| O|  |TAMS 0x0000000769e00000| PB 0x0000000769c00000| Untracked 
| 335|0x0000000769e00000, 0x000000076a000000, 0x000000076a000000|100%| O|  |TAMS 0x000000076a000000| PB 0x0000000769e00000| Untracked 
| 336|0x000000076a000000, 0x000000076a200000, 0x000000076a200000|100%| O|  |TAMS 0x000000076a200000| PB 0x000000076a000000| Untracked 
| 337|0x000000076a200000, 0x000000076a400000, 0x000000076a400000|100%| O|  |TAMS 0x000000076a400000| PB 0x000000076a200000| Untracked 
| 338|0x000000076a400000, 0x000000076a600000, 0x000000076a600000|100%| O|  |TAMS 0x000000076a600000| PB 0x000000076a400000| Untracked 
| 339|0x000000076a600000, 0x000000076a800000, 0x000000076a800000|100%| O|  |TAMS 0x000000076a800000| PB 0x000000076a600000| Untracked 
| 340|0x000000076a800000, 0x000000076aa00000, 0x000000076aa00000|100%| O|  |TAMS 0x000000076aa00000| PB 0x000000076a800000| Untracked 
| 341|0x000000076aa00000, 0x000000076ac00000, 0x000000076ac00000|100%| O|  |TAMS 0x000000076ac00000| PB 0x000000076aa00000| Untracked 
| 342|0x000000076ac00000, 0x000000076ae00000, 0x000000076ae00000|100%| O|  |TAMS 0x000000076ae00000| PB 0x000000076ac00000| Untracked 
| 343|0x000000076ae00000, 0x000000076b000000, 0x000000076b000000|100%| O|  |TAMS 0x000000076b000000| PB 0x000000076ae00000| Untracked 
| 344|0x000000076b000000, 0x000000076b200000, 0x000000076b200000|100%| O|  |TAMS 0x000000076b200000| PB 0x000000076b000000| Untracked 
| 345|0x000000076b200000, 0x000000076b400000, 0x000000076b400000|100%| O|  |TAMS 0x000000076b400000| PB 0x000000076b200000| Untracked 
| 346|0x000000076b400000, 0x000000076b600000, 0x000000076b600000|100%| O|  |TAMS 0x000000076b600000| PB 0x000000076b400000| Untracked 
| 347|0x000000076b600000, 0x000000076b800000, 0x000000076b800000|100%| O|  |TAMS 0x000000076b800000| PB 0x000000076b600000| Untracked 
| 348|0x000000076b800000, 0x000000076ba00000, 0x000000076ba00000|100%| O|  |TAMS 0x000000076ba00000| PB 0x000000076b800000| Untracked 
| 349|0x000000076ba00000, 0x000000076bc00000, 0x000000076bc00000|100%| O|  |TAMS 0x000000076bc00000| PB 0x000000076ba00000| Untracked 
| 350|0x000000076bc00000, 0x000000076be00000, 0x000000076be00000|100%| O|  |TAMS 0x000000076be00000| PB 0x000000076bc00000| Untracked 
| 351|0x000000076be00000, 0x000000076c000000, 0x000000076c000000|100%| O|  |TAMS 0x000000076c000000| PB 0x000000076be00000| Untracked 
| 352|0x000000076c000000, 0x000000076c200000, 0x000000076c200000|100%| O|  |TAMS 0x000000076c200000| PB 0x000000076c000000| Untracked 
| 353|0x000000076c200000, 0x000000076c400000, 0x000000076c400000|100%| O|  |TAMS 0x000000076c400000| PB 0x000000076c200000| Untracked 
| 354|0x000000076c400000, 0x000000076c600000, 0x000000076c600000|100%| O|  |TAMS 0x000000076c600000| PB 0x000000076c400000| Untracked 
| 355|0x000000076c600000, 0x000000076c800000, 0x000000076c800000|100%| O|  |TAMS 0x000000076c800000| PB 0x000000076c600000| Untracked 
| 356|0x000000076c800000, 0x000000076ca00000, 0x000000076ca00000|100%| O|  |TAMS 0x000000076ca00000| PB 0x000000076c800000| Untracked 
| 357|0x000000076ca00000, 0x000000076cc00000, 0x000000076cc00000|100%| O|  |TAMS 0x000000076cc00000| PB 0x000000076ca00000| Untracked 
| 358|0x000000076cc00000, 0x000000076ce00000, 0x000000076ce00000|100%| O|  |TAMS 0x000000076ce00000| PB 0x000000076cc00000| Untracked 
| 359|0x000000076ce00000, 0x000000076d000000, 0x000000076d000000|100%| O|  |TAMS 0x000000076d000000| PB 0x000000076ce00000| Untracked 
| 360|0x000000076d000000, 0x000000076d200000, 0x000000076d200000|100%| O|  |TAMS 0x000000076d200000| PB 0x000000076d000000| Untracked 
| 361|0x000000076d200000, 0x000000076d400000, 0x000000076d400000|100%| O|  |TAMS 0x000000076d400000| PB 0x000000076d200000| Untracked 
| 362|0x000000076d400000, 0x000000076d600000, 0x000000076d600000|100%| O|  |TAMS 0x000000076d600000| PB 0x000000076d400000| Untracked 
| 363|0x000000076d600000, 0x000000076d800000, 0x000000076d800000|100%| O|  |TAMS 0x000000076d800000| PB 0x000000076d600000| Untracked 
| 364|0x000000076d800000, 0x000000076da00000, 0x000000076da00000|100%| O|  |TAMS 0x000000076da00000| PB 0x000000076d800000| Untracked 
| 365|0x000000076da00000, 0x000000076dc00000, 0x000000076dc00000|100%| O|  |TAMS 0x000000076dc00000| PB 0x000000076da00000| Untracked 
| 366|0x000000076dc00000, 0x000000076de00000, 0x000000076de00000|100%| O|  |TAMS 0x000000076de00000| PB 0x000000076dc00000| Untracked 
| 367|0x000000076de00000, 0x000000076e000000, 0x000000076e000000|100%| O|  |TAMS 0x000000076e000000| PB 0x000000076de00000| Untracked 
| 368|0x000000076e000000, 0x000000076e200000, 0x000000076e200000|100%| O|  |TAMS 0x000000076e200000| PB 0x000000076e000000| Untracked 
| 369|0x000000076e200000, 0x000000076e400000, 0x000000076e400000|100%| O|  |TAMS 0x000000076e400000| PB 0x000000076e200000| Untracked 
| 370|0x000000076e400000, 0x000000076e600000, 0x000000076e600000|100%| O|  |TAMS 0x000000076e600000| PB 0x000000076e400000| Untracked 
| 371|0x000000076e600000, 0x000000076e800000, 0x000000076e800000|100%| O|  |TAMS 0x000000076e800000| PB 0x000000076e600000| Untracked 
| 372|0x000000076e800000, 0x000000076ea00000, 0x000000076ea00000|100%| O|  |TAMS 0x000000076ea00000| PB 0x000000076e800000| Untracked 
| 373|0x000000076ea00000, 0x000000076ec00000, 0x000000076ec00000|100%| O|  |TAMS 0x000000076ec00000| PB 0x000000076ea00000| Untracked 
| 374|0x000000076ec00000, 0x000000076ee00000, 0x000000076ee00000|100%| O|  |TAMS 0x000000076ee00000| PB 0x000000076ec00000| Untracked 
| 375|0x000000076ee00000, 0x000000076f000000, 0x000000076f000000|100%| O|  |TAMS 0x000000076f000000| PB 0x000000076ee00000| Untracked 
| 376|0x000000076f000000, 0x000000076f200000, 0x000000076f200000|100%| O|  |TAMS 0x000000076f200000| PB 0x000000076f000000| Untracked 
| 377|0x000000076f200000, 0x000000076f400000, 0x000000076f400000|100%| O|  |TAMS 0x000000076f400000| PB 0x000000076f200000| Untracked 
| 378|0x000000076f400000, 0x000000076f600000, 0x000000076f600000|100%| O|  |TAMS 0x000000076f600000| PB 0x000000076f400000| Untracked 
| 379|0x000000076f600000, 0x000000076f800000, 0x000000076f800000|100%| O|  |TAMS 0x000000076f800000| PB 0x000000076f600000| Untracked 
| 380|0x000000076f800000, 0x000000076fa00000, 0x000000076fa00000|100%| O|  |TAMS 0x000000076fa00000| PB 0x000000076f800000| Untracked 
| 381|0x000000076fa00000, 0x000000076fc00000, 0x000000076fc00000|100%| O|  |TAMS 0x000000076fc00000| PB 0x000000076fa00000| Untracked 
| 382|0x000000076fc00000, 0x000000076fe00000, 0x000000076fe00000|100%| O|  |TAMS 0x000000076fe00000| PB 0x000000076fc00000| Untracked 
| 383|0x000000076fe00000, 0x0000000770000000, 0x0000000770000000|100%| O|  |TAMS 0x0000000770000000| PB 0x000000076fe00000| Untracked 
| 384|0x0000000770000000, 0x0000000770200000, 0x0000000770200000|100%| O|  |TAMS 0x0000000770200000| PB 0x0000000770000000| Untracked 
| 385|0x0000000770200000, 0x0000000770400000, 0x0000000770400000|100%| O|  |TAMS 0x0000000770400000| PB 0x0000000770200000| Untracked 
| 386|0x0000000770400000, 0x0000000770600000, 0x0000000770600000|100%| O|  |TAMS 0x0000000770600000| PB 0x0000000770400000| Untracked 
| 387|0x0000000770600000, 0x0000000770800000, 0x0000000770800000|100%| O|  |TAMS 0x0000000770800000| PB 0x0000000770600000| Untracked 
| 388|0x0000000770800000, 0x0000000770a00000, 0x0000000770a00000|100%| O|  |TAMS 0x0000000770a00000| PB 0x0000000770800000| Untracked 
| 389|0x0000000770a00000, 0x0000000770c00000, 0x0000000770c00000|100%| O|  |TAMS 0x0000000770c00000| PB 0x0000000770a00000| Untracked 
| 390|0x0000000770c00000, 0x0000000770e00000, 0x0000000770e00000|100%| O|  |TAMS 0x0000000770e00000| PB 0x0000000770c00000| Untracked 
| 391|0x0000000770e00000, 0x0000000771000000, 0x0000000771000000|100%| O|  |TAMS 0x0000000771000000| PB 0x0000000770e00000| Untracked 
| 392|0x0000000771000000, 0x0000000771200000, 0x0000000771200000|100%| O|  |TAMS 0x0000000771200000| PB 0x0000000771000000| Untracked 
| 393|0x0000000771200000, 0x0000000771400000, 0x0000000771400000|100%| O|  |TAMS 0x0000000771400000| PB 0x0000000771200000| Untracked 
| 394|0x0000000771400000, 0x0000000771600000, 0x0000000771600000|100%| O|  |TAMS 0x0000000771600000| PB 0x0000000771400000| Untracked 
| 395|0x0000000771600000, 0x0000000771800000, 0x0000000771800000|100%| O|  |TAMS 0x0000000771800000| PB 0x0000000771600000| Untracked 
| 396|0x0000000771800000, 0x0000000771a00000, 0x0000000771a00000|100%| O|  |TAMS 0x0000000771a00000| PB 0x0000000771800000| Untracked 
| 397|0x0000000771a00000, 0x0000000771c00000, 0x0000000771c00000|100%| O|  |TAMS 0x0000000771c00000| PB 0x0000000771a00000| Untracked 
| 398|0x0000000771c00000, 0x0000000771e00000, 0x0000000771e00000|100%| O|  |TAMS 0x0000000771e00000| PB 0x0000000771c00000| Untracked 
| 399|0x0000000771e00000, 0x0000000772000000, 0x0000000772000000|100%| O|  |TAMS 0x0000000772000000| PB 0x0000000771e00000| Untracked 
| 400|0x0000000772000000, 0x0000000772200000, 0x0000000772200000|100%| O|  |TAMS 0x0000000772200000| PB 0x0000000772000000| Untracked 
| 401|0x0000000772200000, 0x0000000772400000, 0x0000000772400000|100%| O|  |TAMS 0x0000000772400000| PB 0x0000000772200000| Untracked 
| 402|0x0000000772400000, 0x0000000772600000, 0x0000000772600000|100%| O|  |TAMS 0x0000000772600000| PB 0x0000000772400000| Untracked 
| 403|0x0000000772600000, 0x0000000772800000, 0x0000000772800000|100%| O|  |TAMS 0x0000000772800000| PB 0x0000000772600000| Untracked 
| 404|0x0000000772800000, 0x0000000772a00000, 0x0000000772a00000|100%| O|  |TAMS 0x0000000772a00000| PB 0x0000000772800000| Untracked 
| 405|0x0000000772a00000, 0x0000000772c00000, 0x0000000772c00000|100%| O|  |TAMS 0x0000000772c00000| PB 0x0000000772a00000| Untracked 
| 406|0x0000000772c00000, 0x0000000772e00000, 0x0000000772e00000|100%| O|  |TAMS 0x0000000772e00000| PB 0x0000000772c00000| Untracked 
| 407|0x0000000772e00000, 0x0000000773000000, 0x0000000773000000|100%| O|  |TAMS 0x0000000773000000| PB 0x0000000772e00000| Untracked 
| 408|0x0000000773000000, 0x0000000773200000, 0x0000000773200000|100%| O|  |TAMS 0x0000000773200000| PB 0x0000000773000000| Untracked 
| 409|0x0000000773200000, 0x0000000773400000, 0x0000000773400000|100%| O|  |TAMS 0x0000000773400000| PB 0x0000000773200000| Untracked 
| 410|0x0000000773400000, 0x0000000773600000, 0x0000000773600000|100%| O|  |TAMS 0x0000000773600000| PB 0x0000000773400000| Untracked 
| 411|0x0000000773600000, 0x0000000773800000, 0x0000000773800000|100%| O|  |TAMS 0x0000000773800000| PB 0x0000000773600000| Untracked 
| 412|0x0000000773800000, 0x0000000773a00000, 0x0000000773a00000|100%| O|  |TAMS 0x0000000773a00000| PB 0x0000000773800000| Untracked 
| 413|0x0000000773a00000, 0x0000000773c00000, 0x0000000773c00000|100%| O|  |TAMS 0x0000000773c00000| PB 0x0000000773a00000| Untracked 
| 414|0x0000000773c00000, 0x0000000773e00000, 0x0000000773e00000|100%| O|  |TAMS 0x0000000773e00000| PB 0x0000000773c00000| Untracked 
| 415|0x0000000773e00000, 0x0000000774000000, 0x0000000774000000|100%| O|  |TAMS 0x0000000774000000| PB 0x0000000773e00000| Untracked 
| 416|0x0000000774000000, 0x0000000774200000, 0x0000000774200000|100%| O|  |TAMS 0x0000000774200000| PB 0x0000000774000000| Untracked 
| 417|0x0000000774200000, 0x0000000774400000, 0x0000000774400000|100%| O|  |TAMS 0x0000000774400000| PB 0x0000000774200000| Untracked 
| 418|0x0000000774400000, 0x0000000774600000, 0x0000000774600000|100%| O|  |TAMS 0x0000000774600000| PB 0x0000000774400000| Untracked 
| 419|0x0000000774600000, 0x0000000774800000, 0x0000000774800000|100%| O|  |TAMS 0x0000000774800000| PB 0x0000000774600000| Untracked 
| 420|0x0000000774800000, 0x0000000774a00000, 0x0000000774a00000|100%| O|  |TAMS 0x0000000774a00000| PB 0x0000000774800000| Untracked 
| 421|0x0000000774a00000, 0x0000000774c00000, 0x0000000774c00000|100%| O|  |TAMS 0x0000000774c00000| PB 0x0000000774a00000| Untracked 
| 422|0x0000000774c00000, 0x0000000774e00000, 0x0000000774e00000|100%| O|  |TAMS 0x0000000774e00000| PB 0x0000000774c00000| Untracked 
| 423|0x0000000774e00000, 0x0000000775000000, 0x0000000775000000|100%| O|  |TAMS 0x0000000775000000| PB 0x0000000774e00000| Untracked 
| 424|0x0000000775000000, 0x0000000775200000, 0x0000000775200000|100%| O|  |TAMS 0x0000000775200000| PB 0x0000000775000000| Untracked 
| 425|0x0000000775200000, 0x0000000775400000, 0x0000000775400000|100%| O|  |TAMS 0x0000000775400000| PB 0x0000000775200000| Untracked 
| 426|0x0000000775400000, 0x0000000775600000, 0x0000000775600000|100%| O|  |TAMS 0x0000000775600000| PB 0x0000000775400000| Untracked 
| 427|0x0000000775600000, 0x0000000775800000, 0x0000000775800000|100%| O|  |TAMS 0x0000000775800000| PB 0x0000000775600000| Untracked 
| 428|0x0000000775800000, 0x0000000775a00000, 0x0000000775a00000|100%| O|  |TAMS 0x0000000775a00000| PB 0x0000000775800000| Untracked 
| 429|0x0000000775a00000, 0x0000000775c00000, 0x0000000775c00000|100%| O|  |TAMS 0x0000000775c00000| PB 0x0000000775a00000| Untracked 
| 430|0x0000000775c00000, 0x0000000775e00000, 0x0000000775e00000|100%| O|  |TAMS 0x0000000775e00000| PB 0x0000000775c00000| Untracked 
| 431|0x0000000775e00000, 0x0000000776000000, 0x0000000776000000|100%| O|  |TAMS 0x0000000776000000| PB 0x0000000775e00000| Untracked 
| 432|0x0000000776000000, 0x0000000776200000, 0x0000000776200000|100%| O|  |TAMS 0x0000000776200000| PB 0x0000000776000000| Untracked 
| 433|0x0000000776200000, 0x0000000776400000, 0x0000000776400000|100%| O|  |TAMS 0x0000000776400000| PB 0x0000000776200000| Untracked 
| 434|0x0000000776400000, 0x0000000776600000, 0x0000000776600000|100%| O|  |TAMS 0x0000000776600000| PB 0x0000000776400000| Untracked 
| 435|0x0000000776600000, 0x0000000776800000, 0x0000000776800000|100%| O|  |TAMS 0x0000000776800000| PB 0x0000000776600000| Untracked 
| 436|0x0000000776800000, 0x0000000776a00000, 0x0000000776a00000|100%| O|  |TAMS 0x0000000776a00000| PB 0x0000000776800000| Untracked 
| 437|0x0000000776a00000, 0x0000000776c00000, 0x0000000776c00000|100%| O|  |TAMS 0x0000000776c00000| PB 0x0000000776a00000| Untracked 
| 438|0x0000000776c00000, 0x0000000776e00000, 0x0000000776e00000|100%| O|  |TAMS 0x0000000776e00000| PB 0x0000000776c00000| Untracked 
| 439|0x0000000776e00000, 0x0000000777000000, 0x0000000777000000|100%| O|  |TAMS 0x0000000777000000| PB 0x0000000776e00000| Untracked 
| 440|0x0000000777000000, 0x0000000777200000, 0x0000000777200000|100%| O|  |TAMS 0x0000000777200000| PB 0x0000000777000000| Untracked 
| 441|0x0000000777200000, 0x0000000777400000, 0x0000000777400000|100%| O|  |TAMS 0x0000000777400000| PB 0x0000000777200000| Untracked 
| 442|0x0000000777400000, 0x0000000777600000, 0x0000000777600000|100%| O|  |TAMS 0x0000000777600000| PB 0x0000000777400000| Untracked 
| 443|0x0000000777600000, 0x0000000777800000, 0x0000000777800000|100%| O|  |TAMS 0x0000000777800000| PB 0x0000000777600000| Untracked 
| 444|0x0000000777800000, 0x0000000777a00000, 0x0000000777a00000|100%| O|  |TAMS 0x0000000777a00000| PB 0x0000000777800000| Untracked 
| 445|0x0000000777a00000, 0x0000000777a00000, 0x0000000777c00000|  0%| F|  |TAMS 0x0000000777a00000| PB 0x0000000777a00000| Untracked 
| 446|0x0000000777c00000, 0x0000000777c00000, 0x0000000777e00000|  0%| F|  |TAMS 0x0000000777c00000| PB 0x0000000777c00000| Untracked 
| 447|0x0000000777e00000, 0x0000000777e00000, 0x0000000778000000|  0%| F|  |TAMS 0x0000000777e00000| PB 0x0000000777e00000| Untracked 
| 448|0x0000000778000000, 0x0000000778000000, 0x0000000778200000|  0%| F|  |TAMS 0x0000000778000000| PB 0x0000000778000000| Untracked 
| 449|0x0000000778200000, 0x0000000778200000, 0x0000000778400000|  0%| F|  |TAMS 0x0000000778200000| PB 0x0000000778200000| Untracked 
| 450|0x0000000778400000, 0x0000000778400000, 0x0000000778600000|  0%| F|  |TAMS 0x0000000778400000| PB 0x0000000778400000| Untracked 
| 451|0x0000000778600000, 0x0000000778600000, 0x0000000778800000|  0%| F|  |TAMS 0x0000000778600000| PB 0x0000000778600000| Untracked 
| 452|0x0000000778800000, 0x0000000778800000, 0x0000000778a00000|  0%| F|  |TAMS 0x0000000778800000| PB 0x0000000778800000| Untracked 
| 453|0x0000000778a00000, 0x0000000778a00000, 0x0000000778c00000|  0%| F|  |TAMS 0x0000000778a00000| PB 0x0000000778a00000| Untracked 
| 454|0x0000000778c00000, 0x0000000778c00000, 0x0000000778e00000|  0%| F|  |TAMS 0x0000000778c00000| PB 0x0000000778c00000| Untracked 
| 455|0x0000000778e00000, 0x0000000778e00000, 0x0000000779000000|  0%| F|  |TAMS 0x0000000778e00000| PB 0x0000000778e00000| Untracked 
| 456|0x0000000779000000, 0x0000000779000000, 0x0000000779200000|  0%| F|  |TAMS 0x0000000779000000| PB 0x0000000779000000| Untracked 
| 457|0x0000000779200000, 0x0000000779200000, 0x0000000779400000|  0%| F|  |TAMS 0x0000000779200000| PB 0x0000000779200000| Untracked 
| 458|0x0000000779400000, 0x0000000779400000, 0x0000000779600000|  0%| F|  |TAMS 0x0000000779400000| PB 0x0000000779400000| Untracked 
| 459|0x0000000779600000, 0x0000000779600000, 0x0000000779800000|  0%| F|  |TAMS 0x0000000779600000| PB 0x0000000779600000| Untracked 
| 460|0x0000000779800000, 0x0000000779800000, 0x0000000779a00000|  0%| F|  |TAMS 0x0000000779800000| PB 0x0000000779800000| Untracked 
| 461|0x0000000779a00000, 0x0000000779a00000, 0x0000000779c00000|  0%| F|  |TAMS 0x0000000779a00000| PB 0x0000000779a00000| Untracked 
| 462|0x0000000779c00000, 0x0000000779c00000, 0x0000000779e00000|  0%| F|  |TAMS 0x0000000779c00000| PB 0x0000000779c00000| Untracked 
| 463|0x0000000779e00000, 0x0000000779e00000, 0x000000077a000000|  0%| F|  |TAMS 0x0000000779e00000| PB 0x0000000779e00000| Untracked 
| 464|0x000000077a000000, 0x000000077a000000, 0x000000077a200000|  0%| F|  |TAMS 0x000000077a000000| PB 0x000000077a000000| Untracked 
| 465|0x000000077a200000, 0x000000077a200000, 0x000000077a400000|  0%| F|  |TAMS 0x000000077a200000| PB 0x000000077a200000| Untracked 
| 466|0x000000077a400000, 0x000000077a400000, 0x000000077a600000|  0%| F|  |TAMS 0x000000077a400000| PB 0x000000077a400000| Untracked 
| 467|0x000000077a600000, 0x000000077a600000, 0x000000077a800000|  0%| F|  |TAMS 0x000000077a600000| PB 0x000000077a600000| Untracked 
| 468|0x000000077a800000, 0x000000077a800000, 0x000000077aa00000|  0%| F|  |TAMS 0x000000077a800000| PB 0x000000077a800000| Untracked 
| 469|0x000000077aa00000, 0x000000077aa00000, 0x000000077ac00000|  0%| F|  |TAMS 0x000000077aa00000| PB 0x000000077aa00000| Untracked 
| 470|0x000000077ac00000, 0x000000077ac00000, 0x000000077ae00000|  0%| F|  |TAMS 0x000000077ac00000| PB 0x000000077ac00000| Untracked 
| 471|0x000000077ae00000, 0x000000077ae00000, 0x000000077b000000|  0%| F|  |TAMS 0x000000077ae00000| PB 0x000000077ae00000| Untracked 
| 472|0x000000077b000000, 0x000000077b000000, 0x000000077b200000|  0%| F|  |TAMS 0x000000077b000000| PB 0x000000077b000000| Untracked 
| 473|0x000000077b200000, 0x000000077b200000, 0x000000077b400000|  0%| F|  |TAMS 0x000000077b200000| PB 0x000000077b200000| Untracked 
| 474|0x000000077b400000, 0x000000077b400000, 0x000000077b600000|  0%| F|  |TAMS 0x000000077b400000| PB 0x000000077b400000| Untracked 
| 475|0x000000077b600000, 0x000000077b600000, 0x000000077b800000|  0%| F|  |TAMS 0x000000077b600000| PB 0x000000077b600000| Untracked 
| 476|0x000000077b800000, 0x000000077b800000, 0x000000077ba00000|  0%| F|  |TAMS 0x000000077b800000| PB 0x000000077b800000| Untracked 
| 477|0x000000077ba00000, 0x000000077ba00000, 0x000000077bc00000|  0%| F|  |TAMS 0x000000077ba00000| PB 0x000000077ba00000| Untracked 
| 478|0x000000077bc00000, 0x000000077bc00000, 0x000000077be00000|  0%| F|  |TAMS 0x000000077bc00000| PB 0x000000077bc00000| Untracked 
| 479|0x000000077be00000, 0x000000077be00000, 0x000000077c000000|  0%| F|  |TAMS 0x000000077be00000| PB 0x000000077be00000| Untracked 
| 480|0x000000077c000000, 0x000000077c000000, 0x000000077c200000|  0%| F|  |TAMS 0x000000077c000000| PB 0x000000077c000000| Untracked 
| 481|0x000000077c200000, 0x000000077c200000, 0x000000077c400000|  0%| F|  |TAMS 0x000000077c200000| PB 0x000000077c200000| Untracked 
| 482|0x000000077c400000, 0x000000077c400000, 0x000000077c600000|  0%| F|  |TAMS 0x000000077c400000| PB 0x000000077c400000| Untracked 
| 483|0x000000077c600000, 0x000000077c600000, 0x000000077c800000|  0%| F|  |TAMS 0x000000077c600000| PB 0x000000077c600000| Untracked 
| 484|0x000000077c800000, 0x000000077c800000, 0x000000077ca00000|  0%| F|  |TAMS 0x000000077c800000| PB 0x000000077c800000| Untracked 
| 485|0x000000077ca00000, 0x000000077ca00000, 0x000000077cc00000|  0%| F|  |TAMS 0x000000077ca00000| PB 0x000000077ca00000| Untracked 
| 486|0x000000077cc00000, 0x000000077cc00000, 0x000000077ce00000|  0%| F|  |TAMS 0x000000077cc00000| PB 0x000000077cc00000| Untracked 
| 487|0x000000077ce00000, 0x000000077ce00000, 0x000000077d000000|  0%| F|  |TAMS 0x000000077ce00000| PB 0x000000077ce00000| Untracked 
| 488|0x000000077d000000, 0x000000077d000000, 0x000000077d200000|  0%| F|  |TAMS 0x000000077d000000| PB 0x000000077d000000| Untracked 
| 489|0x000000077d200000, 0x000000077d200000, 0x000000077d400000|  0%| F|  |TAMS 0x000000077d200000| PB 0x000000077d200000| Untracked 
| 490|0x000000077d400000, 0x000000077d400000, 0x000000077d600000|  0%| F|  |TAMS 0x000000077d400000| PB 0x000000077d400000| Untracked 
| 491|0x000000077d600000, 0x000000077d600000, 0x000000077d800000|  0%| F|  |TAMS 0x000000077d600000| PB 0x000000077d600000| Untracked 
| 492|0x000000077d800000, 0x000000077d800000, 0x000000077da00000|  0%| F|  |TAMS 0x000000077d800000| PB 0x000000077d800000| Untracked 
| 493|0x000000077da00000, 0x000000077da00000, 0x000000077dc00000|  0%| F|  |TAMS 0x000000077da00000| PB 0x000000077da00000| Untracked 
| 494|0x000000077dc00000, 0x000000077dc00000, 0x000000077de00000|  0%| F|  |TAMS 0x000000077dc00000| PB 0x000000077dc00000| Untracked 
| 495|0x000000077de00000, 0x000000077de00000, 0x000000077e000000|  0%| F|  |TAMS 0x000000077de00000| PB 0x000000077de00000| Untracked 
| 496|0x000000077e000000, 0x000000077e000000, 0x000000077e200000|  0%| F|  |TAMS 0x000000077e000000| PB 0x000000077e000000| Untracked 
| 497|0x000000077e200000, 0x000000077e200000, 0x000000077e400000|  0%| F|  |TAMS 0x000000077e200000| PB 0x000000077e200000| Untracked 
| 498|0x000000077e400000, 0x000000077e400000, 0x000000077e600000|  0%| F|  |TAMS 0x000000077e400000| PB 0x000000077e400000| Untracked 
| 499|0x000000077e600000, 0x000000077e600000, 0x000000077e800000|  0%| F|  |TAMS 0x000000077e600000| PB 0x000000077e600000| Untracked 
| 500|0x000000077e800000, 0x000000077e800000, 0x000000077ea00000|  0%| F|  |TAMS 0x000000077e800000| PB 0x000000077e800000| Untracked 
| 501|0x000000077ea00000, 0x000000077ea00000, 0x000000077ec00000|  0%| F|  |TAMS 0x000000077ea00000| PB 0x000000077ea00000| Untracked 
| 502|0x000000077ec00000, 0x000000077ec00000, 0x000000077ee00000|  0%| F|  |TAMS 0x000000077ec00000| PB 0x000000077ec00000| Untracked 
| 503|0x000000077ee00000, 0x000000077ee00000, 0x000000077f000000|  0%| F|  |TAMS 0x000000077ee00000| PB 0x000000077ee00000| Untracked 
| 504|0x000000077f000000, 0x000000077f000000, 0x000000077f200000|  0%| F|  |TAMS 0x000000077f000000| PB 0x000000077f000000| Untracked 
| 505|0x000000077f200000, 0x000000077f200000, 0x000000077f400000|  0%| F|  |TAMS 0x000000077f200000| PB 0x000000077f200000| Untracked 
| 506|0x000000077f400000, 0x000000077f400000, 0x000000077f600000|  0%| F|  |TAMS 0x000000077f400000| PB 0x000000077f400000| Untracked 
| 507|0x000000077f600000, 0x000000077f600000, 0x000000077f800000|  0%| F|  |TAMS 0x000000077f600000| PB 0x000000077f600000| Untracked 
| 508|0x000000077f800000, 0x000000077f800000, 0x000000077fa00000|  0%| F|  |TAMS 0x000000077f800000| PB 0x000000077f800000| Untracked 
| 509|0x000000077fa00000, 0x000000077fa00000, 0x000000077fc00000|  0%| F|  |TAMS 0x000000077fa00000| PB 0x000000077fa00000| Untracked 
| 510|0x000000077fc00000, 0x000000077fc00000, 0x000000077fe00000|  0%| F|  |TAMS 0x000000077fc00000| PB 0x000000077fc00000| Untracked 
| 511|0x000000077fe00000, 0x000000077fe00000, 0x0000000780000000|  0%| F|  |TAMS 0x000000077fe00000| PB 0x000000077fe00000| Untracked 
| 512|0x0000000780000000, 0x0000000780000000, 0x0000000780200000|  0%| F|  |TAMS 0x0000000780000000| PB 0x0000000780000000| Untracked 
| 513|0x0000000780200000, 0x0000000780200000, 0x0000000780400000|  0%| F|  |TAMS 0x0000000780200000| PB 0x0000000780200000| Untracked 
| 514|0x0000000780400000, 0x0000000780400000, 0x0000000780600000|  0%| F|  |TAMS 0x0000000780400000| PB 0x0000000780400000| Untracked 
| 515|0x0000000780600000, 0x0000000780600000, 0x0000000780800000|  0%| F|  |TAMS 0x0000000780600000| PB 0x0000000780600000| Untracked 
| 516|0x0000000780800000, 0x0000000780800000, 0x0000000780a00000|  0%| F|  |TAMS 0x0000000780800000| PB 0x0000000780800000| Untracked 
| 517|0x0000000780a00000, 0x0000000780a00000, 0x0000000780c00000|  0%| F|  |TAMS 0x0000000780a00000| PB 0x0000000780a00000| Untracked 
| 518|0x0000000780c00000, 0x0000000780c00000, 0x0000000780e00000|  0%| F|  |TAMS 0x0000000780c00000| PB 0x0000000780c00000| Untracked 
| 519|0x0000000780e00000, 0x0000000780e00000, 0x0000000781000000|  0%| F|  |TAMS 0x0000000780e00000| PB 0x0000000780e00000| Untracked 
| 520|0x0000000781000000, 0x0000000781000000, 0x0000000781200000|  0%| F|  |TAMS 0x0000000781000000| PB 0x0000000781000000| Untracked 
| 521|0x0000000781200000, 0x0000000781200000, 0x0000000781400000|  0%| F|  |TAMS 0x0000000781200000| PB 0x0000000781200000| Untracked 
| 522|0x0000000781400000, 0x0000000781400000, 0x0000000781600000|  0%| F|  |TAMS 0x0000000781400000| PB 0x0000000781400000| Untracked 
| 523|0x0000000781600000, 0x0000000781600000, 0x0000000781800000|  0%| F|  |TAMS 0x0000000781600000| PB 0x0000000781600000| Untracked 
| 524|0x0000000781800000, 0x0000000781800000, 0x0000000781a00000|  0%| F|  |TAMS 0x0000000781800000| PB 0x0000000781800000| Untracked 
| 525|0x0000000781a00000, 0x0000000781a00000, 0x0000000781c00000|  0%| F|  |TAMS 0x0000000781a00000| PB 0x0000000781a00000| Untracked 
| 526|0x0000000781c00000, 0x0000000781c00000, 0x0000000781e00000|  0%| F|  |TAMS 0x0000000781c00000| PB 0x0000000781c00000| Untracked 
| 527|0x0000000781e00000, 0x0000000781e00000, 0x0000000782000000|  0%| F|  |TAMS 0x0000000781e00000| PB 0x0000000781e00000| Untracked 
| 528|0x0000000782000000, 0x0000000782000000, 0x0000000782200000|  0%| F|  |TAMS 0x0000000782000000| PB 0x0000000782000000| Untracked 
| 529|0x0000000782200000, 0x0000000782200000, 0x0000000782400000|  0%| F|  |TAMS 0x0000000782200000| PB 0x0000000782200000| Untracked 
| 530|0x0000000782400000, 0x0000000782400000, 0x0000000782600000|  0%| F|  |TAMS 0x0000000782400000| PB 0x0000000782400000| Untracked 
| 531|0x0000000782600000, 0x0000000782600000, 0x0000000782800000|  0%| F|  |TAMS 0x0000000782600000| PB 0x0000000782600000| Untracked 
| 532|0x0000000782800000, 0x0000000782800000, 0x0000000782a00000|  0%| F|  |TAMS 0x0000000782800000| PB 0x0000000782800000| Untracked 
| 533|0x0000000782a00000, 0x0000000782a00000, 0x0000000782c00000|  0%| F|  |TAMS 0x0000000782a00000| PB 0x0000000782a00000| Untracked 
| 534|0x0000000782c00000, 0x0000000782c00000, 0x0000000782e00000|  0%| F|  |TAMS 0x0000000782c00000| PB 0x0000000782c00000| Untracked 
| 535|0x0000000782e00000, 0x0000000782e00000, 0x0000000783000000|  0%| F|  |TAMS 0x0000000782e00000| PB 0x0000000782e00000| Untracked 
| 536|0x0000000783000000, 0x0000000783000000, 0x0000000783200000|  0%| F|  |TAMS 0x0000000783000000| PB 0x0000000783000000| Untracked 
| 537|0x0000000783200000, 0x0000000783200000, 0x0000000783400000|  0%| F|  |TAMS 0x0000000783200000| PB 0x0000000783200000| Untracked 
| 538|0x0000000783400000, 0x0000000783400000, 0x0000000783600000|  0%| F|  |TAMS 0x0000000783400000| PB 0x0000000783400000| Untracked 
| 539|0x0000000783600000, 0x0000000783600000, 0x0000000783800000|  0%| F|  |TAMS 0x0000000783600000| PB 0x0000000783600000| Untracked 
| 540|0x0000000783800000, 0x0000000783800000, 0x0000000783a00000|  0%| F|  |TAMS 0x0000000783800000| PB 0x0000000783800000| Untracked 
| 541|0x0000000783a00000, 0x0000000783a00000, 0x0000000783c00000|  0%| F|  |TAMS 0x0000000783a00000| PB 0x0000000783a00000| Untracked 
| 542|0x0000000783c00000, 0x0000000783c00000, 0x0000000783e00000|  0%| F|  |TAMS 0x0000000783c00000| PB 0x0000000783c00000| Untracked 
| 543|0x0000000783e00000, 0x0000000783e00000, 0x0000000784000000|  0%| F|  |TAMS 0x0000000783e00000| PB 0x0000000783e00000| Untracked 
| 544|0x0000000784000000, 0x0000000784000000, 0x0000000784200000|  0%| F|  |TAMS 0x0000000784000000| PB 0x0000000784000000| Untracked 
| 545|0x0000000784200000, 0x0000000784200000, 0x0000000784400000|  0%| F|  |TAMS 0x0000000784200000| PB 0x0000000784200000| Untracked 
| 546|0x0000000784400000, 0x0000000784400000, 0x0000000784600000|  0%| F|  |TAMS 0x0000000784400000| PB 0x0000000784400000| Untracked 
| 547|0x0000000784600000, 0x0000000784600000, 0x0000000784800000|  0%| F|  |TAMS 0x0000000784600000| PB 0x0000000784600000| Untracked 
| 548|0x0000000784800000, 0x0000000784800000, 0x0000000784a00000|  0%| F|  |TAMS 0x0000000784800000| PB 0x0000000784800000| Untracked 
| 549|0x0000000784a00000, 0x0000000784a00000, 0x0000000784c00000|  0%| F|  |TAMS 0x0000000784a00000| PB 0x0000000784a00000| Untracked 
| 550|0x0000000784c00000, 0x0000000784c00000, 0x0000000784e00000|  0%| F|  |TAMS 0x0000000784c00000| PB 0x0000000784c00000| Untracked 
| 551|0x0000000784e00000, 0x0000000784e00000, 0x0000000785000000|  0%| F|  |TAMS 0x0000000784e00000| PB 0x0000000784e00000| Untracked 
| 552|0x0000000785000000, 0x0000000785000000, 0x0000000785200000|  0%| F|  |TAMS 0x0000000785000000| PB 0x0000000785000000| Untracked 
| 553|0x0000000785200000, 0x0000000785200000, 0x0000000785400000|  0%| F|  |TAMS 0x0000000785200000| PB 0x0000000785200000| Untracked 
| 554|0x0000000785400000, 0x0000000785400000, 0x0000000785600000|  0%| F|  |TAMS 0x0000000785400000| PB 0x0000000785400000| Untracked 
| 555|0x0000000785600000, 0x0000000785600000, 0x0000000785800000|  0%| F|  |TAMS 0x0000000785600000| PB 0x0000000785600000| Untracked 
| 556|0x0000000785800000, 0x0000000785800000, 0x0000000785a00000|  0%| F|  |TAMS 0x0000000785800000| PB 0x0000000785800000| Untracked 
| 557|0x0000000785a00000, 0x0000000785a00000, 0x0000000785c00000|  0%| F|  |TAMS 0x0000000785a00000| PB 0x0000000785a00000| Untracked 
| 558|0x0000000785c00000, 0x0000000785c00000, 0x0000000785e00000|  0%| F|  |TAMS 0x0000000785c00000| PB 0x0000000785c00000| Untracked 
| 559|0x0000000785e00000, 0x0000000785e00000, 0x0000000786000000|  0%| F|  |TAMS 0x0000000785e00000| PB 0x0000000785e00000| Untracked 
| 560|0x0000000786000000, 0x0000000786000000, 0x0000000786200000|  0%| F|  |TAMS 0x0000000786000000| PB 0x0000000786000000| Untracked 
| 561|0x0000000786200000, 0x0000000786200000, 0x0000000786400000|  0%| F|  |TAMS 0x0000000786200000| PB 0x0000000786200000| Untracked 
| 562|0x0000000786400000, 0x0000000786400000, 0x0000000786600000|  0%| F|  |TAMS 0x0000000786400000| PB 0x0000000786400000| Untracked 
| 563|0x0000000786600000, 0x0000000786600000, 0x0000000786800000|  0%| F|  |TAMS 0x0000000786600000| PB 0x0000000786600000| Untracked 
| 564|0x0000000786800000, 0x0000000786800000, 0x0000000786a00000|  0%| F|  |TAMS 0x0000000786800000| PB 0x0000000786800000| Untracked 
| 565|0x0000000786a00000, 0x0000000786a00000, 0x0000000786c00000|  0%| F|  |TAMS 0x0000000786a00000| PB 0x0000000786a00000| Untracked 
| 566|0x0000000786c00000, 0x0000000786c00000, 0x0000000786e00000|  0%| F|  |TAMS 0x0000000786c00000| PB 0x0000000786c00000| Untracked 
| 567|0x0000000786e00000, 0x0000000786e00000, 0x0000000787000000|  0%| F|  |TAMS 0x0000000786e00000| PB 0x0000000786e00000| Untracked 
| 568|0x0000000787000000, 0x0000000787000000, 0x0000000787200000|  0%| F|  |TAMS 0x0000000787000000| PB 0x0000000787000000| Untracked 
| 569|0x0000000787200000, 0x0000000787200000, 0x0000000787400000|  0%| F|  |TAMS 0x0000000787200000| PB 0x0000000787200000| Untracked 
| 570|0x0000000787400000, 0x0000000787400000, 0x0000000787600000|  0%| F|  |TAMS 0x0000000787400000| PB 0x0000000787400000| Untracked 
| 571|0x0000000787600000, 0x0000000787600000, 0x0000000787800000|  0%| F|  |TAMS 0x0000000787600000| PB 0x0000000787600000| Untracked 
| 572|0x0000000787800000, 0x0000000787800000, 0x0000000787a00000|  0%| F|  |TAMS 0x0000000787800000| PB 0x0000000787800000| Untracked 
| 573|0x0000000787a00000, 0x0000000787a00000, 0x0000000787c00000|  0%| F|  |TAMS 0x0000000787a00000| PB 0x0000000787a00000| Untracked 
| 574|0x0000000787c00000, 0x0000000787c00000, 0x0000000787e00000|  0%| F|  |TAMS 0x0000000787c00000| PB 0x0000000787c00000| Untracked 
| 575|0x0000000787e00000, 0x0000000787e00000, 0x0000000788000000|  0%| F|  |TAMS 0x0000000787e00000| PB 0x0000000787e00000| Untracked 
| 576|0x0000000788000000, 0x0000000788000000, 0x0000000788200000|  0%| F|  |TAMS 0x0000000788000000| PB 0x0000000788000000| Untracked 
| 577|0x0000000788200000, 0x0000000788200000, 0x0000000788400000|  0%| F|  |TAMS 0x0000000788200000| PB 0x0000000788200000| Untracked 
| 578|0x0000000788400000, 0x0000000788400000, 0x0000000788600000|  0%| F|  |TAMS 0x0000000788400000| PB 0x0000000788400000| Untracked 
| 579|0x0000000788600000, 0x0000000788600000, 0x0000000788800000|  0%| F|  |TAMS 0x0000000788600000| PB 0x0000000788600000| Untracked 
| 580|0x0000000788800000, 0x0000000788800000, 0x0000000788a00000|  0%| F|  |TAMS 0x0000000788800000| PB 0x0000000788800000| Untracked 
| 581|0x0000000788a00000, 0x0000000788a00000, 0x0000000788c00000|  0%| F|  |TAMS 0x0000000788a00000| PB 0x0000000788a00000| Untracked 
| 582|0x0000000788c00000, 0x0000000788c00000, 0x0000000788e00000|  0%| F|  |TAMS 0x0000000788c00000| PB 0x0000000788c00000| Untracked 
| 583|0x0000000788e00000, 0x0000000788e00000, 0x0000000789000000|  0%| F|  |TAMS 0x0000000788e00000| PB 0x0000000788e00000| Untracked 
| 584|0x0000000789000000, 0x0000000789000000, 0x0000000789200000|  0%| F|  |TAMS 0x0000000789000000| PB 0x0000000789000000| Untracked 
| 585|0x0000000789200000, 0x0000000789200000, 0x0000000789400000|  0%| F|  |TAMS 0x0000000789200000| PB 0x0000000789200000| Untracked 
| 586|0x0000000789400000, 0x0000000789400000, 0x0000000789600000|  0%| F|  |TAMS 0x0000000789400000| PB 0x0000000789400000| Untracked 
| 587|0x0000000789600000, 0x0000000789600000, 0x0000000789800000|  0%| F|  |TAMS 0x0000000789600000| PB 0x0000000789600000| Untracked 
| 588|0x0000000789800000, 0x0000000789800000, 0x0000000789a00000|  0%| F|  |TAMS 0x0000000789800000| PB 0x0000000789800000| Untracked 
| 589|0x0000000789a00000, 0x0000000789a00000, 0x0000000789c00000|  0%| F|  |TAMS 0x0000000789a00000| PB 0x0000000789a00000| Untracked 
| 590|0x0000000789c00000, 0x0000000789c00000, 0x0000000789e00000|  0%| F|  |TAMS 0x0000000789c00000| PB 0x0000000789c00000| Untracked 
| 591|0x0000000789e00000, 0x0000000789e00000, 0x000000078a000000|  0%| F|  |TAMS 0x0000000789e00000| PB 0x0000000789e00000| Untracked 
| 592|0x000000078a000000, 0x000000078a000000, 0x000000078a200000|  0%| F|  |TAMS 0x000000078a000000| PB 0x000000078a000000| Untracked 
| 593|0x000000078a200000, 0x000000078a200000, 0x000000078a400000|  0%| F|  |TAMS 0x000000078a200000| PB 0x000000078a200000| Untracked 
| 594|0x000000078a400000, 0x000000078a400000, 0x000000078a600000|  0%| F|  |TAMS 0x000000078a400000| PB 0x000000078a400000| Untracked 
| 595|0x000000078a600000, 0x000000078a600000, 0x000000078a800000|  0%| F|  |TAMS 0x000000078a600000| PB 0x000000078a600000| Untracked 
| 596|0x000000078a800000, 0x000000078a800000, 0x000000078aa00000|  0%| F|  |TAMS 0x000000078a800000| PB 0x000000078a800000| Untracked 
| 597|0x000000078aa00000, 0x000000078aa00000, 0x000000078ac00000|  0%| F|  |TAMS 0x000000078aa00000| PB 0x000000078aa00000| Untracked 
| 598|0x000000078ac00000, 0x000000078ac00000, 0x000000078ae00000|  0%| F|  |TAMS 0x000000078ac00000| PB 0x000000078ac00000| Untracked 
| 599|0x000000078ae00000, 0x000000078ae00000, 0x000000078b000000|  0%| F|  |TAMS 0x000000078ae00000| PB 0x000000078ae00000| Untracked 
| 600|0x000000078b000000, 0x000000078b000000, 0x000000078b200000|  0%| F|  |TAMS 0x000000078b000000| PB 0x000000078b000000| Untracked 
| 601|0x000000078b200000, 0x000000078b200000, 0x000000078b400000|  0%| F|  |TAMS 0x000000078b200000| PB 0x000000078b200000| Untracked 
| 602|0x000000078b400000, 0x000000078b400000, 0x000000078b600000|  0%| F|  |TAMS 0x000000078b400000| PB 0x000000078b400000| Untracked 
| 603|0x000000078b600000, 0x000000078b600000, 0x000000078b800000|  0%| F|  |TAMS 0x000000078b600000| PB 0x000000078b600000| Untracked 
| 604|0x000000078b800000, 0x000000078b800000, 0x000000078ba00000|  0%| F|  |TAMS 0x000000078b800000| PB 0x000000078b800000| Untracked 
| 605|0x000000078ba00000, 0x000000078ba00000, 0x000000078bc00000|  0%| F|  |TAMS 0x000000078ba00000| PB 0x000000078ba00000| Untracked 
| 606|0x000000078bc00000, 0x000000078bc00000, 0x000000078be00000|  0%| F|  |TAMS 0x000000078bc00000| PB 0x000000078bc00000| Untracked 
| 607|0x000000078be00000, 0x000000078be00000, 0x000000078c000000|  0%| F|  |TAMS 0x000000078be00000| PB 0x000000078be00000| Untracked 
| 608|0x000000078c000000, 0x000000078c000000, 0x000000078c200000|  0%| F|  |TAMS 0x000000078c000000| PB 0x000000078c000000| Untracked 
| 609|0x000000078c200000, 0x000000078c200000, 0x000000078c400000|  0%| F|  |TAMS 0x000000078c200000| PB 0x000000078c200000| Untracked 
| 610|0x000000078c400000, 0x000000078c400000, 0x000000078c600000|  0%| F|  |TAMS 0x000000078c400000| PB 0x000000078c400000| Untracked 
| 611|0x000000078c600000, 0x000000078c600000, 0x000000078c800000|  0%| F|  |TAMS 0x000000078c600000| PB 0x000000078c600000| Untracked 
| 612|0x000000078c800000, 0x000000078c800000, 0x000000078ca00000|  0%| F|  |TAMS 0x000000078c800000| PB 0x000000078c800000| Untracked 
| 613|0x000000078ca00000, 0x000000078ca00000, 0x000000078cc00000|  0%| F|  |TAMS 0x000000078ca00000| PB 0x000000078ca00000| Untracked 
| 614|0x000000078cc00000, 0x000000078cc00000, 0x000000078ce00000|  0%| F|  |TAMS 0x000000078cc00000| PB 0x000000078cc00000| Untracked 
| 615|0x000000078ce00000, 0x000000078ce00000, 0x000000078d000000|  0%| F|  |TAMS 0x000000078ce00000| PB 0x000000078ce00000| Untracked 
| 616|0x000000078d000000, 0x000000078d000000, 0x000000078d200000|  0%| F|  |TAMS 0x000000078d000000| PB 0x000000078d000000| Untracked 
| 617|0x000000078d200000, 0x000000078d200000, 0x000000078d400000|  0%| F|  |TAMS 0x000000078d200000| PB 0x000000078d200000| Untracked 
| 618|0x000000078d400000, 0x000000078d400000, 0x000000078d600000|  0%| F|  |TAMS 0x000000078d400000| PB 0x000000078d400000| Untracked 
| 619|0x000000078d600000, 0x000000078d600000, 0x000000078d800000|  0%| F|  |TAMS 0x000000078d600000| PB 0x000000078d600000| Untracked 
| 620|0x000000078d800000, 0x000000078d800000, 0x000000078da00000|  0%| F|  |TAMS 0x000000078d800000| PB 0x000000078d800000| Untracked 
| 621|0x000000078da00000, 0x000000078da00000, 0x000000078dc00000|  0%| F|  |TAMS 0x000000078da00000| PB 0x000000078da00000| Untracked 
| 622|0x000000078dc00000, 0x000000078dc00000, 0x000000078de00000|  0%| F|  |TAMS 0x000000078dc00000| PB 0x000000078dc00000| Untracked 
| 623|0x000000078de00000, 0x000000078de00000, 0x000000078e000000|  0%| F|  |TAMS 0x000000078de00000| PB 0x000000078de00000| Untracked 
| 624|0x000000078e000000, 0x000000078e000000, 0x000000078e200000|  0%| F|  |TAMS 0x000000078e000000| PB 0x000000078e000000| Untracked 
| 625|0x000000078e200000, 0x000000078e200000, 0x000000078e400000|  0%| F|  |TAMS 0x000000078e200000| PB 0x000000078e200000| Untracked 
| 626|0x000000078e400000, 0x000000078e400000, 0x000000078e600000|  0%| F|  |TAMS 0x000000078e400000| PB 0x000000078e400000| Untracked 
| 627|0x000000078e600000, 0x000000078e600000, 0x000000078e800000|  0%| F|  |TAMS 0x000000078e600000| PB 0x000000078e600000| Untracked 
| 628|0x000000078e800000, 0x000000078e800000, 0x000000078ea00000|  0%| F|  |TAMS 0x000000078e800000| PB 0x000000078e800000| Untracked 
| 629|0x000000078ea00000, 0x000000078ea00000, 0x000000078ec00000|  0%| F|  |TAMS 0x000000078ea00000| PB 0x000000078ea00000| Untracked 
| 630|0x000000078ec00000, 0x000000078ec00000, 0x000000078ee00000|  0%| F|  |TAMS 0x000000078ec00000| PB 0x000000078ec00000| Untracked 
| 631|0x000000078ee00000, 0x000000078ee00000, 0x000000078f000000|  0%| F|  |TAMS 0x000000078ee00000| PB 0x000000078ee00000| Untracked 
| 632|0x000000078f000000, 0x000000078f000000, 0x000000078f200000|  0%| F|  |TAMS 0x000000078f000000| PB 0x000000078f000000| Untracked 
| 633|0x000000078f200000, 0x000000078f200000, 0x000000078f400000|  0%| F|  |TAMS 0x000000078f200000| PB 0x000000078f200000| Untracked 
| 634|0x000000078f400000, 0x000000078f400000, 0x000000078f600000|  0%| F|  |TAMS 0x000000078f400000| PB 0x000000078f400000| Untracked 
| 635|0x000000078f600000, 0x000000078f600000, 0x000000078f800000|  0%| F|  |TAMS 0x000000078f600000| PB 0x000000078f600000| Untracked 
| 636|0x000000078f800000, 0x000000078f800000, 0x000000078fa00000|  0%| F|  |TAMS 0x000000078f800000| PB 0x000000078f800000| Untracked 
| 637|0x000000078fa00000, 0x000000078fa00000, 0x000000078fc00000|  0%| F|  |TAMS 0x000000078fa00000| PB 0x000000078fa00000| Untracked 
| 638|0x000000078fc00000, 0x000000078fc00000, 0x000000078fe00000|  0%| F|  |TAMS 0x000000078fc00000| PB 0x000000078fc00000| Untracked 
| 639|0x000000078fe00000, 0x000000078fe00000, 0x0000000790000000|  0%| F|  |TAMS 0x000000078fe00000| PB 0x000000078fe00000| Untracked 
| 640|0x0000000790000000, 0x0000000790000000, 0x0000000790200000|  0%| F|  |TAMS 0x0000000790000000| PB 0x0000000790000000| Untracked 
| 641|0x0000000790200000, 0x0000000790200000, 0x0000000790400000|  0%| F|  |TAMS 0x0000000790200000| PB 0x0000000790200000| Untracked 
| 642|0x0000000790400000, 0x0000000790400000, 0x0000000790600000|  0%| F|  |TAMS 0x0000000790400000| PB 0x0000000790400000| Untracked 
| 643|0x0000000790600000, 0x0000000790600000, 0x0000000790800000|  0%| F|  |TAMS 0x0000000790600000| PB 0x0000000790600000| Untracked 
| 644|0x0000000790800000, 0x0000000790800000, 0x0000000790a00000|  0%| F|  |TAMS 0x0000000790800000| PB 0x0000000790800000| Untracked 
| 645|0x0000000790a00000, 0x0000000790a00000, 0x0000000790c00000|  0%| F|  |TAMS 0x0000000790a00000| PB 0x0000000790a00000| Untracked 
| 646|0x0000000790c00000, 0x0000000790c00000, 0x0000000790e00000|  0%| F|  |TAMS 0x0000000790c00000| PB 0x0000000790c00000| Untracked 
| 647|0x0000000790e00000, 0x0000000790e00000, 0x0000000791000000|  0%| F|  |TAMS 0x0000000790e00000| PB 0x0000000790e00000| Untracked 
| 648|0x0000000791000000, 0x0000000791000000, 0x0000000791200000|  0%| F|  |TAMS 0x0000000791000000| PB 0x0000000791000000| Untracked 
| 649|0x0000000791200000, 0x0000000791200000, 0x0000000791400000|  0%| F|  |TAMS 0x0000000791200000| PB 0x0000000791200000| Untracked 
| 650|0x0000000791400000, 0x0000000791400000, 0x0000000791600000|  0%| F|  |TAMS 0x0000000791400000| PB 0x0000000791400000| Untracked 
| 651|0x0000000791600000, 0x0000000791600000, 0x0000000791800000|  0%| F|  |TAMS 0x0000000791600000| PB 0x0000000791600000| Untracked 
| 652|0x0000000791800000, 0x0000000791800000, 0x0000000791a00000|  0%| F|  |TAMS 0x0000000791800000| PB 0x0000000791800000| Untracked 
| 653|0x0000000791a00000, 0x0000000791a00000, 0x0000000791c00000|  0%| F|  |TAMS 0x0000000791a00000| PB 0x0000000791a00000| Untracked 
| 654|0x0000000791c00000, 0x0000000791c00000, 0x0000000791e00000|  0%| F|  |TAMS 0x0000000791c00000| PB 0x0000000791c00000| Untracked 
| 655|0x0000000791e00000, 0x0000000791e00000, 0x0000000792000000|  0%| F|  |TAMS 0x0000000791e00000| PB 0x0000000791e00000| Untracked 
| 656|0x0000000792000000, 0x0000000792000000, 0x0000000792200000|  0%| F|  |TAMS 0x0000000792000000| PB 0x0000000792000000| Untracked 
| 657|0x0000000792200000, 0x0000000792200000, 0x0000000792400000|  0%| F|  |TAMS 0x0000000792200000| PB 0x0000000792200000| Untracked 
| 658|0x0000000792400000, 0x0000000792400000, 0x0000000792600000|  0%| F|  |TAMS 0x0000000792400000| PB 0x0000000792400000| Untracked 
| 659|0x0000000792600000, 0x0000000792600000, 0x0000000792800000|  0%| F|  |TAMS 0x0000000792600000| PB 0x0000000792600000| Untracked 
| 660|0x0000000792800000, 0x0000000792800000, 0x0000000792a00000|  0%| F|  |TAMS 0x0000000792800000| PB 0x0000000792800000| Untracked 
| 661|0x0000000792a00000, 0x0000000792a00000, 0x0000000792c00000|  0%| F|  |TAMS 0x0000000792a00000| PB 0x0000000792a00000| Untracked 
| 662|0x0000000792c00000, 0x0000000792c00000, 0x0000000792e00000|  0%| F|  |TAMS 0x0000000792c00000| PB 0x0000000792c00000| Untracked 
| 663|0x0000000792e00000, 0x0000000792e00000, 0x0000000793000000|  0%| F|  |TAMS 0x0000000792e00000| PB 0x0000000792e00000| Untracked 
| 664|0x0000000793000000, 0x0000000793000000, 0x0000000793200000|  0%| F|  |TAMS 0x0000000793000000| PB 0x0000000793000000| Untracked 
| 665|0x0000000793200000, 0x0000000793200000, 0x0000000793400000|  0%| F|  |TAMS 0x0000000793200000| PB 0x0000000793200000| Untracked 
| 666|0x0000000793400000, 0x0000000793400000, 0x0000000793600000|  0%| F|  |TAMS 0x0000000793400000| PB 0x0000000793400000| Untracked 
| 667|0x0000000793600000, 0x0000000793600000, 0x0000000793800000|  0%| F|  |TAMS 0x0000000793600000| PB 0x0000000793600000| Untracked 
| 668|0x0000000793800000, 0x0000000793800000, 0x0000000793a00000|  0%| F|  |TAMS 0x0000000793800000| PB 0x0000000793800000| Untracked 
| 669|0x0000000793a00000, 0x0000000793a00000, 0x0000000793c00000|  0%| F|  |TAMS 0x0000000793a00000| PB 0x0000000793a00000| Untracked 
| 670|0x0000000793c00000, 0x0000000793c00000, 0x0000000793e00000|  0%| F|  |TAMS 0x0000000793c00000| PB 0x0000000793c00000| Untracked 
| 671|0x0000000793e00000, 0x0000000793e00000, 0x0000000794000000|  0%| F|  |TAMS 0x0000000793e00000| PB 0x0000000793e00000| Untracked 
| 672|0x0000000794000000, 0x0000000794000000, 0x0000000794200000|  0%| F|  |TAMS 0x0000000794000000| PB 0x0000000794000000| Untracked 
| 673|0x0000000794200000, 0x0000000794200000, 0x0000000794400000|  0%| F|  |TAMS 0x0000000794200000| PB 0x0000000794200000| Untracked 
| 674|0x0000000794400000, 0x0000000794400000, 0x0000000794600000|  0%| F|  |TAMS 0x0000000794400000| PB 0x0000000794400000| Untracked 
| 675|0x0000000794600000, 0x0000000794600000, 0x0000000794800000|  0%| F|  |TAMS 0x0000000794600000| PB 0x0000000794600000| Untracked 
| 676|0x0000000794800000, 0x0000000794800000, 0x0000000794a00000|  0%| F|  |TAMS 0x0000000794800000| PB 0x0000000794800000| Untracked 
| 677|0x0000000794a00000, 0x0000000794a00000, 0x0000000794c00000|  0%| F|  |TAMS 0x0000000794a00000| PB 0x0000000794a00000| Untracked 
| 678|0x0000000794c00000, 0x0000000794c00000, 0x0000000794e00000|  0%| F|  |TAMS 0x0000000794c00000| PB 0x0000000794c00000| Untracked 
| 679|0x0000000794e00000, 0x0000000794e00000, 0x0000000795000000|  0%| F|  |TAMS 0x0000000794e00000| PB 0x0000000794e00000| Untracked 
| 680|0x0000000795000000, 0x0000000795000000, 0x0000000795200000|  0%| F|  |TAMS 0x0000000795000000| PB 0x0000000795000000| Untracked 
| 681|0x0000000795200000, 0x0000000795200000, 0x0000000795400000|  0%| F|  |TAMS 0x0000000795200000| PB 0x0000000795200000| Untracked 
| 682|0x0000000795400000, 0x0000000795400000, 0x0000000795600000|  0%| F|  |TAMS 0x0000000795400000| PB 0x0000000795400000| Untracked 
| 683|0x0000000795600000, 0x0000000795600000, 0x0000000795800000|  0%| F|  |TAMS 0x0000000795600000| PB 0x0000000795600000| Untracked 
| 684|0x0000000795800000, 0x0000000795800000, 0x0000000795a00000|  0%| F|  |TAMS 0x0000000795800000| PB 0x0000000795800000| Untracked 
| 685|0x0000000795a00000, 0x0000000795a00000, 0x0000000795c00000|  0%| F|  |TAMS 0x0000000795a00000| PB 0x0000000795a00000| Untracked 
| 686|0x0000000795c00000, 0x0000000795c00000, 0x0000000795e00000|  0%| F|  |TAMS 0x0000000795c00000| PB 0x0000000795c00000| Untracked 
| 687|0x0000000795e00000, 0x0000000795e00000, 0x0000000796000000|  0%| F|  |TAMS 0x0000000795e00000| PB 0x0000000795e00000| Untracked 
| 688|0x0000000796000000, 0x0000000796000000, 0x0000000796200000|  0%| F|  |TAMS 0x0000000796000000| PB 0x0000000796000000| Untracked 
| 689|0x0000000796200000, 0x0000000796200000, 0x0000000796400000|  0%| F|  |TAMS 0x0000000796200000| PB 0x0000000796200000| Untracked 
| 690|0x0000000796400000, 0x0000000796400000, 0x0000000796600000|  0%| F|  |TAMS 0x0000000796400000| PB 0x0000000796400000| Untracked 
| 691|0x0000000796600000, 0x0000000796600000, 0x0000000796800000|  0%| F|  |TAMS 0x0000000796600000| PB 0x0000000796600000| Untracked 
| 692|0x0000000796800000, 0x0000000796800000, 0x0000000796a00000|  0%| F|  |TAMS 0x0000000796800000| PB 0x0000000796800000| Untracked 
| 693|0x0000000796a00000, 0x0000000796a00000, 0x0000000796c00000|  0%| F|  |TAMS 0x0000000796a00000| PB 0x0000000796a00000| Untracked 
| 694|0x0000000796c00000, 0x0000000796c00000, 0x0000000796e00000|  0%| F|  |TAMS 0x0000000796c00000| PB 0x0000000796c00000| Untracked 
| 695|0x0000000796e00000, 0x0000000796e00000, 0x0000000797000000|  0%| F|  |TAMS 0x0000000796e00000| PB 0x0000000796e00000| Untracked 
| 696|0x0000000797000000, 0x0000000797000000, 0x0000000797200000|  0%| F|  |TAMS 0x0000000797000000| PB 0x0000000797000000| Untracked 
| 697|0x0000000797200000, 0x0000000797200000, 0x0000000797400000|  0%| F|  |TAMS 0x0000000797200000| PB 0x0000000797200000| Untracked 
| 698|0x0000000797400000, 0x0000000797400000, 0x0000000797600000|  0%| F|  |TAMS 0x0000000797400000| PB 0x0000000797400000| Untracked 
| 699|0x0000000797600000, 0x0000000797600000, 0x0000000797800000|  0%| F|  |TAMS 0x0000000797600000| PB 0x0000000797600000| Untracked 
| 700|0x0000000797800000, 0x0000000797800000, 0x0000000797a00000|  0%| F|  |TAMS 0x0000000797800000| PB 0x0000000797800000| Untracked 
| 701|0x0000000797a00000, 0x0000000797a00000, 0x0000000797c00000|  0%| F|  |TAMS 0x0000000797a00000| PB 0x0000000797a00000| Untracked 
| 702|0x0000000797c00000, 0x0000000797c00000, 0x0000000797e00000|  0%| F|  |TAMS 0x0000000797c00000| PB 0x0000000797c00000| Untracked 
| 703|0x0000000797e00000, 0x0000000797e00000, 0x0000000798000000|  0%| F|  |TAMS 0x0000000797e00000| PB 0x0000000797e00000| Untracked 
| 704|0x0000000798000000, 0x0000000798000000, 0x0000000798200000|  0%| F|  |TAMS 0x0000000798000000| PB 0x0000000798000000| Untracked 
| 705|0x0000000798200000, 0x0000000798200000, 0x0000000798400000|  0%| F|  |TAMS 0x0000000798200000| PB 0x0000000798200000| Untracked 
| 706|0x0000000798400000, 0x0000000798400000, 0x0000000798600000|  0%| F|  |TAMS 0x0000000798400000| PB 0x0000000798400000| Untracked 
| 707|0x0000000798600000, 0x0000000798600000, 0x0000000798800000|  0%| F|  |TAMS 0x0000000798600000| PB 0x0000000798600000| Untracked 
| 708|0x0000000798800000, 0x0000000798800000, 0x0000000798a00000|  0%| F|  |TAMS 0x0000000798800000| PB 0x0000000798800000| Untracked 
| 709|0x0000000798a00000, 0x0000000798a00000, 0x0000000798c00000|  0%| F|  |TAMS 0x0000000798a00000| PB 0x0000000798a00000| Untracked 
| 710|0x0000000798c00000, 0x0000000798c00000, 0x0000000798e00000|  0%| F|  |TAMS 0x0000000798c00000| PB 0x0000000798c00000| Untracked 
| 711|0x0000000798e00000, 0x0000000798e00000, 0x0000000799000000|  0%| F|  |TAMS 0x0000000798e00000| PB 0x0000000798e00000| Untracked 
| 712|0x0000000799000000, 0x0000000799000000, 0x0000000799200000|  0%| F|  |TAMS 0x0000000799000000| PB 0x0000000799000000| Untracked 
| 713|0x0000000799200000, 0x0000000799200000, 0x0000000799400000|  0%| F|  |TAMS 0x0000000799200000| PB 0x0000000799200000| Untracked 
| 714|0x0000000799400000, 0x0000000799400000, 0x0000000799600000|  0%| F|  |TAMS 0x0000000799400000| PB 0x0000000799400000| Untracked 
| 715|0x0000000799600000, 0x0000000799600000, 0x0000000799800000|  0%| F|  |TAMS 0x0000000799600000| PB 0x0000000799600000| Untracked 
| 716|0x0000000799800000, 0x0000000799800000, 0x0000000799a00000|  0%| F|  |TAMS 0x0000000799800000| PB 0x0000000799800000| Untracked 
| 717|0x0000000799a00000, 0x0000000799a00000, 0x0000000799c00000|  0%| F|  |TAMS 0x0000000799a00000| PB 0x0000000799a00000| Untracked 
| 718|0x0000000799c00000, 0x0000000799c00000, 0x0000000799e00000|  0%| F|  |TAMS 0x0000000799c00000| PB 0x0000000799c00000| Untracked 
| 719|0x0000000799e00000, 0x0000000799e00000, 0x000000079a000000|  0%| F|  |TAMS 0x0000000799e00000| PB 0x0000000799e00000| Untracked 
| 720|0x000000079a000000, 0x000000079a000000, 0x000000079a200000|  0%| F|  |TAMS 0x000000079a000000| PB 0x000000079a000000| Untracked 
| 721|0x000000079a200000, 0x000000079a200000, 0x000000079a400000|  0%| F|  |TAMS 0x000000079a200000| PB 0x000000079a200000| Untracked 
| 722|0x000000079a400000, 0x000000079a400000, 0x000000079a600000|  0%| F|  |TAMS 0x000000079a400000| PB 0x000000079a400000| Untracked 
| 723|0x000000079a600000, 0x000000079a600000, 0x000000079a800000|  0%| F|  |TAMS 0x000000079a600000| PB 0x000000079a600000| Untracked 
| 724|0x000000079a800000, 0x000000079a800000, 0x000000079aa00000|  0%| F|  |TAMS 0x000000079a800000| PB 0x000000079a800000| Untracked 
| 725|0x000000079aa00000, 0x000000079aa00000, 0x000000079ac00000|  0%| F|  |TAMS 0x000000079aa00000| PB 0x000000079aa00000| Untracked 
| 726|0x000000079ac00000, 0x000000079ac00000, 0x000000079ae00000|  0%| F|  |TAMS 0x000000079ac00000| PB 0x000000079ac00000| Untracked 
| 727|0x000000079ae00000, 0x000000079ae00000, 0x000000079b000000|  0%| F|  |TAMS 0x000000079ae00000| PB 0x000000079ae00000| Untracked 
| 728|0x000000079b000000, 0x000000079b000000, 0x000000079b200000|  0%| F|  |TAMS 0x000000079b000000| PB 0x000000079b000000| Untracked 
| 729|0x000000079b200000, 0x000000079b200000, 0x000000079b400000|  0%| F|  |TAMS 0x000000079b200000| PB 0x000000079b200000| Untracked 
| 730|0x000000079b400000, 0x000000079b400000, 0x000000079b600000|  0%| F|  |TAMS 0x000000079b400000| PB 0x000000079b400000| Untracked 
| 731|0x000000079b600000, 0x000000079b600000, 0x000000079b800000|  0%| F|  |TAMS 0x000000079b600000| PB 0x000000079b600000| Untracked 
| 732|0x000000079b800000, 0x000000079b800000, 0x000000079ba00000|  0%| F|  |TAMS 0x000000079b800000| PB 0x000000079b800000| Untracked 
| 733|0x000000079ba00000, 0x000000079ba00000, 0x000000079bc00000|  0%| F|  |TAMS 0x000000079ba00000| PB 0x000000079ba00000| Untracked 
| 734|0x000000079bc00000, 0x000000079bc00000, 0x000000079be00000|  0%| F|  |TAMS 0x000000079bc00000| PB 0x000000079bc00000| Untracked 
| 735|0x000000079be00000, 0x000000079be00000, 0x000000079c000000|  0%| F|  |TAMS 0x000000079be00000| PB 0x000000079be00000| Untracked 
| 736|0x000000079c000000, 0x000000079c000000, 0x000000079c200000|  0%| F|  |TAMS 0x000000079c000000| PB 0x000000079c000000| Untracked 
| 737|0x000000079c200000, 0x000000079c200000, 0x000000079c400000|  0%| F|  |TAMS 0x000000079c200000| PB 0x000000079c200000| Untracked 
| 738|0x000000079c400000, 0x000000079c400000, 0x000000079c600000|  0%| F|  |TAMS 0x000000079c400000| PB 0x000000079c400000| Untracked 
| 739|0x000000079c600000, 0x000000079c600000, 0x000000079c800000|  0%| F|  |TAMS 0x000000079c600000| PB 0x000000079c600000| Untracked 
| 740|0x000000079c800000, 0x000000079c800000, 0x000000079ca00000|  0%| F|  |TAMS 0x000000079c800000| PB 0x000000079c800000| Untracked 
| 741|0x000000079ca00000, 0x000000079ca00000, 0x000000079cc00000|  0%| F|  |TAMS 0x000000079ca00000| PB 0x000000079ca00000| Untracked 
| 742|0x000000079cc00000, 0x000000079cdef640, 0x000000079ce00000| 96%| S|CS|TAMS 0x000000079cc00000| PB 0x000000079cc00000| Complete 
| 743|0x000000079ce00000, 0x000000079d000000, 0x000000079d000000|100%| S|CS|TAMS 0x000000079ce00000| PB 0x000000079ce00000| Complete 
| 744|0x000000079d000000, 0x000000079d200000, 0x000000079d200000|100%| S|CS|TAMS 0x000000079d000000| PB 0x000000079d000000| Complete 
| 745|0x000000079d200000, 0x000000079d400000, 0x000000079d400000|100%| S|CS|TAMS 0x000000079d200000| PB 0x000000079d200000| Complete 
| 746|0x000000079d400000, 0x000000079d600000, 0x000000079d600000|100%| S|CS|TAMS 0x000000079d400000| PB 0x000000079d400000| Complete 
| 747|0x000000079d600000, 0x000000079d800000, 0x000000079d800000|100%| S|CS|TAMS 0x000000079d600000| PB 0x000000079d600000| Complete 
| 748|0x000000079d800000, 0x000000079da00000, 0x000000079da00000|100%| S|CS|TAMS 0x000000079d800000| PB 0x000000079d800000| Complete 
| 749|0x000000079da00000, 0x000000079dc00000, 0x000000079dc00000|100%| S|CS|TAMS 0x000000079da00000| PB 0x000000079da00000| Complete 
| 750|0x000000079dc00000, 0x000000079de00000, 0x000000079de00000|100%| S|CS|TAMS 0x000000079dc00000| PB 0x000000079dc00000| Complete 
| 751|0x000000079de00000, 0x000000079e000000, 0x000000079e000000|100%| S|CS|TAMS 0x000000079de00000| PB 0x000000079de00000| Complete 
| 752|0x000000079e000000, 0x000000079e200000, 0x000000079e200000|100%| S|CS|TAMS 0x000000079e000000| PB 0x000000079e000000| Complete 
| 753|0x000000079e200000, 0x000000079e400000, 0x000000079e400000|100%| S|CS|TAMS 0x000000079e200000| PB 0x000000079e200000| Complete 
| 754|0x000000079e400000, 0x000000079e600000, 0x000000079e600000|100%| S|CS|TAMS 0x000000079e400000| PB 0x000000079e400000| Complete 
| 755|0x000000079e600000, 0x000000079e800000, 0x000000079e800000|100%| S|CS|TAMS 0x000000079e600000| PB 0x000000079e600000| Complete 
| 756|0x000000079e800000, 0x000000079ea00000, 0x000000079ea00000|100%| S|CS|TAMS 0x000000079e800000| PB 0x000000079e800000| Complete 
| 757|0x000000079ea00000, 0x000000079ec00000, 0x000000079ec00000|100%| S|CS|TAMS 0x000000079ea00000| PB 0x000000079ea00000| Complete 
| 758|0x000000079ec00000, 0x000000079ee00000, 0x000000079ee00000|100%| S|CS|TAMS 0x000000079ec00000| PB 0x000000079ec00000| Complete 
| 759|0x000000079ee00000, 0x000000079f000000, 0x000000079f000000|100%| S|CS|TAMS 0x000000079ee00000| PB 0x000000079ee00000| Complete 
| 760|0x000000079f000000, 0x000000079f200000, 0x000000079f200000|100%| S|CS|TAMS 0x000000079f000000| PB 0x000000079f000000| Complete 
| 761|0x000000079f200000, 0x000000079f400000, 0x000000079f400000|100%| S|CS|TAMS 0x000000079f200000| PB 0x000000079f200000| Complete 
| 762|0x000000079f400000, 0x000000079f600000, 0x000000079f600000|100%| S|CS|TAMS 0x000000079f400000| PB 0x000000079f400000| Complete 
| 763|0x000000079f600000, 0x000000079f800000, 0x000000079f800000|100%| S|CS|TAMS 0x000000079f600000| PB 0x000000079f600000| Complete 
| 764|0x000000079f800000, 0x000000079fa00000, 0x000000079fa00000|100%| S|CS|TAMS 0x000000079f800000| PB 0x000000079f800000| Complete 
| 765|0x000000079fa00000, 0x000000079fc00000, 0x000000079fc00000|100%| S|CS|TAMS 0x000000079fa00000| PB 0x000000079fa00000| Complete 
| 766|0x000000079fc00000, 0x000000079fe00000, 0x000000079fe00000|100%| S|CS|TAMS 0x000000079fc00000| PB 0x000000079fc00000| Complete 
| 767|0x000000079fe00000, 0x00000007a0000000, 0x00000007a0000000|100%| S|CS|TAMS 0x000000079fe00000| PB 0x000000079fe00000| Complete 
| 768|0x00000007a0000000, 0x00000007a0000000, 0x00000007a0200000|  0%| F|  |TAMS 0x00000007a0000000| PB 0x00000007a0000000| Untracked 
| 769|0x00000007a0200000, 0x00000007a0200000, 0x00000007a0400000|  0%| F|  |TAMS 0x00000007a0200000| PB 0x00000007a0200000| Untracked 
| 770|0x00000007a0400000, 0x00000007a0400000, 0x00000007a0600000|  0%| F|  |TAMS 0x00000007a0400000| PB 0x00000007a0400000| Untracked 
| 771|0x00000007a0600000, 0x00000007a0600000, 0x00000007a0800000|  0%| F|  |TAMS 0x00000007a0600000| PB 0x00000007a0600000| Untracked 
| 772|0x00000007a0800000, 0x00000007a0800000, 0x00000007a0a00000|  0%| F|  |TAMS 0x00000007a0800000| PB 0x00000007a0800000| Untracked 
| 773|0x00000007a0a00000, 0x00000007a0a00000, 0x00000007a0c00000|  0%| F|  |TAMS 0x00000007a0a00000| PB 0x00000007a0a00000| Untracked 
| 774|0x00000007a0c00000, 0x00000007a0c00000, 0x00000007a0e00000|  0%| F|  |TAMS 0x00000007a0c00000| PB 0x00000007a0c00000| Untracked 
| 775|0x00000007a0e00000, 0x00000007a0e00000, 0x00000007a1000000|  0%| F|  |TAMS 0x00000007a0e00000| PB 0x00000007a0e00000| Untracked 
| 776|0x00000007a1000000, 0x00000007a1000000, 0x00000007a1200000|  0%| F|  |TAMS 0x00000007a1000000| PB 0x00000007a1000000| Untracked 
| 777|0x00000007a1200000, 0x00000007a1200000, 0x00000007a1400000|  0%| F|  |TAMS 0x00000007a1200000| PB 0x00000007a1200000| Untracked 
| 778|0x00000007a1400000, 0x00000007a1400000, 0x00000007a1600000|  0%| F|  |TAMS 0x00000007a1400000| PB 0x00000007a1400000| Untracked 
| 779|0x00000007a1600000, 0x00000007a1600000, 0x00000007a1800000|  0%| F|  |TAMS 0x00000007a1600000| PB 0x00000007a1600000| Untracked 
| 780|0x00000007a1800000, 0x00000007a1800000, 0x00000007a1a00000|  0%| F|  |TAMS 0x00000007a1800000| PB 0x00000007a1800000| Untracked 
| 781|0x00000007a1a00000, 0x00000007a1a00000, 0x00000007a1c00000|  0%| F|  |TAMS 0x00000007a1a00000| PB 0x00000007a1a00000| Untracked 
| 782|0x00000007a1c00000, 0x00000007a1c00000, 0x00000007a1e00000|  0%| F|  |TAMS 0x00000007a1c00000| PB 0x00000007a1c00000| Untracked 
| 783|0x00000007a1e00000, 0x00000007a1e00000, 0x00000007a2000000|  0%| F|  |TAMS 0x00000007a1e00000| PB 0x00000007a1e00000| Untracked 
| 784|0x00000007a2000000, 0x00000007a2000000, 0x00000007a2200000|  0%| F|  |TAMS 0x00000007a2000000| PB 0x00000007a2000000| Untracked 
| 785|0x00000007a2200000, 0x00000007a2200000, 0x00000007a2400000|  0%| F|  |TAMS 0x00000007a2200000| PB 0x00000007a2200000| Untracked 
| 786|0x00000007a2400000, 0x00000007a2400000, 0x00000007a2600000|  0%| F|  |TAMS 0x00000007a2400000| PB 0x00000007a2400000| Untracked 
| 787|0x00000007a2600000, 0x00000007a2600000, 0x00000007a2800000|  0%| F|  |TAMS 0x00000007a2600000| PB 0x00000007a2600000| Untracked 
| 788|0x00000007a2800000, 0x00000007a2800000, 0x00000007a2a00000|  0%| F|  |TAMS 0x00000007a2800000| PB 0x00000007a2800000| Untracked 
| 789|0x00000007a2a00000, 0x00000007a2a00000, 0x00000007a2c00000|  0%| F|  |TAMS 0x00000007a2a00000| PB 0x00000007a2a00000| Untracked 
| 790|0x00000007a2c00000, 0x00000007a2c00000, 0x00000007a2e00000|  0%| F|  |TAMS 0x00000007a2c00000| PB 0x00000007a2c00000| Untracked 
| 791|0x00000007a2e00000, 0x00000007a2e00000, 0x00000007a3000000|  0%| F|  |TAMS 0x00000007a2e00000| PB 0x00000007a2e00000| Untracked 
| 792|0x00000007a3000000, 0x00000007a3000000, 0x00000007a3200000|  0%| F|  |TAMS 0x00000007a3000000| PB 0x00000007a3000000| Untracked 
| 793|0x00000007a3200000, 0x00000007a3200000, 0x00000007a3400000|  0%| F|  |TAMS 0x00000007a3200000| PB 0x00000007a3200000| Untracked 
| 794|0x00000007a3400000, 0x00000007a3400000, 0x00000007a3600000|  0%| F|  |TAMS 0x00000007a3400000| PB 0x00000007a3400000| Untracked 
| 795|0x00000007a3600000, 0x00000007a3600000, 0x00000007a3800000|  0%| F|  |TAMS 0x00000007a3600000| PB 0x00000007a3600000| Untracked 
| 796|0x00000007a3800000, 0x00000007a3800000, 0x00000007a3a00000|  0%| F|  |TAMS 0x00000007a3800000| PB 0x00000007a3800000| Untracked 
| 797|0x00000007a3a00000, 0x00000007a3a00000, 0x00000007a3c00000|  0%| F|  |TAMS 0x00000007a3a00000| PB 0x00000007a3a00000| Untracked 
| 798|0x00000007a3c00000, 0x00000007a3c00000, 0x00000007a3e00000|  0%| F|  |TAMS 0x00000007a3c00000| PB 0x00000007a3c00000| Untracked 
| 799|0x00000007a3e00000, 0x00000007a3e00000, 0x00000007a4000000|  0%| F|  |TAMS 0x00000007a3e00000| PB 0x00000007a3e00000| Untracked 
| 800|0x00000007a4000000, 0x00000007a4000000, 0x00000007a4200000|  0%| F|  |TAMS 0x00000007a4000000| PB 0x00000007a4000000| Untracked 
| 801|0x00000007a4200000, 0x00000007a4200000, 0x00000007a4400000|  0%| F|  |TAMS 0x00000007a4200000| PB 0x00000007a4200000| Untracked 
| 802|0x00000007a4400000, 0x00000007a4400000, 0x00000007a4600000|  0%| F|  |TAMS 0x00000007a4400000| PB 0x00000007a4400000| Untracked 
| 803|0x00000007a4600000, 0x00000007a4600000, 0x00000007a4800000|  0%| F|  |TAMS 0x00000007a4600000| PB 0x00000007a4600000| Untracked 
| 804|0x00000007a4800000, 0x00000007a4800000, 0x00000007a4a00000|  0%| F|  |TAMS 0x00000007a4800000| PB 0x00000007a4800000| Untracked 
| 805|0x00000007a4a00000, 0x00000007a4a00000, 0x00000007a4c00000|  0%| F|  |TAMS 0x00000007a4a00000| PB 0x00000007a4a00000| Untracked 
| 806|0x00000007a4c00000, 0x00000007a4c00000, 0x00000007a4e00000|  0%| F|  |TAMS 0x00000007a4c00000| PB 0x00000007a4c00000| Untracked 
| 807|0x00000007a4e00000, 0x00000007a4e00000, 0x00000007a5000000|  0%| F|  |TAMS 0x00000007a4e00000| PB 0x00000007a4e00000| Untracked 
| 808|0x00000007a5000000, 0x00000007a5000000, 0x00000007a5200000|  0%| F|  |TAMS 0x00000007a5000000| PB 0x00000007a5000000| Untracked 
| 809|0x00000007a5200000, 0x00000007a5200000, 0x00000007a5400000|  0%| F|  |TAMS 0x00000007a5200000| PB 0x00000007a5200000| Untracked 
|1502|0x00000007fbc00000, 0x00000007fbe00000, 0x00000007fbe00000|100%| O|  |TAMS 0x00000007fbe00000| PB 0x00000007fbc00000| Untracked 
|1503|0x00000007fbe00000, 0x00000007fc000000, 0x00000007fc000000|100%| O|  |TAMS 0x00000007fc000000| PB 0x00000007fbe00000| Untracked 
|1504|0x00000007fc000000, 0x00000007fc200000, 0x00000007fc200000|100%| O|  |TAMS 0x00000007fc200000| PB 0x00000007fc000000| Untracked 
|1505|0x00000007fc200000, 0x00000007fc400000, 0x00000007fc400000|100%| O|  |TAMS 0x00000007fc400000| PB 0x00000007fc200000| Untracked 
|1506|0x00000007fc400000, 0x00000007fc600000, 0x00000007fc600000|100%| O|  |TAMS 0x00000007fc600000| PB 0x00000007fc400000| Untracked 
|1507|0x00000007fc600000, 0x00000007fc800000, 0x00000007fc800000|100%| O|  |TAMS 0x00000007fc800000| PB 0x00000007fc600000| Untracked 
|1508|0x00000007fc800000, 0x00000007fca00000, 0x00000007fca00000|100%| O|  |TAMS 0x00000007fca00000| PB 0x00000007fc800000| Untracked 
|1509|0x00000007fca00000, 0x00000007fcc00000, 0x00000007fcc00000|100%| O|  |TAMS 0x00000007fcc00000| PB 0x00000007fca00000| Untracked 
|1510|0x00000007fcc00000, 0x00000007fce00000, 0x00000007fce00000|100%| O|  |TAMS 0x00000007fce00000| PB 0x00000007fcc00000| Untracked 
|1511|0x00000007fce00000, 0x00000007fd000000, 0x00000007fd000000|100%| O|  |TAMS 0x00000007fd000000| PB 0x00000007fce00000| Untracked 
|1512|0x00000007fd000000, 0x00000007fd200000, 0x00000007fd200000|100%| O|  |TAMS 0x00000007fd200000| PB 0x00000007fd000000| Untracked 
|1513|0x00000007fd200000, 0x00000007fd400000, 0x00000007fd400000|100%| O|  |TAMS 0x00000007fd400000| PB 0x00000007fd200000| Untracked 
|1514|0x00000007fd400000, 0x00000007fd600000, 0x00000007fd600000|100%| O|  |TAMS 0x00000007fd600000| PB 0x00000007fd400000| Untracked 
|1515|0x00000007fd600000, 0x00000007fd800000, 0x00000007fd800000|100%| O|  |TAMS 0x00000007fd800000| PB 0x00000007fd600000| Untracked 
|1516|0x00000007fd800000, 0x00000007fd800000, 0x00000007fda00000|  0%| F|  |TAMS 0x00000007fd800000| PB 0x00000007fd800000| Untracked 
|1517|0x00000007fda00000, 0x00000007fda00000, 0x00000007fdc00000|  0%| F|  |TAMS 0x00000007fda00000| PB 0x00000007fda00000| Untracked 
|1518|0x00000007fdc00000, 0x00000007fdc00000, 0x00000007fde00000|  0%| F|  |TAMS 0x00000007fdc00000| PB 0x00000007fdc00000| Untracked 
|1519|0x00000007fde00000, 0x00000007fde476c0, 0x00000007fe000000| 13%| E|  |TAMS 0x00000007fde00000| PB 0x00000007fde00000| Complete 
|1520|0x00000007fe000000, 0x00000007fe200000, 0x00000007fe200000|100%| E|CS|TAMS 0x00000007fe000000| PB 0x00000007fe000000| Complete 
|1521|0x00000007fe200000, 0x00000007fe400000, 0x00000007fe400000|100%| E|CS|TAMS 0x00000007fe200000| PB 0x00000007fe200000| Complete 
|1522|0x00000007fe400000, 0x00000007fe600000, 0x00000007fe600000|100%| E|CS|TAMS 0x00000007fe400000| PB 0x00000007fe400000| Complete 
|1523|0x00000007fe600000, 0x00000007fe800000, 0x00000007fe800000|100%| E|CS|TAMS 0x00000007fe600000| PB 0x00000007fe600000| Complete 
|1524|0x00000007fe800000, 0x00000007fea00000, 0x00000007fea00000|100%| E|CS|TAMS 0x00000007fe800000| PB 0x00000007fe800000| Complete 
|1525|0x00000007fea00000, 0x00000007fec00000, 0x00000007fec00000|100%| O|  |TAMS 0x00000007fec00000| PB 0x00000007fea00000| Untracked 
|1526|0x00000007fec00000, 0x00000007fee00000, 0x00000007fee00000|100%| O|  |TAMS 0x00000007fee00000| PB 0x00000007fec00000| Untracked 
|1527|0x00000007fee00000, 0x00000007ff000000, 0x00000007ff000000|100%| O|  |TAMS 0x00000007ff000000| PB 0x00000007fee00000| Untracked 
|1528|0x00000007ff000000, 0x00000007ff200000, 0x00000007ff200000|100%| O|  |TAMS 0x00000007ff200000| PB 0x00000007ff000000| Untracked 
|1529|0x00000007ff200000, 0x00000007ff400000, 0x00000007ff400000|100%| E|CS|TAMS 0x00000007ff200000| PB 0x00000007ff200000| Complete 
|1530|0x00000007ff400000, 0x00000007ff600000, 0x00000007ff600000|100%| E|CS|TAMS 0x00000007ff400000| PB 0x00000007ff400000| Complete 
|1531|0x00000007ff600000, 0x00000007ff800000, 0x00000007ff800000|100%| O|  |TAMS 0x00000007ff800000| PB 0x00000007ff600000| Untracked 
|1532|0x00000007ff800000, 0x00000007ffa00000, 0x00000007ffa00000|100%| O|  |TAMS 0x00000007ffa00000| PB 0x00000007ff800000| Untracked 
|1533|0x00000007ffa00000, 0x00000007ffc00000, 0x00000007ffc00000|100%| E|CS|TAMS 0x00000007ffa00000| PB 0x00000007ffa00000| Complete 
|1534|0x00000007ffc00000, 0x00000007ffe00000, 0x00000007ffe00000|100%| E|CS|TAMS 0x00000007ffc00000| PB 0x00000007ffc00000| Complete 
|1535|0x00000007ffe00000, 0x0000000800000000, 0x0000000800000000|100%| E|CS|TAMS 0x00000007ffe00000| PB 0x00000007ffe00000| Complete 

Card table byte_map: [0x000001f5768c0000,0x000001f576ec0000] _byte_map_base: 0x000001f572ec0000

Marking Bits: (CMBitMap*) 0x000001f55e385900
 Bits: [0x000001f576ec0000, 0x000001f579ec0000)

Polling page: 0x000001f55bfb0000

Metaspace:

Usage:
  Non-class:    458.07 MB used.
      Class:     59.39 MB used.
       Both:    517.46 MB used.

Virtual space:
  Non-class space:      512.00 MB reserved,     460.00 MB ( 90%) committed,  8 nodes.
      Class space:      832.00 MB reserved,      61.19 MB (  7%) committed,  1 nodes.
             Both:        1.31 GB reserved,     521.19 MB ( 39%) committed. 

Chunk freelists:
   Non-Class:  3.52 MB
       Class:  2.78 MB
        Both:  6.30 MB

MaxMetaspaceSize: 1.00 GB
CompressedClassSpaceSize: 832.00 MB
Initial GC threshold: 21.00 MB
Current GC threshold: 855.25 MB
CDS: on
 - commit_granule_bytes: 65536.
 - commit_granule_words: 8192.
 - virtual_space_node_default_size: 8388608.
 - enlarge_chunks_in_place: 1.
 - use_allocation_guard: 0.


Internal statistics:

num_allocs_failed_limit: 9.
num_arena_births: 5450.
num_arena_deaths: 36.
num_vsnodes_births: 9.
num_vsnodes_deaths: 0.
num_space_committed: 9679.
num_space_uncommitted: 273.
num_chunks_returned_to_freelist: 3395.
num_chunks_taken_from_freelist: 34756.
num_chunk_merges: 1371.
num_chunk_splits: 22681.
num_chunks_enlarged: 12723.
num_inconsistent_stats: 0.

CodeHeap 'non-profiled nmethods': size=119168Kb used=18372Kb max_used=30082Kb free=100795Kb
 bounds [0x000001f56e5e0000, 0x000001f570350000, 0x000001f575a40000]
CodeHeap 'profiled nmethods': size=119104Kb used=107284Kb max_used=118562Kb free=11819Kb
 bounds [0x000001f566a40000, 0x000001f56de20000, 0x000001f56de90000]
CodeHeap 'non-nmethods': size=7488Kb used=3526Kb max_used=4184Kb free=3961Kb
 bounds [0x000001f56de90000, 0x000001f56e2c0000, 0x000001f56e5e0000]
CodeCache: size=245760Kb, used=129182Kb, max_used=152828Kb, free=116575Kb
 total_blobs=31586, nmethods=30384, adapters=1097, full_count=0
Compilation: enabled, stopped_count=0, restarted_count=0

Compilation events (20 events):
Event: 875.339 Thread 0x000001f5443d3670 nmethod 151558 0x000001f5694c4390 code [0x000001f5694c4580, 0x000001f5694c4860]
Event: 875.339 Thread 0x000001f5443d3670 151527       2       org.jetbrains.kotlin.ir.visitors.IrTransformer::visitFieldAccess (17 bytes)
Event: 875.340 Thread 0x000001f5443d3670 nmethod 151527 0x000001f56c577590 code [0x000001f56c577780, 0x000001f56c577a98]
Event: 875.340 Thread 0x000001f5443d3670 151606       2       org.jetbrains.kotlin.ir.interpreter.preprocessor.IrInterpreterKCallableNamePreprocessor$Companion::isEnumName (85 bytes)
Event: 875.341 Thread 0x000001f5443d3670 nmethod 151606 0x000001f56c075c90 code [0x000001f56c075f20, 0x000001f56c0765a8]
Event: 875.341 Thread 0x000001f5443d3670 151532       2       org.jetbrains.kotlin.ir.interpreter.preprocessor.IrInterpreterConstGetterPreprocessor::lowerConstRead (204 bytes)
Event: 875.352 Thread 0x000001f5443d3670 nmethod 151532 0x000001f56bc56990 code [0x000001f56bc56d40, 0x000001f56bc57f18]
Event: 875.352 Thread 0x000001f5443d3670 151642       3       org.jetbrains.kotlin.ir.interpreter.stack.Frame::getCurrentFrame (11 bytes)
Event: 875.352 Thread 0x000001f5443d3670 nmethod 151642 0x000001f56956c990 code [0x000001f56956cb40, 0x000001f56956cd80]
Event: 875.352 Thread 0x000001f5443d3670 151607       2       org.jetbrains.kotlin.ir.interpreter.checker.IrInterpreterCommonChecker::visitValueArguments (113 bytes)
Event: 875.353 Thread 0x000001f5443d3670 nmethod 151607 0x000001f5695c7210 code [0x000001f5695c73e0, 0x000001f5695c7828]
Event: 875.353 Thread 0x000001f5443d3670 151638       2       org.jetbrains.kotlin.ir.interpreter.stack.SubFrame::popInstruction (11 bytes)
Event: 875.353 Thread 0x000001f5443d3670 nmethod 151638 0x000001f5694c3f10 code [0x000001f5694c40c0, 0x000001f5694c4240]
Event: 875.353 Thread 0x000001f5443d3670 151639       2       kotlin.collections.ArrayDeque::removeFirst (65 bytes)
Event: 875.360 Thread 0x000001f5443d3670 nmethod 151639 0x000001f5695c6890 code [0x000001f5695c6aa0, 0x000001f5695c6f40]
Event: 875.360 Thread 0x000001f5443d3670 151542       2       org.jetbrains.kotlin.fir.lazy.Fir2IrLazyClass::isCompanion (17 bytes)
Event: 875.361 Thread 0x000001f5443d3670 nmethod 151542 0x000001f56c577110 code [0x000001f56c5772c0, 0x000001f56c577468]
Event: 875.361 Thread 0x000001f5443d3670 151541       2       org.jetbrains.kotlin.fir.lazy.Fir2IrLazyClass::getAnnotations (19 bytes)
Event: 875.361 Thread 0x000001f5443d3670 nmethod 151541 0x000001f56956c510 code [0x000001f56956c6c0, 0x000001f56956c870]
Event: 875.361 Thread 0x000001f5443d3670 151641       2       org.jetbrains.kotlin.ir.interpreter.IrInterpreter::handle (82 bytes)

GC Heap History (20 events):
Event: 822.774 GC heap before
{Heap before GC invocations=149 (full 0):
 garbage-first heap   total 1728512K, used 933228K [0x0000000740000000, 0x0000000800000000)
  region size 2048K, 42 young (86016K), 16 survivors (32768K)
 Metaspace       used 501057K, committed 504832K, reserved 1310720K
  class space    used 58763K, committed 60544K, reserved 851968K
}
Event: 822.959 GC heap after
{Heap after GC invocations=150 (full 0):
 garbage-first heap   total 1728512K, used 885309K [0x0000000740000000, 0x0000000800000000)
  region size 2048K, 4 young (8192K), 4 survivors (8192K)
 Metaspace       used 501057K, committed 504832K, reserved 1310720K
  class space    used 58763K, committed 60544K, reserved 851968K
}
Event: 829.378 GC heap before
{Heap before GC invocations=151 (full 0):
 garbage-first heap   total 1728512K, used 1010237K [0x0000000740000000, 0x0000000800000000)
  region size 2048K, 65 young (133120K), 4 survivors (8192K)
 Metaspace       used 503110K, committed 506944K, reserved 1310720K
  class space    used 58847K, committed 60672K, reserved 851968K
}
Event: 829.548 GC heap after
{Heap after GC invocations=152 (full 0):
 garbage-first heap   total 1728512K, used 891076K [0x0000000740000000, 0x0000000800000000)
  region size 2048K, 6 young (12288K), 6 survivors (12288K)
 Metaspace       used 503110K, committed 506944K, reserved 1310720K
  class space    used 58847K, committed 60672K, reserved 851968K
}
Event: 830.786 GC heap before
{Heap before GC invocations=152 (full 0):
 garbage-first heap   total 1728512K, used 958660K [0x0000000740000000, 0x0000000800000000)
  region size 2048K, 40 young (81920K), 6 survivors (12288K)
 Metaspace       used 503440K, committed 507264K, reserved 1310720K
  class space    used 58861K, committed 60672K, reserved 851968K
}
Event: 830.825 GC heap after
{Heap after GC invocations=153 (full 0):
 garbage-first heap   total 1728512K, used 895336K [0x0000000740000000, 0x0000000800000000)
  region size 2048K, 9 young (18432K), 9 survivors (18432K)
 Metaspace       used 503440K, committed 507264K, reserved 1310720K
  class space    used 58861K, committed 60672K, reserved 851968K
}
Event: 837.300 GC heap before
{Heap before GC invocations=154 (full 0):
 garbage-first heap   total 1728512K, used 1055080K [0x0000000740000000, 0x0000000800000000)
  region size 2048K, 88 young (180224K), 9 survivors (18432K)
 Metaspace       used 509073K, committed 512896K, reserved 1310720K
  class space    used 59311K, committed 61120K, reserved 851968K
}
Event: 837.433 GC heap after
{Heap after GC invocations=155 (full 0):
 garbage-first heap   total 1728512K, used 904494K [0x0000000740000000, 0x0000000800000000)
  region size 2048K, 11 young (22528K), 11 survivors (22528K)
 Metaspace       used 509073K, committed 512896K, reserved 1310720K
  class space    used 59311K, committed 61120K, reserved 851968K
}
Event: 841.133 GC heap before
{Heap before GC invocations=155 (full 0):
 garbage-first heap   total 1728512K, used 1060142K [0x0000000740000000, 0x0000000800000000)
  region size 2048K, 88 young (180224K), 11 survivors (22528K)
 Metaspace       used 512498K, committed 516352K, reserved 1310720K
  class space    used 59464K, committed 61312K, reserved 851968K
}
Event: 841.211 GC heap after
{Heap after GC invocations=156 (full 0):
 garbage-first heap   total 1728512K, used 915945K [0x0000000740000000, 0x0000000800000000)
  region size 2048K, 16 young (32768K), 16 survivors (32768K)
 Metaspace       used 512498K, committed 516352K, reserved 1310720K
  class space    used 59464K, committed 61312K, reserved 851968K
}
Event: 844.747 GC heap before
{Heap before GC invocations=157 (full 0):
 garbage-first heap   total 1728512K, used 1075689K [0x0000000740000000, 0x0000000800000000)
  region size 2048K, 95 young (194560K), 16 survivors (32768K)
 Metaspace       used 513958K, committed 517696K, reserved 1310720K
  class space    used 59526K, committed 61312K, reserved 851968K
}
Event: 844.978 GC heap after
{Heap after GC invocations=158 (full 0):
 garbage-first heap   total 1728512K, used 927006K [0x0000000740000000, 0x0000000800000000)
  region size 2048K, 12 young (24576K), 12 survivors (24576K)
 Metaspace       used 513958K, committed 517696K, reserved 1310720K
  class space    used 59526K, committed 61312K, reserved 851968K
}
Event: 853.614 GC heap before
{Heap before GC invocations=158 (full 0):
 garbage-first heap   total 1728512K, used 1252638K [0x0000000740000000, 0x0000000800000000)
  region size 2048K, 172 young (352256K), 12 survivors (24576K)
 Metaspace       used 520806K, committed 524544K, reserved 1376256K
  class space    used 60047K, committed 61824K, reserved 851968K
}
Event: 853.828 GC heap after
{Heap after GC invocations=159 (full 0):
 garbage-first heap   total 1728512K, used 953776K [0x0000000740000000, 0x0000000800000000)
  region size 2048K, 25 young (51200K), 25 survivors (51200K)
 Metaspace       used 520806K, committed 524544K, reserved 1376256K
  class space    used 60047K, committed 61824K, reserved 851968K
}
Event: 855.595 GC heap before
{Heap before GC invocations=159 (full 0):
 garbage-first heap   total 1728512K, used 988592K [0x0000000740000000, 0x0000000800000000)
  region size 2048K, 42 young (86016K), 25 survivors (51200K)
 Metaspace       used 521297K, committed 525056K, reserved 1376256K
  class space    used 60101K, committed 61888K, reserved 851968K
}
Event: 855.819 GC heap after
{Heap after GC invocations=160 (full 0):
 garbage-first heap   total 1728512K, used 960319K [0x0000000740000000, 0x0000000800000000)
  region size 2048K, 4 young (8192K), 4 survivors (8192K)
 Metaspace       used 521297K, committed 525056K, reserved 1376256K
  class space    used 60101K, committed 61888K, reserved 851968K
}
Event: 865.232 GC heap before
{Heap before GC invocations=161 (full 0):
 garbage-first heap   total 1728512K, used 1328959K [0x0000000740000000, 0x0000000800000000)
  region size 2048K, 185 young (378880K), 4 survivors (8192K)
 Metaspace       used 524641K, committed 528448K, reserved 1376256K
  class space    used 60336K, committed 62144K, reserved 851968K
}
Event: 865.310 GC heap after
{Heap after GC invocations=162 (full 0):
 garbage-first heap   total 1728512K, used 993280K [0x0000000740000000, 0x0000000800000000)
  region size 2048K, 20 young (40960K), 20 survivors (40960K)
 Metaspace       used 524641K, committed 528448K, reserved 1376256K
  class space    used 60336K, committed 62144K, reserved 851968K
}
Event: 875.078 GC heap before
{Heap before GC invocations=162 (full 0):
 garbage-first heap   total 1728512K, used 1105920K [0x0000000740000000, 0x0000000800000000)
  region size 2048K, 76 young (155648K), 20 survivors (40960K)
 Metaspace       used 529773K, committed 533632K, reserved 1376256K
  class space    used 60805K, committed 62656K, reserved 851968K
}
Event: 875.176 GC heap after
{Heap after GC invocations=163 (full 0):
 garbage-first heap   total 1728512K, used 1005501K [0x0000000740000000, 0x0000000800000000)
  region size 2048K, 26 young (53248K), 26 survivors (53248K)
 Metaspace       used 529773K, committed 533632K, reserved 1376256K
  class space    used 60805K, committed 62656K, reserved 851968K
}

Dll operation events (15 events):
Event: 0.016 Loaded shared library C:\Users\lin17\.jdks\corretto-21.0.9\bin\java.dll
Event: 0.067 Loaded shared library C:\Users\lin17\.jdks\corretto-21.0.9\bin\jsvml.dll
Event: 0.120 Loaded shared library C:\Users\lin17\.jdks\corretto-21.0.9\bin\zip.dll
Event: 0.127 Loaded shared library C:\Users\lin17\.jdks\corretto-21.0.9\bin\instrument.dll
Event: 1.466 Loaded shared library C:\Users\lin17\.jdks\corretto-21.0.9\bin\net.dll
Event: 1.470 Loaded shared library C:\Users\lin17\.jdks\corretto-21.0.9\bin\nio.dll
Event: 1.475 Loaded shared library C:\Users\lin17\.jdks\corretto-21.0.9\bin\zip.dll
Event: 1.708 Loaded shared library C:\Users\lin17\.jdks\corretto-21.0.9\bin\jimage.dll
Event: 2.001 Loaded shared library C:\Users\lin17\.jdks\corretto-21.0.9\bin\verify.dll
Event: 2.063 Loaded shared library C:\Users\lin17\.gradle\native\660c5614fbf4a5f2a75b1949f50a0caf5cd603558e7d8a26e50b933a0cfb79d1\windows-amd64\native-platform.dll
Event: 2.084 Loaded shared library C:\Users\lin17\.gradle\native\0.2.8\x86_64-windows-gnu\gradle-fileevents.dll
Event: 3.246 Loaded shared library C:\Users\lin17\.jdks\corretto-21.0.9\bin\management.dll
Event: 3.249 Loaded shared library C:\Users\lin17\.jdks\corretto-21.0.9\bin\management_ext.dll
Event: 3.437 Loaded shared library C:\Users\lin17\.jdks\corretto-21.0.9\bin\extnet.dll
Event: 3.767 Loaded shared library C:\Users\lin17\.jdks\corretto-21.0.9\bin\sunmscapi.dll

Deoptimization events (20 events):
Event: 874.015 Thread 0x000001f54ec61450 Uncommon trap: trap_request=0xffffff66 fr.pc=0x000001f56ec538d4 relative=0x0000000000000094
Event: 874.015 Thread 0x000001f54ec61450 Uncommon trap: reason=speculate_class_check action=maybe_recompile pc=0x000001f56ec538d4 method=org.jetbrains.kotlin.ir.declarations.IrValueParameter.accept(Lorg/jetbrains/kotlin/ir/visitors/IrVisitor;Ljava/lang/Object;)Ljava/lang/Object; @ 9 c2
Event: 874.015 Thread 0x000001f54ec61450 DEOPT PACKING pc=0x000001f56ec538d4 sp=0x00000042671fce30
Event: 874.015 Thread 0x000001f54ec61450 DEOPT UNPACKING pc=0x000001f56dee4422 sp=0x00000042671fccd8 mode 2
Event: 874.015 Thread 0x000001f54ec61450 Uncommon trap: trap_request=0xffffff66 fr.pc=0x000001f56ec538d4 relative=0x0000000000000094
Event: 874.015 Thread 0x000001f54ec61450 Uncommon trap: reason=speculate_class_check action=maybe_recompile pc=0x000001f56ec538d4 method=org.jetbrains.kotlin.ir.declarations.IrValueParameter.accept(Lorg/jetbrains/kotlin/ir/visitors/IrVisitor;Ljava/lang/Object;)Ljava/lang/Object; @ 9 c2
Event: 874.015 Thread 0x000001f54ec61450 DEOPT PACKING pc=0x000001f56ec538d4 sp=0x00000042671fcec0
Event: 874.015 Thread 0x000001f54ec61450 DEOPT UNPACKING pc=0x000001f56dee4422 sp=0x00000042671fcd68 mode 2
Event: 874.015 Thread 0x000001f54ec61450 Uncommon trap: trap_request=0xffffff66 fr.pc=0x000001f56ec538d4 relative=0x0000000000000094
Event: 874.015 Thread 0x000001f54ec61450 Uncommon trap: reason=speculate_class_check action=maybe_recompile pc=0x000001f56ec538d4 method=org.jetbrains.kotlin.ir.declarations.IrValueParameter.accept(Lorg/jetbrains/kotlin/ir/visitors/IrVisitor;Ljava/lang/Object;)Ljava/lang/Object; @ 9 c2
Event: 874.015 Thread 0x000001f54ec61450 DEOPT PACKING pc=0x000001f56ec538d4 sp=0x00000042671fcec0
Event: 874.015 Thread 0x000001f54ec61450 DEOPT UNPACKING pc=0x000001f56dee4422 sp=0x00000042671fcd68 mode 2
Event: 874.072 Thread 0x000001f53cd31f40 Uncommon trap: trap_request=0xffffffc6 fr.pc=0x000001f56e6780a4 relative=0x00000000000001a4
Event: 874.072 Thread 0x000001f53cd31f40 Uncommon trap: reason=bimorphic_or_optimized_type_check action=maybe_recompile pc=0x000001f56e6780a4 method=java.lang.ThreadLocal.remove(Ljava/lang/Thread;)V @ 2 c2
Event: 874.074 Thread 0x000001f53cd31f40 DEOPT PACKING pc=0x000001f56e6780a4 sp=0x00000042673feb60
Event: 874.074 Thread 0x000001f53cd31f40 DEOPT UNPACKING pc=0x000001f56dee4422 sp=0x00000042673feac8 mode 2
Event: 875.857 Thread 0x000001f53cd31f40 Uncommon trap: trap_request=0xffffff45 fr.pc=0x000001f56ebebe80 relative=0x0000000000001560
Event: 875.857 Thread 0x000001f53cd31f40 Uncommon trap: reason=unstable_if action=reinterpret pc=0x000001f56ebebe80 method=java.lang.Thread.getAndClearInterrupt()Z @ 6 c2
Event: 875.857 Thread 0x000001f53cd31f40 DEOPT PACKING pc=0x000001f56ebebe80 sp=0x00000042673ff1c0
Event: 875.857 Thread 0x000001f53cd31f40 DEOPT UNPACKING pc=0x000001f56dee4422 sp=0x00000042673ff080 mode 2

Classes loaded (20 events):
Event: 288.011 Loading class java/util/function/ToIntBiFunction
Event: 288.011 Loading class java/util/function/ToIntBiFunction done
Event: 288.971 Loading class java/lang/runtime/ObjectMethods
Event: 288.972 Loading class java/lang/runtime/ObjectMethods done
Event: 288.991 Loading class java/lang/invoke/MethodHandleImpl$Makers
Event: 288.991 Loading class java/lang/invoke/MethodHandleImpl$Makers done
Event: 288.991 Loading class java/lang/invoke/MethodHandleImpl$Makers$1
Event: 288.992 Loading class java/lang/invoke/MethodHandleImpl$Makers$1 done
Event: 288.992 Loading class java/lang/invoke/MethodHandleImpl$Makers$2
Event: 288.992 Loading class java/lang/invoke/MethodHandleImpl$Makers$2 done
Event: 288.992 Loading class java/lang/invoke/MethodHandleImpl$Makers$3
Event: 288.993 Loading class java/lang/invoke/MethodHandleImpl$Makers$3 done
Event: 289.000 Loading class java/lang/runtime/ObjectMethods$1
Event: 289.001 Loading class java/lang/runtime/ObjectMethods$1 done
Event: 289.006 Loading class java/lang/invoke/DirectMethodHandle$1
Event: 289.006 Loading class java/lang/invoke/DirectMethodHandle$1 done
Event: 289.042 Loading class java/util/EnumMap$Values
Event: 289.042 Loading class java/util/EnumMap$Values done
Event: 289.042 Loading class java/util/EnumMap$ValueIterator
Event: 289.043 Loading class java/util/EnumMap$ValueIterator done

Classes unloaded (20 events):
Event: 666.983 Thread 0x000001f57ce50710 Unloading class 0x000001f50269d0b0 'kotlin/script/experimental/util/PropertiesCollection$TransientKey'
Event: 666.983 Thread 0x000001f57ce50710 Unloading class 0x000001f50269cea0 'kotlin/script/experimental/util/PropertiesCollection$Key'
Event: 666.984 Thread 0x000001f57ce50710 Unloading class 0x000001f50269cc98 'kotlin/script/experimental/host/HostConfigurationKt'
Event: 666.984 Thread 0x000001f57ce50710 Unloading class 0x000001f50269ca78 'kotlin/script/experimental/jvm/JvmScriptingHostConfigurationKt$$Lambda+0x000001f50269ca78'
Event: 666.985 Thread 0x000001f57ce50710 Unloading class 0x000001f50269c868 'kotlin/script/experimental/host/ScriptingHostConfiguration$Builder'
Event: 666.985 Thread 0x000001f57ce50710 Unloading class 0x000001f50269c658 'kotlin/script/experimental/util/PropertiesCollection$Builder'
Event: 666.985 Thread 0x000001f57ce50710 Unloading class 0x000001f50269c438 'kotlin/script/experimental/jvm/JvmScriptingHostConfigurationKt$$Lambda+0x000001f50269c438'
Event: 666.985 Thread 0x000001f57ce50710 Unloading class 0x000001f50269c210 'kotlin/script/experimental/util/PropertiesCollection$PropertyKeyDelegate$$Lambda+0x000001f50269c210'
Event: 666.986 Thread 0x000001f57ce50710 Unloading class 0x000001f50269c000 'kotlin/script/experimental/util/PropertiesCollection$PropertyKeyDelegate'
Event: 666.987 Thread 0x000001f57ce50710 Unloading class 0x000001f502690c10 'kotlin/script/experimental/jvm/JvmScriptingHostConfigurationKt'
Event: 666.987 Thread 0x000001f57ce50710 Unloading class 0x000001f502690618 'kotlin/script/experimental/host/ScriptingHostConfiguration$Companion'
Event: 666.987 Thread 0x000001f57ce50710 Unloading class 0x000001f502690418 'kotlin/script/experimental/host/ScriptingHostConfigurationKeys'
Event: 666.987 Thread 0x000001f57ce50710 Unloading class 0x000001f502690210 'kotlin/script/experimental/util/PropertiesCollection$Companion'
Event: 666.988 Thread 0x000001f57ce50710 Unloading class 0x000001f502690000 'kotlin/script/experimental/host/ScriptingHostConfiguration'
Event: 666.988 Thread 0x000001f57ce50710 Unloading class 0x000001f502530c80 'kotlin/script/experimental/util/PropertiesCollection'
Event: 666.990 Thread 0x000001f57ce50710 Unloading class 0x000001f502530a78 'org/jetbrains/kotlin/scripting/compiler/plugin/ScriptingCommandLineProcessor$Companion'
Event: 666.990 Thread 0x000001f57ce50710 Unloading class 0x000001f502530800 'org/jetbrains/kotlin/scripting/compiler/plugin/ScriptingCommandLineProcessor'
Event: 666.991 Thread 0x000001f57ce50710 Unloading class 0x000001f502330c40 'org/jetbrains/kotlin/scripting/compiler/plugin/ScriptingK2CompilerPluginRegistrar$Companion'
Event: 666.991 Thread 0x000001f57ce50710 Unloading class 0x000001f502330a28 'org/jetbrains/kotlin/scripting/compiler/plugin/ScriptingK2CompilerPluginRegistrar'
Event: 666.991 Thread 0x000001f57ce50710 Unloading class 0x000001f502330800 'org/jetbrains/kotlin/scripting/compiler/plugin/ScriptingCompilerConfigurationComponentRegistrar'

Classes redefined (0 events):
No events

Internal exceptions (20 events):
Event: 669.358 Thread 0x000001f53a3f9250 Exception <a 'sun/nio/fs/WindowsException'{0x00000007fe3c33f8}> (0x00000007fe3c33f8) 
thrown [s\src\hotspot\share\prims\jni.cpp, line 520]
Event: 669.401 Thread 0x000001f53a3f9250 Exception <a 'sun/nio/fs/WindowsException'{0x00000007fe000c58}> (0x00000007fe000c58) 
thrown [s\src\hotspot\share\prims\jni.cpp, line 520]
Event: 680.441 Thread 0x000001f53cd31f40 Implicit null exception at 0x000001f56ee28526 to 0x000001f56ee28712
Event: 706.019 Thread 0x000001f53cd31f40 Implicit null exception at 0x000001f56eac0dac to 0x000001f56eac27a4
Event: 729.768 Thread 0x000001f53cd31f40 Implicit null exception at 0x000001f56ec0071c to 0x000001f56ec00ef4
Event: 743.466 Thread 0x000001f53cd31f40 Implicit null exception at 0x000001f57029b53a to 0x000001f57029b7c4
Event: 743.507 Thread 0x000001f53cd31f40 Implicit null exception at 0x000001f56ef4d5e3 to 0x000001f56ef4d7ac
Event: 746.335 Thread 0x000001f53cd31f40 Implicit null exception at 0x000001f56ef42434 to 0x000001f56ef42455
Event: 787.450 Thread 0x000001f53cd31f40 Implicit null exception at 0x000001f56e945371 to 0x000001f56e94556c
Event: 818.463 Thread 0x000001f53cd31f40 Implicit null exception at 0x000001f56f2cec3b to 0x000001f56f2ced14
Event: 822.975 Thread 0x000001f54ec61450 Implicit null exception at 0x000001f56ed4333a to 0x000001f56ed435c0
Event: 826.467 Thread 0x000001f53cd31f40 Exception <a 'java/lang/NoSuchMethodError'{0x00000007a2067c18}: 'java.lang.Object java.lang.invoke.DirectMethodHandle$Holder.newInvokeSpecial(java.lang.Object, java.lang.Object, java.lang.Object, java.lang.Object, java.lang.Object, java.lang.Object, int, java.lang.Object)'> (0x00000007a2067c18) 
thrown [s\src\hotspot\share\interpreter\linkResolver.cpp, line 773]
Event: 826.476 Thread 0x000001f53cd31f40 Exception <a 'java/lang/NoSuchMethodError'{0x00000007a206c360}: 'java.lang.Object java.lang.invoke.DirectMethodHandle$Holder.invokeSpecial(java.lang.Object, java.lang.Object, java.lang.Object, java.lang.Object, java.lang.Object, java.lang.Object, java.lang.Object, int, java.lang.Object)'> (0x00000007a206c360) 
thrown [s\src\hotspot\share\interpreter\linkResolver.cpp, line 773]
Event: 826.477 Thread 0x000001f53cd31f40 Exception <a 'java/lang/NoSuchMethodError'{0x00000007a2070288}: 'java.lang.Object java.lang.invoke.Invokers$Holder.linkToTargetMethod(java.lang.Object, java.lang.Object, java.lang.Object, java.lang.Object, java.lang.Object, int, java.lang.Object, java.lang.Object)'> (0x00000007a2070288) 
thrown [s\src\hotspot\share\interpreter\linkResolver.cpp, line 773]
Event: 828.991 Thread 0x000001f54ec61450 Implicit null exception at 0x000001f56f542469 to 0x000001f56f542634
Event: 828.991 Thread 0x000001f54ec61450 Implicit null exception at 0x000001f56f20e447 to 0x000001f56f20e5b3
Event: 837.514 Thread 0x000001f53cd31f40 Implicit null exception at 0x000001f5701e9774 to 0x000001f5701e9ff8
Event: 837.517 Thread 0x000001f53cd31f40 Implicit null exception at 0x000001f56fce31d8 to 0x000001f56fce324d
Event: 839.087 Thread 0x000001f54ec61450 Implicit null exception at 0x000001f56e724f58 to 0x000001f56e72708c
Event: 840.677 Thread 0x000001f54ec61450 Implicit null exception at 0x000001f56ebd559b to 0x000001f56ebd6a24

ZGC Phase Switch (0 events):
No events

VM Operations (20 events):
Event: 872.798 Executing VM operation: HandshakeAllThreads (Deoptimize) done
Event: 872.880 Executing VM operation: HandshakeAllThreads (Deoptimize)
Event: 872.906 Executing VM operation: HandshakeAllThreads (Deoptimize) done
Event: 872.959 Executing VM operation: HandshakeAllThreads (Deoptimize)
Event: 873.000 Executing VM operation: HandshakeAllThreads (Deoptimize) done
Event: 873.470 Executing VM operation: HandshakeAllThreads (Deoptimize)
Event: 873.497 Executing VM operation: HandshakeAllThreads (Deoptimize) done
Event: 873.497 Executing VM operation: Cleanup
Event: 873.513 Executing VM operation: Cleanup done
Event: 873.649 Executing VM operation: ICBufferFull
Event: 873.704 Executing VM operation: ICBufferFull done
Event: 873.817 Executing VM operation: HandshakeAllThreads (Deoptimize)
Event: 873.817 Executing VM operation: HandshakeAllThreads (Deoptimize) done
Event: 873.923 Executing VM operation: HandshakeAllThreads (Deoptimize)
Event: 873.934 Executing VM operation: HandshakeAllThreads (Deoptimize) done
Event: 873.981 Executing VM operation: ICBufferFull
Event: 873.996 Executing VM operation: ICBufferFull done
Event: 874.192 Executing VM operation: G1TryInitiateConcMark (CodeCache GC Threshold)
Event: 875.176 Executing VM operation: G1TryInitiateConcMark (CodeCache GC Threshold) done
Event: 876.190 Executing VM operation: Cleanup

Memory protections (0 events):
No events

Nmethod flushes (20 events):
Event: 858.456 Thread 0x000001f57ce50710 flushing  nmethod 0x000001f56ca21090
Event: 858.456 Thread 0x000001f57ce50710 flushing  nmethod 0x000001f56ca29190
Event: 858.456 Thread 0x000001f57ce50710 flushing  nmethod 0x000001f56ca2b210
Event: 858.456 Thread 0x000001f57ce50710 flushing  nmethod 0x000001f56ca2eb90
Event: 858.456 Thread 0x000001f57ce50710 flushing  nmethod 0x000001f56ca30810
Event: 858.456 Thread 0x000001f57ce50710 flushing  nmethod 0x000001f56ca3f810
Event: 858.456 Thread 0x000001f57ce50710 flushing  nmethod 0x000001f56ca50910
Event: 858.456 Thread 0x000001f57ce50710 flushing  nmethod 0x000001f56cb35390
Event: 858.456 Thread 0x000001f57ce50710 flushing  nmethod 0x000001f56d5a4a10
Event: 858.456 Thread 0x000001f57ce50710 flushing  nmethod 0x000001f56d98c990
Event: 858.456 Thread 0x000001f57ce50710 flushing  nmethod 0x000001f56d98ea90
Event: 858.456 Thread 0x000001f57ce50710 flushing  nmethod 0x000001f56daed790
Event: 858.456 Thread 0x000001f57ce50710 flushing  nmethod 0x000001f56daf3210
Event: 858.456 Thread 0x000001f57ce50710 flushing  nmethod 0x000001f56db0d390
Event: 858.456 Thread 0x000001f57ce50710 flushing  nmethod 0x000001f56db1d290
Event: 858.457 Thread 0x000001f57ce50710 flushing  nmethod 0x000001f56ddbb990
Event: 858.457 Thread 0x000001f57ce50710 flushing  nmethod 0x000001f56ddc0c10
Event: 858.457 Thread 0x000001f57ce50710 flushing  nmethod 0x000001f56ddc1d90
Event: 858.457 Thread 0x000001f57ce50710 flushing  nmethod 0x000001f56ddc2a90
Event: 858.457 Thread 0x000001f57ce50710 flushing  nmethod 0x000001f56ddc2e90

Events (20 events):
Event: 627.191 Thread 0x000001f5399834a0 Thread exited: 0x000001f5399834a0
Event: 627.191 Thread 0x000001f5437949f0 Thread exited: 0x000001f5437949f0
Event: 627.192 Thread 0x000001f54f897710 Thread exited: 0x000001f54f897710
Event: 641.532 Thread 0x000001f53dd5fae0 Thread exited: 0x000001f53dd5fae0
Event: 660.063 Thread 0x000001f54f73e9d0 Thread exited: 0x000001f54f73e9d0
Event: 670.594 Thread 0x000001f54fe66060 Thread exited: 0x000001f54fe66060
Event: 702.381 Thread 0x000001f53dd5f450 Thread exited: 0x000001f53dd5f450
Event: 724.481 Thread 0x000001f57f87a9c0 Thread added: 0x000001f583d02b90
Event: 733.074 Thread 0x000001f57f87a9c0 Thread added: 0x000001f54ff7c610
Event: 762.327 Thread 0x000001f53dd61bb0 Thread exited: 0x000001f53dd61bb0
Event: 783.794 Thread 0x000001f57ce910a0 Thread added: 0x000001f539984240
Event: 794.459 Thread 0x000001f583d02b90 Thread exited: 0x000001f583d02b90
Event: 794.890 Thread 0x000001f54ff7c610 Thread exited: 0x000001f54ff7c610
Event: 799.448 Thread 0x000001f539984240 Thread exited: 0x000001f539984240
Event: 822.549 Thread 0x000001f53dd60e90 Thread exited: 0x000001f53dd60e90
Event: 837.716 Thread 0x000001f57ce910a0 Thread added: 0x000001f550fafbc0
Event: 857.568 Thread 0x000001f550fafbc0 Thread exited: 0x000001f550fafbc0
Event: 874.051 Thread 0x000001f57ce910a0 Thread added: 0x000001f55a7c5840
Event: 874.187 Thread 0x000001f57ce8e4d0 Thread added: 0x000001f5443d3670
Event: 875.887 Thread 0x000001f53cd31f40 Thread exited: 0x000001f53cd31f40


Dynamic libraries:
0x00007ff7a5f40000 - 0x00007ff7a5f4e000 	C:\Users\lin17\.jdks\corretto-21.0.9\bin\java.exe
0x00007ffbe8960000 - 0x00007ffbe8bc7000 	C:\WINDOWS\SYSTEM32\ntdll.dll
0x00007ffbe6e20000 - 0x00007ffbe6ee9000 	C:\WINDOWS\System32\KERNEL32.DLL
0x00007ffbe5440000 - 0x00007ffbe5837000 	C:\WINDOWS\System32\KERNELBASE.dll
0x00007ffbe6590000 - 0x00007ffbe66db000 	C:\WINDOWS\System32\ucrtbase.dll
0x00007ffb69590000 - 0x00007ffb695ae000 	C:\Users\lin17\.jdks\corretto-21.0.9\bin\VCRUNTIME140.dll
0x00007ffb69420000 - 0x00007ffb69438000 	C:\Users\lin17\.jdks\corretto-21.0.9\bin\jli.dll
0x00007ffbe8650000 - 0x00007ffbe8816000 	C:\WINDOWS\System32\USER32.dll
0x00007ffbc8de0000 - 0x00007ffbc9072000 	C:\WINDOWS\WinSxS\amd64_microsoft.windows.common-controls_6595b64144ccf1df_6.0.26100.8457_none_3e0b2faee331e92d\COMCTL32.dll
0x00007ffbe58f0000 - 0x00007ffbe5917000 	C:\WINDOWS\System32\win32u.dll
0x00007ffbe6850000 - 0x00007ffbe68f9000 	C:\WINDOWS\System32\msvcrt.dll
0x00007ffbe7300000 - 0x00007ffbe732b000 	C:\WINDOWS\System32\GDI32.dll
0x00007ffbe59e0000 - 0x00007ffbe5b0c000 	C:\WINDOWS\System32\gdi32full.dll
0x00007ffbe5390000 - 0x00007ffbe5433000 	C:\WINDOWS\System32\msvcp_win.dll
0x00007ffbe66e0000 - 0x00007ffbe6712000 	C:\WINDOWS\System32\IMM32.DLL
0x00007ffbae8f0000 - 0x00007ffbae8fc000 	C:\Users\lin17\.jdks\corretto-21.0.9\bin\vcruntime140_1.dll
0x00007ffb0b190000 - 0x00007ffb0b219000 	C:\Users\lin17\.jdks\corretto-21.0.9\bin\msvcp140.dll
0x00007ffafd3d0000 - 0x00007ffafe177000 	C:\Users\lin17\.jdks\corretto-21.0.9\bin\server\jvm.dll
0x00007ffbe75d0000 - 0x00007ffbe7686000 	C:\WINDOWS\System32\ADVAPI32.dll
0x00007ffbe6ce0000 - 0x00007ffbe6d87000 	C:\WINDOWS\System32\sechost.dll
0x00007ffbe71e0000 - 0x00007ffbe72f8000 	C:\WINDOWS\System32\RPCRT4.dll
0x00007ffbe6d90000 - 0x00007ffbe6e10000 	C:\WINDOWS\System32\WS2_32.dll
0x00007ffbe5040000 - 0x00007ffbe509e000 	C:\WINDOWS\SYSTEM32\POWRPROF.dll
0x00007ffbd6ad0000 - 0x00007ffbd6b06000 	C:\WINDOWS\SYSTEM32\WINMM.dll
0x00007ffbdee60000 - 0x00007ffbdee6b000 	C:\WINDOWS\SYSTEM32\VERSION.dll
0x00007ffbe5020000 - 0x00007ffbe5034000 	C:\WINDOWS\SYSTEM32\UMPDC.dll
0x00007ffbe40e0000 - 0x00007ffbe40fb000 	C:\WINDOWS\SYSTEM32\kernel.appcore.dll
0x00007ffbad0a0000 - 0x00007ffbad0aa000 	C:\Users\lin17\.jdks\corretto-21.0.9\bin\jimage.dll
0x00007ffbe2dd0000 - 0x00007ffbe3012000 	C:\WINDOWS\SYSTEM32\DBGHELP.DLL
0x00007ffbe6900000 - 0x00007ffbe6c83000 	C:\WINDOWS\System32\combase.dll
0x00007ffbe7490000 - 0x00007ffbe7569000 	C:\WINDOWS\System32\OLEAUT32.dll
0x00007ffbcf690000 - 0x00007ffbcf6cb000 	C:\WINDOWS\SYSTEM32\dbgcore.DLL
0x00007ffbe5840000 - 0x00007ffbe58e8000 	C:\WINDOWS\System32\bcryptPrimitives.dll
0x00007ffb79580000 - 0x00007ffb79590000 	C:\Users\lin17\.jdks\corretto-21.0.9\bin\instrument.dll
0x00007ffb68dd0000 - 0x00007ffb68df1000 	C:\Users\lin17\.jdks\corretto-21.0.9\bin\java.dll
0x00007ffbe7d90000 - 0x00007ffbe84fe000 	C:\WINDOWS\System32\SHELL32.dll
0x00007ffbe5ba0000 - 0x00007ffbe640c000 	C:\WINDOWS\System32\windows.storage.dll
0x00007ffbe70d0000 - 0x00007ffbe71c6000 	C:\WINDOWS\System32\SHCORE.dll
0x00007ffbe6750000 - 0x00007ffbe67b6000 	C:\WINDOWS\System32\shlwapi.dll
0x00007ffbe52b0000 - 0x00007ffbe52d9000 	C:\WINDOWS\SYSTEM32\profapi.dll
0x00007ffb05f90000 - 0x00007ffb06067000 	C:\Users\lin17\.jdks\corretto-21.0.9\bin\jsvml.dll
0x00007ffb5a730000 - 0x00007ffb5a748000 	C:\Users\lin17\.jdks\corretto-21.0.9\bin\zip.dll
0x00007ffb68d50000 - 0x00007ffb68d61000 	C:\Users\lin17\.jdks\corretto-21.0.9\bin\net.dll
0x00007ffbdf5c0000 - 0x00007ffbdf6e9000 	C:\WINDOWS\SYSTEM32\WINHTTP.dll
0x00007ffbe4630000 - 0x00007ffbe469c000 	C:\WINDOWS\system32\mswsock.dll
0x00007ffb5c0d0000 - 0x00007ffb5c0e6000 	C:\Users\lin17\.jdks\corretto-21.0.9\bin\nio.dll
0x00007ffbacf20000 - 0x00007ffbacf30000 	C:\Users\lin17\.jdks\corretto-21.0.9\bin\verify.dll
0x00007ffb5a700000 - 0x00007ffb5a727000 	C:\Users\lin17\.gradle\native\660c5614fbf4a5f2a75b1949f50a0caf5cd603558e7d8a26e50b933a0cfb79d1\windows-amd64\native-platform.dll
0x00007ffba73e0000 - 0x00007ffba7457000 	C:\Users\lin17\.gradle\native\0.2.8\x86_64-windows-gnu\gradle-fileevents.dll
0x00007ffba7b40000 - 0x00007ffba7b4a000 	C:\Users\lin17\.jdks\corretto-21.0.9\bin\management.dll
0x00007ffba7240000 - 0x00007ffba724c000 	C:\Users\lin17\.jdks\corretto-21.0.9\bin\management_ext.dll
0x00007ffbe71d0000 - 0x00007ffbe71d8000 	C:\WINDOWS\System32\PSAPI.DLL
0x00007ffbe3ad0000 - 0x00007ffbe3b02000 	C:\WINDOWS\SYSTEM32\IPHLPAPI.DLL
0x00007ffbe6720000 - 0x00007ffbe672a000 	C:\WINDOWS\System32\NSI.dll
0x00007ffb974d0000 - 0x00007ffb974d9000 	C:\Users\lin17\.jdks\corretto-21.0.9\bin\extnet.dll
0x00007ffbe4a30000 - 0x00007ffbe4a4b000 	C:\WINDOWS\SYSTEM32\CRYPTSP.dll
0x00007ffbe4040000 - 0x00007ffbe4079000 	C:\WINDOWS\system32\rsaenh.dll
0x00007ffbe46e0000 - 0x00007ffbe4713000 	C:\WINDOWS\SYSTEM32\USERENV.dll
0x00007ffbe5280000 - 0x00007ffbe52aa000 	C:\WINDOWS\SYSTEM32\bcrypt.dll
0x00007ffbe4890000 - 0x00007ffbe489c000 	C:\WINDOWS\SYSTEM32\CRYPTBASE.dll
0x00007ffb710f0000 - 0x00007ffb710fe000 	C:\Users\lin17\.jdks\corretto-21.0.9\bin\sunmscapi.dll
0x00007ffbe6410000 - 0x00007ffbe6588000 	C:\WINDOWS\System32\CRYPT32.dll
0x00007ffbe4b90000 - 0x00007ffbe4bc0000 	C:\WINDOWS\SYSTEM32\ncrypt.dll
0x00007ffbe4b40000 - 0x00007ffbe4b7f000 	C:\WINDOWS\SYSTEM32\NTASN1.dll
0x00007ffbb3a60000 - 0x00007ffbb3a68000 	C:\WINDOWS\system32\wshunix.dll

JVMTI agents:
C:\Users\lin17\.gradle\wrapper\dists\gradle-9.4.0-bin\lcvyxq3t37f6mx9miaydrrgs\gradle-9.4.0\lib\agents\gradle-instrumentation-agent-9.4.0.jar path:C:\Users\lin17\.jdks\corretto-21.0.9\bin\instrument.dll, loaded, initialized, instrumentlib options:none

dbghelp: loaded successfully - version: 4.0.5 - missing functions: none
symbol engine: initialized successfully - sym options: 0x614 - pdb path: .;C:\Users\lin17\.jdks\corretto-21.0.9\bin;C:\WINDOWS\SYSTEM32;C:\WINDOWS\WinSxS\amd64_microsoft.windows.common-controls_6595b64144ccf1df_6.0.26100.8457_none_3e0b2faee331e92d;C:\Users\lin17\.jdks\corretto-21.0.9\bin\server;C:\Users\lin17\.gradle\native\660c5614fbf4a5f2a75b1949f50a0caf5cd603558e7d8a26e50b933a0cfb79d1\windows-amd64;C:\Users\lin17\.gradle\native\0.2.8\x86_64-windows-gnu

VM Arguments:
jvm_args: --add-opens=java.base/java.lang=ALL-UNNAMED --add-opens=java.base/java.lang.invoke=ALL-UNNAMED --add-opens=java.base/java.util=ALL-UNNAMED --add-opens=java.prefs/java.util.prefs=ALL-UNNAMED --add-exports=jdk.compiler/com.sun.tools.javac.api=ALL-UNNAMED --add-exports=jdk.compiler/com.sun.tools.javac.util=ALL-UNNAMED --add-opens=java.base/java.util=ALL-UNNAMED --add-opens=java.prefs/java.util.prefs=ALL-UNNAMED --add-opens=java.base/java.nio.charset=ALL-UNNAMED --add-opens=java.base/java.net=ALL-UNNAMED --add-opens=java.base/java.util.concurrent=ALL-UNNAMED --add-opens=java.base/java.util.concurrent.atomic=ALL-UNNAMED --add-opens=java.xml/javax.xml.namespace=ALL-UNNAMED --add-opens=java.base/java.time=ALL-UNNAMED -XX:MaxMetaspaceSize=1g -Xmx3g -Dfile.encoding=UTF-8 -Duser.country=CN -Duser.language=zh -Duser.variant -javaagent:C:\Users\lin17\.gradle\wrapper\dists\gradle-9.4.0-bin\lcvyxq3t37f6mx9miaydrrgs\gradle-9.4.0\lib\agents\gradle-instrumentation-agent-9.4.0.jar 
java_command: org.gradle.launcher.daemon.bootstrap.GradleDaemon 9.4.0
java_class_path (initial): C:\Users\lin17\.gradle\wrapper\dists\gradle-9.4.0-bin\lcvyxq3t37f6mx9miaydrrgs\gradle-9.4.0\lib\gradle-daemon-main-9.4.0.jar
Launcher Type: SUN_STANDARD

[Global flags]
     intx CICompilerCount                          = 12                                        {product} {ergonomic}
   size_t CompressedClassSpaceSize                 = 872415232                                 {product} {ergonomic}
     uint ConcGCThreads                            = 3                                         {product} {ergonomic}
     uint G1ConcRefinementThreads                  = 13                                        {product} {ergonomic}
   size_t G1HeapRegionSize                         = 2097152                                   {product} {ergonomic}
    uintx GCDrainStackTargetSize                   = 64                                        {product} {ergonomic}
   size_t InitialHeapSize                          = 255852544                                 {product} {ergonomic}
   size_t MarkStackSize                            = 4194304                                   {product} {ergonomic}
   size_t MaxHeapSize                              = 3221225472                                {product} {command line}
   size_t MaxMetaspaceSize                         = 1073741824                                {product} {command line}
   size_t MaxNewSize                               = 1931476992                                {product} {ergonomic}
   size_t MinHeapDeltaBytes                        = 2097152                                   {product} {ergonomic}
   size_t MinHeapSize                              = 8388608                                   {product} {ergonomic}
    uintx NonNMethodCodeHeapSize                   = 7602480                                {pd product} {ergonomic}
    uintx NonProfiledCodeHeapSize                  = 122027880                              {pd product} {ergonomic}
    uintx ProfiledCodeHeapSize                     = 122027880                              {pd product} {ergonomic}
    uintx ReservedCodeCacheSize                    = 251658240                              {pd product} {ergonomic}
     bool SegmentedCodeCache                       = true                                      {product} {ergonomic}
   size_t SoftMaxHeapSize                          = 3221225472                             {manageable} {ergonomic}
     bool UseCompressedOops                        = true                           {product lp64_product} {ergonomic}
     bool UseG1GC                                  = true                                      {product} {ergonomic}
     bool UseLargePagesIndividualAllocation        = false                                  {pd product} {ergonomic}

Logging:
Log output configuration:
 #0: stdout all=warning uptime,level,tags foldmultilines=false
 #1: stderr all=off uptime,level,tags foldmultilines=false

Release file:
IMPLEMENTOR="Amazon.com Inc." 
IMPLEMENTOR_VERSION="Corretto-21.0.9.10.1" 
JAVA_RUNTIME_VERSION="21.0.9+10-LTS" 
JAVA_VERSION="21.0.9" 
JAVA_VERSION_DATE="2025-10-21" 
LIBC="default" 
MODULES="java.base java.compiler java.datatransfer java.xml java.prefs java.desktop java.instrument java.logging java.management java.security.sasl java.naming java.rmi java.management.rmi java.net.http java.scripting java.security.jgss java.transaction.xa java.sql java.sql.rowset java.xml.crypto java.se java.smartcardio jdk.accessibility jdk.internal.jvmstat jdk.attach jdk.charsets jdk.internal.opt jdk.zipfs jdk.compiler jdk.crypto.ec jdk.crypto.cryptoki jdk.crypto.mscapi jdk.dynalink jdk.internal.ed jdk.editpad jdk.hotspot.agent jdk.httpserver jdk.incubator.vector jdk.internal.le jdk.internal.vm.ci jdk.internal.vm.compiler jdk.internal.vm.compiler.management jdk.jartool jdk.javadoc jdk.jcmd jdk.management jdk.management.agent jdk.jconsole jdk.jdeps jdk.jdwp.agent jdk.jdi jdk.jfr jdk.jlink jdk.jpackage jdk.jshell jdk.jsobject jdk.jstatd jdk.localedata jdk.management.jfr jdk.naming.dns jdk.naming.rmi jdk.net jdk.nio.mapmode jdk.random jdk.sctp jdk.security.auth jdk.security.jgss jdk.unsupported jdk.unsupported.desktop jdk.xml.dom" 
OS_ARCH="x86_64" 
OS_NAME="Windows" 
SOURCE="" 

Environment Variables:
JAVA_HOME=C:\Users\lin17\.jdks\corretto-21.0.9
CLASSPATH=D:\code\intellij\cangjie\\gradle\wrapper\gradle-wrapper.jar
PATH=C:\Users\lin17\.codex\tmp\arg0\codex-arg0XwL25B;C:\WINDOWS\system32;C:\WINDOWS;C:\WINDOWS\System32\Wbem;C:\WINDOWS\System32\WindowsPowerShell\v1.0\;C:\WINDOWS\System32\OpenSSH\;C:\Program Files\Git\cmd;C:\Program Files\dotnet\;C:\Program Files (x86)\Windows Kits\10\Windows Performance Toolkit\;C:\Program Files (x86)\NetSarang\Xshell 8\;C:\Program Files (x86)\NetSarang\Xftp 8\;C:\Program Files (x86)\Tencent\微信web开发者工具\dll;C:\Users\lin17\AppData\Local\nvm;C:\nvm4w\nodejs;C:\Program Files\CMake\bin;C:\Program Files\GitHub CLI\;C:\Program Files\Docker\Docker\resources\bin;C:\Users\lin17\.bun\bin;C:\Users\lin17\AppData\Local\AtomCode;C:\Users\lin17\AppData\Local\Programs\Python\Launcher\;C:\Users\lin17\.cargo\bin;C:\Users\lin17\.local\bin;C:\Users\lin17\AppData\Local\Microsoft\WindowsApps;C:\Users\lin17\AppData\Local\JetBrains\Toolbox\scripts;C:\Users\lin17\AppData\Local\Programs\Microsoft VS Code\bin;C:\Users\lin17\.cangjie\sdks\cangjie-1.0.5\runtime\lib\windows_x86_64_llvm;C:\Users\lin17\AppData\Local\Microsoft\WinGet\Packages\Google.Protobuf_Microsoft.Winget.Source_8wekyb3d8bbwe\bin;C:\Program Files\OpenSSL-Win64\bin;C:\Users\lin17\.jdks\corretto-21.0.9\bin;C:\Users\lin17\AppData\Local\Programs\cursor\resources\app\bin;C:\Users\lin17\.cangjie\sdks\cangjie-1.0.5\bin;C:\Users\lin17\AppData\Local\Programs\Kiro\bin;C:\Users\lin17\.cangjie\sdks\cangjie-1.0.5\tools\bin;C:\Users\lin17\.cangjie\sdks\cangjie-1.0.5\runtime\lib\windows_x86_64_cjnative;C:\Users\lin17\AppData\Local\pnpm;C:\Users\lin17\AppData\Roaming\npm;C:\Users\lin17\AppData\Local\OpenAI\Codex\bin\ada252862d154cdd;C:\Program Files\WindowsApps\OpenAI.Codex_26.519.11010.0_x64__2p2nqsd0c76g0\app\resources
USERNAME=lin17
SHELL=C:\WINDOWS\System32\WindowsPowerShell\v1.0\powershell.exe
OS=Windows_NT
PROCESSOR_IDENTIFIER=AMD64 Family 25 Model 68 Stepping 1, AuthenticAMD
TMP=C:\Users\lin17\AppData\Local\Temp
TEMP=C:\Users\lin17\AppData\Local\Temp




Periodic native trim disabled

---------------  S Y S T E M  ---------------

OS:
 Windows 11 , 64 bit Build 26100 (10.0.26100.8328)
OS uptime: 0 days 1:30 hours
Hyper-V role detected

CPU: total 16 (initial active 16) (16 cores per cpu, 2 threads per core) family 25 model 68 stepping 1 microcode 0xa404101, cx8, cmov, fxsr, ht, mmx, 3dnowpref, sse, sse2, sse3, ssse3, sse4a, sse4.1, sse4.2, popcnt, lzcnt, tsc, tscinvbit, avx, avx2, aes, clmul, bmi1, bmi2, adx, sha, fma, vzeroupper, clflush, clflushopt, hv, rdtscp, rdpid, f16c, cet_ss
Processor Information for the first 16 processors :
  Max Mhz: 3201, Current Mhz: 3201, Mhz Limit: 3201

Memory: 4k page, system-wide physical 15613M (976M free)
TotalPageFile size 62717M (AvailPageFile size 0M)
current process WorkingSet (physical memory assigned to process): 1072M, peak: 1388M
current process commit charge ("private bytes"): 2723M, peak: 2725M

vm_info: OpenJDK 64-Bit Server VM (21.0.9+10-LTS) for windows-amd64 JRE (21.0.9+10-LTS), built on 2025-10-16T09:41:28Z by "Administrator" with unknown MS VC++:1944

END.
