#
# There is insufficient memory for the Java Runtime Environment to continue.
# Native memory allocation (mmap) failed to map 65536 bytes. Error detail: Failed to commit metaspace.
# Possible reasons:
#   The system is out of physical RAM or swap space
#   This process is running with CompressedOops enabled, and the Java Heap may be blocking the growth of the native heap
# Possible solutions:
#   Reduce memory load on the system
#   Increase physical memory or swap space
#   Check if swap backing store is full
#   Decrease Java heap size (-Xmx/-Xms)
#   Decrease number of Java threads
#   Decrease Java thread stack sizes (-Xss)
#   Set larger code cache with -XX:ReservedCodeCacheSize=
#   JVM is running with Zero Based Compressed Oops mode in which the Java heap is
#     placed in the first 32GB address space. The Java Heap base address is the
#     maximum limit for the native heap growth. Please use -XX:HeapBaseMinAddress
#     to set the Java Heap base and to place the Java Heap above 32GB virtual address.
# This output file may be truncated or incomplete.
#
#  Out of Memory Error (virtualSpaceNode.cpp:113), pid=28868, tid=42020
#
# JRE version: OpenJDK Runtime Environment Corretto-21.0.9.10.1 (21.0.9+10) (build 21.0.9+10-LTS)
# Java VM: OpenJDK 64-Bit Server VM Corretto-21.0.9.10.1 (21.0.9+10-LTS, mixed mode, sharing, tiered, compressed oops, compressed class ptrs, g1 gc, windows-amd64)
# No core dump will be written. Minidumps are not enabled by default on client versions of Windows
#

---------------  S U M M A R Y ------------

Command Line: --add-opens=java.base/java.lang=ALL-UNNAMED --add-opens=java.base/java.lang.invoke=ALL-UNNAMED --add-opens=java.base/java.util=ALL-UNNAMED --add-opens=java.prefs/java.util.prefs=ALL-UNNAMED --add-exports=jdk.compiler/com.sun.tools.javac.api=ALL-UNNAMED --add-exports=jdk.compiler/com.sun.tools.javac.util=ALL-UNNAMED --add-opens=java.base/java.util=ALL-UNNAMED --add-opens=java.prefs/java.util.prefs=ALL-UNNAMED --add-opens=java.base/java.nio.charset=ALL-UNNAMED --add-opens=java.base/java.net=ALL-UNNAMED --add-opens=java.base/java.util.concurrent=ALL-UNNAMED --add-opens=java.base/java.util.concurrent.atomic=ALL-UNNAMED --add-opens=java.xml/javax.xml.namespace=ALL-UNNAMED --add-opens=java.base/java.time=ALL-UNNAMED -XX:MaxMetaspaceSize=1g -Xmx3g -Dfile.encoding=UTF-8 -Duser.country=CN -Duser.language=zh -Duser.variant -javaagent:C:\Users\lin17\.gradle\wrapper\dists\gradle-9.4.0-bin\lcvyxq3t37f6mx9miaydrrgs\gradle-9.4.0\lib\agents\gradle-instrumentation-agent-9.4.0.jar org.gradle.launcher.daemon.bootstrap.GradleDaemon 9.4.0

Host: AMD Ryzen 7 6800H with Radeon Graphics         , 16 cores, 15G,  Windows 11 , 64 bit Build 26100 (10.0.26100.8328)
Time: Wed May 27 16:27:20 2026 elapsed time: 417.231196 seconds (0d 0h 6m 57s)

---------------  T H R E A D  ---------------

Current thread (0x000001c48cda22f0):  JavaThread "pool-3-thread-1"        [_thread_in_vm, id=42020, stack(0x00000063be900000,0x00000063bea00000) (1024K)]

Stack: [0x00000063be900000,0x00000063bea00000]
Native frames: (J=compiled Java code, j=interpreted, Vv=VM code, C=native code)
V  [jvm.dll+0x6de6a9]
V  [jvm.dll+0x8bbdeb]
V  [jvm.dll+0x8be37a]
V  [jvm.dll+0x8bea53]
V  [jvm.dll+0x28a1d6]
V  [jvm.dll+0x8b7b58]
V  [jvm.dll+0x680164]
V  [jvm.dll+0x1ee7d7]
V  [jvm.dll+0x1ee59e]
V  [jvm.dll+0x682a6f]
V  [jvm.dll+0x6828a2]
V  [jvm.dll+0x680b3e]
V  [jvm.dll+0x273c40]
V  [jvm.dll+0x68b015]
V  [jvm.dll+0x21f76b]
V  [jvm.dll+0x21fc15]
V  [jvm.dll+0x2205fc]
V  [jvm.dll+0x215aee]
V  [jvm.dll+0x5bd55f]
V  [jvm.dll+0x835405]
V  [jvm.dll+0x47f6a7]
V  [jvm.dll+0x4856f8]
C  [java.dll+0x1818]

Java frames: (J=compiled Java code, j=interpreted, Vv=VM code)
J 770  java.lang.ClassLoader.defineClass1(Ljava/lang/ClassLoader;Ljava/lang/String;[BIILjava/security/ProtectionDomain;Ljava/lang/String;)Ljava/lang/Class; java.base@21.0.9 (0 bytes) @ 0x000001c43e16bc91 [0x000001c43e16bbc0+0x00000000000000d1]
J 4833 c2 java.security.SecureClassLoader.defineClass(Ljava/lang/String;[BIILjava/security/CodeSource;)Ljava/lang/Class; java.base@21.0.9 (16 bytes) @ 0x000001c43e3a2ecc [0x000001c43e3a27e0+0x00000000000006ec]
J 5923 c2 java.net.URLClassLoader$1.run()Ljava/lang/Class; java.base@21.0.9 (81 bytes) @ 0x000001c43e457b84 [0x000001c43e456b40+0x0000000000001044]
J 4429 c2 java.net.URLClassLoader.findClass(Ljava/lang/String;)Ljava/lang/Class; java.base@21.0.9 (47 bytes) @ 0x000001c43e1a4848 [0x000001c43e1a4780+0x00000000000000c8]
J 24080 c2 java.lang.ClassLoader.loadClass(Ljava/lang/String;Z)Ljava/lang/Class; java.base@21.0.9 (121 bytes) @ 0x000001c43e888170 [0x000001c43e887e20+0x0000000000000350]
J 3567 c2 java.lang.ClassLoader.loadClass(Ljava/lang/String;)Ljava/lang/Class; java.base@21.0.9 (7 bytes) @ 0x000001c43e30656c [0x000001c43e306520+0x000000000000004c]
v  ~StubRoutines::call_stub 0x000001c43d9d100d
j  org.jetbrains.kotlin.fir.resolve.calls.overloads.ConeOverloadConflictResolver.createEmptyConstraintSystem()Lorg/jetbrains/kotlin/resolve/calls/results/SimpleConstraintSystem;+0
j  org.jetbrains.kotlin.fir.resolve.calls.overloads.ConeOverloadConflictResolver.compareCallsByUsedArguments(Lorg/jetbrains/kotlin/resolve/calls/results/FlatSignature;Lorg/jetbrains/kotlin/resolve/calls/results/FlatSignature;ZZ)Z+86
j  org.jetbrains.kotlin.fir.resolve.calls.overloads.ConeOverloadConflictResolver.isEquallyOrMoreSpecificCallWithArgumentMapping(Lorg/jetbrains/kotlin/resolve/calls/results/FlatSignature;Lorg/jetbrains/kotlin/resolve/calls/results/FlatSignature;ZZ)Z+6
j  org.jetbrains.kotlin.fir.resolve.calls.overloads.ConeOverloadConflictResolver.findMaximallySpecificCall(Ljava/util/Set;ZZ)Lorg/jetbrains/kotlin/fir/resolve/calls/candidate/Candidate;+278
j  org.jetbrains.kotlin.fir.resolve.calls.overloads.ConeOverloadConflictResolver.findMaximallySpecificCall$default(Lorg/jetbrains/kotlin/fir/resolve/calls/overloads/ConeOverloadConflictResolver;Ljava/util/Set;ZZILjava/lang/Object;)Lorg/jetbrains/kotlin/fir/resolve/calls/candidate/Candidate;+13
j  org.jetbrains.kotlin.fir.resolve.calls.overloads.ConeOverloadConflictResolver.chooseMaximallySpecificCandidates(Ljava/util/Set;Lorg/jetbrains/kotlin/fir/resolve/calls/overloads/ConeOverloadConflictResolver$DiscriminationFlags;)Ljava/util/Set;+433
j  org.jetbrains.kotlin.fir.resolve.calls.overloads.ConeOverloadConflictResolver.chooseMaximallySpecificCandidates(Ljava/util/Set;ZZ)Ljava/util/Set;+89
j  org.jetbrains.kotlin.fir.resolve.calls.overloads.ConeOverloadConflictResolver.chooseMaximallySpecificCandidates(Ljava/util/Set;Z)Ljava/util/Set;+36
j  org.jetbrains.kotlin.fir.resolve.calls.overloads.ConeCompositeConflictResolver.chooseMaximallySpecificCandidates(Ljava/util/Set;Z)Ljava/util/Set;+59
j  org.jetbrains.kotlin.fir.resolve.calls.overloads.ConeCallConflictResolver.chooseMaximallySpecificCandidates(Ljava/util/Collection;Z)Ljava/util/Set;+15
j  org.jetbrains.kotlin.fir.resolve.calls.FirCallResolver.reduceCandidates$chooseMostSpecific(Lorg/jetbrains/kotlin/fir/expressions/FirExpression;Lorg/jetbrains/kotlin/fir/resolve/calls/FirCallResolver;Ljava/util/List;)Ljava/util/Set;+14
j  org.jetbrains.kotlin.fir.resolve.calls.FirCallResolver.reduceCandidates(Lorg/jetbrains/kotlin/fir/resolve/calls/candidate/CandidateCollector;Lorg/jetbrains/kotlin/fir/expressions/FirExpression;Lorg/jetbrains/kotlin/fir/resolve/calls/ResolutionContext;)Lkotlin/Pair;+17
j  org.jetbrains.kotlin.fir.resolve.calls.FirCallResolver.collectCandidates(Lorg/jetbrains/kotlin/fir/expressions/FirQualifiedAccessExpression;Lorg/jetbrains/kotlin/name/Name;Lorg/jetbrains/kotlin/fir/resolve/calls/candidate/CallKind;ZLorg/jetbrains/kotlin/fir/expressions/FirFunctionCallOrigin;Ljava/util/List;Lorg/jetbrains/kotlin/fir/resolve/calls/ResolutionContext;Lorg/jetbrains/kotlin/fir/resolve/calls/candidate/CandidateCollector;Lorg/jetbrains/kotlin/fir/FirElement;Lorg/jetbrains/kotlin/fir/resolve/ResolutionMode;)Lorg/jetbrains/kotlin/fir/resolve/calls/FirCallResolver$ResolutionResult;+201
j  org.jetbrains.kotlin.fir.resolve.calls.FirCallResolver.collectCandidates$default(Lorg/jetbrains/kotlin/fir/resolve/calls/FirCallResolver;Lorg/jetbrains/kotlin/fir/expressions/FirQualifiedAccessExpression;Lorg/jetbrains/kotlin/name/Name;Lorg/jetbrains/kotlin/fir/resolve/calls/candidate/CallKind;ZLorg/jetbrains/kotlin/fir/expressions/FirFunctionCallOrigin;Ljava/util/List;Lorg/jetbrains/kotlin/fir/resolve/calls/ResolutionContext;Lorg/jetbrains/kotlin/fir/resolve/calls/candidate/CandidateCollector;Lorg/jetbrains/kotlin/fir/FirElement;Lorg/jetbrains/kotlin/fir/resolve/ResolutionMode;ILjava/lang/Object;)Lorg/jetbrains/kotlin/fir/resolve/calls/FirCallResolver$ResolutionResult;+165
j  org.jetbrains.kotlin.fir.resolve.calls.FirCallResolver.resolveCallAndSelectCandidate(Lorg/jetbrains/kotlin/fir/expressions/FirFunctionCall;Lorg/jetbrains/kotlin/fir/resolve/ResolutionMode;)Lorg/jetbrains/kotlin/fir/expressions/FirFunctionCall;+43
j  org.jetbrains.kotlin.fir.resolve.transformers.body.resolve.FirExpressionsResolveTransformer.transformFunctionCallInternal$resolve(Lorg/jetbrains/kotlin/fir/expressions/FirFunctionCall;Lorg/jetbrains/kotlin/fir/resolve/ResolutionMode;Lorg/jetbrains/kotlin/fir/resolve/transformers/body/resolve/FirExpressionsResolveTransformer$CallResolutionMode;)Lorg/jetbrains/kotlin/fir/expressions/FirStatement;+381
j  org.jetbrains.kotlin.fir.resolve.transformers.body.resolve.FirExpressionsResolveTransformer.transformFunctionCall(Lorg/jetbrains/kotlin/fir/expressions/FirFunctionCall;Lorg/jetbrains/kotlin/fir/resolve/ResolutionMode;)Lorg/jetbrains/kotlin/fir/expressions/FirStatement;+20
j  org.jetbrains.kotlin.fir.resolve.transformers.body.resolve.FirAbstractBodyResolveTransformerDispatcher.transformFunctionCall(Lorg/jetbrains/kotlin/fir/expressions/FirFunctionCall;Lorg/jetbrains/kotlin/fir/resolve/ResolutionMode;)Lorg/jetbrains/kotlin/fir/expressions/FirStatement;+44
j  org.jetbrains.kotlin.fir.resolve.transformers.body.resolve.FirAbstractBodyResolveTransformerDispatcher.transformFunctionCall(Lorg/jetbrains/kotlin/fir/expressions/FirFunctionCall;Ljava/lang/Object;)Lorg/jetbrains/kotlin/fir/expressions/FirStatement;+6
j  org.jetbrains.kotlin.fir.expressions.FirFunctionCall.transform(Lorg/jetbrains/kotlin/fir/visitors/FirTransformer;Ljava/lang/Object;)Lorg/jetbrains/kotlin/fir/FirElement;+9
j  org.jetbrains.kotlin.fir.declarations.impl.FirPropertyImpl.transformInitializer(Lorg/jetbrains/kotlin/fir/visitors/FirTransformer;Ljava/lang/Object;)Lorg/jetbrains/kotlin/fir/declarations/impl/FirPropertyImpl;+18
j  org.jetbrains.kotlin.fir.declarations.impl.FirPropertyImpl.transformInitializer(Lorg/jetbrains/kotlin/fir/visitors/FirTransformer;Ljava/lang/Object;)Lorg/jetbrains/kotlin/fir/declarations/FirProperty;+3
j  org.jetbrains.kotlin.fir.resolve.transformers.body.resolve.FirDeclarationsResolveTransformer.transformProperty(Lorg/jetbrains/kotlin/fir/declarations/FirProperty;Lorg/jetbrains/kotlin/fir/resolve/ResolutionMode;)Lorg/jetbrains/kotlin/fir/declarations/FirProperty;+1021
j  org.jetbrains.kotlin.fir.resolve.transformers.body.resolve.FirAbstractBodyResolveTransformerDispatcher.transformProperty(Lorg/jetbrains/kotlin/fir/declarations/FirProperty;Lorg/jetbrains/kotlin/fir/resolve/ResolutionMode;)Lorg/jetbrains/kotlin/fir/declarations/FirProperty;+50
j  org.jetbrains.kotlin.fir.resolve.transformers.body.resolve.FirImplicitAwareBodyResolveTransformer.transformProperty$lambda$1(Lorg/jetbrains/kotlin/fir/resolve/transformers/body/resolve/FirImplicitAwareBodyResolveTransformer;Lorg/jetbrains/kotlin/fir/declarations/FirProperty;Lorg/jetbrains/kotlin/fir/resolve/ResolutionMode;)Lorg/jetbrains/kotlin/fir/declarations/FirProperty;+3
j  org.jetbrains.kotlin.fir.resolve.transformers.body.resolve.FirImplicitAwareBodyResolveTransformer$$Lambda+0x000001c4510028e8.invoke()Ljava/lang/Object;+12
j  org.jetbrains.kotlin.fir.resolve.transformers.body.resolve.ImplicitBodyResolveComputationSession.executeTransformation(Lorg/jetbrains/kotlin/fir/symbols/impl/FirCallableSymbol;Lkotlin/jvm/functions/Function0;)Lorg/jetbrains/kotlin/fir/declarations/FirCallableDeclaration;+13
j  org.jetbrains.kotlin.fir.resolve.transformers.body.resolve.ImplicitBodyResolveComputationSession.compute$resolve(Lorg/jetbrains/kotlin/fir/symbols/impl/FirCallableSymbol;Lkotlin/jvm/functions/Function0;)Lorg/jetbrains/kotlin/fir/declarations/FirCallableDeclaration;+20
j  org.jetbrains.kotlin.fir.resolve.transformers.body.resolve.FirImplicitAwareBodyResolveTransformer.computeCachedTransformationResult(Lorg/jetbrains/kotlin/fir/declarations/FirCallableDeclaration;Lkotlin/jvm/functions/Function0;)Lorg/jetbrains/kotlin/fir/declarations/FirCallableDeclaration;+232
j  org.jetbrains.kotlin.fir.resolve.transformers.body.resolve.FirImplicitAwareBodyResolveTransformer.transformProperty(Lorg/jetbrains/kotlin/fir/declarations/FirProperty;Lorg/jetbrains/kotlin/fir/resolve/ResolutionMode;)Lorg/jetbrains/kotlin/fir/declarations/FirProperty;+25
j  org.jetbrains.kotlin.fir.resolve.transformers.body.resolve.FirImplicitAwareBodyResolveTransformer.transformProperty(Lorg/jetbrains/kotlin/fir/declarations/FirProperty;Ljava/lang/Object;)Lorg/jetbrains/kotlin/fir/expressions/FirStatement;+6
J 52341 c1 org.jetbrains.kotlin.fir.declarations.FirProperty.transform(Lorg/jetbrains/kotlin/fir/visitors/FirTransformer;Ljava/lang/Object;)Lorg/jetbrains/kotlin/fir/FirElement; (22 bytes) @ 0x000001c437b8ffec [0x000001c437b8fc40+0x00000000000003ac]
J 64552 c2 org.jetbrains.kotlin.fir.visitors.FirTransformerUtilKt.transformInplace(Ljava/util/List;Lorg/jetbrains/kotlin/fir/visitors/FirTransformer;Ljava/lang/Object;)V (73 bytes) @ 0x000001c43ead4844 [0x000001c43ead46e0+0x0000000000000164]
J 57263 c1 org.jetbrains.kotlin.fir.declarations.impl.FirRegularClassImpl.transformDeclarations(Lorg/jetbrains/kotlin/fir/visitors/FirTransformer;Ljava/lang/Object;)Lorg/jetbrains/kotlin/fir/declarations/impl/FirRegularClassImpl; (18 bytes) @ 0x000001c43d1141f4 [0x000001c43d113ec0+0x0000000000000334]
j  org.jetbrains.kotlin.fir.declarations.impl.FirRegularClassImpl.transformDeclarations(Lorg/jetbrains/kotlin/fir/visitors/FirTransformer;Ljava/lang/Object;)Lorg/jetbrains/kotlin/fir/declarations/FirRegularClass;+3
j  org.jetbrains.kotlin.fir.resolve.transformers.body.resolve.FirImplicitAwareBodyResolveTransformer.transformDeclarationContent(Lorg/jetbrains/kotlin/fir/declarations/FirDeclaration;Lorg/jetbrains/kotlin/fir/resolve/ResolutionMode;)Lorg/jetbrains/kotlin/fir/declarations/FirDeclaration;+56
j  org.jetbrains.kotlin.fir.resolve.transformers.body.resolve.FirDeclarationsResolveTransformer.transformDeclarationContent(Lorg/jetbrains/kotlin/fir/declarations/FirDeclaration;Lorg/jetbrains/kotlin/fir/resolve/ResolutionMode;)Lorg/jetbrains/kotlin/fir/declarations/FirDeclaration;+20
j  org.jetbrains.kotlin.fir.resolve.transformers.body.resolve.FirDeclarationsResolveTransformer.doTransformRegularClass$lambda$59(Lorg/jetbrains/kotlin/fir/resolve/transformers/body/resolve/FirDeclarationsResolveTransformer;Lorg/jetbrains/kotlin/fir/declarations/FirRegularClass;Lorg/jetbrains/kotlin/fir/resolve/ResolutionMode;)Lorg/jetbrains/kotlin/fir/declarations/FirRegularClass;+6
j  org.jetbrains.kotlin.fir.resolve.transformers.body.resolve.FirDeclarationsResolveTransformer$$Lambda+0x000001c451002270.invoke()Ljava/lang/Object;+12
j  org.jetbrains.kotlin.fir.resolve.transformers.body.resolve.FirDeclarationsResolveTransformer.withRegularClass$lambda$60(Lkotlin/jvm/functions/Function0;)Lorg/jetbrains/kotlin/fir/declarations/FirRegularClass;+1
j  org.jetbrains.kotlin.fir.resolve.transformers.body.resolve.FirDeclarationsResolveTransformer$$Lambda+0x000001c451002498.invoke()Ljava/lang/Object;+4
j  org.jetbrains.kotlin.fir.resolve.transformers.body.resolve.BodyResolveContext.withRegularClass$lambda$18$lambda$17(Lorg/jetbrains/kotlin/fir/resolve/transformers/body/resolve/BodyResolveContext;Lorg/jetbrains/kotlin/fir/declarations/FirRegularClass;Lkotlin/jvm/functions/Function0;)Ljava/lang/Object;+27
j  org.jetbrains.kotlin.fir.resolve.transformers.body.resolve.BodyResolveContext$$Lambda+0x000001c450fcba28.invoke()Ljava/lang/Object;+12
j  org.jetbrains.kotlin.fir.resolve.transformers.body.resolve.BodyResolveContext.withScopesForClass(Lorg/jetbrains/kotlin/fir/declarations/FirClass;Lorg/jetbrains/kotlin/fir/resolve/SessionHolder;Lkotlin/jvm/functions/Function0;)Ljava/lang/Object;+633
j  org.jetbrains.kotlin.fir.resolve.transformers.body.resolve.BodyResolveContext.withRegularClass(Lorg/jetbrains/kotlin/fir/declarations/FirRegularClass;Lorg/jetbrains/kotlin/fir/resolve/SessionHolder;Lkotlin/jvm/functions/Function0;)Ljava/lang/Object;+139
j  org.jetbrains.kotlin.fir.resolve.transformers.body.resolve.FirDeclarationsResolveTransformer.withRegularClass(Lorg/jetbrains/kotlin/fir/declarations/FirRegularClass;Lkotlin/jvm/functions/Function0;)Lorg/jetbrains/kotlin/fir/declarations/FirRegularClass;+87
j  org.jetbrains.kotlin.fir.resolve.transformers.body.resolve.FirDeclarationsResolveTransformer.doTransformRegularClass(Lorg/jetbrains/kotlin/fir/declarations/FirRegularClass;Lorg/jetbrains/kotlin/fir/resolve/ResolutionMode;)Lorg/jetbrains/kotlin/fir/declarations/FirRegularClass;+24
j  org.jetbrains.kotlin.fir.resolve.transformers.body.resolve.FirDeclarationsResolveTransformer.transformRegularClass(Lorg/jetbrains/kotlin/fir/declarations/FirRegularClass;Lorg/jetbrains/kotlin/fir/resolve/ResolutionMode;)Lorg/jetbrains/kotlin/fir/declarations/FirRegularClass;+457
j  org.jetbrains.kotlin.fir.resolve.transformers.body.resolve.FirAbstractBodyResolveTransformerDispatcher.transformRegularClass(Lorg/jetbrains/kotlin/fir/declarations/FirRegularClass;Lorg/jetbrains/kotlin/fir/resolve/ResolutionMode;)Lorg/jetbrains/kotlin/fir/declarations/FirRegularClass;+50
j  org.jetbrains.kotlin.fir.resolve.transformers.body.resolve.FirAbstractBodyResolveTransformerDispatcher.transformRegularClass(Lorg/jetbrains/kotlin/fir/declarations/FirRegularClass;Ljava/lang/Object;)Lorg/jetbrains/kotlin/fir/expressions/FirStatement;+6
J 56753 c1 org.jetbrains.kotlin.fir.declarations.FirRegularClass.transform(Lorg/jetbrains/kotlin/fir/visitors/FirTransformer;Ljava/lang/Object;)Lorg/jetbrains/kotlin/fir/FirElement; (22 bytes) @ 0x000001c43ce465ec [0x000001c43ce46240+0x00000000000003ac]
J 64552 c2 org.jetbrains.kotlin.fir.visitors.FirTransformerUtilKt.transformInplace(Ljava/util/List;Lorg/jetbrains/kotlin/fir/visitors/FirTransformer;Ljava/lang/Object;)V (73 bytes) @ 0x000001c43ead4844 [0x000001c43ead46e0+0x0000000000000164]
J 57702 c1 org.jetbrains.kotlin.fir.declarations.impl.FirFileImpl.transformChildren(Lorg/jetbrains/kotlin/fir/visitors/FirTransformer;Ljava/lang/Object;)Lorg/jetbrains/kotlin/fir/declarations/impl/FirFileImpl; (70 bytes) @ 0x000001c4388b15ec [0x000001c4388af700+0x0000000000001eec]
J 57701 c1 org.jetbrains.kotlin.fir.declarations.impl.FirFileImpl.transformChildren(Lorg/jetbrains/kotlin/fir/visitors/FirTransformer;Ljava/lang/Object;)Lorg/jetbrains/kotlin/fir/FirElement; (10 bytes) @ 0x000001c436c154bc [0x000001c436c15440+0x000000000000007c]
J 68579 c1 org.jetbrains.kotlin.fir.resolve.transformers.body.resolve.FirAbstractBodyResolveTransformerDispatcher.transformElement(Lorg/jetbrains/kotlin/fir/FirElement;Lorg/jetbrains/kotlin/fir/resolve/ResolutionMode;)Lorg/jetbrains/kotlin/fir/FirElement; (33 bytes) @ 0x000001c43ce44f54 [0x000001c43ce44920+0x0000000000000634]
j  org.jetbrains.kotlin.fir.resolve.transformers.body.resolve.FirAbstractBodyResolveTransformerDispatcher.transformDeclarationContent(Lorg/jetbrains/kotlin/fir/declarations/FirDeclaration;Lorg/jetbrains/kotlin/fir/resolve/ResolutionMode;)Lorg/jetbrains/kotlin/fir/declarations/FirDeclaration;+20
j  org.jetbrains.kotlin.fir.resolve.transformers.body.resolve.FirImplicitAwareBodyResolveTransformer.transformDeclarationContent(Lorg/jetbrains/kotlin/fir/declarations/FirDeclaration;Lorg/jetbrains/kotlin/fir/resolve/ResolutionMode;)Lorg/jetbrains/kotlin/fir/declarations/FirDeclaration;+68
j  org.jetbrains.kotlin.fir.resolve.transformers.body.resolve.FirDeclarationsResolveTransformer.transformDeclarationContent(Lorg/jetbrains/kotlin/fir/declarations/FirDeclaration;Lorg/jetbrains/kotlin/fir/resolve/ResolutionMode;)Lorg/jetbrains/kotlin/fir/declarations/FirDeclaration;+20
j  org.jetbrains.kotlin.fir.resolve.transformers.body.resolve.FirDeclarationsResolveTransformer.doTransformFile$lambda$57(Lorg/jetbrains/kotlin/fir/resolve/transformers/body/resolve/FirDeclarationsResolveTransformer;Lorg/jetbrains/kotlin/fir/declarations/FirFile;Lorg/jetbrains/kotlin/fir/resolve/ResolutionMode;)Lorg/jetbrains/kotlin/fir/declarations/FirFile;+6
j  org.jetbrains.kotlin.fir.resolve.transformers.body.resolve.FirDeclarationsResolveTransformer$$Lambda+0x000001c450fcb3b0.invoke()Ljava/lang/Object;+12
j  org.jetbrains.kotlin.fir.resolve.transformers.body.resolve.FirDeclarationsResolveTransformer.withFile(Lorg/jetbrains/kotlin/fir/declarations/FirFile;Lkotlin/jvm/functions/Function0;)Lorg/jetbrains/kotlin/fir/declarations/FirFile;+317
j  org.jetbrains.kotlin.fir.resolve.transformers.body.resolve.FirDeclarationsResolveTransformer.doTransformFile(Lorg/jetbrains/kotlin/fir/declarations/FirFile;Lorg/jetbrains/kotlin/fir/resolve/ResolutionMode;)Lorg/jetbrains/kotlin/fir/declarations/FirFile;+10
j  org.jetbrains.kotlin.fir.resolve.transformers.body.resolve.FirDeclarationsResolveTransformer.transformFile(Lorg/jetbrains/kotlin/fir/declarations/FirFile;Lorg/jetbrains/kotlin/fir/resolve/ResolutionMode;)Lorg/jetbrains/kotlin/fir/declarations/FirFile;+28
j  org.jetbrains.kotlin.fir.resolve.transformers.body.resolve.FirAbstractBodyResolveTransformerDispatcher.transformFile(Lorg/jetbrains/kotlin/fir/declarations/FirFile;Lorg/jetbrains/kotlin/fir/resolve/ResolutionMode;)Lorg/jetbrains/kotlin/fir/declarations/FirFile;+50
j  org.jetbrains.kotlin.fir.resolve.transformers.body.resolve.FirAbstractBodyResolveTransformerDispatcher.transformFile(Lorg/jetbrains/kotlin/fir/declarations/FirFile;Ljava/lang/Object;)Lorg/jetbrains/kotlin/fir/declarations/FirFile;+6
J 56378 c1 org.jetbrains.kotlin.fir.declarations.FirFile.transform(Lorg/jetbrains/kotlin/fir/visitors/FirTransformer;Ljava/lang/Object;)Lorg/jetbrains/kotlin/fir/FirElement; (22 bytes) @ 0x000001c43ccbdccc [0x000001c43ccbd920+0x00000000000003ac]
j  org.jetbrains.kotlin.fir.resolve.transformers.body.resolve.FirImplicitTypeBodyResolveTransformerAdapter.transformFile(Lorg/jetbrains/kotlin/fir/declarations/FirFile;Ljava/lang/Object;)Lorg/jetbrains/kotlin/fir/declarations/FirFile;+23
J 56374 c1 org.jetbrains.kotlin.fir.resolve.transformers.FirTransformerBasedResolveProcessor.processFile(Lorg/jetbrains/kotlin/fir/declarations/FirFile;)V (17 bytes) @ 0x000001c43ccbf77c [0x000001c43ccbefc0+0x00000000000007bc]
j  org.jetbrains.kotlin.fir.resolve.transformers.FirTotalResolveProcessor.process(Ljava/util/List;)V+94
j  org.jetbrains.kotlin.fir.pipeline.AnalyseKt.runResolution(Lorg/jetbrains/kotlin/fir/FirSession;Ljava/util/List;)Lkotlin/Pair;+23
j  org.jetbrains.kotlin.fir.pipeline.FirUtilsKt.resolveAndCheckFir(Lorg/jetbrains/kotlin/fir/FirSession;Ljava/util/List;Lorg/jetbrains/kotlin/diagnostics/impl/BaseDiagnosticsCollector;)Lorg/jetbrains/kotlin/fir/pipeline/ModuleCompilerAnalyzedOutput;+23
j  org.jetbrains.kotlin.cli.pipeline.jvm.JvmFrontendPipelinePhase.executePhase(Lorg/jetbrains/kotlin/cli/pipeline/ConfigurationPipelineArtifact;)Lorg/jetbrains/kotlin/cli/pipeline/jvm/JvmFrontendPipelineArtifact;+991
j  org.jetbrains.kotlin.cli.pipeline.jvm.JvmFrontendPipelinePhase.executePhase(Lorg/jetbrains/kotlin/cli/pipeline/PipelineArtifact;)Lorg/jetbrains/kotlin/cli/pipeline/PipelineArtifact;+5
j  org.jetbrains.kotlin.cli.pipeline.PipelinePhase.phaseBody(Lorg/jetbrains/kotlin/cli/pipeline/PipelineContext;Lorg/jetbrains/kotlin/cli/pipeline/PipelineArtifact;)Lorg/jetbrains/kotlin/cli/pipeline/PipelineArtifact;+14
j  org.jetbrains.kotlin.cli.pipeline.PipelinePhase.phaseBody(Lorg/jetbrains/kotlin/config/LoggingContext;Ljava/lang/Object;)Ljava/lang/Object;+9
j  org.jetbrains.kotlin.config.phaser.NamedCompilerPhase.invoke(Lorg/jetbrains/kotlin/config/phaser/PhaseConfig;Lorg/jetbrains/kotlin/config/phaser/PhaserState;Lorg/jetbrains/kotlin/config/LoggingContext;Ljava/lang/Object;)Ljava/lang/Object;+304
j  org.jetbrains.kotlin.backend.common.phaser.CompositePhase.invoke(Lorg/jetbrains/kotlin/config/phaser/PhaseConfig;Lorg/jetbrains/kotlin/config/phaser/PhaserState;Lorg/jetbrains/kotlin/config/LoggingContext;Ljava/lang/Object;)Ljava/lang/Object;+87
j  org.jetbrains.kotlin.config.phaser.CompilerPhaseKt.invokeToplevel(Lorg/jetbrains/kotlin/config/phaser/CompilerPhase;Lorg/jetbrains/kotlin/config/phaser/PhaseConfig;Lorg/jetbrains/kotlin/config/LoggingContext;Ljava/lang/Object;)Ljava/lang/Object;+35
j  org.jetbrains.kotlin.cli.pipeline.AbstractCliPipeline.runPhasedPipeline(Lorg/jetbrains/kotlin/cli/pipeline/ArgumentsPipelineArtifact;)Lorg/jetbrains/kotlin/cli/common/ExitCode;+79
j  org.jetbrains.kotlin.cli.pipeline.AbstractCliPipeline.execute(Lorg/jetbrains/kotlin/cli/common/arguments/CommonCompilerArguments;Lorg/jetbrains/kotlin/config/Services;Lorg/jetbrains/kotlin/cli/common/messages/MessageCollector;)Lorg/jetbrains/kotlin/cli/common/ExitCode;+169
j  org.jetbrains.kotlin.cli.jvm.K2JVMCompiler.doExecutePhased(Lorg/jetbrains/kotlin/cli/common/arguments/K2JVMCompilerArguments;Lorg/jetbrains/kotlin/config/Services;Lorg/jetbrains/kotlin/cli/common/messages/MessageCollector;)Lorg/jetbrains/kotlin/cli/common/ExitCode;+35
j  org.jetbrains.kotlin.cli.jvm.K2JVMCompiler.doExecutePhased(Lorg/jetbrains/kotlin/cli/common/arguments/CommonCompilerArguments;Lorg/jetbrains/kotlin/config/Services;Lorg/jetbrains/kotlin/cli/common/messages/MessageCollector;)Lorg/jetbrains/kotlin/cli/common/ExitCode;+7
j  org.jetbrains.kotlin.cli.common.CLICompiler.execImpl(Lorg/jetbrains/kotlin/cli/common/messages/MessageCollector;Lorg/jetbrains/kotlin/config/Services;Lorg/jetbrains/kotlin/cli/common/arguments/CommonCompilerArguments;)Lorg/jetbrains/kotlin/cli/common/ExitCode;+17
j  org.jetbrains.kotlin.cli.common.CLICompiler.exec(Lorg/jetbrains/kotlin/cli/common/messages/MessageCollector;Lorg/jetbrains/kotlin/config/Services;Lorg/jetbrains/kotlin/cli/common/arguments/CommonCompilerArguments;)Lorg/jetbrains/kotlin/cli/common/ExitCode;+88
j  org.jetbrains.kotlin.cli.common.CLICompiler.exec(Ljava/io/PrintStream;Lorg/jetbrains/kotlin/config/Services;Lorg/jetbrains/kotlin/cli/common/messages/MessageRenderer;[Ljava/lang/String;)Lorg/jetbrains/kotlin/cli/common/ExitCode;+259
j  org.jetbrains.kotlin.cli.common.CLICompiler.execAndOutputXml(Ljava/io/PrintStream;Lorg/jetbrains/kotlin/config/Services;[Ljava/lang/String;)Lorg/jetbrains/kotlin/cli/common/ExitCode;+31
j  java.lang.invoke.DirectMethodHandle$Holder.invokeSpecial(Ljava/lang/Object;Ljava/lang/Object;Ljava/lang/Object;Ljava/lang/Object;Ljava/lang/Object;)Ljava/lang/Object;+16 java.base@21.0.9
j  java.lang.invoke.LambdaForm$MH+0x000001c44e1ca400.invoke(Ljava/lang/Object;Ljava/lang/Object;Ljava/lang/Object;Ljava/lang/Object;Ljava/lang/Object;)Ljava/lang/Object;+93 java.base@21.0.9
J 10882 c2 jdk.internal.reflect.DirectMethodHandleAccessor.invoke(Ljava/lang/Object;[Ljava/lang/Object;)Ljava/lang/Object; java.base@21.0.9 (92 bytes) @ 0x000001c43e5f5b8c [0x000001c43e5f5940+0x000000000000024c]
J 2225 c1 java.lang.reflect.Method.invoke(Ljava/lang/Object;[Ljava/lang/Object;)Ljava/lang/Object; java.base@21.0.9 (108 bytes) @ 0x000001c4369c325c [0x000001c4369c2d40+0x000000000000051c]
j  org.jetbrains.kotlin.compilerRunner.GradleKotlinCompilerWork.compileInProcessImpl(Lorg/jetbrains/kotlin/cli/common/messages/MessageCollector;)Lorg/jetbrains/kotlin/cli/common/ExitCode;+324
j  org.jetbrains.kotlin.compilerRunner.GradleKotlinCompilerWork.access$compileInProcessImpl(Lorg/jetbrains/kotlin/compilerRunner/GradleKotlinCompilerWork;Lorg/jetbrains/kotlin/cli/common/messages/MessageCollector;)Lorg/jetbrains/kotlin/cli/common/ExitCode;+2
j  org.jetbrains.kotlin.compilerRunner.GradleKotlinCompilerWork$compileInProcess$future$1.call()Lorg/jetbrains/kotlin/cli/common/ExitCode;+11
j  org.jetbrains.kotlin.compilerRunner.GradleKotlinCompilerWork$compileInProcess$future$1.call()Ljava/lang/Object;+1
j  java.util.concurrent.FutureTask.run()V+39 java.base@21.0.9
j  java.util.concurrent.ThreadPoolExecutor.runWorker(Ljava/util/concurrent/ThreadPoolExecutor$Worker;)V+92 java.base@21.0.9
j  java.util.concurrent.ThreadPoolExecutor$Worker.run()V+5 java.base@21.0.9
j  java.lang.Thread.runWith(Ljava/lang/Object;Ljava/lang/Runnable;)V+5 java.base@21.0.9
j  java.lang.Thread.run()V+19 java.base@21.0.9
v  ~StubRoutines::call_stub 0x000001c43d9d100d

Compiled method (n/a) 419484  770     n 0       java.lang.ClassLoader::defineClass1 (native)
 total in heap  [0x000001c43e16ba10,0x000001c43e16bfa8] = 1432
 relocation     [0x000001c43e16bb70,0x000001c43e16bba8] = 56
 main code      [0x000001c43e16bbc0,0x000001c43e16bfa1] = 993
 stub code      [0x000001c43e16bfa1,0x000001c43e16bfa8] = 7

[Constant Pool (empty)]

[MachCode]
[Entry Point]
  # {method} {0x000001c44d4368f8} 'defineClass1' '(Ljava/lang/ClassLoader;Ljava/lang/String;[BIILjava/security/ProtectionDomain;Ljava/lang/String;)Ljava/lang/Class;' in 'java/lang/ClassLoader'
  # parm0:    rdx:rdx   = 'java/lang/ClassLoader'
  # parm1:    r8:r8     = 'java/lang/String'
  # parm2:    r9:r9     = '[B'
  # parm3:    rdi       = int
  # parm4:    rsi       = int
  # parm5:    rcx:rcx   = 'java/security/ProtectionDomain'
  # parm6:    [sp+0xa0]   = 'java/lang/String'  (sp of caller)
  0x000001c43e16bbc0: 448b 5208 | 49bb 0000 | 004d c401 | 0000 4d03 | d349 3bc2 | 0f84 0600 

  0x000001c43e16bbd8: ;   {runtime_call ic_miss_stub}
  0x000001c43e16bbd8: 0000 e9a1 | 2b8b ff90 
[Verified Entry Point]
  0x000001c43e16bbe0: 8984 2400 | 80ff ff55 | 488b ec48 | 81ec 9000 | 0000 6690 | 4181 7f20 | 3900 0000 

  0x000001c43e16bbfc: ;   {runtime_call StubRoutines (final stubs)}
  0x000001c43e16bbfc: 7405 e8dd | a889 ff48 | 837d 1000 | 488d 4510 | 480f 4445 | 1048 8944 | 2440 4889 | 4c24 7048 
  0x000001c43e16bc1c: 83f9 0048 | 8d44 2470 | 480f 4444 | 2470 4889 | 4424 3848 | 8974 2430 | 4889 7c24 | 284c 894c 
  0x000001c43e16bc3c: 2458 4983 | f900 488d | 4424 5848 | 0f44 4424 | 5848 8944 | 2420 4c89 | 4424 5049 | 83f8 004c 
  0x000001c43e16bc5c: 8d4c 2450 | 4c0f 444c | 2450 4889 | 5424 4848 | 83fa 004c | 8d44 2448 | 4c0f 4444 

  0x000001c43e16bc78: ;   {oop(a 'java/lang/Class'{0x0000000741af0d78} = 'java/lang/ClassLoader')}
  0x000001c43e16bc78: 2448 49be | 780d af41 | 0700 0000 | 4c89 7424 | 784c 8d74 | 2478 498b | d6c5 f877 

  0x000001c43e16bc94: ;   {internal_word}
  0x000001c43e16bc94: 49ba 91bc | 163e c401 | 0000 4d89 | 97a0 0300 | 0049 89a7 | 9803 0000 

  0x000001c43e16bcac: ;   {external_word}
  0x000001c43e16bcac: 49ba e9cb | 07fe fa7f | 0000 4180 | 3a00 0f84 | 4e00 0000 | 5241 5041 

  0x000001c43e16bcc4: ;   {metadata({method} {0x000001c44d4368f8} 'defineClass1' '(Ljava/lang/ClassLoader;Ljava/lang/String;[BIILjava/security/ProtectionDomain;Ljava/lang/String;)Ljava/lang/Class;' in 'java/lang/ClassLoader')}
  0x000001c43e16bcc4: 5148 baf0 | 6843 4dc4 | 0100 0049 | 8bcf 4883 | ec20 40f6 | c40f 0f84 | 1900 0000 | 4883 ec08 
  0x000001c43e16bce4: ;   {runtime_call}
  0x000001c43e16bce4: 48b8 6053 | b1fd fa7f | 0000 ffd0 | 4883 c408 | e90c 0000 

  0x000001c43e16bcf8: ;   {runtime_call}
  0x000001c43e16bcf8: 0048 b860 | 53b1 fdfa | 7f00 00ff | d048 83c4 | 2041 5941 | 585a 498d | 8fb8 0300 | 0041 c787 
  0x000001c43e16bd18: 4404 0000 | 0400 0000 

  0x000001c43e16bd20: ;   {runtime_call}
  0x000001c43e16bd20: 48b8 d016 | dd68 fb7f | 0000 ffd0 | c5f8 7741 | c787 4404 | 0000 0500 | 0000 f083 | 4424 c000 
  0x000001c43e16bd40: 493b af48 | 0400 000f | 870e 0000 | 0041 83bf | 4004 0000 | 000f 842b | 0000 00c5 | f877 4889 
  0x000001c43e16bd60: 45f8 498b | cf4c 8be4 | 4883 ec20 | 4883 e4f0 

  0x000001c43e16bd70: ;   {runtime_call}
  0x000001c43e16bd70: 48b8 40bc | 7cfd fa7f | 0000 ffd0 | 498b e44d | 33e4 488b | 45f8 41c7 | 8744 0400 | 0008 0000 
  0x000001c43e16bd90: 0041 83bf | c004 0000 | 020f 84d5 

  0x000001c43e16bd9c: ;   {external_word}
  0x000001c43e16bd9c: 0100 0049 | bae9 cb07 | fefa 7f00 | 0041 803a | 000f 844c | 0000 0048 

  0x000001c43e16bdb4: ;   {metadata({method} {0x000001c44d4368f8} 'defineClass1' '(Ljava/lang/ClassLoader;Ljava/lang/String;[BIILjava/security/ProtectionDomain;Ljava/lang/String;)Ljava/lang/Class;' in 'java/lang/ClassLoader')}
  0x000001c43e16bdb4: 8945 f848 | baf0 6843 | 4dc4 0100 | 0049 8bcf | 4883 ec20 | 40f6 c40f | 0f84 1900 | 0000 4883 
  0x000001c43e16bdd4: ;   {runtime_call}
  0x000001c43e16bdd4: ec08 48b8 | 6053 b1fd | fa7f 0000 | ffd0 4883 | c408 e90c 

  0x000001c43e16bde8: ;   {runtime_call}
  0x000001c43e16bde8: 0000 0048 | b860 53b1 | fdfa 7f00 | 00ff d048 | 83c4 2048 | 8b45 f849 | c787 9803 | 0000 0000 
  0x000001c43e16be08: 0000 49c7 | 87a0 0300 | 0000 0000 | 00c5 f877 | 4885 c00f | 8430 0100 | 00a8 030f | 8508 0000 
  0x000001c43e16be28: 0048 8b00 | e920 0100 | 00a8 010f | 8509 0000 | 0048 8b40 | fee9 0f01 | 0000 488b | 40ff 4180 
  0x000001c43e16be48: 7f40 000f | 8400 0100 | 0048 83f8 | 000f 84f6 | 0000 0049 | 8b4f 2848 | 83f9 000f | 8414 0000 
  0x000001c43e16be68: 0048 83e9 | 0849 894f | 2849 034f | 3848 8901 | e9d4 0000 | 0048 83ec | 7048 8904 | 2448 894c 
  0x000001c43e16be88: 2408 4889 | 5424 104c | 8944 2418 | 4c89 4c24 | 204c 8954 | 2428 4c89 | 5c24 30c5 | fb11 4424 
  0x000001c43e16bea8: 40c5 fb11 | 4c24 48c5 | fb11 5424 | 50c5 fb11 | 5c24 58c5 | fb11 6424 | 60c5 fb11 | 6c24 6849 
  0x000001c43e16bec8: 8bd7 488b | c848 83ec | 2040 f6c4 | 0f0f 8419 | 0000 0048 

  0x000001c43e16bedc: ;   {runtime_call}
  0x000001c43e16bedc: 83ec 0848 | b8f0 fc6f | fdfa 7f00 | 00ff d048 | 83c4 08e9 | 0c00 0000 

  0x000001c43e16bef4: ;   {runtime_call}
  0x000001c43e16bef4: 48b8 f0fc | 6ffd fa7f | 0000 ffd0 | 4883 c420 | c5fb 106c | 2468 c5fb | 1064 2460 | c5fb 105c 
  0x000001c43e16bf14: 2458 c5fb | 1054 2450 | c5fb 104c | 2448 c5fb | 1044 2440 | 4c8b 5c24 | 304c 8b54 | 2428 4c8b 
  0x000001c43e16bf34: 4c24 204c | 8b44 2418 | 488b 5424 | 1048 8b4c | 2408 488b | 0424 4883 | c470 c5f8 | 7749 8b8f 
  0x000001c43e16bf54: 2804 0000 | c781 0001 | 0000 0000 | 0000 c949 | 837f 0800 | 0f85 0100 

  0x000001c43e16bf6c: ;   {runtime_call StubRoutines (initial stubs)}
  0x000001c43e16bf6c: 0000 c3e9 | 8c4f 86ff | c5f8 7748 | 8945 f84c | 8be4 4883 | ec20 4883 

  0x000001c43e16bf84: ;   {runtime_call}
  0x000001c43e16bf84: e4f0 48b8 | 908a b1fd | fa7f 0000 | ffd0 498b | e44d 33e4 | 488b 45f8 | e9fe fdff | fff4 f4f4 
  0x000001c43e16bfa4: f4f4 f4f4 
[/MachCode]


Compiled method (c2) 419493 4833       4       java.security.SecureClassLoader::defineClass (16 bytes)
 total in heap  [0x000001c43e3a2390,0x000001c43e3a6ae0] = 18256
 relocation     [0x000001c43e3a24f0,0x000001c43e3a27e0] = 752
 main code      [0x000001c43e3a27e0,0x000001c43e3a4ee0] = 9984
 stub code      [0x000001c43e3a4ee0,0x000001c43e3a5018] = 312
 oops           [0x000001c43e3a5018,0x000001c43e3a5030] = 24
 metadata       [0x000001c43e3a5030,0x000001c43e3a51d8] = 424
 scopes data    [0x000001c43e3a51d8,0x000001c43e3a6110] = 3896
 scopes pcs     [0x000001c43e3a6110,0x000001c43e3a6760] = 1616
 dependencies   [0x000001c43e3a6760,0x000001c43e3a6778] = 24
 handler table  [0x000001c43e3a6778,0x000001c43e3a6a60] = 744
 nul chk table  [0x000001c43e3a6a60,0x000001c43e3a6ae0] = 128

[Constant Pool (empty)]

[MachCode]
[Entry Point]
  # {method} {0x000001c44d04ddb0} 'defineClass' '(Ljava/lang/String;[BIILjava/security/CodeSource;)Ljava/lang/Class;' in 'java/security/SecureClassLoader'
  # this:     rdx:rdx   = 'java/security/SecureClassLoader'
  # parm0:    r8:r8     = 'java/lang/String'
  # parm1:    r9:r9     = '[B'
  # parm2:    rdi       = int
  # parm3:    rsi       = int
  # parm4:    rcx:rcx   = 'java/security/CodeSource'
  #           [sp+0xc0]  (sp of caller)
  0x000001c43e3a27e0: 448b 5208 | 49bb 0000 | 004d c401 | 0000 4d03 | d349 3bc2 

  0x000001c43e3a27f4: ;   {runtime_call ic_miss_stub}
  0x000001c43e3a27f4: 0f85 86bf | 67ff 6690 | 0f1f 4000 
[Verified Entry Point]
  0x000001c43e3a2800: 8984 2400 | 80ff ff55 | 4881 ecb0 | 0000 0090 | 4181 7f20 | 3900 0000 | 0f85 b426 | 0000 8974 
  0x000001c43e3a2820: 2444 897c | 2440 4c89 | 4c24 384c | 8944 2430 | 4889 5424 | 2848 8be9 | 4885 c90f | 844b 1e00 
  0x000001c43e3a2840: 004d 8b87 | b801 0000 | 4d8b d049 | 83c2 104d | 3b97 c801 | 0000 0f83 | e115 0000 | 4d89 97b8 
  0x000001c43e3a2860: 0100 0041 | 0f18 8200 | 0100 0049 | c700 0100 

  0x000001c43e3a2870: ;   {metadata('java/security/SecureClassLoader$CodeSourceKey')}
  0x000001c43e3a2870: 0000 41c7 | 4008 38ce | 1100 4c8b | d549 c1ea | 0345 8950 | 0c4d 8b8f | b801 0000 | 4c8b 5424 
  0x000001c43e3a2890: 2841 8b6a | 504d 8bd1 | 4983 c210 | 4d3b 97c8 | 0100 000f | 83b7 1500 | 004d 8997 | b801 0000 
  0x000001c43e3a28b0: 410f 1882 | 0001 0000 | 49c7 0101 

  0x000001c43e3a28bc: ;   {metadata('java/security/SecureClassLoader$1')}
  0x000001c43e3a28bc: 0000 0041 | c741 08d0 | d311 004c | 8b54 2428 | 49c1 ea03 | 4589 510c 

  0x000001c43e3a28d4: ; implicit exception: dispatches to 0x000001c43e3a4bd8
  0x000001c43e3a28d4: 458b 54ec 

  0x000001c43e3a28d8: ;   {metadata('java/util/concurrent/ConcurrentHashMap')}
  0x000001c43e3a28d8: 0841 81fa | 9840 0600 | 0f85 7a1a | 0000 498d | 14ec 6690 

  0x000001c43e3a28ec: ;   {optimized virtual_call}
  0x000001c43e3a28ec: c5f8 77e8 

  0x000001c43e3a28f0: ; ImmutableOopMap {[40]=Oop [48]=Oop [56]=Oop }
                      ;*invokeinterface computeIfAbsent {reexecute=0 rethrow=0 return_oop=1}
                      ; - java.security.SecureClassLoader::getProtectionDomain@28 (line 222)
                      ; - java.security.SecureClassLoader::defineClass@9 (line 150)
  0x000001c43e3a28f0: ac7f 2c00 

  0x000001c43e3a28f4: ;   {other}
  0x000001c43e3a28f4: 0f1f 8400 | 6405 0000 

  0x000001c43e3a28fc: ; implicit exception: dispatches to 0x000001c43e3a4bf8
  0x000001c43e3a28fc: 448b 5808 

  0x000001c43e3a2900: ;   {metadata('java/security/ProtectionDomain')}
  0x000001c43e3a2900: 4181 fbe8 | 5800 000f | 8577 2200 | 0048 8984 | 2488 0000 | 004c 8b54 | 2430 418b | 6a14 458b 
  0x000001c43e3a2920: 44ec 0c45 | 85c0 0f86 | 881a 0000 | 450f be5a | 1045 85db | 0f85 3211 | 0000 c442 | 22f7 d845 
  0x000001c43e3a2940: 3bd8 450f | 4fd8 4585 | db0f 8e6c | 1100 0045 | 3bc3 0f82 | fc1a 0000 | 4d8d 14ec | 498d 7cec 
  0x000001c43e3a2960: 1041 8bd3 | b82f 0000 | 0048 8bdf | 83fa 100f | 8c79 0000 | 0083 fa20 | 0f8c 3600 | 0000 c5f9 
  0x000001c43e3a2980: 6ed0 c4e2 | 7d78 d2c5 | fdef c08b | ca83 e1e0 | 83e2 1fc5 | fe6f 0bc5 | f574 cac4 | e27d 17c1 
  0x000001c43e3a29a0: 0f83 6900 | 0000 4883 | c320 83e9 | 2075 e4e9 | 0d00 0000 | c5f9 6ed0 | c5f9 efc0 | c4e2 6900 
  0x000001c43e3a29c0: d083 fa10 | 0f8c 2400 | 0000 8bca | 83e1 f083 | e20f c5fa | 6f0b c5f1 | 74ca c4e2 | 7917 c10f 
  0x000001c43e3a29e0: 832a 0000 | 0048 83c3 | 1083 e910 | 75e4 85d2 | 0f84 1200 | 0000 0fb6 | 0b3b c174 

  0x000001c43e3a29fc: ;   {no_reloc}
  0x000001c43e3a29fc: 1c48 83c3 | 0183 ea01 | 7402 ebee | bbff ffff | ffeb 0dc5 | fdd7 c90f | bcc1 4803 | d848 2bdf 
  0x000001c43e3a2a1c: 83fb ff0f | 85a3 1b00 | 004c 8b54 | 2430 458b | 5a14 4180 | 7a10 000f | 859b 1900 | 0043 8b6c 
  0x000001c43e3a2a3c: dc0c 85ed | 0f86 b619 | 0000 470f | b654 dc10 | 4183 fa5b | 0f84 6a1c | 0000 4c8b | 5424 3045 
  0x000001c43e3a2a5c: 8b5a 1447 | 8b54 dc0c | 4c8b 4424 | 3041 0fbe | 7010 c4c2 | 4af7 ca4b | 8d04 dc4f | 8d4c dc10 
  0x000001c43e3a2a7c: 8d59 fb85 | db7c 1c85 | f60f 8529 | 1d00 0041 | 83fa 040f | 86e3 1900 | 0041 8039 | 6a0f 8409 
  0x000001c43e3a2a9c: 0e00 0048 | 8b5c 2428 | 4c8b 8424 | 8800 0000 | 458b 7010 | 448d 41ff | 85f6 0f85 | 2c1b 0000 
  0x000001c43e3a2abc: 418d 7aff | 413b f841 | 0f4f f885 | ff0f 8ce2 | 0000 0045 | 85d2 0f86 | 4c18 0000 | 413b fa0f 
  0x000001c43e3a2adc: 8343 1800 | 0085 ff0f | 8e2f 1900 | 008d 57ff | 0fbe 7438 | 1083 fe2e | 0f84 110e | 0000 ffcf 
  0x000001c43e3a2afc: ;   {no_reloc}
  0x000001c43e3a2afc: 3bfa 7fec | 83ff 020f | 8e8b 0000 | 0044 8d47 | fe33 d283 | ff02 440f | 4cc2 4181 | f8a0 0f00 
  0x000001c43e3a2b1c: 00be a00f | 0000 440f | 47c6 8bf7 | 412b f00f | 1f44 0000 | 4c63 c742 | 0fbe 5400 | 1083 fa2e 
  0x000001c43e3a2b3c: 747b 420f | be54 000f | 83fa 2e74 | 7544 8d47 | fe42 0fbe | 5400 1083 | fa2e 746a | 448d 47fd 
  0x000001c43e3a2b5c: 420f be6c | 0010 83fd | 2e74 5b83 | c7fc 3bfe | 7fc2 4d8b | af50 0400 | 004c 8b44 | 2428 488b 
  0x000001c43e3a2b7c: 5424 3048 | 8bb4 2488 

  0x000001c43e3a2b84: ; ImmutableOopMap {r11=NarrowOop r8=Oop rbx=Oop rdx=Oop rsi=Oop rax=Oop r9=Derived_oop_rax r14=NarrowOop [40]=Oop [48]=Oop [56]=Oop [136]=Oop }
                      ;*goto {reexecute=1 rethrow=0 return_oop=0}
                      ; - (reexecute) java.lang.StringLatin1::lastIndexOf@35 (line 285)
                      ; - java.lang.String::lastIndexOf@13 (line 2573)
                      ; - java.lang.String::lastIndexOf@8 (line 2535)
                      ; - java.lang.ClassLoader::checkCerts@3 (line 1163)
                      ; - java.lang.ClassLoader::preDefineClass@113 (line 917)
                      ; - java.lang.ClassLoader::defineClass@4 (line 1025)
                      ; - java.security.SecureClassLoader::defineClass@12 (line 150)
                      ;   {poll}
  0x000001c43e3a2b84: 0000 0041 | 8545 0083 | ff02 0f8f | 75ff ffff | 83ff ff7e | 1866 6690 | 0fbe 5438 | 1083 fa2e 
  0x000001c43e3a2ba4: 0f84 2717 | 0000 ffcf | 83ff ff7f | eb41 b8ff | ffff ffeb | 0944 8bc7 | eb04 448d | 47ff 4183 
  0x000001c43e3a2bc4: f8ff 0f84 | 170f 0000 | 4585 c00f | 8c53 1a00 | 0044 3bc1 | 0f8f 821b | 0000 443b | c10f 847d 
  0x000001c43e3a2be4: 0c00 0045 | 85c0 0f84 | d50e 0000 | 498b b7b8 | 0100 0048 | 8bce 4883 | c118 493b | 8fc8 0100 
  0x000001c43e3a2c04: 000f 8382 | 1200 0049 | 898f b801 | 0000 0f18 | 8100 0100 | 0048 c706 | 0100 0000 

  0x000001c43e3a2c20: ;   {metadata('java/lang/String')}
  0x000001c43e3a2c20: c746 0878 | e800 0044 | 8966 0c4c | 8966 1045 | 3bc2 0f85 | 9200 0000 | 4d63 c241 | 81fa 0000 
  0x000001c43e3a2c40: 1000 0f87 | a915 0000 | 498b bfb8 | 0100 0049 | 8d48 1748 | 83e1 f848 | 8bd7 4803 | d149 3b97 
  0x000001c43e3a2c60: c801 0000 | 0f83 8715 | 0000 4989 | 97b8 0100 | 000f 1882 | 0001 0000 | 48c7 0701 | 0000 000f 
  0x000001c43e3a2c80: 1882 4001 

  0x000001c43e3a2c84: ;   {metadata({type array byte})}
  0x000001c43e3a2c84: 0000 c747 | 0818 2300 | 0044 8957 | 0c0f 1882 | 8001 0000 | 488b d748 | 83c2 1049 | 83c0 0749 
  0x000001c43e3a2ca4: c1e8 0349 | 8bc9 c5f8 | 7749 ba60 | 4ba0 3dc4 | 0100 0041 

  0x000001c43e3a2cb8: ;   {other}
  0x000001c43e3a2cb8: ffd2 0f1f | 8400 0000 | 0000 4c8b | efe9 d600 | 0000 4181 | f800 0010 | 000f 873d | 1800 0049 
  0x000001c43e3a2cd8: 63c8 453b | d041 8bea | 410f 4fe8 | 443b d50f | 8298 1800 | 0044 3bc5 | 0f82 8f18 | 0000 4883 
  0x000001c43e3a2cf8: c117 4c8b | d949 83e3 | f841 81f8 | 0000 1000 | 0f87 3a13 | 0000 4d8b | afb8 0100 | 004d 8bd5 
  0x000001c43e3a2d18: 4d03 d34d | 3b97 c801 | 0000 0f83 | 2013 0000 | 4d89 97b8 | 0100 0041 | 0f18 8200 | 0100 0049 
  0x000001c43e3a2d38: c745 0001 | 0000 0041 | 0f18 8240 

  0x000001c43e3a2d44: ;   {metadata({type array byte})}
  0x000001c43e3a2d44: 0100 0041 | c745 0818 | 2300 0045 | 8945 0c41 | 0f18 8280 | 0100 004d | 8bd5 4983 | c210 48c1 
  0x000001c43e3a2d64: e903 85ed | 0f84 ae17 | 0000 413b | e80f 8cb4 | 0e00 0049 | 83c3 f049 | c1eb 0349 | 8bc9 498b 
  0x000001c43e3a2d84: d24d 8bc3 | c5f8 7749 | ba60 4ba0 | 3dc4 0100 | 0041 ffd2 

  0x000001c43e3a2d98: ;   {other}
  0x000001c43e3a2d98: 0f1f 8400 | 0000 0000 | 4180 7f40 | 000f 856b | 0d00 004c | 8bd6 4d8b | dd49 c1eb | 0344 895e 
  0x000001c43e3a2db8: 144d 8bdd | 4d33 da49 | c1eb 154d | 85db 741a | 49c1 ea09 | 48b9 0000 | a142 c401 | 0000 4903 
  0x000001c43e3a2dd8: ca80 3902 | 0f85 6b0d | 0000 4488 | 6610 438b | 6cf4 1485 | ed0f 85ed | 1800 0043 | 8b6c f410 
  0x000001c43e3a2df8: 85ed 0f85 | 1019 0000 | 448b 532c | 4585 d20f | 84cc 1400 | 0048 895c | 2420 4b8d | 14d4 bf01 
  0x000001c43e3a2e18: ;   {oop(a 'java/security/cert/Certificate'[0] {0x0000000741af0df8})}
  0x000001c43e3a2e18: 0000 0049 | b9f8 0daf | 4107 0000 | 004c 8bc6 

  0x000001c43e3a2e28: ;   {optimized virtual_call}
  0x000001c43e3a2e28: c5f8 77e8 

  0x000001c43e3a2e2c: ; ImmutableOopMap {[32]=Oop [40]=Oop [48]=Oop [56]=Oop [136]=Oop }
                      ;*invokevirtual putVal {reexecute=0 rethrow=0 return_oop=1}
                      ; - java.util.concurrent.ConcurrentHashMap::putIfAbsent@4 (line 1541)
                      ; - java.lang.ClassLoader::checkCerts@62 (line 1171)
                      ; - java.lang.ClassLoader::preDefineClass@113 (line 917)
                      ; - java.lang.ClassLoader::defineClass@4 (line 1025)
                      ; - java.security.SecureClassLoader::defineClass@12 (line 150)
  0x000001c43e3a2e2c: f09d 0500 

  0x000001c43e3a2e30: ;   {other}
  0x000001c43e3a2e30: 0f1f 8400 | a00a 0002 | 4885 c074 | 1c44 8b50 

  0x000001c43e3a2e40: ;   {metadata('java/security/cert/Certificate'[])}
  0x000001c43e3a2e40: 0841 81fa | a042 1000 | 0f85 6a1d | 0000 8b68 | 0c85 ed0f | 87e7 1800 | 004c 8b8c | 2488 0000 
  0x000001c43e3a2e60: 0045 8b51 | 1043 8b6c | d40c 458b | 5cec 3845 | 85db 0f84 | 7c14 0000 | 48ff b424 | 8800 0000 
  0x000001c43e3a2e80: 488f 4424 | 484b 8d14 | dc4d 8d04 | ec66 6690 

  0x000001c43e3a2e90: ;   {optimized virtual_call}
  0x000001c43e3a2e90: c5f8 77e8 

  0x000001c43e3a2e94: ; ImmutableOopMap {[40]=Oop [48]=Oop [56]=Oop [72]=Oop [136]=Oop }
                      ;*invokevirtual toExternalForm {reexecute=0 rethrow=0 return_oop=1}
                      ; - java.net.URL::toExternalForm@5 (line 1203)
                      ; - java.net.URL::toString@1 (line 1189)
                      ; - java.lang.ClassLoader::defineClassSourceLocation@22 (line 927)
                      ; - java.lang.ClassLoader::defineClass@12 (line 1026)
                      ; - java.security.SecureClassLoader::defineClass@12 (line 150)
  0x000001c43e3a2e94: 0822 f8ff 

  0x000001c43e3a2e98: ;   {other}
  0x000001c43e3a2e98: 0f1f 8400 | 080b 0003 | 488b 5424 | 284c 8b44 | 2430 4c8b | 4c24 388b | 7c24 408b | 7424 4448 
  0x000001c43e3a2eb8: 8b8c 2488 | 0000 0048 | 8904 2490 

  0x000001c43e3a2ec4: ;   {static_call}
  0x000001c43e3a2ec4: c5f8 77e8 

  0x000001c43e3a2ec8: ; ImmutableOopMap {[40]=Oop [72]=Oop [136]=Oop }
                      ;*invokestatic defineClass1 {reexecute=0 rethrow=0 return_oop=1}
                      ; - java.lang.ClassLoader::defineClass@27 (line 1027)
                      ; - java.security.SecureClassLoader::defineClass@12 (line 150)
  0x000001c43e3a2ec8: 148d dcff 

  0x000001c43e3a2ecc: ;   {other}
  0x000001c43e3a2ecc: 0f1f 8400 | 3c0b 0004 | 4889 4424 | 3044 8b58 | 3c45 85db | 7418 4b8d | 1cdc 49ba | 0000 a142 
  0x000001c43e3a2eec: c401 0000 | 4c89 5424 | 68e9 0f04 | 0000 4c8b | 5010 458b | 4208 4585 | c00f 8cb1 | 1500 0044 
  0x000001c43e3a2f0c: 8b58 2c45 | 85db 0f84 | 5609 0000 | 4b8d 04dc | 448b 4814 

  0x000001c43e3a2f20: ; implicit exception: dispatches to 0x000001c43e3a4cb4
  0x000001c43e3a2f20: 438b 7ccc | 0c44 0fbe | 4010 c4e2 | 3af7 cf44 | 8d51 ff45 | 85c0 0f85 | bc19 0000 | 4b8d 2ccc 
  0x000001c43e3a2f40: 448d 47ff | 453b c245 | 0f4f c245 | 85c0 0f8c | 9e0b 0000 | 85ff 0f86 | 3c15 0000 | 443b c70f 
  0x000001c43e3a2f60: 8333 1500 | 0045 85c0 | 0f8e 6a15 | 0000 458d 

  0x000001c43e3a2f70: ;   {oop(""{0x0000000741a8d640})}
  0x000001c43e3a2f70: 50ff 48bb | 40d6 a841 | 0700 0000 | 49bb 0000 | a142 c401 | 0000 4c89 | 5c24 6846 | 0fbe 5c05 
  0x000001c43e3a2f90: 1041 83fb | 2e0f 84c9 | 0a00 0041 | ffc8 453b | c27f e841 | 83f8 020f | 8e8e 0000 | 0045 8d50 
  0x000001c43e3a2fb0: fe45 33db | 4183 f802 | 450f 4cd3 | 4181 faa0 | 0f00 0041 | bba0 0f00 | 0045 0f47 | d341 8bf0 
  0x000001c43e3a2fd0: 412b f20f | 1f80 0000 | 0000 660f | 1f44 0000 | 4d63 d046 | 0fbe 5c15 | 1041 83fb | 2e74 7746 
  0x000001c43e3a2ff0: 0fbe 5415 | 0f41 83fa | 2e74 7045 | 8d50 fe46 | 0fbe 5c15 | 1041 83fb | 2e74 6445 | 8d50 fd42 
  0x000001c43e3a3010: 0fbe 5415 | 1083 fa2e | 7455 4183 | c0fc 443b | c67f bd49 | 8bb7 5004 | 0000 4c8b 

  0x000001c43e3a302c: ; ImmutableOopMap {r10=Oop r9=NarrowOop rbx=Oop rax=Oop rbp=Oop [40]=Oop [48]=Oop [72]=Oop }
                      ;*goto {reexecute=1 rethrow=0 return_oop=0}
                      ; - (reexecute) java.lang.StringLatin1::lastIndexOf@35 (line 285)
                      ; - java.lang.String::lastIndexOf@13 (line 2573)
                      ; - java.lang.String::lastIndexOf@8 (line 2535)
                      ; - java.lang.Class::getPackageName@47 (line 1170)
                      ; - java.lang.ClassLoader::postDefineClass@2 (line 934)
                      ; - java.lang.ClassLoader::defineClass@37 (line 1028)
                      ; - java.security.SecureClassLoader::defineClass@12 (line 150)
                      ;   {poll}
  0x000001c43e3a302c: 5424 3085 | 0641 83f8 | 020f 8f72 | ffff ff41 | 83f8 ff0f | 8ec6 0a00 | 0066 6690 | 460f be5c 
  0x000001c43e3a304c: 0510 4183 | fb2e 0f84 | 1814 0000 | 41ff c841 | 83f8 ff7f | e7e9 a50a | 0000 458b | d0eb 0445 
  0x000001c43e3a306c: 8d50 ff41 | 83fa ff0f | 8442 0200 | 0045 85d2 | 0f8c ca18 | 0000 443b | d10f 8ff5 | 1800 0044 
  0x000001c43e3a308c: 3bd1 0f84 | 6f08 0000 | 4585 d20f | 8437 0a00 | 0049 8b9f | b801 0000 | 4c8b db49 | 83c3 184d 
  0x000001c43e3a30ac: 3b9f c801 | 0000 0f83 | 1f10 0000 | 4d89 9fb8 | 0100 0041 | 0f18 8300 | 0100 0048 | c703 0100 
  0x000001c43e3a30cc: ;   {metadata('java/lang/String')}
  0x000001c43e3a30cc: 0000 c743 | 0878 e800 | 0044 8963 | 0c4c 8963 | 104f 8d5c | cc10 443b | d70f 858d | 0000 004c 
  0x000001c43e3a30ec: 63c7 81ff | 0000 1000 | 0f87 7911 | 0000 498b | b7b8 0100 | 004d 8d50 | 1749 83e2 | f848 8bce 
  0x000001c43e3a310c: 4903 ca49 | 3b8f c801 | 0000 0f83 | 5711 0000 | 4989 8fb8 | 0100 000f | 1881 0001 | 0000 48c7 
  0x000001c43e3a312c: 0601 0000 | 000f 1881 | 4001 0000 

  0x000001c43e3a3138: ;   {metadata({type array byte})}
  0x000001c43e3a3138: c746 0818 | 2300 0089 | 7e0c 0f18 | 8180 0100 | 0048 8bd6 | 4883 c210 | 4983 c007 | 49c1 e803 
  0x000001c43e3a3158: 498b cbc5 | f877 49ba | 604b a03d | c401 0000 

  0x000001c43e3a3168: ;   {other}
  0x000001c43e3a3168: 41ff d20f | 1f84 0000 | 0000 00e9 | da00 0000 | 4181 fa00 | 0010 000f | 8753 1600 | 0049 63ca 
  0x000001c43e3a3188: 413b fa44 | 8bc7 450f | 4fc2 4489 | 4424 3c41 | 3bf8 0f82 | a916 0000 | 453b d00f | 82a0 1600 
  0x000001c43e3a31a8: 0048 83c1 | 174c 8bc9 | 4983 e1f8 | 4181 fa00 | 0010 000f | 8780 0f00 | 0049 8bb7 | b801 0000 
  0x000001c43e3a31c8: 4c8b c64d | 03c1 4d3b | 87c8 0100 | 000f 8366 | 0f00 004d | 8987 b801 | 0000 410f | 1880 0001 
  0x000001c43e3a31e8: 0000 48c7 | 0601 0000 | 0041 0f18 | 8040 0100 

  0x000001c43e3a31f8: ;   {metadata({type array byte})}
  0x000001c43e3a31f8: 00c7 4608 | 1823 0000 | 4489 560c | 410f 1880 | 8001 0000 | 488b d648 | 83c2 1048 | c1e9 038b 
  0x000001c43e3a3218: 6c24 3c85 | ed0f 84bd | 1500 0041 | 3bea 0f8c | 290b 0000 | 4983 c1f0 | 49c1 e903 | 498b cb4d 
  0x000001c43e3a3238: 8bc1 c5f8 | 7749 ba60 | 4ba0 3dc4 | 0100 0041 

  0x000001c43e3a3248: ;   {other}
  0x000001c43e3a3248: ffd2 0f1f | 8400 0000 | 0000 4180 | 7f40 000f | 8569 0a00 | 004c 8bd3 | 4c8b de49 | c1eb 0344 
  0x000001c43e3a3268: 895b 144c | 8bde 4d33 | da49 c1eb | 154d 85db | 741a 49c1 | ea09 48b9 | 0000 a142 | c401 0000 
  0x000001c43e3a3288: 4903 ca80 | 3902 0f85 | 690a 0000 | 4488 6310 | 488b d34c | 8b54 2430 | 4c89 5424 | 2066 6690 
  0x000001c43e3a32a8: ;   {optimized virtual_call}
  0x000001c43e3a32a8: c5f8 77e8 

  0x000001c43e3a32ac: ; ImmutableOopMap {[32]=Oop [40]=Oop [48]=Oop [72]=Oop }
                      ;*invokevirtual intern {reexecute=0 rethrow=0 return_oop=1}
                      ; - java.lang.Class::getPackageName@65 (line 1171)
                      ; - java.lang.ClassLoader::postDefineClass@2 (line 934)
                      ; - java.lang.ClassLoader::defineClass@37 (line 1028)
                      ; - java.security.SecureClassLoader::defineClass@12 (line 150)
  0x000001c43e3a32ac: 3071 d9ff 

  0x000001c43e3a32b0: ;   {other}
  0x000001c43e3a32b0: 0f1f 8400 | 200f 0006 | 488b d841 | 807f 4000 | 0f85 d808 | 0000 4c8b | 5424 304c | 8bdb 49c1 
  0x000001c43e3a32d0: eb03 4c8b | 4424 3045 | 8958 3c4c | 8bdb 4d33 | da49 c1eb | 154d 85db | 741f 4885 | db74 1a49 
  0x000001c43e3a32f0: c1ea 0948 | b900 00a1 | 42c4 0100 | 0049 03ca | 8039 020f | 85d1 0800 | 004c 8b54 | 2428 458b 
  0x000001c43e3a3310: 5238 4585 | d20f 84f1 | 0f00 004c | 8bdb 8b43 | 0c4c 8b44 | 2430 458b | 4830 85c0 | 0f84 cb04 
  0x000001c43e3a3330: 0000 438b | 5cd4 2885 | db0f 8436 | 0100 0045 | 8b44 dc0c | 4585 c00f | 860b 1300 | 0044 8bd0 
  0x000001c43e3a3350: 41c1 ea10 | 4433 d049 | 8d0c dc41 | 81e2 ffff | ff7f 41ff | c845 23c2 | 4d63 c046 | 8b44 8110 
  0x000001c43e3a3370: 4585 c00f | 84fc 0000 | 0043 8b6c | c40c 413b | ea0f 84d2 | 0200 0085 | ed0f 8cb9 | 1600 0049 
  0x000001c43e3a3390: c1e0 0341 | 8b48 1885 | c90f 84d6 | 0000 0049 | 8d3c cc49 | 8b97 5004 | 0000 8b4f 

  0x000001c43e3a33ac: ; ImmutableOopMap {r11=Oop r9=NarrowOop rdi=Oop [40]=Oop [48]=Oop [72]=Oop }
                      ;*if_icmpne {reexecute=1 rethrow=0 return_oop=0}
                      ; - (reexecute) java.util.concurrent.ConcurrentHashMap::get@127 (line 946)
                      ; - java.lang.ClassLoader::getNamedPackage@5 (line 341)
                      ; - java.lang.ClassLoader::postDefineClass@9 (line 934)
                      ; - java.lang.ClassLoader::defineClass@37 (line 1028)
                      ; - java.security.SecureClassLoader::defineClass@12 (line 150)
                      ;   {poll}
  0x000001c43e3a33ac: 0c85 0241 | 3bca 7413 | 448b 4718 | 4585 c00f | 84b4 0000 | 004b 8d3c | c4eb dc8b | 6f10 4c8b 
  0x000001c43e3a33cc: c549 c1e0 | 034d 3bc3 | 0f84 9000 | 0000 85ed | 0f84 0a17 | 0000 4889 | 7c24 5844 | 8954 2454 
  0x000001c43e3a33ec: 4489 4c24 | 504c 895c | 2440 4c8b | 5424 304c | 8954 2438 | 4c8b 5424 | 684c 8954 | 2430 4c8b 
  0x000001c43e3a340c: 5424 284c | 8954 2420 | 4d8d 04ec | 498b d348 | 8b6c 2438 

  0x000001c43e3a3420: ;   {optimized virtual_call}
  0x000001c43e3a3420: c5f8 77e8 

  0x000001c43e3a3424: ; ImmutableOopMap {rbp=Oop [32]=Oop [64]=Oop [72]=Oop [80]=NarrowOop [88]=Oop }
                      ;*invokevirtual equals {reexecute=0 rethrow=0 return_oop=0}
                      ; - java.util.concurrent.ConcurrentHashMap::get@149 (line 947)
                      ; - java.lang.ClassLoader::getNamedPackage@5 (line 341)
                      ; - java.lang.ClassLoader::postDefineClass@9 (line 934)
                      ; - java.lang.ClassLoader::defineClass@37 (line 1028)
                      ; - java.security.SecureClassLoader::defineClass@12 (line 150)
  0x000001c43e3a3424: 187a a300 

  0x000001c43e3a3428: ;   {other}
  0x000001c43e3a3428: 0f1f 8400 | 9810 0008 | 4d8b 9750 

  0x000001c43e3a3434: ; ImmutableOopMap {rbp=Oop [32]=Oop [64]=Oop [72]=Oop [80]=NarrowOop [88]=Oop }
                      ;*ifeq {reexecute=1 rethrow=0 return_oop=0}
                      ; - (reexecute) java.util.concurrent.ConcurrentHashMap::get@152 (line 947)
                      ; - java.lang.ClassLoader::getNamedPackage@5 (line 341)
                      ; - java.lang.ClassLoader::postDefineClass@9 (line 934)
                      ; - java.lang.ClassLoader::defineClass@37 (line 1028)
                      ; - java.security.SecureClassLoader::defineClass@12 (line 150)
                      ;   {poll}
  0x000001c43e3a3434: 0400 0041 | 8502 85c0 | 0f84 ae09 | 0000 4c8b | 5424 204c | 8954 2428 | 4c8b 5424 | 304c 8954 
  0x000001c43e3a3454: 2468 4889 | 6c24 304c | 8b5c 2440 | 448b 4c24 | 5048 8b7c | 2458 8b6f | 1485 ed0f | 851e 0300 
  0x000001c43e3a3474: 0049 8b87 | b801 0000 | 4c8b d049 | 83c2 184d | 3b97 c801 | 0000 0f83 | 860c 0000 | 4d89 97b8 
  0x000001c43e3a3494: 0100 0041 | 0f18 8200 | 0100 0048 | c700 0100 

  0x000001c43e3a34a4: ;   {metadata('java/lang/NamedPackage')}
  0x000001c43e3a34a4: 0000 c740 | 08e8 c001 | 0044 8960 | 0c4c 8960 | 104c 895c | 2420 4489 | 4c24 3848 | 8944 2440 
  0x000001c43e3a34c4: 488b 5424 | 2066 6690 

  0x000001c43e3a34cc: ;   {optimized virtual_call}
  0x000001c43e3a34cc: c5f8 77e8 

  0x000001c43e3a34d0: ; ImmutableOopMap {[32]=Oop [40]=Oop [48]=Oop [56]=NarrowOop [64]=Oop [72]=Oop }
                      ;*invokevirtual isEmpty {reexecute=0 rethrow=0 return_oop=0}
                      ; - java.lang.NamedPackage::<init>@5 (line 48)
                      ; - java.lang.ClassLoader::getNamedPackage@22 (line 343)
                      ; - java.lang.ClassLoader::postDefineClass@9 (line 934)
                      ; - java.lang.ClassLoader::defineClass@37 (line 1028)
                      ; - java.security.SecureClassLoader::defineClass@12 (line 150)
  0x000001c43e3a34d0: 6cc0 ddff 

  0x000001c43e3a34d4: ;   {other}
  0x000001c43e3a34d4: 0f1f 8400 | 4411 000a | 85c0 0f84 | 2f04 0000 | 448b 5c24 | 3845 85db | 0f84 8613 | 0000 4f8d 
  0x000001c43e3a34f4: 14dc 4c89 | 5424 5049 | 8bd2 6690 

  0x000001c43e3a3500: ;   {optimized virtual_call}
  0x000001c43e3a3500: c5f8 77e8 

  0x000001c43e3a3504: ; ImmutableOopMap {[32]=Oop [40]=Oop [48]=Oop [56]=NarrowOop [64]=Oop [72]=Oop [80]=Oop }
                      ;*invokevirtual isNamed {reexecute=0 rethrow=0 return_oop=0}
                      ; - java.lang.NamedPackage::<init>@12 (line 48)
                      ; - java.lang.ClassLoader::getNamedPackage@22 (line 343)
                      ; - java.lang.ClassLoader::postDefineClass@9 (line 934)
                      ; - java.lang.ClassLoader::defineClass@37 (line 1028)
                      ; - java.security.SecureClassLoader::defineClass@12 (line 150)
  0x000001c43e3a3504: 3856 3000 

  0x000001c43e3a3508: ;   {other}
  0x000001c43e3a3508: 0f1f 8400 | 7811 000b | 85c0 0f84 | fb03 0000 | 498b 87b8 | 0100 004c | 8bd0 4983 | c228 4d3b 
  0x000001c43e3a3528: 97c8 0100 | 000f 837c | 0c00 004d | 8997 b801 | 0000 410f | 1882 0001 | 0000 48c7 | 0001 0000 
  0x000001c43e3a3548: ;   {metadata('java/lang/InternalError')}
  0x000001c43e3a3548: 00c7 4008 | 3807 0100 | 4489 600c | 4c89 6010 | 4c89 6018 | 4c89 6020 | 4889 4424 | 6849 8b87 
  0x000001c43e3a3568: b801 0000 | 4c8b d049 | 83c2 184d | 3b97 c801 | 0000 0f83 | 510c 0000 | 4d89 97b8 | 0100 0041 
  0x000001c43e3a3588: 0f18 8200 | 0100 0048 | c700 0100 

  0x000001c43e3a3594: ;   {metadata('java/lang/StringBuilder')}
  0x000001c43e3a3594: 0000 c740 | 0840 8000 | 0044 8960 | 0c4c 8960 | 1048 8be8 | 488b d590 

  0x000001c43e3a35ac: ;   {optimized virtual_call}
  0x000001c43e3a35ac: c5f8 77e8 

  0x000001c43e3a35b0: ; ImmutableOopMap {rbp=Oop [32]=Oop [40]=Oop [48]=Oop [56]=NarrowOop [64]=Oop [72]=Oop [80]=Oop [104]=Oop }
                      ;*invokespecial <init> {reexecute=0 rethrow=0 return_oop=0}
                      ; - java.lang.NamedPackage::<init>@26 (line 49)
                      ; - java.lang.ClassLoader::getNamedPackage@22 (line 343)
                      ; - java.lang.ClassLoader::postDefineClass@9 (line 934)
                      ; - java.lang.ClassLoader::defineClass@37 (line 1028)
                      ; - java.security.SecureClassLoader::defineClass@12 (line 150)
  0x000001c43e3a35b0: ccb4 67ff 

  0x000001c43e3a35b4: ;   {other}
  0x000001c43e3a35b4: 0f1f 8400 | 2412 000c 

  0x000001c43e3a35bc: ;   {oop("unnamed package in  "{0x0000000740ad7570})}
  0x000001c43e3a35bc: 49b8 7075 | ad40 0700 | 0000 488b | d54c 8b54 | 2468 4c89 | 5424 6090 

  0x000001c43e3a35d4: ;   {optimized virtual_call}
  0x000001c43e3a35d4: c5f8 77e8 

  0x000001c43e3a35d8: ; ImmutableOopMap {[32]=Oop [40]=Oop [48]=Oop [56]=NarrowOop [64]=Oop [72]=Oop [80]=Oop [96]=Oop [104]=Oop }
                      ;*invokevirtual append {reexecute=0 rethrow=0 return_oop=1}
                      ; - java.lang.NamedPackage::<init>@31 (line 49)
                      ; - java.lang.ClassLoader::getNamedPackage@22 (line 343)
                      ; - java.lang.ClassLoader::postDefineClass@9 (line 934)
                      ; - java.lang.ClassLoader::defineClass@37 (line 1028)
                      ; - java.security.SecureClassLoader::defineClass@12 (line 150)
  0x000001c43e3a35d8: a4b4 67ff 

  0x000001c43e3a35dc: ;   {other}
  0x000001c43e3a35dc: 0f1f 8400 | 4c12 000d | 4885 c00f | 84db 1200 | 0048 8bd0 | 4c8b 4424 | 504c 8b54 | 2460 4c89 
  0x000001c43e3a35fc: 5424 5090 

  0x000001c43e3a3600: ;   {optimized virtual_call}
  0x000001c43e3a3600: c5f8 77e8 

  0x000001c43e3a3604: ; ImmutableOopMap {[32]=Oop [40]=Oop [48]=Oop [56]=NarrowOop [64]=Oop [72]=Oop [80]=Oop [96]=Oop }
                      ;*invokevirtual append {reexecute=0 rethrow=0 return_oop=1}
                      ; - java.lang.NamedPackage::<init>@35 (line 49)
                      ; - java.lang.ClassLoader::getNamedPackage@22 (line 343)
                      ; - java.lang.ClassLoader::postDefineClass@9 (line 934)
                      ; - java.lang.ClassLoader::defineClass@37 (line 1028)
                      ; - java.security.SecureClassLoader::defineClass@12 (line 150)
  0x000001c43e3a3604: 78b4 67ff 

  0x000001c43e3a3608: ;   {other}
  0x000001c43e3a3608: 0f1f 8400 | 7812 000e | 4885 c00f | 84c7 1200 | 0048 8bd0 

  0x000001c43e3a361c: ;   {optimized virtual_call}
  0x000001c43e3a361c: c5f8 77e8 

  0x000001c43e3a3620: ; ImmutableOopMap {[32]=Oop [40]=Oop [48]=Oop [56]=NarrowOop [64]=Oop [72]=Oop [80]=Oop }
                      ;*invokevirtual toString {reexecute=0 rethrow=0 return_oop=1}
                      ; - java.lang.NamedPackage::<init>@38 (line 49)
                      ; - java.lang.ClassLoader::getNamedPackage@22 (line 343)
                      ; - java.lang.ClassLoader::postDefineClass@9 (line 934)
                      ; - java.lang.ClassLoader::defineClass@37 (line 1028)
                      ; - java.security.SecureClassLoader::defineClass@12 (line 150)
  0x000001c43e3a3620: 5cb4 67ff 

  0x000001c43e3a3624: ;   {other}
  0x000001c43e3a3624: 0f1f 8400 | 9412 000f | 488b 5424 | 504c 8bc0 

  0x000001c43e3a3634: ;   {optimized virtual_call}
  0x000001c43e3a3634: c5f8 77e8 

  0x000001c43e3a3638: ; ImmutableOopMap {[32]=Oop [40]=Oop [48]=Oop [56]=NarrowOop [64]=Oop [72]=Oop [80]=Oop }
                      ;*invokespecial <init> {reexecute=0 rethrow=0 return_oop=0}
                      ; - java.lang.NamedPackage::<init>@41 (line 49)
                      ; - java.lang.ClassLoader::getNamedPackage@22 (line 343)
                      ; - java.lang.ClassLoader::postDefineClass@9 (line 934)
                      ; - java.lang.ClassLoader::defineClass@37 (line 1028)
                      ; - java.security.SecureClassLoader::defineClass@12 (line 150)
  0x000001c43e3a3638: 44b4 67ff 

  0x000001c43e3a363c: ;   {other}
  0x000001c43e3a363c: 0f1f 8400 | ac12 0010 | 488b 5424 | 50c5 f877 | 4881 c4b0 | 0000 005d 

  0x000001c43e3a3654: ;   {runtime_call _rethrow_Java}
  0x000001c43e3a3654: e927 8474 | ff43 8b6c | c410 488b | cd48 c1e1 | 0349 3bcb | 0f84 1801 | 0000 418b | 4cec 0849 
  0x000001c43e3a3674: 8d3c ec4c | 3bdf 0f84 | 0601 0000 

  0x000001c43e3a3680: ;   {metadata('java/lang/String')}
  0x000001c43e3a3680: 81f9 78e8 | 0000 0f85 | 0412 0000 | 410f be5b | 100f be6f | 103b dd0f | 8573 1300 | 008b 5714 
  0x000001c43e3a36a0: 418b 7b14 | 418b 5cd4 | 0c41 8b4c | fc0c 3bcb | 0f85 da11 | 0000 498d | 1cd4 498d | 74d4 1049 
  0x000001c43e3a36c0: 8d1c fc49 | 8d7c fc10 | 85c9 0f84 | 9d00 0000 | 8bc1 83e0 | 1f83 e1e0 | 0f84 4b00 | 0000 488d 
  0x000001c43e3a36e0: 3c0f 488d | 340e 48f7 | d9c5 fe6f | 040f c5fe | 6f0c 0ec5 | fdef c1c4 | e27d 17c0 | 0f85 7200 
  0x000001c43e3a3700: 0000 4883 | c120 75e1 | 85c0 0f84 | 5d00 0000 | c5fe 6f44 | 07e0 c5fe | 6f4c 06e0 | c5fd efc1 
  0x000001c43e3a3720: c4e2 7d17 | c075 4deb | 448b c883 | e1fc 7419 | 488d 3c0f | 488d 340e | 48f7 d98b | 1c0f 3b1c 
  0x000001c43e3a3740: 0e75 3148 | 83c1 0475 | f2a8 0274 | 120f b71f | 0fb7 0e3b | d975 1d48 | 8d7f 0248 | 8d76 02a8 
  0x000001c43e3a3760: 0174 0a0f | b61f 0fb6 | 0e3b d975 | 07b8 0100 | 0000 eb02 | 33c0 c5fd | efc0 c5f5 

  0x000001c43e3a377c: ;   {no_reloc}
  0x000001c43e3a377c: efc9 85c0 | 0f84 0a11 | 0000 438b | 6cc4 1485 | ed0f 84e2 | fcff ff45 | 8b54 ec08 | 49bb 0000 
  0x000001c43e3a379c: 004d c401 | 0000 4d03 | da4d 8b53 

  0x000001c43e3a37a8: ;   {metadata('java/lang/NamedPackage')}
  0x000001c43e3a37a8: 3849 bbe8 | c001 4dc4 | 0100 004d | 3bd3 0f85 | 400d 0000 | 4c8b 5424 | 4845 8b52 | 1043 8b6c 
  0x000001c43e3a37c8: d414 85ed | 0f85 e611 | 0000 438b | 6cd4 1085 | ed0f 85f5 | 1100 0048 | 8b44 2430 | c5f8 7748 
  0x000001c43e3a37e8: 81c4 b000 

  0x000001c43e3a37ec: ;   {poll_return}
  0x000001c43e3a37ec: 0000 5d49 | 3ba7 4804 | 0000 0f87 | c016 0000 | c30f b64b | 1185 c90f | 8545 0500 | 000f be4b 
  0x000001c43e3a380c: 1085 c90f | 8567 1200 | 0044 894c | 243c 4889 | 5c24 2044 | 8b43 144b | 8d2c d444 | 8954 2438 
  0x000001c43e3a382c: 498b d048 | c1e2 0390 

  0x000001c43e3a3834: ;   {static_call}
  0x000001c43e3a3834: c5f8 77e8 

  0x000001c43e3a3838: ; ImmutableOopMap {rbp=Oop [32]=Oop [40]=Oop [48]=Oop [56]=NarrowOop [60]=NarrowOop [72]=Oop }
                      ;*invokestatic hashCode {reexecute=0 rethrow=0 return_oop=0}
                      ; - java.lang.String::hashCode@27 (line 2369)
                      ; - java.util.concurrent.ConcurrentHashMap::get@1 (line 936)
                      ; - java.lang.ClassLoader::getNamedPackage@5 (line 341)
                      ; - java.lang.ClassLoader::postDefineClass@9 (line 934)
                      ; - java.lang.ClassLoader::defineClass@37 (line 1028)
                      ; - java.security.SecureClassLoader::defineClass@12 (line 150)
  0x000001c43e3a3838: 0408 daff 

  0x000001c43e3a383c: ;   {other}
  0x000001c43e3a383c: 0f1f 8400 | ac14 0011 | 85c0 0f84 | d605 0000 | 4c8b 5c24 | 2041 8943 | 0c44 8b54 | 2438 448b 
  0x000001c43e3a385c: 4c24 3ce9 | cefa ffff | 488b 7424 | 30e9 78f5 | ffff 488b | d048 8944 | 2420 6690 

  0x000001c43e3a3878: ;   {optimized virtual_call}
  0x000001c43e3a3878: c5f8 77e8 

  0x000001c43e3a387c: ; ImmutableOopMap {[32]=Oop [40]=Oop [48]=Oop [72]=Oop [136]=Oop }
                      ;*invokevirtual initClassName {reexecute=0 rethrow=0 return_oop=1}
                      ; - java.lang.Class::getName@14 (line 950)
                      ; - java.lang.Class::getPackageName@40 (line 1169)
                      ; - java.lang.ClassLoader::postDefineClass@2 (line 934)
                      ; - java.lang.ClassLoader::defineClass@37 (line 1028)
                      ; - java.security.SecureClassLoader::defineClass@12 (line 150)
  0x000001c43e3a387c: 60d1 dbff 

  0x000001c43e3a3880: ;   {other}
  0x000001c43e3a3880: 0f1f 8400 | f014 0012 | 4885 c00f | 858b f6ff | ffba f6ff | ffff 6690 

  0x000001c43e3a3898: ;   {runtime_call UncommonTrapBlob}
  0x000001c43e3a3898: c5f8 77e8 

  0x000001c43e3a389c: ; ImmutableOopMap {}
                      ;*invokevirtual lastIndexOf {reexecute=0 rethrow=0 return_oop=0}
                      ; - java.lang.Class::getPackageName@47 (line 1170)
                      ; - java.lang.ClassLoader::postDefineClass@2 (line 934)
                      ; - java.lang.ClassLoader::defineClass@37 (line 1028)
                      ; - java.security.SecureClassLoader::defineClass@12 (line 150)
  0x000001c43e3a389c: e00a 68ff 

  0x000001c43e3a38a0: ;   {other}
  0x000001c43e3a38a0: 0f1f 8400 | 1015 0013 | 4380 7cdc | 1161 0f85 | ebf1 ffff | 4380 7cdc | 1276 0f85 | dff1 ffff 
  0x000001c43e3a38c0: 4380 7cdc | 1361 0f85 | d3f1 ffff | 470f be44 | dc14 4183 | f82e 0f85 | c3f1 ffff 

  0x000001c43e3a38dc: ;   {oop(a 'jdk/internal/loader/ClassLoaders$PlatformClassLoader'{0x0000000741aa9be8})}
  0x000001c43e3a38dc: 49b8 e89b | aa41 0700 | 0000 488b | 5c24 2849 | 3bd8 0f85 | 6c12 0000 

  0x000001c43e3a38f4: ;   {oop(a 'jdk/internal/loader/ClassLoaders$PlatformClassLoader'{0x0000000741aa9be8})}
  0x000001c43e3a38f4: 48bb e89b | aa41 0700 | 0000 e9a1 | f1ff ff48 | 8bd8 e98d | f9ff ff44 | 8bc7 e9af | f2ff ff44 
  0x000001c43e3a3914: 8b5c 2438 | 498b eb48 | c1e5 0348 | 8b54 2420 

  0x000001c43e3a3924: ;   {optimized virtual_call}
  0x000001c43e3a3924: c5f8 77e8 

  0x000001c43e3a3928: ; ImmutableOopMap {rbp=Oop [32]=Oop [40]=Oop [48]=Oop [56]=NarrowOop [64]=Oop [72]=Oop }
                      ;*invokevirtual intern {reexecute=0 rethrow=0 return_oop=1}
                      ; - java.lang.NamedPackage::<init>@47 (line 51)
                      ; - java.lang.ClassLoader::getNamedPackage@22 (line 343)
                      ; - java.lang.ClassLoader::postDefineClass@9 (line 934)
                      ; - java.lang.ClassLoader::defineClass@37 (line 1028)
                      ; - java.security.SecureClassLoader::defineClass@12 (line 150)
  0x000001c43e3a3928: b46a d9ff 

  0x000001c43e3a392c: ;   {other}
  0x000001c43e3a392c: 0f1f 8400 | 9c15 0014 | 488b d841 | 807f 4000 | 0f85 1f06 | 0000 4c8b | 5424 404c | 8954 2458 
  0x000001c43e3a394c: 4c8b c34d | 8bd8 49c1 | eb03 4c8b | 5424 5845 | 895a 0c4d | 8bd8 4d33 | da49 c1eb | 154d 85db 
  0x000001c43e3a396c: 741f 4d85 | c074 1a49 | c1ea 0948 | b900 00a1 | 42c4 0100 | 0049 03ca | 8039 020f | 8515 0600 
  0x000001c43e3a398c: 0041 807f | 4000 0f85 | 8d05 0000 | 448b 5c24 | 3844 895c | 2450 4c8b | 5424 5845 | 895a 104c 
  0x000001c43e3a39ac: 8bd5 4c8b | 5c24 584d | 33d3 49c1 | ea15 4d85 | d274 2044 | 8b54 2438 | 4585 d274 | 1649 c1eb 
  0x000001c43e3a39cc: 094c 8b44 | 2468 4d03 | c341 8038 | 020f 8514 | 0600 004c | 8b54 2428 | 458b 5a38 | 4585 db0f 
  0x000001c43e3a39ec: 84c7 1000 | 004b 8d14 | dc4c 8b44 | 2420 4c8b | 4c24 5890 

  0x000001c43e3a3a00: ;   {optimized virtual_call}
  0x000001c43e3a3a00: c5f8 77e8 

  0x000001c43e3a3a04: ; ImmutableOopMap {[40]=Oop [48]=Oop [72]=Oop [80]=NarrowOop [88]=Oop }
                      ;*invokevirtual putIfAbsent {reexecute=0 rethrow=0 return_oop=1}
                      ; - java.lang.ClassLoader::getNamedPackage@32 (line 345)
                      ; - java.lang.ClassLoader::postDefineClass@9 (line 934)
                      ; - java.lang.ClassLoader::defineClass@37 (line 1028)
                      ; - java.security.SecureClassLoader::defineClass@12 (line 150)
  0x000001c43e3a3a04: 38b2 e3ff 

  0x000001c43e3a3a08: ;   {other}
  0x000001c43e3a3a08: 0f1f 8400 | 7816 0015 | 4885 c00f | 84a3 fdff | ff44 8b58 | 0849 ba00 | 0000 4dc4 | 0100 004d 
  0x000001c43e3a3a28: 03d3 4d8b 

  0x000001c43e3a3a2c: ;   {metadata('java/lang/NamedPackage')}
  0x000001c43e3a3a2c: 5238 49bb | e8c0 014d | c401 0000 | 4d3b d30f | 8593 1000 | 0048 8be8 | ba54 ffff | ff4c 8b54 
  0x000001c43e3a3a4c: 2448 4c89 | 5424 3890 

  0x000001c43e3a3a54: ;   {runtime_call UncommonTrapBlob}
  0x000001c43e3a3a54: c5f8 77e8 

  0x000001c43e3a3a58: ; ImmutableOopMap {rbp=Oop [40]=Oop [48]=Oop [56]=Oop [80]=NarrowOop [88]=Oop }
                      ;*ifnull {reexecute=1 rethrow=0 return_oop=0}
                      ; - (reexecute) java.lang.ClassLoader::getNamedPackage@42 (line 346)
                      ; - java.lang.ClassLoader::postDefineClass@9 (line 934)
                      ; - java.lang.ClassLoader::defineClass@37 (line 1028)
                      ; - java.security.SecureClassLoader::defineClass@12 (line 150)
  0x000001c43e3a3a58: 2409 68ff 

  0x000001c43e3a3a5c: ;   {other}
  0x000001c43e3a3a5c: 0f1f 8400 | cc16 0016 | 458b d0e9 | 03f6 ffff | 498b d290 

  0x000001c43e3a3a70: ;   {optimized virtual_call}
  0x000001c43e3a3a70: c5f8 77e8 

  0x000001c43e3a3a74: ; ImmutableOopMap {rbp=NarrowOop [40]=Oop [48]=Oop [56]=Oop [136]=Oop }
                      ;*invokevirtual length {reexecute=0 rethrow=0 return_oop=0}
                      ; - java.lang.String::indexOf@30 (line 2462)
                      ; - java.lang.String::indexOf@3 (line 2405)
                      ; - java.lang.ClassLoader::checkName@16 (line 1157)
                      ; - java.lang.ClassLoader::preDefineClass@1 (line 900)
                      ; - java.lang.ClassLoader::defineClass@4 (line 1025)
                      ; - java.security.SecureClassLoader::defineClass@12 (line 150)
  0x000001c43e3a3a74: 08b0 67ff 

  0x000001c43e3a3a78: ;   {other}
  0x000001c43e3a3a78: 0f1f 8400 | e816 0017 | 488b d548 | c1e2 0341 | b82f 0000 | 0045 33c9 | 8bf8 488b | 6c24 284c 
  0x000001c43e3a3a98: 8b54 2430 | 4c89 5424 | 2066 6690 

  0x000001c43e3a3aa4: ;   {static_call}
  0x000001c43e3a3aa4: c5f8 77e8 

  0x000001c43e3a3aa8: ; ImmutableOopMap {rbp=Oop [32]=Oop [40]=Oop [48]=Oop [56]=Oop [136]=Oop }
                      ;*invokestatic indexOf {reexecute=0 rethrow=0 return_oop=0}
                      ; - java.lang.String::indexOf@33 (line 2462)
                      ; - java.lang.String::indexOf@3 (line 2405)
                      ; - java.lang.ClassLoader::checkName@16 (line 1157)
                      ; - java.lang.ClassLoader::preDefineClass@1 (line 900)
                      ; - java.lang.ClassLoader::defineClass@4 (line 1025)
                      ; - java.security.SecureClassLoader::defineClass@12 (line 150)
  0x000001c43e3a3aa8: d4b5 67ff 

  0x000001c43e3a3aac: ;   {other}
  0x000001c43e3a3aac: 0f1f 8400 | 1c17 0018 | 8bd8 e961 | efff ffbb | ffff ffff | e957 efff 

  0x000001c43e3a3ac4: ;   {oop(""{0x0000000741a8d640})}
  0x000001c43e3a3ac4: ff48 be40 | d6a8 4107 | 0000 00e9 | 12f3 ffff 

  0x000001c43e3a3ad4: ;   {oop(""{0x0000000741a8d640})}
  0x000001c43e3a3ad4: 48bb 40d6 | a841 0700 | 0000 e9b5 

  0x000001c43e3a3ae0: ;   {oop(""{0x0000000741a8d640})}
  0x000001c43e3a3ae0: f7ff ff48 | be40 d6a8 | 4107 0000 | 00e9 f4f2 

  0x000001c43e3a3af0: ;   {oop(""{0x0000000741a8d640})}
  0x000001c43e3a3af0: ffff 48bb | 40d6 a841 | 0700 0000 | 49ba 0000 | a142 c401 | 0000 4c89 | 5424 6841 | baff ffff 
  0x000001c43e3a3b10: ffe9 59f5 | ffff 448b | 5e14 4585 | db0f 8488 | f2ff ff4d | 8b57 2849 | 8bcb 48c1 | e103 4d85 
  0x000001c43e3a3b30: d20f 845d | 0c00 004d | 8b5f 384b | 894c 13f8 | 4983 c2f8 | 4d89 5728 | e95e f2ff | ff4d 8b57 
  0x000001c43e3a3b50: 484d 8b5f | 58f0 8344 | 24c0 0080 | 3900 0f84 | 7ef2 ffff | 4488 214d | 85d2 7520 | 498b d7c5 
  0x000001c43e3a3b70: f877 49ba | d0fc 6ffd | fa7f 0000 

  0x000001c43e3a3b7c: ;   {other}
  0x000001c43e3a3b7c: 41ff d20f | 1f84 0000 | 0000 00e9 | 56f2 ffff | 4b89 4c13 | f849 83c2 | f84d 8957 | 48e9 44f2 
  0x000001c43e3a3b9c: ffff 4c8b | 5424 3045 | 8b5a 3c45 | 85db 0f84 | 16f7 ffff | 4d8b 5728 | 498b cb48 | c1e1 034d 
  0x000001c43e3a3bbc: 85d2 0f84 | 680d 0000 | 4d8b 5f38 | 4b89 4c13 | f849 83c2 | f84d 8957 | 28e9 ecf6 | ffff 4d8b 
  0x000001c43e3a3bdc: 5748 4d8b | 5f58 f083 | 4424 c000 | 8039 000f | 8418 f7ff | ff44 8821 | 4d85 d275 | 2049 8bd7 
  0x000001c43e3a3bfc: c5f8 7749 | bad0 fc6f | fdfa 7f00 | 0041 ffd2 

  0x000001c43e3a3c0c: ;   {other}
  0x000001c43e3a3c0c: 0f1f 8400 | 0000 0000 | e9f0 f6ff | ff4b 894c | 13f8 4983 | c2f8 4d89 | 5748 e9de | f6ff ff4c 
  0x000001c43e3a3c2c: 63c5 4d8d | 5810 498b | d348 83e2 | f849 8bfd | 4803 fa49 | c1eb 0349 | 2bcb 4833 | c048 83f9 
  0x000001c43e3a3c4c: 087f 1048 | ffc9 784f | 4889 04cf | 48ff c97d | f7eb 44c5 | fdef c0e9 | 0d00 0000 | c5fe 7f07 
  0x000001c43e3a3c6c: c5fe 7f47 | 2048 83c7 | 4048 83e9 | 087d ed48 | 83c1 047c | 0cc5 fe7f | 0748 83c7 | 2048 83e9 
  0x000001c43e3a3c8c: 0448 83c1 | 047e 1048 | ffc9 c5f9 | d607 4883 | c708 48ff | c97d f349 | 8bc9 498b | d2c5 f877 
  0x000001c43e3a3cac: 49ba c044 | a03d c401 | 0000 41ff 

  0x000001c43e3a3cb8: ;   {other}
  0x000001c43e3a3cb8: d20f 1f84 | 0000 0000 | 00e9 daf0 | ffff 448b | 5b14 4585 | db0f 848a | f5ff ff4d | 8b57 2849 
  0x000001c43e3a3cd8: 8bcb 48c1 | e103 4d85 | d20f 8409 | 0d00 004d | 8b5f 384b | 894c 13f8 | 4983 c2f8 | 4d89 5728 
  0x000001c43e3a3cf8: e960 f5ff | ff4d 8b57 | 484d 8b5f | 58f0 8344 | 24c0 0080 | 3900 0f84 | 80f5 ffff | 4488 214d 
  0x000001c43e3a3d18: 85d2 7520 | 498b d7c5 | f877 49ba | d0fc 6ffd | fa7f 0000 

  0x000001c43e3a3d2c: ;   {other}
  0x000001c43e3a3d2c: 41ff d20f | 1f84 0000 | 0000 00e9 | 58f5 ffff | 4b89 4c13 | f849 83c2 | f84d 8957 | 48e9 46f5 
  0x000001c43e3a3d4c: ffff 33c0 | e9dd f5ff | ff44 8bc5 | 4d63 c04d | 8d50 104d | 8bca 4983 | e1f8 488b | fe49 03f9 
  0x000001c43e3a3d6c: 49c1 ea03 | 492b ca48 | 33c0 4883 | f908 7f10 | 48ff c978 | 4f48 8904 | cf48 ffc9 | 7df7 eb44 
  0x000001c43e3a3d8c: c5fd efc0 | e90d 0000 | 00c5 fe7f | 07c5 fe7f | 4720 4883 | c740 4883 | e908 7ded | 4883 c104 
  0x000001c43e3a3dac: 7c0c c5fe | 7f07 4883 | c720 4883 | e904 4883 | c104 7e10 | 48ff c9c5 | f9d6 0748 | 83c7 0848 
  0x000001c43e3a3dcc: ffc9 7df3 | 498b cbc5 | f877 49ba | c044 a03d | c401 0000 

  0x000001c43e3a3de0: ;   {other}
  0x000001c43e3a3de0: 41ff d20f | 1f84 0000 | 0000 00e9 | 62f4 ffff | 4c8b 5424 | 204c 8954 | 2428 4c8b | 5424 304c 
  0x000001c43e3a3e00: 8954 2468 | 4889 6c24 | 304c 8b5c | 2440 448b | 4c24 5044 | 8b54 2454 | 4c8b 4424 | 58e9 71f5 
  0x000001c43e3a3e20: ffff 4c8b | 5c24 2041 | c643 1101 | 33c0 448b | 5424 3844 | 8b4c 243c | e9f5 f4ff 

  0x000001c43e3a3e3c: ;   {metadata('java/security/SecureClassLoader$CodeSourceKey')}
  0x000001c43e3a3e3c: ff48 ba38 | ce11 4dc4 | 0100 0090 

  0x000001c43e3a3e48: ;   {runtime_call _new_instance_Java}
  0x000001c43e3a3e48: c5f8 77e8 

  0x000001c43e3a3e4c: ; ImmutableOopMap {rbp=Oop [40]=Oop [48]=Oop [56]=Oop }
                      ;*new {reexecute=0 rethrow=0 return_oop=1}
                      ; - java.security.SecureClassLoader::getProtectionDomain@6 (line 221)
                      ; - java.security.SecureClassLoader::defineClass@9 (line 150)
  0x000001c43e3a3e4c: 304b 74ff 

  0x000001c43e3a3e50: ;   {other}
  0x000001c43e3a3e50: 0f1f 8400 | c01a 0019 | 4c8b c0e9 | 1aea ffff 

  0x000001c43e3a3e60: ;   {metadata('java/security/SecureClassLoader$1')}
  0x000001c43e3a3e60: 48ba d0d3 | 114d c401 | 0000 4c89 | 4424 5090 

  0x000001c43e3a3e70: ;   {runtime_call _new_instance_Java}
  0x000001c43e3a3e70: c5f8 77e8 

  0x000001c43e3a3e74: ; ImmutableOopMap {rbp=NarrowOop [40]=Oop [48]=Oop [56]=Oop [80]=Oop }
                      ;*new {reexecute=0 rethrow=0 return_oop=1}
                      ; - java.security.SecureClassLoader::getProtectionDomain@20 (line 222)
                      ; - java.security.SecureClassLoader::defineClass@9 (line 150)
  0x000001c43e3a3e74: 084b 74ff 

  0x000001c43e3a3e78: ;   {other}
  0x000001c43e3a3e78: 0f1f 8400 | e81a 001a | 4c8b c84c | 8b44 2450 | e93a eaff | ff44 8944 | 2474 4489 | 7424 7048 
  0x000001c43e3a3e98: 895c 2468 | 4c89 4c24 | 6048 8944 | 2458 4489 | 5424 5444 | 895c 2450 | 4c8b 9424 | 8800 0000 
  0x000001c43e3a3eb8: 4c89 5424 | 484c 8b54 | 2430 4c89 | 5424 2048 | 8b6c 2428 

  0x000001c43e3a3ecc: ;   {metadata('java/lang/String')}
  0x000001c43e3a3ecc: 48ba 78e8 | 004d c401 | 0000 6690 

  0x000001c43e3a3ed8: ;   {runtime_call _new_instance_Java}
  0x000001c43e3a3ed8: c5f8 77e8 

  0x000001c43e3a3edc: ; ImmutableOopMap {rbp=Oop [32]=Oop [56]=Oop [72]=Oop [80]=NarrowOop [88]=Oop [96]=Derived_oop_[88] [104]=Oop [112]=NarrowOop [136]=Oop }
                      ;*new {reexecute=0 rethrow=0 return_oop=1}
                      ; - java.lang.StringLatin1::newString@7 (line 752)
                      ; - java.lang.String::substring@41 (line 2839)
                      ; - java.lang.ClassLoader::checkCerts@21 (line 1164)
                      ; - java.lang.ClassLoader::preDefineClass@113 (line 917)
                      ; - java.lang.ClassLoader::defineClass@4 (line 1025)
                      ; - java.security.SecureClassLoader::defineClass@12 (line 150)
  0x000001c43e3a3edc: a04a 74ff 

  0x000001c43e3a3ee0: ;   {other}
  0x000001c43e3a3ee0: 0f1f 8400 | 501b 001b | 488b c848 | 896c 2428 | 4c8b 5424 | 204c 8954 | 2430 448b | 5c24 5044 
  0x000001c43e3a3f00: 8b54 2454 | 488b 4424 | 584c 8b4c | 2460 488b | 5c24 6844 | 8b74 2470 | 448b 4424 | 7448 8bf1 
  0x000001c43e3a3f20: e90a edff | ff4c 8b54 | 2458 458b | 5a10 4585 | db0f 8461 | faff ff4d | 8b57 2849 | 8bcb 48c1 
  0x000001c43e3a3f40: e103 4d85 | d20f 84d5 | 0b00 004d | 8b5f 384b | 894c 13f8 | 4983 c2f8 | 4d89 5728 | e937 faff 
  0x000001c43e3a3f60: ff4c 8b54 | 2440 4c89 | 5424 5845 | 8b52 0c45 | 85d2 0f84 | d4f9 ffff | 4d8b 5f28 | 498b ca48 
  0x000001c43e3a3f80: c1e1 034d | 85db 0f84 | b40b 0000 | 4d8b 5738 | 4b89 4c1a | f849 83c3 | f84d 895f | 28e9 aaf9 
  0x000001c43e3a3fa0: ffff 4d8b | 5758 4d8b | 5f48 f083 | 4424 c000 | 8039 000f | 84d4 f9ff | ff44 8821 | 4d85 db75 
  0x000001c43e3a3fc0: 2049 8bd7 | c5f8 7749 | bad0 fc6f | fdfa 7f00 | 0041 ffd2 

  0x000001c43e3a3fd4: ;   {other}
  0x000001c43e3a3fd4: 0f1f 8400 | 0000 0000 | e9ac f9ff | ff4b 894c | 1af8 4983 | c3f8 4d89 | 5f48 e99a | f9ff ff4d 
  0x000001c43e3a3ff4: 8b57 484d | 8b5f 58f0 | 8344 24c0 | 0041 8038 | 000f 84d4 | f9ff ff45 | 8820 4d85 | d275 2349 
  0x000001c43e3a4014: 8bc8 498b | d7c5 f877 | 49ba d0fc | 6ffd fa7f | 0000 41ff 

  0x000001c43e3a4028: ;   {other}
  0x000001c43e3a4028: d20f 1f84 | 0000 0000 | 00e9 a9f9 | ffff 4f89 | 4413 f849 | 83c2 f84d | 8957 48e9 | 97f9 ffff 
  0x000001c43e3a4048: 4c89 9c24 | 8000 0000 | 4889 4c24 | 7848 8974 | 2470 4489 | 4424 6c44 | 8974 2468 | 4889 5c24 
  0x000001c43e3a4068: 604c 894c | 2458 4c8b | 9424 8800 | 0000 4c89 

  0x000001c43e3a4078: ;   {metadata({type array byte})}
  0x000001c43e3a4078: 5424 4848 | ba18 2300 | 4dc4 0100 | 0048 8944 | 2450 6690 

  0x000001c43e3a408c: ;   {runtime_call _new_array_nozero_Java}
  0x000001c43e3a408c: c5f8 77e8 

  0x000001c43e3a4090: ; ImmutableOopMap {[40]=Oop [48]=Oop [56]=Oop [72]=Oop [80]=Oop [88]=Derived_oop_[80] [96]=Oop [104]=NarrowOop [112]=Oop }
                      ;*newarray {reexecute=0 rethrow=0 return_oop=1}
                      ; - java.util.Arrays::copyOfRangeByte@10 (line 3863)
                      ; - java.util.Arrays::copyOfRange@13 (line 3854)
                      ; - java.lang.StringLatin1::newString@16 (line 752)
                      ; - java.lang.String::substring@41 (line 2839)
                      ; - java.lang.ClassLoader::checkCerts@21 (line 1164)
                      ; - java.lang.ClassLoader::preDefineClass@113 (line 917)
                      ; - java.lang.ClassLoader::defineClass@4 (line 1025)
                      ; - java.security.SecureClassLoader::defineClass@12 (line 150)
  0x000001c43e3a4090: ec4e 74ff 

  0x000001c43e3a4094: ;   {other}
  0x000001c43e3a4094: 0f1f 8400 | 041d 001c | 4c8b 5c24 | 484c 899c | 2488 0000 | 004c 8b4c | 2458 488b | 5c24 6044 
  0x000001c43e3a40b4: 8b74 2468 | 448b 4424 | 6c48 8b74 | 2470 488b | 4c24 784c | 8b9c 2480 | 0000 004c | 8be8 e984 
  0x000001c43e3a40d4: ecff ff44 | 8954 2440 | 897c 243c | 4489 4c24 

  0x000001c43e3a40e4: ;   {metadata('java/lang/String')}
  0x000001c43e3a40e4: 3848 ba78 | e800 4dc4 | 0100 0090 

  0x000001c43e3a40f0: ;   {runtime_call _new_instance_Java}
  0x000001c43e3a40f0: c5f8 77e8 

  0x000001c43e3a40f4: ; ImmutableOopMap {rbp=Oop [40]=Oop [48]=Oop [56]=NarrowOop [72]=Oop }
                      ;*new {reexecute=0 rethrow=0 return_oop=1}
                      ; - java.lang.StringLatin1::newString@7 (line 752)
                      ; - java.lang.String::substring@41 (line 2839)
                      ; - java.lang.Class::getPackageName@62 (line 1171)
                      ; - java.lang.ClassLoader::postDefineClass@2 (line 934)
                      ; - java.lang.ClassLoader::defineClass@37 (line 1028)
                      ; - java.security.SecureClassLoader::defineClass@12 (line 150)
  0x000001c43e3a40f4: 8848 74ff 

  0x000001c43e3a40f8: ;   {other}
  0x000001c43e3a40f8: 0f1f 8400 | 681d 001d | 448b 4c24 | 388b 7c24 | 3c44 8b54 | 2440 488b | d8e9 c7ef | ffff 4489 
  0x000001c43e3a4118: 4c24 384c | 895c 2420 

  0x000001c43e3a4120: ;   {metadata('java/lang/NamedPackage')}
  0x000001c43e3a4120: 48ba e8c0 | 014d c401 | 0000 6690 

  0x000001c43e3a412c: ;   {runtime_call _new_instance_Java}
  0x000001c43e3a412c: c5f8 77e8 

  0x000001c43e3a4130: ; ImmutableOopMap {[32]=Oop [40]=Oop [48]=Oop [56]=NarrowOop [72]=Oop }
                      ;*new {reexecute=0 rethrow=0 return_oop=1}
                      ; - java.lang.ClassLoader::getNamedPackage@16 (line 343)
                      ; - java.lang.ClassLoader::postDefineClass@9 (line 934)
                      ; - java.lang.ClassLoader::defineClass@37 (line 1028)
                      ; - java.security.SecureClassLoader::defineClass@12 (line 150)
  0x000001c43e3a4130: 4c48 74ff 

  0x000001c43e3a4134: ;   {other}
  0x000001c43e3a4134: 0f1f 8400 | a41d 001e | e97e f3ff | ff4c 894c | 2460 4889 | 4c24 584c | 895c 2450 | 4889 5c24 
  0x000001c43e3a4154: 4044 8954 | 2438 4c8b | 5424 684c | 8954 2420 

  0x000001c43e3a4164: ;   {metadata({type array byte})}
  0x000001c43e3a4164: 48ba 1823 | 004d c401 | 0000 448b | 4424 3890 

  0x000001c43e3a4174: ;   {runtime_call _new_array_nozero_Java}
  0x000001c43e3a4174: c5f8 77e8 

  0x000001c43e3a4178: ; ImmutableOopMap {rbp=Oop [80]=Derived_oop_rbp [40]=Oop [48]=Oop [64]=Oop [72]=Oop }
                      ;*newarray {reexecute=0 rethrow=0 return_oop=1}
                      ; - java.util.Arrays::copyOfRangeByte@10 (line 3863)
                      ; - java.util.Arrays::copyOfRange@13 (line 3854)
                      ; - java.lang.StringLatin1::newString@16 (line 752)
                      ; - java.lang.String::substring@41 (line 2839)
                      ; - java.lang.Class::getPackageName@62 (line 1171)
                      ; - java.lang.ClassLoader::postDefineClass@2 (line 934)
                      ; - java.lang.ClassLoader::defineClass@37 (line 1028)
                      ; - java.security.SecureClassLoader::defineClass@12 (line 150)
  0x000001c43e3a4178: 044e 74ff 

  0x000001c43e3a417c: ;   {other}
  0x000001c43e3a417c: 0f1f 8400 | ec1d 001f | 4c8b 5424 | 204c 8954 | 2468 448b | 5424 3848 | 8b5c 2440 | 4c8b 5c24 
  0x000001c43e3a419c: 5048 8b4c | 2458 4c8b | 4c24 6048 | 8bf0 e95d 

  0x000001c43e3a41ac: ;   {metadata('java/lang/InternalError')}
  0x000001c43e3a41ac: f0ff ff48 | ba38 0701 | 4dc4 0100 | 0066 6690 

  0x000001c43e3a41bc: ;   {runtime_call _new_instance_Java}
  0x000001c43e3a41bc: c5f8 77e8 

  0x000001c43e3a41c0: ; ImmutableOopMap {[32]=Oop [40]=Oop [48]=Oop [56]=NarrowOop [64]=Oop [72]=Oop [80]=Oop }
                      ;*new {reexecute=0 rethrow=0 return_oop=1}
                      ; - java.lang.NamedPackage::<init>@18 (line 49)
                      ; - java.lang.ClassLoader::getNamedPackage@22 (line 343)
                      ; - java.lang.ClassLoader::postDefineClass@9 (line 934)
                      ; - java.lang.ClassLoader::defineClass@37 (line 1028)
                      ; - java.security.SecureClassLoader::defineClass@12 (line 150)
  0x000001c43e3a41c0: bc47 74ff 

  0x000001c43e3a41c4: ;   {other}
  0x000001c43e3a41c4: 0f1f 8400 | 341e 0020 | e98f f3ff 

  0x000001c43e3a41d0: ;   {metadata('java/lang/StringBuilder')}
  0x000001c43e3a41d0: ff48 ba40 | 8000 4dc4 | 0100 0090 

  0x000001c43e3a41dc: ;   {runtime_call _new_instance_Java}
  0x000001c43e3a41dc: c5f8 77e8 

  0x000001c43e3a41e0: ; ImmutableOopMap {[32]=Oop [40]=Oop [48]=Oop [56]=NarrowOop [64]=Oop [72]=Oop [80]=Oop [104]=Oop }
                      ;*new {reexecute=0 rethrow=0 return_oop=1}
                      ; - java.lang.NamedPackage::<init>@22 (line 49)
                      ; - java.lang.ClassLoader::getNamedPackage@22 (line 343)
                      ; - java.lang.ClassLoader::postDefineClass@9 (line 934)
                      ; - java.lang.ClassLoader::defineClass@37 (line 1028)
                      ; - java.security.SecureClassLoader::defineClass@12 (line 150)
  0x000001c43e3a41e0: 9c47 74ff 

  0x000001c43e3a41e4: ;   {other}
  0x000001c43e3a41e4: 0f1f 8400 | 541e 0021 | e9b4 f3ff | ff4c 8944 | 2470 4889 | 7424 6844 | 8974 2454 | 4889 5c24 
  0x000001c43e3a4204: 604c 894c | 2458 4489 | 5c24 504c | 8b9c 2488 | 0000 004c | 895c 2448 | 4c8b 5c24 | 284c 895c 
  0x000001c43e3a4224: ;   {metadata({type array byte})}
  0x000001c43e3a4224: 2420 48ba | 1823 004d | c401 0000 | 4889 4424 | 2845 8bc2 

  0x000001c43e3a4238: ;   {runtime_call _new_array_nozero_Java}
  0x000001c43e3a4238: c5f8 77e8 

  0x000001c43e3a423c: ; ImmutableOopMap {[32]=Oop [40]=Oop [88]=Derived_oop_[40] [48]=Oop [56]=Oop [72]=Oop [80]=NarrowOop [84]=NarrowOop [96]=Oop [104]=Oop [136]=Oop }
                      ;*invokevirtual clone {reexecute=1 rethrow=0 return_oop=1}
                      ; - (reexecute) java.util.Arrays::copyOfRange@18 (line 3856)
                      ; - java.lang.StringLatin1::newString@16 (line 752)
                      ; - java.lang.String::substring@41 (line 2839)
                      ; - java.lang.ClassLoader::checkCerts@21 (line 1164)
                      ; - java.lang.ClassLoader::preDefineClass@113 (line 917)
                      ; - java.lang.ClassLoader::defineClass@4 (line 1025)
                      ; - java.security.SecureClassLoader::defineClass@12 (line 150)
  0x000001c43e3a423c: 404d 74ff 

  0x000001c43e3a4240: ;   {other}
  0x000001c43e3a4240: 0f1f 8400 | b01e 0022 | 4c8b 5c24 | 204c 895c | 2428 4c8b | 4c24 5848 | 8b5c 2460 | 448b 7424 
  0x000001c43e3a4260: 5448 8b74 | 2468 4c8b | 4424 7048 | 8bf8 e925 | eaff ff4c | 8944 2458 | 4c89 5c24 | 5048 895c 
  0x000001c43e3a4280: 2440 4489 | 4c24 384c | 8b54 2468 | 4c89 5424 

  0x000001c43e3a4290: ;   {metadata({type array byte})}
  0x000001c43e3a4290: 2048 ba18 | 2300 4dc4 | 0100 0044 | 8bc7 6690 

  0x000001c43e3a42a0: ;   {runtime_call _new_array_nozero_Java}
  0x000001c43e3a42a0: c5f8 77e8 

  0x000001c43e3a42a4: ; ImmutableOopMap {rbp=Oop [80]=Derived_oop_rbp [40]=Oop [48]=Oop [56]=NarrowOop [64]=Oop [72]=Oop }
                      ;*invokevirtual clone {reexecute=1 rethrow=0 return_oop=1}
                      ; - (reexecute) java.util.Arrays::copyOfRange@18 (line 3856)
                      ; - java.lang.StringLatin1::newString@16 (line 752)
                      ; - java.lang.String::substring@41 (line 2839)
                      ; - java.lang.Class::getPackageName@62 (line 1171)
                      ; - java.lang.ClassLoader::postDefineClass@2 (line 934)
                      ; - java.lang.ClassLoader::defineClass@37 (line 1028)
                      ; - java.security.SecureClassLoader::defineClass@12 (line 150)
  0x000001c43e3a42a4: d84c 74ff 

  0x000001c43e3a42a8: ;   {other}
  0x000001c43e3a42a8: 0f1f 8400 | 181f 0023 | 4c8b 5c24 | 204c 895c | 2468 488b | 5c24 404c | 8b5c 2450 | 4c8b 4424 
  0x000001c43e3a42c8: 5848 8bf0 | e978 eeff | ff44 8bc7 | e9e9 e8ff | ffba f6ff | ffff 488b | ee66 6690 

  0x000001c43e3a42e4: ;   {runtime_call UncommonTrapBlob}
  0x000001c43e3a42e4: c5f8 77e8 

  0x000001c43e3a42e8: ; ImmutableOopMap {rbp=Oop }
                      ;*invokevirtual putIfAbsent {reexecute=0 rethrow=0 return_oop=0}
                      ; - java.lang.ClassLoader::checkCerts@62 (line 1171)
                      ; - java.lang.ClassLoader::preDefineClass@113 (line 917)
                      ; - java.lang.ClassLoader::defineClass@4 (line 1025)
                      ; - java.security.SecureClassLoader::defineClass@12 (line 150)
  0x000001c43e3a42e8: 9400 68ff 

  0x000001c43e3a42ec: ;   {other}
  0x000001c43e3a42ec: 0f1f 8400 | 5c1f 0024 | baf6 ffff | ff66 6690 

  0x000001c43e3a42fc: ;   {runtime_call UncommonTrapBlob}
  0x000001c43e3a42fc: c5f8 77e8 

  0x000001c43e3a4300: ; ImmutableOopMap {rbp=NarrowOop }
                      ;*invokevirtual toExternalForm {reexecute=0 rethrow=0 return_oop=0}
                      ; - java.net.URL::toExternalForm@5 (line 1203)
                      ; - java.net.URL::toString@1 (line 1189)
                      ; - java.lang.ClassLoader::defineClassSourceLocation@22 (line 927)
                      ; - java.lang.ClassLoader::defineClass@12 (line 1026)
                      ; - java.security.SecureClassLoader::defineClass@12 (line 150)
  0x000001c43e3a4300: 7c00 68ff 

  0x000001c43e3a4304: ;   {other}
  0x000001c43e3a4304: 0f1f 8400 | 741f 0025 | baf6 ffff | ff48 8beb 

  0x000001c43e3a4314: ;   {runtime_call UncommonTrapBlob}
  0x000001c43e3a4314: c5f8 77e8 

  0x000001c43e3a4318: ; ImmutableOopMap {rbp=Oop }
                      ;*invokevirtual get {reexecute=0 rethrow=0 return_oop=0}
                      ; - java.lang.ClassLoader::getNamedPackage@5 (line 341)
                      ; - java.lang.ClassLoader::postDefineClass@9 (line 934)
                      ; - java.lang.ClassLoader::defineClass@37 (line 1028)
                      ; - java.security.SecureClassLoader::defineClass@12 (line 150)
  0x000001c43e3a4318: 6400 68ff 

  0x000001c43e3a431c: ;   {other}
  0x000001c43e3a431c: 0f1f 8400 | 8c1f 0026 | ba76 ffff | ff89 7c24 | 2044 8b44 | 2440 4489 | 4424 2444 | 8b44 2444 
  0x000001c43e3a433c: 4489 4424 | 4048 895c | 2450 4489 | 7424 4444 | 895c 2460 

  0x000001c43e3a4350: ;   {runtime_call UncommonTrapBlob}
  0x000001c43e3a4350: c5f8 77e8 

  0x000001c43e3a4354: ; ImmutableOopMap {[40]=Oop [48]=Oop [56]=Oop [68]=NarrowOop [80]=Oop [96]=NarrowOop [136]=Oop }
                      ;*iflt {reexecute=1 rethrow=0 return_oop=0}
                      ; - (reexecute) java.lang.StringLatin1::lastIndexOf@19 (line 285)
                      ; - java.lang.String::lastIndexOf@13 (line 2573)
                      ; - java.lang.String::lastIndexOf@8 (line 2535)
                      ; - java.lang.ClassLoader::checkCerts@3 (line 1163)
                      ; - java.lang.ClassLoader::preDefineClass@113 (line 917)
                      ; - java.lang.ClassLoader::defineClass@4 (line 1025)
                      ; - java.security.SecureClassLoader::defineClass@12 (line 150)
  0x000001c43e3a4354: 2800 68ff 

  0x000001c43e3a4358: ;   {other}
  0x000001c43e3a4358: 0f1f 8400 | c81f 0027 | bade ffff | ff4c 8b54 | 2428 4c89 | 5424 204c | 8b54 2430 | 4c89 5424 
  0x000001c43e3a4378: 284c 8b54 | 2438 4c89 | 5424 3044 | 8b5c 2440 | 4489 5c24 | 3844 8b5c | 2444 4489 | 5c24 3c4c 
  0x000001c43e3a4398: 8944 2440 | 4c89 4c24 | 4866 6690 

  0x000001c43e3a43a4: ;   {runtime_call UncommonTrapBlob}
  0x000001c43e3a43a4: c5f8 77e8 

  0x000001c43e3a43a8: ; ImmutableOopMap {rbp=NarrowOop [32]=Oop [40]=Oop [48]=Oop [64]=Oop [72]=Oop }
                      ;*invokeinterface computeIfAbsent {reexecute=0 rethrow=0 return_oop=0}
                      ; - java.security.SecureClassLoader::getProtectionDomain@28 (line 222)
                      ; - java.security.SecureClassLoader::defineClass@9 (line 150)
  0x000001c43e3a43a8: d4ff 67ff 

  0x000001c43e3a43ac: ;   {other}
  0x000001c43e3a43ac: 0f1f 8400 | 1c20 0028 | 33ed 4585 | c040 0f96 | c5ba 45ff | ffff 6690 

  0x000001c43e3a43c4: ;   {runtime_call UncommonTrapBlob}
  0x000001c43e3a43c4: c5f8 77e8 

  0x000001c43e3a43c8: ; ImmutableOopMap {[40]=Oop [48]=Oop [56]=Oop [136]=Oop }
                      ;*ifeq {reexecute=1 rethrow=0 return_oop=0}
                      ; - (reexecute) java.lang.ClassLoader::checkName@8 (line 1155)
                      ; - java.lang.ClassLoader::preDefineClass@1 (line 900)
                      ; - java.lang.ClassLoader::defineClass@4 (line 1025)
                      ; - java.security.SecureClassLoader::defineClass@12 (line 150)
  0x000001c43e3a43c8: b4ff 67ff 

  0x000001c43e3a43cc: ;   {other}
  0x000001c43e3a43cc: 0f1f 8400 | 3c20 0029 | 498b d348 | c1e2 0345 | 33c0 488b | 6c24 2890 

  0x000001c43e3a43e4: ;   {static_call}
  0x000001c43e3a43e4: c5f8 77e8 

  0x000001c43e3a43e8: ; ImmutableOopMap {rbp=Oop [40]=Oop [48]=Oop [56]=Oop [136]=Oop }
                      ;*invokestatic charAt {reexecute=0 rethrow=0 return_oop=0}
                      ; - java.lang.String::charAt@21 (line 1557)
                      ; - java.lang.ClassLoader::checkName@25 (line 1157)
                      ; - java.lang.ClassLoader::preDefineClass@1 (line 900)
                      ; - java.lang.ClassLoader::defineClass@4 (line 1025)
                      ; - java.security.SecureClassLoader::defineClass@12 (line 150)
  0x000001c43e3a43e8: 94ac 67ff 

  0x000001c43e3a43ec: ;   {other}
  0x000001c43e3a43ec: 0f1f 8400 | 5c20 002a | 448b d0e9 | 50e6 ffff | bae4 ffff | ff44 895c | 2458 6690 

  0x000001c43e3a4408: ;   {runtime_call UncommonTrapBlob}
  0x000001c43e3a4408: c5f8 77e8 

  0x000001c43e3a440c: ; ImmutableOopMap {[40]=Oop [48]=Oop [56]=Oop [88]=NarrowOop [136]=Oop }
                      ;*invokestatic checkIndex {reexecute=0 rethrow=0 return_oop=0}
                      ; - java.lang.String::checkIndex@5 (line 4832)
                      ; - java.lang.StringLatin1::charAt@3 (line 46)
                      ; - java.lang.String::charAt@12 (line 1555)
                      ; - java.lang.ClassLoader::checkName@25 (line 1157)
                      ; - java.lang.ClassLoader::preDefineClass@1 (line 900)
                      ; - java.lang.ClassLoader::defineClass@4 (line 1025)
                      ; - java.security.SecureClassLoader::defineClass@12 (line 150)
  0x000001c43e3a440c: 70ff 67ff 

  0x000001c43e3a4410: ;   {other}
  0x000001c43e3a4410: 0f1f 8400 | 8020 002b | ba6e ffff | ff89 7c24 | 2044 8b54 | 2440 4489 | 5424 2444 | 8b54 2444 
  0x000001c43e3a4430: 4489 5424 | 4048 895c | 2450 4489 | 7424 4444 | 895c 2460 

  0x000001c43e3a4444: ;   {runtime_call UncommonTrapBlob}
  0x000001c43e3a4444: c5f8 77e8 

  0x000001c43e3a4448: ; ImmutableOopMap {[40]=Oop [48]=Oop [56]=Oop [68]=NarrowOop [80]=Oop [96]=NarrowOop [136]=Oop }
                      ;*iflt {reexecute=1 rethrow=0 return_oop=0}
                      ; - (reexecute) java.lang.StringLatin1::lastIndexOf@19 (line 285)
                      ; - java.lang.String::lastIndexOf@13 (line 2573)
                      ; - java.lang.String::lastIndexOf@8 (line 2535)
                      ; - java.lang.ClassLoader::checkCerts@3 (line 1163)
                      ; - java.lang.ClassLoader::preDefineClass@113 (line 917)
                      ; - java.lang.ClassLoader::defineClass@4 (line 1025)
                      ; - java.security.SecureClassLoader::defineClass@12 (line 150)
  0x000001c43e3a4448: 34ff 67ff 

  0x000001c43e3a444c: ;   {other}
  0x000001c43e3a444c: 0f1f 8400 | bc20 002c | bace ffff | ff44 895c | 2460 6690 

  0x000001c43e3a4460: ;   {runtime_call UncommonTrapBlob}
  0x000001c43e3a4460: c5f8 77e8 

  0x000001c43e3a4464: ; ImmutableOopMap {rbp=NarrowOop [40]=Oop [48]=Oop [56]=Oop [136]=Oop }
                      ;*invokestatic indexOfChar {reexecute=0 rethrow=0 return_oop=0}
                      ; - java.lang.StringLatin1::indexOf@33 (line 204)
                      ; - java.lang.String::indexOf@17 (line 2461)
                      ; - java.lang.String::indexOf@3 (line 2405)
                      ; - java.lang.ClassLoader::checkName@16 (line 1157)
                      ; - java.lang.ClassLoader::preDefineClass@1 (line 900)
                      ; - java.lang.ClassLoader::defineClass@4 (line 1025)
                      ; - java.security.SecureClassLoader::defineClass@12 (line 150)
  0x000001c43e3a4464: 18ff 67ff 

  0x000001c43e3a4468: ;   {other}
  0x000001c43e3a4468: 0f1f 8400 | d820 002d | 458b d0e9 | f7eb ffff | bae4 ffff | ff48 8b6c | 2428 4489 | 5c24 5490 
  0x000001c43e3a4488: ;   {runtime_call UncommonTrapBlob}
  0x000001c43e3a4488: c5f8 77e8 

  0x000001c43e3a448c: ; ImmutableOopMap {rbp=Oop [48]=Oop [56]=Oop [84]=NarrowOop [136]=Oop }
                      ;*baload {reexecute=0 rethrow=0 return_oop=0}
                      ; - jdk.internal.util.ArraysSupport::mismatch@82 (line 402)
                      ; - java.lang.String::startsWith@70 (line 2297)
                      ; - java.lang.String::startsWith@3 (line 2327)
                      ; - java.lang.ClassLoader::preDefineClass@43 (line 906)
                      ; - java.lang.ClassLoader::defineClass@4 (line 1025)
                      ; - java.security.SecureClassLoader::defineClass@12 (line 150)
  0x000001c43e3a448c: f0fe 67ff 

  0x000001c43e3a4490: ;   {other}
  0x000001c43e3a4490: 0f1f 8400 | 0021 002e | ba76 ffff | ff44 8944 | 2420 4889 | 4424 5844 | 894c 2424 

  0x000001c43e3a44ac: ;   {runtime_call UncommonTrapBlob}
  0x000001c43e3a44ac: c5f8 77e8 

  0x000001c43e3a44b0: ; ImmutableOopMap {[36]=NarrowOop [40]=Oop [48]=Oop [88]=Oop [136]=Oop }
                      ;*iflt {reexecute=1 rethrow=0 return_oop=0}
                      ; - (reexecute) java.lang.StringLatin1::lastIndexOf@19 (line 285)
                      ; - java.lang.String::lastIndexOf@13 (line 2573)
                      ; - java.lang.String::lastIndexOf@8 (line 2535)
                      ; - java.lang.Class::getPackageName@47 (line 1170)
                      ; - java.lang.ClassLoader::postDefineClass@2 (line 934)
                      ; - java.lang.ClassLoader::defineClass@37 (line 1028)
                      ; - java.security.SecureClassLoader::defineClass@12 (line 150)
  0x000001c43e3a44b0: ccfe 67ff 

  0x000001c43e3a44b4: ;   {other}
  0x000001c43e3a44b4: 0f1f 8400 | 2421 002f | ba45 ffff | ff48 8944 | 2440 6690 

  0x000001c43e3a44c8: ;   {runtime_call UncommonTrapBlob}
  0x000001c43e3a44c8: c5f8 77e8 

  0x000001c43e3a44cc: ; ImmutableOopMap {[40]=Oop [48]=Oop [64]=Oop [136]=Oop }
                      ;*ifeq {reexecute=1 rethrow=0 return_oop=0}
                      ; - (reexecute) java.lang.Class::getPackageName@13 (line 1165)
                      ; - java.lang.ClassLoader::postDefineClass@2 (line 934)
                      ; - java.lang.ClassLoader::defineClass@37 (line 1028)
                      ; - java.security.SecureClassLoader::defineClass@12 (line 150)
  0x000001c43e3a44cc: b0fe 67ff 

  0x000001c43e3a44d0: ;   {other}
  0x000001c43e3a44d0: 0f1f 8400 | 4021 0030 | ba6e ffff | ff44 8944 | 2420 4889 | 4424 5844 | 894c 2424 

  0x000001c43e3a44ec: ;   {runtime_call UncommonTrapBlob}
  0x000001c43e3a44ec: c5f8 77e8 

  0x000001c43e3a44f0: ; ImmutableOopMap {[36]=NarrowOop [40]=Oop [48]=Oop [88]=Oop [136]=Oop }
                      ;*iflt {reexecute=1 rethrow=0 return_oop=0}
                      ; - (reexecute) java.lang.StringLatin1::lastIndexOf@19 (line 285)
                      ; - java.lang.String::lastIndexOf@13 (line 2573)
                      ; - java.lang.String::lastIndexOf@8 (line 2535)
                      ; - java.lang.Class::getPackageName@47 (line 1170)
                      ; - java.lang.ClassLoader::postDefineClass@2 (line 934)
                      ; - java.lang.ClassLoader::defineClass@37 (line 1028)
                      ; - java.security.SecureClassLoader::defineClass@12 (line 150)
  0x000001c43e3a44f0: 8cfe 67ff 

  0x000001c43e3a44f4: ;   {other}
  0x000001c43e3a44f4: 0f1f 8400 | 6421 0031 | bade ffff | ff66 6690 

  0x000001c43e3a4504: ;   {runtime_call UncommonTrapBlob}
  0x000001c43e3a4504: c5f8 77e8 

  0x000001c43e3a4508: ; ImmutableOopMap {rbp=NarrowOop }
                      ;*checkcast {reexecute=0 rethrow=0 return_oop=0}
                      ; - java.lang.ClassLoader::getNamedPackage@8 (line 341)
                      ; - java.lang.ClassLoader::postDefineClass@9 (line 934)
                      ; - java.lang.ClassLoader::defineClass@37 (line 1028)
                      ; - java.security.SecureClassLoader::defineClass@12 (line 150)
  0x000001c43e3a4508: 74fe 67ff 

  0x000001c43e3a450c: ;   {other}
  0x000001c43e3a450c: 0f1f 8400 | 7c21 0032 | 4963 c8e9 | bee7 ffff | 4883 c1fe | 498b fa48 | 33c0 4883 | f908 7f10 
  0x000001c43e3a452c: 48ff c978 | 4f48 8904 | cf48 ffc9 | 7df7 eb44 | c5fd efc0 | e90d 0000 | 00c5 fe7f | 07c5 fe7f 
  0x000001c43e3a454c: 4720 4883 | c740 4883 | e908 7ded | 4883 c104 | 7c0c c5fe | 7f07 4883 | c720 4883 | e904 4883 
  0x000001c43e3a456c: c104 7e10 | 48ff c9c5 | f9d6 0748 | 83c7 0848 | ffc9 7df3 | e91b e8ff | ffba ccff | ffff 4489 
  0x000001c43e3a458c: 4424 2044 | 8b44 2440 | 4489 4424 | 2444 8b54 | 2444 4489 | 5424 4048 | 895c 2450 | 4489 7424 
  0x000001c43e3a45ac: 4448 8974 | 2468 4489 | 5c24 7090 

  0x000001c43e3a45b8: ;   {runtime_call UncommonTrapBlob}
  0x000001c43e3a45b8: c5f8 77e8 

  0x000001c43e3a45bc: ; ImmutableOopMap {[40]=Oop [48]=Oop [56]=Oop [68]=NarrowOop [80]=Oop [104]=Oop [112]=NarrowOop [136]=Oop }
                      ;*newarray {reexecute=1 rethrow=0 return_oop=0}
                      ; - (reexecute) java.util.Arrays::copyOfRangeByte@10 (line 3863)
                      ; - java.util.Arrays::copyOfRange@13 (line 3854)
                      ; - java.lang.StringLatin1::newString@16 (line 752)
                      ; - java.lang.String::substring@41 (line 2839)
                      ; - java.lang.ClassLoader::checkCerts@21 (line 1164)
                      ; - java.lang.ClassLoader::preDefineClass@113 (line 917)
                      ; - java.lang.ClassLoader::defineClass@4 (line 1025)
                      ; - java.security.SecureClassLoader::defineClass@12 (line 150)
  0x000001c43e3a45bc: c0fd 67ff 

  0x000001c43e3a45c0: ;   {other}
  0x000001c43e3a45c0: 0f1f 8400 | 3022 0033 | ba45 ffff | ff48 8b6c | 2428 895c | 2450 6690 

  0x000001c43e3a45d8: ;   {runtime_call UncommonTrapBlob}
  0x000001c43e3a45d8: c5f8 77e8 

  0x000001c43e3a45dc: ; ImmutableOopMap {rbp=Oop [48]=Oop [56]=Oop [136]=Oop }
                      ;*if_icmpne {reexecute=1 rethrow=0 return_oop=0}
                      ; - (reexecute) java.lang.ClassLoader::checkName@20 (line 1157)
                      ; - java.lang.ClassLoader::preDefineClass@1 (line 900)
                      ; - java.lang.ClassLoader::defineClass@4 (line 1025)
                      ; - java.security.SecureClassLoader::defineClass@12 (line 150)
  0x000001c43e3a45dc: a0fd 67ff 

  0x000001c43e3a45e0: ;   {other}
  0x000001c43e3a45e0: 0f1f 8400 | 5022 0034 | 33ed 85f6 | 400f 94c5 | ba45 ffff | ff4c 8b54 | 2428 4c89 | 5424 204c 
  0x000001c43e3a4600: 8b54 2430 | 4c89 5424 | 2848 895c | 2450 4489 | 7424 5844 | 8944 245c 

  0x000001c43e3a4618: ;   {runtime_call UncommonTrapBlob}
  0x000001c43e3a4618: c5f8 77e8 

  0x000001c43e3a461c: ; ImmutableOopMap {[32]=Oop [40]=Oop [56]=Oop [80]=Oop [88]=NarrowOop [136]=Oop }
                      ;*ifeq {reexecute=1 rethrow=0 return_oop=0}
                      ; - (reexecute) java.lang.String::lastIndexOf@4 (line 2573)
                      ; - java.lang.String::lastIndexOf@8 (line 2535)
                      ; - java.lang.ClassLoader::checkCerts@3 (line 1163)
                      ; - java.lang.ClassLoader::preDefineClass@113 (line 917)
                      ; - java.lang.ClassLoader::defineClass@4 (line 1025)
                      ; - java.security.SecureClassLoader::defineClass@12 (line 150)
  0x000001c43e3a461c: 60fd 67ff 

  0x000001c43e3a4620: ;   {other}
  0x000001c43e3a4620: 0f1f 8400 | 9022 0035 | ba45 ffff | ff44 8944 | 2420 4489 | 4424 2448 | 895c 2450 | 4489 7424 
  0x000001c43e3a4640: 6089 4c24 | 7066 6690 

  0x000001c43e3a4648: ;   {runtime_call UncommonTrapBlob}
  0x000001c43e3a4648: c5f8 77e8 

  0x000001c43e3a464c: ; ImmutableOopMap {[40]=Oop [48]=Oop [56]=Oop [80]=Oop [96]=NarrowOop [136]=Oop }
                      ;*if_icmpgt {reexecute=1 rethrow=0 return_oop=0}
                      ; - (reexecute) jdk.internal.util.Preconditions::checkFromToIndex@6 (line 348)
                      ; - java.lang.String::checkBoundsBeginEnd@6 (line 4865)
                      ; - java.lang.String::substring@8 (line 2834)
                      ; - java.lang.ClassLoader::checkCerts@21 (line 1164)
                      ; - java.lang.ClassLoader::preDefineClass@113 (line 917)
                      ; - java.lang.ClassLoader::defineClass@4 (line 1025)
                      ; - java.security.SecureClassLoader::defineClass@12 (line 150)
  0x000001c43e3a464c: 30fd 67ff 

  0x000001c43e3a4650: ;   {other}
  0x000001c43e3a4650: 0f1f 8400 | c022 0036 | ba45 ffff | ff48 8b6c | 2430 4c8b | 5424 484c | 8954 2438 | 4c89 5c24 
  0x000001c43e3a4670: 4044 894c | 2448 4489 | 4424 4c90 

  0x000001c43e3a467c: ;   {runtime_call UncommonTrapBlob}
  0x000001c43e3a467c: c5f8 77e8 

  0x000001c43e3a4680: ; ImmutableOopMap {rbp=Oop [40]=Oop [56]=Oop [64]=Oop [72]=NarrowOop }
                      ;*ifle {reexecute=1 rethrow=0 return_oop=0}
                      ; - (reexecute) java.util.concurrent.ConcurrentHashMap::get@23 (line 937)
                      ; - java.lang.ClassLoader::getNamedPackage@5 (line 341)
                      ; - java.lang.ClassLoader::postDefineClass@9 (line 934)
                      ; - java.lang.ClassLoader::defineClass@37 (line 1028)
                      ; - java.security.SecureClassLoader::defineClass@12 (line 150)
  0x000001c43e3a4680: fcfc 67ff 

  0x000001c43e3a4684: ;   {other}
  0x000001c43e3a4684: 0f1f 8400 | f422 0037 | ba45 ffff | ff4c 8b54 | 2428 4c89 | 5424 204c | 8944 2428 | 4c89 4c24 
  0x000001c43e3a46a4: 3089 7c24 | 3889 7424 | 3c66 6690 

  0x000001c43e3a46b0: ;   {runtime_call UncommonTrapBlob}
  0x000001c43e3a46b0: c5f8 77e8 

  0x000001c43e3a46b4: ; ImmutableOopMap {rbp=Oop [32]=Oop [40]=Oop [48]=Oop }
                      ;*ifnonnull {reexecute=1 rethrow=0 return_oop=0}
                      ; - (reexecute) java.security.SecureClassLoader::getProtectionDomain@1 (line 213)
                      ; - java.security.SecureClassLoader::defineClass@9 (line 150)
  0x000001c43e3a46b4: c8fc 67ff 

  0x000001c43e3a46b8: ;   {other}
  0x000001c43e3a46b8: 0f1f 8400 | 2823 0038 | ba45 ffff | ff48 8b6c | 2428 4489 | 5424 5090 

  0x000001c43e3a46d0: ;   {runtime_call UncommonTrapBlob}
  0x000001c43e3a46d0: c5f8 77e8 

  0x000001c43e3a46d4: ; ImmutableOopMap {rbp=Oop [48]=Oop [56]=Oop [136]=Oop }
                      ;*if_icmpne {reexecute=1 rethrow=0 return_oop=0}
                      ; - (reexecute) java.lang.ClassLoader::checkName@30 (line 1157)
                      ; - java.lang.ClassLoader::preDefineClass@1 (line 900)
                      ; - java.lang.ClassLoader::defineClass@4 (line 1025)
                      ; - java.security.SecureClassLoader::defineClass@12 (line 150)
  0x000001c43e3a46d4: a8fc 67ff 

  0x000001c43e3a46d8: ;   {other}
  0x000001c43e3a46d8: 0f1f 8400 | 4823 0039 | ba45 ffff | ff4c 8b54 | 2428 4c89 | 5424 2048 | 895c 2450 | 4889 7424 
  0x000001c43e3a46f8: 5844 8974 | 2460 6690 

  0x000001c43e3a4700: ;   {runtime_call UncommonTrapBlob}
  0x000001c43e3a4700: c5f8 77e8 

  0x000001c43e3a4704: ; ImmutableOopMap {rbp=NarrowOop [32]=Oop [48]=Oop [56]=Oop [80]=Oop [88]=Oop [96]=NarrowOop [136]=Oop }
                      ;*ifnull {reexecute=1 rethrow=0 return_oop=0}
                      ; - (reexecute) java.security.CodeSource::getCertificates@4 (line 204)
                      ; - java.lang.ClassLoader::checkCerts@34 (line 1168)
                      ; - java.lang.ClassLoader::preDefineClass@113 (line 917)
                      ; - java.lang.ClassLoader::defineClass@4 (line 1025)
                      ; - java.security.SecureClassLoader::defineClass@12 (line 150)
  0x000001c43e3a4704: 78fc 67ff 

  0x000001c43e3a4708: ;   {other}
  0x000001c43e3a4708: 0f1f 8400 | 7823 003a | ba45 ffff | ff4c 8b54 | 2428 4c89 | 5424 2048 | 895c 2450 | 4889 7424 
  0x000001c43e3a4728: 5844 8974 | 2460 6690 

  0x000001c43e3a4730: ;   {runtime_call UncommonTrapBlob}
  0x000001c43e3a4730: c5f8 77e8 

  0x000001c43e3a4734: ; ImmutableOopMap {rbp=NarrowOop [32]=Oop [48]=Oop [56]=Oop [80]=Oop [88]=Oop [96]=NarrowOop [136]=Oop }
                      ;*ifnull {reexecute=1 rethrow=0 return_oop=0}
                      ; - (reexecute) java.security.CodeSource::getCertificates@22 (line 207)
                      ; - java.lang.ClassLoader::checkCerts@34 (line 1168)
                      ; - java.lang.ClassLoader::preDefineClass@113 (line 917)
                      ; - java.lang.ClassLoader::defineClass@4 (line 1025)
                      ; - java.security.SecureClassLoader::defineClass@12 (line 150)
  0x000001c43e3a4734: 48fc 67ff 

  0x000001c43e3a4738: ;   {other}
  0x000001c43e3a4738: 0f1f 8400 | a823 003b | ba45 ffff | ff4c 8b54 | 2428 4c89 | 5424 2090 

  0x000001c43e3a4750: ;   {runtime_call UncommonTrapBlob}
  0x000001c43e3a4750: c5f8 77e8 

  0x000001c43e3a4754: ; ImmutableOopMap {[32]=Oop [48]=Oop [56]=Oop [136]=Oop }
                      ;*ifne {reexecute=1 rethrow=0 return_oop=0}
                      ; - (reexecute) java.lang.ClassLoader::compareCerts@7 (line 1186)
                      ; - java.lang.ClassLoader::checkCerts@80 (line 1172)
                      ; - java.lang.ClassLoader::preDefineClass@113 (line 917)
                      ; - java.lang.ClassLoader::defineClass@4 (line 1025)
                      ; - java.security.SecureClassLoader::defineClass@12 (line 150)
  0x000001c43e3a4754: 28fc 67ff 

  0x000001c43e3a4758: ;   {other}
  0x000001c43e3a4758: 0f1f 8400 | c823 003c | ba45 ffff | ff44 8944 | 2420 4489 | 4424 2448 | 895c 2450 | 4489 7424 
  0x000001c43e3a4778: 6089 4c24 | 7089 4c24 | 7466 6690 

  0x000001c43e3a4784: ;   {runtime_call UncommonTrapBlob}
  0x000001c43e3a4784: c5f8 77e8 

  0x000001c43e3a4788: ; ImmutableOopMap {[40]=Oop [48]=Oop [56]=Oop [80]=Oop [96]=NarrowOop [136]=Oop }
                      ;*if_icmple {reexecute=1 rethrow=0 return_oop=0}
                      ; - (reexecute) jdk.internal.util.Preconditions::checkFromToIndex@11 (line 348)
                      ; - java.lang.String::checkBoundsBeginEnd@6 (line 4865)
                      ; - java.lang.String::substring@8 (line 2834)
                      ; - java.lang.ClassLoader::checkCerts@21 (line 1164)
                      ; - java.lang.ClassLoader::preDefineClass@113 (line 917)
                      ; - java.lang.ClassLoader::defineClass@4 (line 1025)
                      ; - java.security.SecureClassLoader::defineClass@12 (line 150)
  0x000001c43e3a4788: f4fb 67ff 

  0x000001c43e3a478c: ;   {other}
  0x000001c43e3a478c: 0f1f 8400 | fc23 003d | 498b d7c5 | f877 49ba | f0fc 6ffd | fa7f 0000 

  0x000001c43e3a47a4: ;   {other}
  0x000001c43e3a47a4: 41ff d20f | 1f84 0000 | 0000 00e9 | f7e5 ffff | ba45 ffff | ff48 8b6c | 2428 4489 | 5c24 5089 
  0x000001c43e3a47c4: 7424 5890 

  0x000001c43e3a47c8: ;   {runtime_call UncommonTrapBlob}
  0x000001c43e3a47c8: c5f8 77e8 

  0x000001c43e3a47cc: ; ImmutableOopMap {rbp=Oop [48]=Oop [56]=Oop [80]=NarrowOop [136]=Oop }
                      ;*if_icmpne {reexecute=1 rethrow=0 return_oop=0}
                      ; - (reexecute) java.lang.String::startsWith@50 (line 2293)
                      ; - java.lang.String::startsWith@3 (line 2327)
                      ; - java.lang.ClassLoader::preDefineClass@43 (line 906)
                      ; - java.lang.ClassLoader::defineClass@4 (line 1025)
                      ; - java.security.SecureClassLoader::defineClass@12 (line 150)
  0x000001c43e3a47cc: b0fb 67ff 

  0x000001c43e3a47d0: ;   {other}
  0x000001c43e3a47d0: 0f1f 8400 | 4024 003e | 4963 cae9 | a8e9 ffff | 4883 c1fe | 488b fa48 | 33c0 4883 | f908 7f10 
  0x000001c43e3a47f0: 48ff c978 | 4f48 8904 | cf48 ffc9 | 7df7 eb44 | c5fd efc0 | e90d 0000 | 00c5 fe7f | 07c5 fe7f 
  0x000001c43e3a4810: 4720 4883 | c740 4883 | e908 7ded | 4883 c104 | 7c0c c5fe | 7f07 4883 | c720 4883 | e904 4883 
  0x000001c43e3a4830: c104 7e10 | 48ff c9c5 | f9d6 0748 | 83c7 0848 | ffc9 7df3 | e909 eaff | ffba ccff | ffff 4489 
  0x000001c43e3a4850: 5424 204c | 8b54 2448 | 4c89 5424 | 4048 895c | 2460 4489 | 4c24 2490 

  0x000001c43e3a4868: ;   {runtime_call UncommonTrapBlob}
  0x000001c43e3a4868: c5f8 77e8 

  0x000001c43e3a486c: ; ImmutableOopMap {[36]=NarrowOop [40]=Oop [48]=Oop [64]=Oop [96]=Oop }
                      ;*newarray {reexecute=1 rethrow=0 return_oop=0}
                      ; - (reexecute) java.util.Arrays::copyOfRangeByte@10 (line 3863)
                      ; - java.util.Arrays::copyOfRange@13 (line 3854)
                      ; - java.lang.StringLatin1::newString@16 (line 752)
                      ; - java.lang.String::substring@41 (line 2839)
                      ; - java.lang.Class::getPackageName@62 (line 1171)
                      ; - java.lang.ClassLoader::postDefineClass@2 (line 934)
                      ; - java.lang.ClassLoader::defineClass@37 (line 1028)
                      ; - java.security.SecureClassLoader::defineClass@12 (line 150)
  0x000001c43e3a486c: 10fb 67ff 

  0x000001c43e3a4870: ;   {other}
  0x000001c43e3a4870: 0f1f 8400 | e024 003f | baf6 ffff | ff66 6690 

  0x000001c43e3a4880: ;   {runtime_call UncommonTrapBlob}
  0x000001c43e3a4880: c5f8 77e8 

  0x000001c43e3a4884: ; ImmutableOopMap {}
                      ;*invokevirtual isNamed {reexecute=0 rethrow=0 return_oop=0}
                      ; - java.lang.NamedPackage::<init>@12 (line 48)
                      ; - java.lang.ClassLoader::getNamedPackage@22 (line 343)
                      ; - java.lang.ClassLoader::postDefineClass@9 (line 934)
                      ; - java.lang.ClassLoader::defineClass@37 (line 1028)
                      ; - java.security.SecureClassLoader::defineClass@12 (line 150)
  0x000001c43e3a4884: f8fa 67ff 

  0x000001c43e3a4888: ;   {other}
  0x000001c43e3a4888: 0f1f 8400 | f824 0040 | ba45 ffff | ff48 8b6c | 2430 488b | 4c24 4848 | 894c 2438 | 4489 4c24 
  0x000001c43e3a48a8: 484c 895c | 2450 4489 | 4424 4c44 | 8954 2458 

  0x000001c43e3a48b8: ;   {runtime_call UncommonTrapBlob}
  0x000001c43e3a48b8: c5f8 77e8 

  0x000001c43e3a48bc: ; ImmutableOopMap {rbp=Oop [40]=Oop [56]=Oop [72]=NarrowOop [76]=NarrowOop [80]=Oop }
                      ;*ifeq {reexecute=1 rethrow=0 return_oop=0}
                      ; - (reexecute) java.util.concurrent.ConcurrentHashMap::get@76 (line 940)
                      ; - java.lang.ClassLoader::getNamedPackage@5 (line 341)
                      ; - java.lang.ClassLoader::postDefineClass@9 (line 934)
                      ; - java.lang.ClassLoader::defineClass@37 (line 1028)
                      ; - java.security.SecureClassLoader::defineClass@12 (line 150)
  0x000001c43e3a48bc: c0fa 67ff 

  0x000001c43e3a48c0: ;   {other}
  0x000001c43e3a48c0: 0f1f 8400 | 3025 0041 | baf6 ffff | ff66 6690 

  0x000001c43e3a48d0: ;   {runtime_call UncommonTrapBlob}
  0x000001c43e3a48d0: c5f8 77e8 

  0x000001c43e3a48d4: ; ImmutableOopMap {[56]=NarrowOop }
                      ;*invokevirtual append {reexecute=0 rethrow=0 return_oop=0}
                      ; - java.lang.NamedPackage::<init>@35 (line 49)
                      ; - java.lang.ClassLoader::getNamedPackage@22 (line 343)
                      ; - java.lang.ClassLoader::postDefineClass@9 (line 934)
                      ; - java.lang.ClassLoader::defineClass@37 (line 1028)
                      ; - java.security.SecureClassLoader::defineClass@12 (line 150)
  0x000001c43e3a48d4: a8fa 67ff 

  0x000001c43e3a48d8: ;   {other}
  0x000001c43e3a48d8: 0f1f 8400 | 4825 0042 | baf6 ffff | ff66 6690 

  0x000001c43e3a48e8: ;   {runtime_call UncommonTrapBlob}
  0x000001c43e3a48e8: c5f8 77e8 

  0x000001c43e3a48ec: ; ImmutableOopMap {}
                      ;*invokevirtual toString {reexecute=0 rethrow=0 return_oop=0}
                      ; - java.lang.NamedPackage::<init>@38 (line 49)
                      ; - java.lang.ClassLoader::getNamedPackage@22 (line 343)
                      ; - java.lang.ClassLoader::postDefineClass@9 (line 934)
                      ; - java.lang.ClassLoader::defineClass@37 (line 1028)
                      ; - java.security.SecureClassLoader::defineClass@12 (line 150)
  0x000001c43e3a48ec: 90fa 67ff 

  0x000001c43e3a48f0: ;   {other}
  0x000001c43e3a48f0: 0f1f 8400 | 6025 0043 | 33ed 4585 | c040 0f94 | c5ba 45ff | ffff 4c8b | 5c24 304c | 895c 2420 
  0x000001c43e3a4910: 4889 4424 | 5844 8954 | 2460 6690 

  0x000001c43e3a491c: ;   {runtime_call UncommonTrapBlob}
  0x000001c43e3a491c: c5f8 77e8 

  0x000001c43e3a4920: ; ImmutableOopMap {[32]=Oop [40]=Oop [88]=Oop [136]=Oop }
                      ;*ifeq {reexecute=1 rethrow=0 return_oop=0}
                      ; - (reexecute) java.lang.String::lastIndexOf@4 (line 2573)
                      ; - java.lang.String::lastIndexOf@8 (line 2535)
                      ; - java.lang.Class::getPackageName@47 (line 1170)
                      ; - java.lang.ClassLoader::postDefineClass@2 (line 934)
                      ; - java.lang.ClassLoader::defineClass@37 (line 1028)
                      ; - java.security.SecureClassLoader::defineClass@12 (line 150)
  0x000001c43e3a4920: 5cfa 67ff 

  0x000001c43e3a4924: ;   {other}
  0x000001c43e3a4924: 0f1f 8400 | 9425 0044 | 498b d7c5 | f877 49ba | f0fc 6ffd | fa7f 0000 

  0x000001c43e3a493c: ;   {other}
  0x000001c43e3a493c: 41ff d20f | 1f84 0000 | 0000 00e9 | 7ae9 ffff | ba45 ffff | ff44 8954 | 2420 4489 | 5424 244c 
  0x000001c43e3a495c: 8b54 2448 | 4c89 5424 | 4048 8944 | 2458 894c | 2464 6690 

  0x000001c43e3a4970: ;   {runtime_call UncommonTrapBlob}
  0x000001c43e3a4970: c5f8 77e8 

  0x000001c43e3a4974: ; ImmutableOopMap {[40]=Oop [48]=Oop [64]=Oop [88]=Oop }
                      ;*if_icmpgt {reexecute=1 rethrow=0 return_oop=0}
                      ; - (reexecute) jdk.internal.util.Preconditions::checkFromToIndex@6 (line 348)
                      ; - java.lang.String::checkBoundsBeginEnd@6 (line 4865)
                      ; - java.lang.String::substring@8 (line 2834)
                      ; - java.lang.Class::getPackageName@62 (line 1171)
                      ; - java.lang.ClassLoader::postDefineClass@2 (line 934)
                      ; - java.lang.ClassLoader::defineClass@37 (line 1028)
                      ; - java.security.SecureClassLoader::defineClass@12 (line 150)
  0x000001c43e3a4974: 08fa 67ff 

  0x000001c43e3a4978: ;   {other}
  0x000001c43e3a4978: 0f1f 8400 | e825 0045 | ba45 ffff | ff44 8954 | 2420 4489 | 5424 244c | 8b54 2448 | 4c89 5424 
  0x000001c43e3a4998: 4048 8944 | 2458 894c | 2464 894c | 2468 6690 

  0x000001c43e3a49a8: ;   {runtime_call UncommonTrapBlob}
  0x000001c43e3a49a8: c5f8 77e8 

  0x000001c43e3a49ac: ; ImmutableOopMap {[40]=Oop [48]=Oop [64]=Oop [88]=Oop }
                      ;*if_icmple {reexecute=1 rethrow=0 return_oop=0}
                      ; - (reexecute) jdk.internal.util.Preconditions::checkFromToIndex@11 (line 348)
                      ; - java.lang.String::checkBoundsBeginEnd@6 (line 4865)
                      ; - java.lang.String::substring@8 (line 2834)
                      ; - java.lang.Class::getPackageName@62 (line 1171)
                      ; - java.lang.ClassLoader::postDefineClass@2 (line 934)
                      ; - java.lang.ClassLoader::defineClass@37 (line 1028)
                      ; - java.security.SecureClassLoader::defineClass@12 (line 150)
  0x000001c43e3a49ac: d0f9 67ff 

  0x000001c43e3a49b0: ;   {other}
  0x000001c43e3a49b0: 0f1f 8400 | 2026 0046 | ba45 ffff | ff44 8954 | 2438 6690 

  0x000001c43e3a49c4: ;   {runtime_call UncommonTrapBlob}
  0x000001c43e3a49c4: c5f8 77e8 

  0x000001c43e3a49c8: ; ImmutableOopMap {rbp=NarrowOop [40]=Oop [48]=Oop [56]=NarrowOop }
                      ;*ifnull {reexecute=1 rethrow=0 return_oop=0}
                      ; - (reexecute) java.security.CodeSource::getCertificates@4 (line 204)
                      ; - java.lang.ClassLoader::postDefineClass@24 (line 937)
                      ; - java.lang.ClassLoader::defineClass@37 (line 1028)
                      ; - java.security.SecureClassLoader::defineClass@12 (line 150)
  0x000001c43e3a49c8: b4f9 67ff 

  0x000001c43e3a49cc: ;   {other}
  0x000001c43e3a49cc: 0f1f 8400 | 3c26 0047 | ba45 ffff | ff44 8954 | 2438 6690 

  0x000001c43e3a49e0: ;   {runtime_call UncommonTrapBlob}
  0x000001c43e3a49e0: c5f8 77e8 

  0x000001c43e3a49e4: ; ImmutableOopMap {rbp=NarrowOop [40]=Oop [48]=Oop [56]=NarrowOop }
                      ;*ifnull {reexecute=1 rethrow=0 return_oop=0}
                      ; - (reexecute) java.security.CodeSource::getCertificates@22 (line 207)
                      ; - java.lang.ClassLoader::postDefineClass@24 (line 937)
                      ; - java.lang.ClassLoader::defineClass@37 (line 1028)
                      ; - java.security.SecureClassLoader::defineClass@12 (line 150)
  0x000001c43e3a49e4: 98f9 67ff 

  0x000001c43e3a49e8: ;   {other}
  0x000001c43e3a49e8: 0f1f 8400 | 5826 0048 | 498b d7c5 | f877 49ba | f0fc 6ffd | fa7f 0000 

  0x000001c43e3a4a00: ;   {other}
  0x000001c43e3a4a00: 41ff d20f | 1f84 0000 | 0000 00e9 | 4de8 ffff | ba45 ffff | ff48 8b4c | 2448 4889 | 4c24 3844 
  0x000001c43e3a4a20: 894c 2450 | 4c89 5c24 | 5844 8944 | 2454 4489 | 5424 6089 | 5c24 6490 

  0x000001c43e3a4a38: ;   {runtime_call UncommonTrapBlob}
  0x000001c43e3a4a38: c5f8 77e8 

  0x000001c43e3a4a3c: ; ImmutableOopMap {[40]=Oop [48]=Oop [56]=Oop [80]=NarrowOop [84]=NarrowOop [88]=Oop }
                      ;*if_icmpne {reexecute=1 rethrow=0 return_oop=0}
                      ; - (reexecute) java.lang.String::equals@33 (line 1861)
                      ; - java.util.concurrent.ConcurrentHashMap::get@73 (line 940)
                      ; - java.lang.ClassLoader::getNamedPackage@5 (line 341)
                      ; - java.lang.ClassLoader::postDefineClass@9 (line 934)
                      ; - java.lang.ClassLoader::defineClass@37 (line 1028)
                      ; - java.security.SecureClassLoader::defineClass@12 (line 150)
  0x000001c43e3a4a3c: 40f9 67ff 

  0x000001c43e3a4a40: ;   {other}
  0x000001c43e3a4a40: 0f1f 8400 | b026 0049 | ba45 ffff | ff48 8b4c | 2448 4889 | 4c24 3844 | 894c 2450 | 4c89 5c24 
  0x000001c43e3a4a60: 5844 8944 | 2454 4489 | 5424 6090 

  0x000001c43e3a4a6c: ;   {runtime_call UncommonTrapBlob}
  0x000001c43e3a4a6c: c5f8 77e8 

  0x000001c43e3a4a70: ; ImmutableOopMap {[40]=Oop [48]=Oop [56]=Oop [80]=NarrowOop [84]=NarrowOop [88]=Oop }
                      ;*ifge {reexecute=1 rethrow=0 return_oop=0}
                      ; - (reexecute) java.util.concurrent.ConcurrentHashMap::get@86 (line 943)
                      ; - java.lang.ClassLoader::getNamedPackage@5 (line 341)
                      ; - java.lang.ClassLoader::postDefineClass@9 (line 934)
                      ; - java.lang.ClassLoader::defineClass@37 (line 1028)
                      ; - java.security.SecureClassLoader::defineClass@12 (line 150)
  0x000001c43e3a4a70: 0cf9 67ff 

  0x000001c43e3a4a74: ;   {other}
  0x000001c43e3a4a74: 0f1f 8400 | e426 004a | 33ed 85c9 | 400f 94c5 | ba45 ffff | ff4c 8b44 | 2448 4c89 | 4424 3844 
  0x000001c43e3a4a94: 894c 2450 | 4489 5424 | 5448 895c | 2458 4889 | 5c24 6090 

  0x000001c43e3a4aa8: ;   {runtime_call UncommonTrapBlob}
  0x000001c43e3a4aa8: c5f8 77e8 

  0x000001c43e3a4aac: ; ImmutableOopMap {[40]=Oop [48]=Oop [56]=Oop [80]=NarrowOop [84]=NarrowOop [88]=Oop [96]=Oop }
                      ;*ifeq {reexecute=1 rethrow=0 return_oop=0}
                      ; - (reexecute) java.lang.String::hashCode@20 (line 2369)
                      ; - java.util.concurrent.ConcurrentHashMap::get@1 (line 936)
                      ; - java.lang.ClassLoader::getNamedPackage@5 (line 341)
                      ; - java.lang.ClassLoader::postDefineClass@9 (line 934)
                      ; - java.lang.ClassLoader::defineClass@37 (line 1028)
                      ; - java.security.SecureClassLoader::defineClass@12 (line 150)
  0x000001c43e3a4aac: d0f8 67ff 

  0x000001c43e3a4ab0: ;   {other}
  0x000001c43e3a4ab0: 0f1f 8400 | 2027 004b | baf6 ffff | ff48 8b6c | 2420 6690 

  0x000001c43e3a4ac4: ;   {runtime_call UncommonTrapBlob}
  0x000001c43e3a4ac4: c5f8 77e8 

  0x000001c43e3a4ac8: ; ImmutableOopMap {rbp=Oop [88]=Oop }
                      ;*invokevirtual putIfAbsent {reexecute=0 rethrow=0 return_oop=0}
                      ; - java.lang.ClassLoader::getNamedPackage@32 (line 345)
                      ; - java.lang.ClassLoader::postDefineClass@9 (line 934)
                      ; - java.lang.ClassLoader::defineClass@37 (line 1028)
                      ; - java.security.SecureClassLoader::defineClass@12 (line 150)
  0x000001c43e3a4ac8: b4f8 67ff 

  0x000001c43e3a4acc: ;   {other}
  0x000001c43e3a4acc: 0f1f 8400 | 3c27 004c | bade ffff | ff48 8be8 

  0x000001c43e3a4adc: ;   {runtime_call UncommonTrapBlob}
  0x000001c43e3a4adc: c5f8 77e8 

  0x000001c43e3a4ae0: ; ImmutableOopMap {rbp=Oop }
                      ;*checkcast {reexecute=0 rethrow=0 return_oop=0}
                      ; - java.lang.ClassLoader::getNamedPackage@35 (line 345)
                      ; - java.lang.ClassLoader::postDefineClass@9 (line 934)
                      ; - java.lang.ClassLoader::defineClass@37 (line 1028)
                      ; - java.security.SecureClassLoader::defineClass@12 (line 150)
  0x000001c43e3a4ae0: 9cf8 67ff 

  0x000001c43e3a4ae4: ;   {other}
  0x000001c43e3a4ae4: 0f1f 8400 | 5427 004d | ba45 ffff | ff4c 8b44 | 2448 4c89 | 4424 3844 | 894c 2450 | 4c89 5c24 
  0x000001c43e3a4b04: 5848 897c | 2460 4489 | 5424 5490 

  0x000001c43e3a4b10: ;   {runtime_call UncommonTrapBlob}
  0x000001c43e3a4b10: c5f8 77e8 

  0x000001c43e3a4b14: ; ImmutableOopMap {rbp=NarrowOop [40]=Oop [48]=Oop [56]=Oop [80]=NarrowOop [88]=Oop [96]=Oop }
                      ;*ifnull {reexecute=1 rethrow=0 return_oop=0}
                      ; - (reexecute) java.util.concurrent.ConcurrentHashMap::get@143 (line 946)
                      ; - java.lang.ClassLoader::getNamedPackage@5 (line 341)
                      ; - java.lang.ClassLoader::postDefineClass@9 (line 934)
                      ; - java.lang.ClassLoader::defineClass@37 (line 1028)
                      ; - java.security.SecureClassLoader::defineClass@12 (line 150)
  0x000001c43e3a4b14: 68f8 67ff 

  0x000001c43e3a4b18: ;   {other}
  0x000001c43e3a4b18: 0f1f 8400 | 8827 004e | 498b d7c5 | f877 49ba | f0fc 6ffd | fa7f 0000 

  0x000001c43e3a4b30: ;   {other}
  0x000001c43e3a4b30: 41ff d20f | 1f84 0000 | 0000 00e9 | 58ee ffff | 498b d7c5 | f877 49ba | f0fc 6ffd | fa7f 0000 
  0x000001c43e3a4b50: ;   {other}
  0x000001c43e3a4b50: 41ff d20f | 1f84 0000 | 0000 00e9 | eced ffff | ba37 0100 | 0048 8beb | 4c8b 5424 | 384c 8954 
  0x000001c43e3a4b70: 2428 6690 

  0x000001c43e3a4b74: ;   {runtime_call UncommonTrapBlob}
  0x000001c43e3a4b74: c5f8 77e8 

  0x000001c43e3a4b78: ; ImmutableOopMap {rbp=Oop [40]=Oop [48]=Oop }
                      ;*new {reexecute=0 rethrow=0 return_oop=0}
                      ; - java.lang.ClassLoader::preDefineClass@56 (line 908)
                      ; - java.lang.ClassLoader::defineClass@4 (line 1025)
                      ; - java.security.SecureClassLoader::defineClass@12 (line 150)
  0x000001c43e3a4b78: 04f8 67ff 

  0x000001c43e3a4b7c: ;   {other}
  0x000001c43e3a4b7c: 0f1f 8400 | ec27 004f | bade ffff | ff48 8b6c | 2428 4c8b | 5424 304c | 8954 2420 | 4c8b 5424 
  0x000001c43e3a4b9c: 384c 8954 | 2428 4889 | 4424 3890 

  0x000001c43e3a4ba8: ;   {runtime_call UncommonTrapBlob}
  0x000001c43e3a4ba8: c5f8 77e8 

  0x000001c43e3a4bac: ; ImmutableOopMap {rbp=Oop [32]=Oop [40]=Oop [56]=Oop }
                      ;*checkcast {reexecute=0 rethrow=0 return_oop=0}
                      ; - java.security.SecureClassLoader::getProtectionDomain@33 (line 222)
                      ; - java.security.SecureClassLoader::defineClass@9 (line 150)
  0x000001c43e3a4bac: d0f7 67ff 

  0x000001c43e3a4bb0: ;   {other}
  0x000001c43e3a4bb0: 0f1f 8400 | 2028 0050 | bade ffff | ff48 8b6c | 2428 4889 | 4424 5090 

  0x000001c43e3a4bc8: ;   {runtime_call UncommonTrapBlob}
  0x000001c43e3a4bc8: c5f8 77e8 

  0x000001c43e3a4bcc: ; ImmutableOopMap {rbp=Oop [32]=Oop [48]=Oop [56]=Oop [80]=Oop [136]=Oop }
                      ;*checkcast {reexecute=0 rethrow=0 return_oop=0}
                      ; - java.lang.ClassLoader::checkCerts@65 (line 1171)
                      ; - java.lang.ClassLoader::preDefineClass@113 (line 917)
                      ; - java.lang.ClassLoader::defineClass@4 (line 1025)
                      ; - java.security.SecureClassLoader::defineClass@12 (line 150)
  0x000001c43e3a4bcc: b0f7 67ff 

  0x000001c43e3a4bd0: ;   {other}
  0x000001c43e3a4bd0: 0f1f 8400 | 4028 0051 | baf6 ffff | ff49 8be8 | 4c89 4c24 | 2066 6690 

  0x000001c43e3a4be8: ;   {runtime_call UncommonTrapBlob}
  0x000001c43e3a4be8: c5f8 77e8 

  0x000001c43e3a4bec: ; ImmutableOopMap {rbp=Oop [32]=Oop }
                      ;*invokeinterface computeIfAbsent {reexecute=0 rethrow=0 return_oop=0}
                      ; - java.security.SecureClassLoader::getProtectionDomain@28 (line 222)
                      ; - java.security.SecureClassLoader::defineClass@9 (line 150)
  0x000001c43e3a4bec: 90f7 67ff 

  0x000001c43e3a4bf0: ;   {other}
  0x000001c43e3a4bf0: 0f1f 8400 | 6028 0052 | baf4 ffff | ff48 8b6c | 2428 4c8b | 5424 304c | 8954 2420 

  0x000001c43e3a4c0c: ;   {runtime_call UncommonTrapBlob}
  0x000001c43e3a4c0c: c5f8 77e8 

  0x000001c43e3a4c10: ; ImmutableOopMap {rbp=Oop [32]=Oop [56]=Oop }
                      ;*checkcast {reexecute=0 rethrow=0 return_oop=0}
                      ; - java.security.SecureClassLoader::getProtectionDomain@33 (line 222)
                      ; - java.security.SecureClassLoader::defineClass@9 (line 150)
  0x000001c43e3a4c10: 6cf7 67ff 

  0x000001c43e3a4c14: ;   {other}
  0x000001c43e3a4c14: 0f1f 8400 | 8428 0053 | baf6 ffff | ff66 6690 

  0x000001c43e3a4c24: ;   {runtime_call UncommonTrapBlob}
  0x000001c43e3a4c24: c5f8 77e8 

  0x000001c43e3a4c28: ; ImmutableOopMap {}
                      ;*arraylength {reexecute=0 rethrow=0 return_oop=0}
                      ; - java.lang.String::isEmpty@4 (line 1532)
                      ; - java.lang.ClassLoader::checkName@5 (line 1155)
                      ; - java.lang.ClassLoader::preDefineClass@1 (line 900)
                      ; - java.lang.ClassLoader::defineClass@4 (line 1025)
                      ; - java.security.SecureClassLoader::defineClass@12 (line 150)
  0x000001c43e3a4c28: 54f7 67ff 

  0x000001c43e3a4c2c: ;   {other}
  0x000001c43e3a4c2c: 0f1f 8400 | 9c28 0054 | baf6 ffff | ff66 6690 

  0x000001c43e3a4c3c: ;   {runtime_call UncommonTrapBlob}
  0x000001c43e3a4c3c: c5f8 77e8 

  0x000001c43e3a4c40: ; ImmutableOopMap {}
                      ;*arraylength {reexecute=0 rethrow=0 return_oop=0}
                      ; - java.lang.StringLatin1::charAt@2 (line 46)
                      ; - java.lang.String::charAt@12 (line 1555)
                      ; - java.lang.ClassLoader::checkName@25 (line 1157)
                      ; - java.lang.ClassLoader::preDefineClass@1 (line 900)
                      ; - java.lang.ClassLoader::defineClass@4 (line 1025)
                      ; - java.security.SecureClassLoader::defineClass@12 (line 150)
  0x000001c43e3a4c40: 3cf7 67ff 

  0x000001c43e3a4c44: ;   {other}
  0x000001c43e3a4c44: 0f1f 8400 | b428 0055 | baf6 ffff | ff66 6690 

  0x000001c43e3a4c54: ;   {runtime_call UncommonTrapBlob}
  0x000001c43e3a4c54: c5f8 77e8 

  0x000001c43e3a4c58: ; ImmutableOopMap {}
                      ;*arraylength {reexecute=0 rethrow=0 return_oop=0}
                      ; - java.lang.String::length@4 (line 1519)
                      ; - java.lang.String::startsWith@6 (line 2285)
                      ; - java.lang.String::startsWith@3 (line 2327)
                      ; - java.lang.ClassLoader::preDefineClass@43 (line 906)
                      ; - java.lang.ClassLoader::defineClass@4 (line 1025)
                      ; - java.security.SecureClassLoader::defineClass@12 (line 150)
  0x000001c43e3a4c58: 24f7 67ff 

  0x000001c43e3a4c5c: ;   {other}
  0x000001c43e3a4c5c: 0f1f 8400 | cc28 0056 | baf6 ffff | ff66 6690 

  0x000001c43e3a4c6c: ;   {runtime_call UncommonTrapBlob}
  0x000001c43e3a4c6c: c5f8 77e8 

  0x000001c43e3a4c70: ; ImmutableOopMap {}
                      ;*invokevirtual getPackageName {reexecute=0 rethrow=0 return_oop=0}
                      ; - java.lang.ClassLoader::postDefineClass@2 (line 934)
                      ; - java.lang.ClassLoader::defineClass@37 (line 1028)
                      ; - java.security.SecureClassLoader::defineClass@12 (line 150)
  0x000001c43e3a4c70: 0cf7 67ff 

  0x000001c43e3a4c74: ;   {other}
  0x000001c43e3a4c74: 0f1f 8400 | e428 0057 | baf6 ffff | ff66 6690 

  0x000001c43e3a4c84: ;   {runtime_call UncommonTrapBlob}
  0x000001c43e3a4c84: c5f8 77e8 

  0x000001c43e3a4c88: ; ImmutableOopMap {}
                      ;*invokevirtual hashCode {reexecute=0 rethrow=0 return_oop=0}
                      ; - java.util.concurrent.ConcurrentHashMap::get@1 (line 936)
                      ; - java.lang.ClassLoader::getNamedPackage@5 (line 341)
                      ; - java.lang.ClassLoader::postDefineClass@9 (line 934)
                      ; - java.lang.ClassLoader::defineClass@37 (line 1028)
                      ; - java.security.SecureClassLoader::defineClass@12 (line 150)
  0x000001c43e3a4c88: f4f6 67ff 

  0x000001c43e3a4c8c: ;   {other}
  0x000001c43e3a4c8c: 0f1f 8400 | fc28 0058 | 33ed 4d85 | d240 0f94 | c5ba 45ff | ffff 6690 

  0x000001c43e3a4ca4: ;   {runtime_call UncommonTrapBlob}
  0x000001c43e3a4ca4: c5f8 77e8 

  0x000001c43e3a4ca8: ; ImmutableOopMap {[40]=Oop [48]=Oop [136]=Oop }
                      ;*ifeq {reexecute=1 rethrow=0 return_oop=0}
                      ; - (reexecute) java.lang.Class::getPackageName@29 (line 1166)
                      ; - java.lang.ClassLoader::postDefineClass@2 (line 934)
                      ; - java.lang.ClassLoader::defineClass@37 (line 1028)
                      ; - java.security.SecureClassLoader::defineClass@12 (line 150)
  0x000001c43e3a4ca8: d4f6 67ff 

  0x000001c43e3a4cac: ;   {other}
  0x000001c43e3a4cac: 0f1f 8400 | 1c29 0059 | baf6 ffff | ff66 6690 

  0x000001c43e3a4cbc: ;   {runtime_call UncommonTrapBlob}
  0x000001c43e3a4cbc: c5f8 77e8 

  0x000001c43e3a4cc0: ; ImmutableOopMap {}
                      ;*arraylength {reexecute=0 rethrow=0 return_oop=0}
                      ; - java.lang.String::length@4 (line 1519)
                      ; - java.lang.String::lastIndexOf@3 (line 2535)
                      ; - java.lang.Class::getPackageName@47 (line 1170)
                      ; - java.lang.ClassLoader::postDefineClass@2 (line 934)
                      ; - java.lang.ClassLoader::defineClass@37 (line 1028)
                      ; - java.security.SecureClassLoader::defineClass@12 (line 150)
  0x000001c43e3a4cc0: bcf6 67ff 

  0x000001c43e3a4cc4: ;   {other}
  0x000001c43e3a4cc4: 0f1f 8400 | 3429 005a | ba45 ffff | ff48 8b6c | 2428 4c89 | 5424 2090 

  0x000001c43e3a4cdc: ;   {runtime_call UncommonTrapBlob}
  0x000001c43e3a4cdc: c5f8 77e8 

  0x000001c43e3a4ce0: ; ImmutableOopMap {rbp=Oop [32]=Oop [56]=Oop [136]=Oop }
                      ;*ifnull {reexecute=1 rethrow=0 return_oop=0}
                      ; - (reexecute) java.lang.ClassLoader::checkName@1 (line 1155)
                      ; - java.lang.ClassLoader::preDefineClass@1 (line 900)
                      ; - java.lang.ClassLoader::defineClass@4 (line 1025)
                      ; - java.security.SecureClassLoader::defineClass@12 (line 150)
  0x000001c43e3a4ce0: 9cf6 67ff 

  0x000001c43e3a4ce4: ;   {other}
  0x000001c43e3a4ce4: 0f1f 8400 | 5429 005b | ba45 ffff | ff48 8b6c | 2428 4c8b | 5424 384c | 8954 2428 | 448b 5c24 
  0x000001c43e3a4d04: 4044 895c | 2438 448b | 5c24 4444 | 895c 243c | 4889 5c24 | 4848 8974 | 2458 4489 | 7424 5490 
  0x000001c43e3a4d24: ;   {runtime_call UncommonTrapBlob}
  0x000001c43e3a4d24: c5f8 77e8 

  0x000001c43e3a4d28: ; ImmutableOopMap {rbp=Oop [40]=Oop [48]=Oop [72]=Oop [84]=NarrowOop [88]=Oop [136]=Oop }
                      ;*ifnull {reexecute=1 rethrow=0 return_oop=0}
                      ; - (reexecute) java.lang.ClassLoader::checkCerts@30 (line 1167)
                      ; - java.lang.ClassLoader::preDefineClass@113 (line 917)
                      ; - java.lang.ClassLoader::defineClass@4 (line 1025)
                      ; - java.security.SecureClassLoader::defineClass@12 (line 150)
  0x000001c43e3a4d28: 54f6 67ff 

  0x000001c43e3a4d2c: ;   {other}
  0x000001c43e3a4d2c: 0f1f 8400 | 9c29 005c | ba45 ffff | ff48 8b6c | 2428 4c8b | 5c24 304c | 895c 2420 | 4c8b 5c24 
  0x000001c43e3a4d4c: 384c 895c | 2428 448b | 4424 4044 | 8944 2430 | 448b 5c24 | 4444 895c | 2434 4489 | 5424 4490 
  0x000001c43e3a4d6c: ;   {runtime_call UncommonTrapBlob}
  0x000001c43e3a4d6c: c5f8 77e8 

  0x000001c43e3a4d70: ; ImmutableOopMap {rbp=Oop [32]=Oop [40]=Oop [68]=NarrowOop [136]=Oop }
                      ;*ifnull {reexecute=1 rethrow=0 return_oop=0}
                      ; - (reexecute) java.lang.ClassLoader::defineClassSourceLocation@8 (line 926)
                      ; - java.lang.ClassLoader::defineClass@12 (line 1026)
                      ; - java.security.SecureClassLoader::defineClass@12 (line 150)
  0x000001c43e3a4d70: 0cf6 67ff 

  0x000001c43e3a4d74: ;   {other}
  0x000001c43e3a4d74: 0f1f 8400 | e429 005d | ba45 ffff | ff4c 8b54 | 2428 4c89 | 5424 204c | 8b54 2430 | 4c89 5424 
  0x000001c43e3a4d94: 284c 8b54 | 2438 4c89 | 5424 3044 | 8b54 2440 | 4489 5424 | 3844 8b5c | 2444 4489 | 5c24 3c90 
  0x000001c43e3a4db4: ;   {runtime_call UncommonTrapBlob}
  0x000001c43e3a4db4: c5f8 77e8 

  0x000001c43e3a4db8: ; ImmutableOopMap {rbp=NarrowOop [32]=Oop [40]=Oop [48]=Oop [136]=Oop }
                      ;*ifnull {reexecute=1 rethrow=0 return_oop=0}
                      ; - (reexecute) java.lang.ClassLoader::defineClassSourceLocation@15 (line 926)
                      ; - java.lang.ClassLoader::defineClass@12 (line 1026)
                      ; - java.security.SecureClassLoader::defineClass@12 (line 150)
  0x000001c43e3a4db8: c4f5 67ff 

  0x000001c43e3a4dbc: ;   {other}
  0x000001c43e3a4dbc: 0f1f 8400 | 2c2a 005e | ba45 ffff | ff44 8954 | 2420 6690 

  0x000001c43e3a4dd0: ;   {runtime_call UncommonTrapBlob}
  0x000001c43e3a4dd0: c5f8 77e8 

  0x000001c43e3a4dd4: ; ImmutableOopMap {[32]=NarrowOop [48]=Oop }
                      ;*ifnull {reexecute=1 rethrow=0 return_oop=0}
                      ; - (reexecute) java.lang.ClassLoader::postDefineClass@17 (line 936)
                      ; - java.lang.ClassLoader::defineClass@37 (line 1028)
                      ; - java.security.SecureClassLoader::defineClass@12 (line 150)
  0x000001c43e3a4dd4: a8f5 67ff 

  0x000001c43e3a4dd8: ;   {other}
  0x000001c43e3a4dd8: 0f1f 8400 | 482a 005f | ba45 ffff | ff48 8b4c | 2448 4889 | 4c24 3844 | 894c 2450 | 4c89 5c24 
  0x000001c43e3a4df8: 5844 8944 | 2454 4489 | 5424 6090 

  0x000001c43e3a4e04: ;   {runtime_call UncommonTrapBlob}
  0x000001c43e3a4e04: c5f8 77e8 

  0x000001c43e3a4e08: ; ImmutableOopMap {rbp=NarrowOop [40]=Oop [48]=Oop [56]=Oop [80]=NarrowOop [84]=NarrowOop [88]=Oop }
                      ;*ifnull {reexecute=1 rethrow=0 return_oop=0}
                      ; - (reexecute) java.util.concurrent.ConcurrentHashMap::get@67 (line 940)
                      ; - java.lang.ClassLoader::getNamedPackage@5 (line 341)
                      ; - java.lang.ClassLoader::postDefineClass@9 (line 934)
                      ; - java.lang.ClassLoader::defineClass@37 (line 1028)
                      ; - java.security.SecureClassLoader::defineClass@12 (line 150)
  0x000001c43e3a4e08: 74f5 67ff 

  0x000001c43e3a4e0c: ;   {other}
  0x000001c43e3a4e0c: 0f1f 8400 | 7c2a 0060 | ba97 ffff | ff48 8b6c | 2420 4c8b | 5424 384c | 8954 2428 | 448b 5c24 
  0x000001c43e3a4e2c: 4044 895c | 2438 448b | 5424 4444 | 8954 243c | 4c8b 5424 | 604c 8954 | 2448 4c8b | 5424 684c 
  0x000001c43e3a4e4c: 8954 2460 

  0x000001c43e3a4e50: ;   {runtime_call UncommonTrapBlob}
  0x000001c43e3a4e50: c5f8 77e8 

  0x000001c43e3a4e54: ; ImmutableOopMap {rbp=Oop [40]=Oop [48]=Oop [72]=Oop [80]=NarrowOop [84]=NarrowOop [96]=Oop [104]=Oop [136]=Oop }
                      ;*invokevirtual clone {reexecute=1 rethrow=0 return_oop=0}
                      ; - (reexecute) java.util.Arrays::copyOfRange@18 (line 3856)
                      ; - java.lang.StringLatin1::newString@16 (line 752)
                      ; - java.lang.String::substring@41 (line 2839)
                      ; - java.lang.ClassLoader::checkCerts@21 (line 1164)
                      ; - java.lang.ClassLoader::preDefineClass@113 (line 917)
                      ; - java.lang.ClassLoader::defineClass@4 (line 1025)
                      ; - java.security.SecureClassLoader::defineClass@12 (line 150)
  0x000001c43e3a4e54: 28f5 67ff 

  0x000001c43e3a4e58: ;   {other}
  0x000001c43e3a4e58: 0f1f 8400 | c82a 0061 | ba97 ffff | ff48 8b6c | 2430 6690 

  0x000001c43e3a4e6c: ;   {runtime_call UncommonTrapBlob}
  0x000001c43e3a4e6c: c5f8 77e8 

  0x000001c43e3a4e70: ; ImmutableOopMap {rbp=Oop [40]=Oop [56]=NarrowOop [64]=Oop [72]=Oop }
                      ;*invokevirtual clone {reexecute=1 rethrow=0 return_oop=0}
                      ; - (reexecute) java.util.Arrays::copyOfRange@18 (line 3856)
                      ; - java.lang.StringLatin1::newString@16 (line 752)
                      ; - java.lang.String::substring@41 (line 2839)
                      ; - java.lang.Class::getPackageName@62 (line 1171)
                      ; - java.lang.ClassLoader::postDefineClass@2 (line 934)
                      ; - java.lang.ClassLoader::defineClass@37 (line 1028)
                      ; - java.security.SecureClassLoader::defineClass@12 (line 150)
  0x000001c43e3a4e70: 0cf5 67ff 

  0x000001c43e3a4e74: ;   {other}
  0x000001c43e3a4e74: 0f1f 8400 | e42a 0062 | eb36 eb34 | eb32 eb30 | eb2e eb2c | eb2a eb28 | eb26 eb24 | eb22 eb20 
  0x000001c43e3a4e94: eb1e eb1c | eb1a eb18 | eb16 eb14 | eb12 eb10 | eb0e eb0c | eb0a eb08 | eb06 eb04 | eb02 eb00 
  0x000001c43e3a4eb4: 488b d0e9 | 8de7 ffff 

  0x000001c43e3a4ebc: ;   {internal_word}
  0x000001c43e3a4ebc: 49ba ef37 | 3a3e c401 | 0000 4d89 | 9760 0400 

  0x000001c43e3a4ecc: ;   {runtime_call SafepointBlob}
  0x000001c43e3a4ecc: 00e9 ae05 

  0x000001c43e3a4ed0: ;   {runtime_call StubRoutines (final stubs)}
  0x000001c43e3a4ed0: 68ff e809 | 1666 ffe9 | 42d9 ffff | f4f4 f4f4 
[Stub Code]
  0x000001c43e3a4ee0: ;   {no_reloc}
  0x000001c43e3a4ee0: 48bb 2852 | 064d c401 

  0x000001c43e3a4ee8: ;   {runtime_call I2C/C2I adapters}
  0x000001c43e3a4ee8: 0000 e97c 

  0x000001c43e3a4eec: ;   {static_stub}
  0x000001c43e3a4eec: 5f67 ff48 | bb00 0000 | 0000 0000 

  0x000001c43e3a4ef8: ;   {runtime_call nmethod}
  0x000001c43e3a4ef8: 00e9 fbff 

  0x000001c43e3a4efc: ;   {static_stub}
  0x000001c43e3a4efc: ffff 48bb | 0000 0000 | 0000 0000 

  0x000001c43e3a4f08: ;   {runtime_call nmethod}
  0x000001c43e3a4f08: e9fb ffff 

  0x000001c43e3a4f0c: ;   {static_stub}
  0x000001c43e3a4f0c: ff48 bb00 | 0000 0000 

  0x000001c43e3a4f14: ;   {runtime_call nmethod}
  0x000001c43e3a4f14: 0000 00e9 | fbff ffff 

  0x000001c43e3a4f1c: ;   {static_stub}
  0x000001c43e3a4f1c: 48bb 0000 | 0000 0000 

  0x000001c43e3a4f24: ;   {runtime_call nmethod}
  0x000001c43e3a4f24: 0000 e9fb 

  0x000001c43e3a4f28: ;   {static_stub}
  0x000001c43e3a4f28: ffff ff48 | bb00 0000 | 0000 0000 

  0x000001c43e3a4f34: ;   {runtime_call nmethod}
  0x000001c43e3a4f34: 00e9 fbff 

  0x000001c43e3a4f38: ;   {static_stub}
  0x000001c43e3a4f38: ffff 48bb | 0000 0000 | 0000 0000 

  0x000001c43e3a4f44: ;   {runtime_call nmethod}
  0x000001c43e3a4f44: e9fb ffff 

  0x000001c43e3a4f48: ;   {static_stub}
  0x000001c43e3a4f48: ff48 bb00 | 0000 0000 

  0x000001c43e3a4f50: ;   {runtime_call nmethod}
  0x000001c43e3a4f50: 0000 00e9 | fbff ffff 

  0x000001c43e3a4f58: ;   {static_stub}
  0x000001c43e3a4f58: 48bb 6072 | 404d c401 

  0x000001c43e3a4f60: ;   {runtime_call I2C/C2I adapters}
  0x000001c43e3a4f60: 0000 e987 

  0x000001c43e3a4f64: ;   {static_stub}
  0x000001c43e3a4f64: 0665 ff48 | bb00 0000 | 0000 0000 

  0x000001c43e3a4f70: ;   {runtime_call nmethod}
  0x000001c43e3a4f70: 00e9 fbff 

  0x000001c43e3a4f74: ;   {static_stub}
  0x000001c43e3a4f74: ffff 48bb | 0000 0000 | 0000 0000 

  0x000001c43e3a4f80: ;   {runtime_call nmethod}
  0x000001c43e3a4f80: e9fb ffff 

  0x000001c43e3a4f84: ;   {static_stub}
  0x000001c43e3a4f84: ff48 bb00 | 0000 0000 

  0x000001c43e3a4f8c: ;   {runtime_call nmethod}
  0x000001c43e3a4f8c: 0000 00e9 | fbff ffff 

  0x000001c43e3a4f94: ;   {static_stub}
  0x000001c43e3a4f94: 48bb 0000 | 0000 0000 

  0x000001c43e3a4f9c: ;   {runtime_call nmethod}
  0x000001c43e3a4f9c: 0000 e9fb 

  0x000001c43e3a4fa0: ;   {static_stub}
  0x000001c43e3a4fa0: ffff ff48 | bb00 0000 | 0000 0000 

  0x000001c43e3a4fac: ;   {runtime_call nmethod}
  0x000001c43e3a4fac: 00e9 fbff 

  0x000001c43e3a4fb0: ;   {static_stub}
  0x000001c43e3a4fb0: ffff 48bb | 0000 0000 | 0000 0000 

  0x000001c43e3a4fbc: ;   {runtime_call nmethod}
  0x000001c43e3a4fbc: e9fb ffff 

  0x000001c43e3a4fc0: ;   {static_stub}
  0x000001c43e3a4fc0: ff48 bb00 | 0000 0000 

  0x000001c43e3a4fc8: ;   {runtime_call nmethod}
  0x000001c43e3a4fc8: 0000 00e9 | fbff ffff 

  0x000001c43e3a4fd0: ;   {static_stub}
  0x000001c43e3a4fd0: 48bb 0000 | 0000 0000 

  0x000001c43e3a4fd8: ;   {runtime_call nmethod}
  0x000001c43e3a4fd8: 0000 e9fb 

  0x000001c43e3a4fdc: ;   {static_stub}
  0x000001c43e3a4fdc: ffff ff48 | bb00 0000 | 0000 0000 

  0x000001c43e3a4fe8: ;   {runtime_call nmethod}
  0x000001c43e3a4fe8: 00e9 fbff 

  0x000001c43e3a4fec: ;   {static_stub}
  0x000001c43e3a4fec: ffff 48bb | 0000 0000 | 0000 0000 

  0x000001c43e3a4ff8: ;   {runtime_call nmethod}
  0x000001c43e3a4ff8: e9fb ffff 

  0x000001c43e3a4ffc: ;   {runtime_call ExceptionBlob}
  0x000001c43e3a4ffc: ffe9 7ef8 | 73ff e800 | 0000 0048 | 832c 2405 

  0x000001c43e3a500c: ;   {runtime_call DeoptimizationBlob}
  0x000001c43e3a500c: e90f f767 | fff4 f4f4 | f4f4 f4f4 
[/MachCode]


Compiled method (c2) 419576 5923   !   4       java.net.URLClassLoader$1::run (81 bytes)
 total in heap  [0x000001c43e456290,0x000001c43e463410] = 53632
 relocation     [0x000001c43e4563f0,0x000001c43e456b20] = 1840
 constants      [0x000001c43e456b20,0x000001c43e456b40] = 32
 main code      [0x000001c43e456b40,0x000001c43e45edc0] = 33408
 stub code      [0x000001c43e45edc0,0x000001c43e45efb8] = 504
 oops           [0x000001c43e45efb8,0x000001c43e45f010] = 88
 metadata       [0x000001c43e45f010,0x000001c43e45f438] = 1064
 scopes data    [0x000001c43e45f438,0x000001c43e461ca0] = 10344
 scopes pcs     [0x000001c43e461ca0,0x000001c43e462a80] = 3552
 dependencies   [0x000001c43e462a80,0x000001c43e462b08] = 136
 handler table  [0x000001c43e462b08,0x000001c43e463300] = 2040
 nul chk table  [0x000001c43e463300,0x000001c43e463410] = 272


[Constant Pool]
             Address          hex4                    hex8      
  0x000001c43e456b20:   0x3f400000      0xf4f4f4f43f400000      
  0x000001c43e456b24:   0xf4f4f4f4                              
  0x000001c43e456b28:   0xf4f4f4f4      0xf4f4f4f4f4f4f4f4      
  0x000001c43e456b2c:   0xf4f4f4f4                              
  0x000001c43e456b30:   0xf4f4f4f4      0xf4f4f4f4f4f4f4f4      
  0x000001c43e456b34:   0xf4f4f4f4                              
  0x000001c43e456b38:   0xf4f4f4f4      0xf4f4f4f4f4f4f4f4      
  0x000001c43e456b3c:   0xf4f4f4f4                              

[MachCode]
[Entry Point]
  # {method} {0x000001c48208d108} 'run' '()Ljava/lang/Class;' in 'java/net/URLClassLoader$1'
  #           [sp+0x100]  (sp of caller)
  0x000001c43e456b40: ;   {no_reloc}
  0x000001c43e456b40: 448b 5208 | 49bb 0000 | 004d c401 | 0000 4d03 | d349 3bc2 

  0x000001c43e456b54: ;   {runtime_call ic_miss_stub}
  0x000001c43e456b54: 0f85 267c | 5cff 6690 | 0f1f 4000 
[Verified Entry Point]
  0x000001c43e456b60: 8984 2400 | 80ff ff55 | 4881 ecf0 | 0000 0090 | 4181 7f20 | 3900 0000 | 0f85 3782 | 0000 4889 
  0x000001c43e456b80: 5424 5044 | 8b42 0c47 | 0fbe 5cc4 | 1045 85db | 0f85 f64d | 0000 438b | 4cc4 1445 | 8b6c cc0c 
  0x000001c43e456ba0: 4f8d 34c4 | 4585 ed0f | 86cf 0300 | 0041 8d7d | ff41 3bfd | 0f83 a649 | 0000 418d | 75fd 498d 
  0x000001c43e456bc0: 04cc 4180 | 7ccc 102e | 0f84 1b2a | 0000 83fe | 010f 8e82 | 0300 00bd | 0100 0000 | 458b d544 
  0x000001c43e456be0: 2bd5 4183 | c2fd 4533 | c93b f545 | 0f4c d141 | 81fa a00f | 0000 41bb | a00f 0000 | 450f 47d3 
  0x000001c43e456c00: 4403 d5eb | 0e66 6666 | 0f1f 8400 | 0000 0000 | 418b e948 | 63dd 440f | be4c 1810 | 4183 f92e 
  0x000001c43e456c20: 746b 440f | be5c 1811 | 4183 fb2e | 7458 440f | be4c 1812 | 4183 f92e | 7450 440f | be5c 1813 
  0x000001c43e456c40: 4183 fb2e | 743d 448d | 4d04 453b | ca7c c14d 

  0x000001c43e456c50: ;   {no_reloc}
  0x000001c43e456c50: 8b97 5004 | 0000 83c5 | 0348 8b5c 

  0x000001c43e456c5c: ; ImmutableOopMap {r8=NarrowOop rcx=NarrowOop rbx=Oop rax=Oop r14=Oop [80]=Oop }
                      ;*if_icmpne {reexecute=1 rethrow=0 return_oop=0}
                      ; - (reexecute) java.lang.StringLatin1::replace@28 (line 298)
                      ; - java.lang.String::replace@18 (line 2933)
                      ; - java.net.URLClassLoader$1::run@8 (line 423)
                      ;   {poll}
  0x000001c43e456c5c: 2450 4185 | 0244 3bce | 0f8d f502 | 0000 418b | e9e9 6aff | ffff 448b | c2c5 f97e | c9c4 e1f9 
  0x000001c43e456c7c: 7ec3 e9ae | 0000 0083 | c502 ffc5 | eb03 83c5 | 0241 3bed | 0f8d e602 | 0000 4181 | fd00 0010 
  0x000001c43e456c9c: 000f 8770 | 3600 0049 | 8b9f b801 | 0000 4d63 | d549 83c2 | 1749 83e2 | f84c 8bdb | 4d03 da4d 
  0x000001c43e456cbc: 3b9f c801 | 0000 0f83 | 4b36 0000 | 4d89 9fb8 | 0100 0041 | 0f18 8300 | 0100 0048 | c703 0100 
  0x000001c43e456cdc: 0000 410f | 1883 4001 

  0x000001c43e456ce4: ;   {metadata({type array byte})}
  0x000001c43e456ce4: 0000 c743 | 0818 2300 | 0044 896b | 0c41 0f18 | 8380 0100 | 0085 ed0f | 8ed5 0000 | 0044 8d55 
  0x000001c43e456d04: ff45 3bd5 | 0f83 a24c | 0000 4585 | ed0f 8699 | 4c00 0045 | 0fbe 5ccc | 1044 885b | 1041 83fa 
  0x000001c43e456d24: 010f 8ead | 4c00 0041 | bb01 0000 | 0044 8bcd | 452b cb41 | ffc9 33d2 | 453b d344 | 0f4c ca41 
  0x000001c43e456d44: 81f9 d007 | 0000 bad0 | 0700 0044 | 0f47 ca45 | 03cb 418b | d0c5 f96e | c9c4 e1f9 | 6ec3 0f1f 
  0x000001c43e456d64: 8000 0000 | 000f 1f80 | 0000 0000 | 4963 db44 | 0fbe 4418 | 10c4 e1f9 | 7ec1 4488 | 4419 100f 
  0x000001c43e456d84: be4c 1811 | c4c1 f97e | c041 884c | 1811 4183 | c302 453b | d97c d54d | 8b87 5004 

  0x000001c43e456da0: ; ImmutableOopMap {rdx=NarrowOop rax=Oop r14=Oop xmm0=Oop xmm1=NarrowOop [80]=Oop }
                      ;*goto {reexecute=1 rethrow=0 return_oop=0}
                      ; - (reexecute) java.lang.StringLatin1::replace@76 (line 305)
                      ; - java.lang.String::replace@18 (line 2933)
                      ; - java.net.URLClassLoader$1::run@8 (line 423)
                      ;   {poll}
  0x000001c43e456da0: 0000 4185 | 0045 3bda | 0f8c c4fe | ffff 448b | c2c5 f97e | c9c4 e1f9 | 7ec3 443b | dd7d 1790 
  0x000001c43e456dc0: 4d63 cb46 | 0fbe 5408 | 1046 8854 | 0b10 41ff | c344 3bdd | 7cea 413b | ed0f 8d2c | 0100 0041 
  0x000001c43e456de0: 3bed 0f83 | 0c48 0000 | 413b fd0f | 8303 4800 | 0044 8d5d | 014c 63d5 | 460f be4c | 1010 4183 
  0x000001c43e456e00: f92e 0f84 | ff1b 0000 | 4688 4c13 | 1044 8d45 | 0145 3bc3 | 7d05 418b | e8eb da44 | 3bc6 0f8d 
  0x000001c43e456e20: bf00 0000 | ffc5 e98c | 0000 0041 | b82f 0000 | 000f 1f84 | 0000 0000 | 000f 1f80 | 0000 0000 
  0x000001c43e456e40: 4688 441b | 1383 c504 | 413b ea7d | 5c4c 63dd | 460f be44 | 1810 4183 | f82e 7445 | 4688 441b 
  0x000001c43e456e60: 1046 0fbe | 4418 1141 | 83f8 2e74 | 2446 8844 | 1b11 460f | be44 1812 | 4183 f82e | 741b 4688 
  0x000001c43e456e80: 441b 1246 | 0fbe 4418 | 1341 83f8 | 2e75 b1eb | 9a41 b82f | 0000 00eb | d441 b82f | 0000 00eb 
  0x000001c43e456ea0: ;   {no_reloc}
  0x000001c43e456ea0: dd41 b82f | 0000 00eb | b34d 8b97 

  0x000001c43e456eac: ; ImmutableOopMap {rbx=Oop rax=Oop r14=Oop [80]=Oop }
                      ;*goto {reexecute=1 rethrow=0 return_oop=0}
                      ; - (reexecute) java.lang.StringLatin1::replace@113 (line 312)
                      ; - java.lang.String::replace@18 (line 2933)
                      ; - java.net.URLClassLoader$1::run@8 (line 423)
  0x000001c43e456eac: 5004 0000 

  0x000001c43e456eb0: ;   {poll}
  0x000001c43e456eb0: 4185 023b | ee7d 2f45 | 8bd5 442b | d541 83c2 | fd45 33c0 | 3bf5 450f | 4cd0 4181 | faa0 0f00 
  0x000001c43e456ed0: 0041 b8a0 | 0f00 0045 | 0f47 d044 | 03d5 e96a | ffff ff41 | 8be8 413b | ed7d 2090 | 4c63 d546 
  0x000001c43e456ef0: 0fbe 4410 | 1041 83f8 | 2e0f 847f | 1e00 0046 | 8844 1310 | ffc5 413b | ed7c e14d | 8b9f b801 
  0x000001c43e456f10: 0000 4d8b | d349 83c2 | 184d 3b97 | c801 0000 | 0f83 6134 | 0000 4d89 | 97b8 0100 | 0041 0f18 
  0x000001c43e456f30: 8200 0100 | 0049 c703 | 0100 0000 

  0x000001c43e456f3c: ;   {metadata('java/lang/String')}
  0x000001c43e456f3c: 41c7 4308 | 78e8 0000 | 4589 630c | 4d89 6310 | 4c8b c349 | c1e8 0345 | 8943 14eb | 2d41 b901 
  0x000001c43e456f5c: 0000 0045 | 3bcd 7d18 | 460f be54 | 0810 4183 | fa2e 0f84 | f344 0000 | 41ff c145 | 3bcd 7ce8 
  0x000001c43e456f7c: 488b d948 | c1e3 034d | 8bde 448b | 430c 4585 | c00f 8612 | 0c00 0045 | 0fbe 4b10 | c4c2 32f7 
  0x000001c43e456f9c: f048 63ce | 4183 f901 | 0f84 d64c | 0000 85f6 | 0f8c 604c | 0000 488d | 4106 8be8 | 85ed 0f8c 
  0x000001c43e456fbc: 784c 0000 | 4c8b d049 | c1fa 2045 | 8bd2 c462 | 29f7 d545 | 85d2 0f8c | d44c 0000 | 4181 fa00 
  0x000001c43e456fdc: 0010 000f | 87a3 4500 | 0049 63d2 | 4181 fa00 | 0010 000f | 87cb 3100 | 0049 8bbf | b801 0000 
  0x000001c43e456ffc: 4883 c217 | 4883 e2f8 | 488b ef48 | 03ea 493b | afc8 0100 | 000f 83a9 | 3100 0049 | 89af b801 
  0x000001c43e45701c: 0000 0f18 | 8500 0100 | 0048 c707 | 0100 0000 | 0f18 8540 

  0x000001c43e457030: ;   {metadata({type array byte})}
  0x000001c43e457030: 0100 00c7 | 4708 1823 | 0000 4489 | 570c 0f18 | 8580 0100 | 008d 5606 | 443b d20f | 823f 4500 
  0x000001c43e457050: 0048 63ce | 85f6 0f8f | 7002 0000 | c644 0f10 | 2ec6 440f | 1163 c644 | 0f12 6cc6 | 440f 1361 
  0x000001c43e457070: c644 0f14 | 73c6 440f | 1573 4585 | c90f 85d1 | 4b00 0045 | 3bd0 0f82 | 3445 0000 | 4585 c076 
  0x000001c43e457090: 2948 83c3 | 1048 8bd7 | 4883 c210 | 4d63 c048 | 8bcb c5f8 | 7749 bac0 | 44a0 3dc4 | 0100 0041 
  0x000001c43e4570b0: ;   {other}
  0x000001c43e4570b0: ffd2 0f1f | 8400 0000 | 0000 498b | 87b8 0100 | 004c 8bd0 | 4983 c218 | 4d3b 97c8 | 0100 000f 
  0x000001c43e4570d0: 8361 3100 | 004d 8997 | b801 0000 | 410f 1882 | 0001 0000 | 48c7 0001 

  0x000001c43e4570e8: ;   {metadata('java/lang/String')}
  0x000001c43e4570e8: 0000 00c7 | 4008 78e8 | 0000 4489 | 600c 4489 | 6010 4c8b | df49 c1eb | 0344 8958 | 144c 8b54 
  0x000001c43e457108: 2450 458b | 5210 478b | 5cd4 5445 | 85db 0f84 | 2444 0000 | 4b8d 14dc | 4c8b c045 | 33c9 6690 
  0x000001c43e457128: ;   {optimized virtual_call}
  0x000001c43e457128: c5f8 77e8 

  0x000001c43e45712c: ; ImmutableOopMap {[80]=Oop }
                      ;*invokevirtual getResource {reexecute=0 rethrow=0 return_oop=1}
                      ; - java.net.URLClassLoader$1::run@26 (line 424)
  0x000001c43e45712c: b0f7 dbff 

  0x000001c43e457130: ;   {other}
  0x000001c43e457130: 0f1f 8400 | a00e 0003 | 4889 4424 | 4848 85c0 | 7507 33c0 | e943 0a00 | 004c 8b54 | 2450 458b 
  0x000001c43e457150: 5a10 4489 | 9c24 9000 | 0000 458b | 520c 4489 | 9424 9400 | 0000 4585 | db0f 84ad | 4400 00c5 
  0x000001c43e457170: f877 49ba | 1094 aafd | fa7f 0000 

  0x000001c43e45717c: ;   {other}
  0x000001c43e45717c: 41ff d20f | 1f84 0000 | 0000 0048 | 8944 2438 | 448b 9424 | 9400 0000 

  0x000001c43e457194: ; implicit exception: dispatches to 0x000001c43e45de9c
  0x000001c43e457194: 478b 4cd4 | 1443 8b5c | cc0c 470f | be54 d410 | c462 2af7 | db45 8d43 | ff45 85d2 | 0f85 c24e 
  0x000001c43e4571b4: 0000 8d7b | ff41 3bf8 | 410f 4ff8 | 448b 9424 | 9400 0000 | 4b8d 14d4 | 4b8d 34cc | 448b 8424 
  0x000001c43e4571d4: 9000 0000 | 49c1 e003 | 85ff 0f8c | 1529 0000 | 85db 0f86 | c044 0000 | 3bfb 0f83 | b844 0000 
  0x000001c43e4571f4: 85ff 0f8e | 7045 0000 | 448d 57ff | 0fbe 4c3e | 1083 f92e | 0f84 cc1f | 0000 ffcf | 413b fa7f 
  0x000001c43e457214: eb83 ff02 | 0f8e c028 | 0000 8d47 | fe45 33d2 | 83ff 0241 | 0f4c c23d | a00f 0000 | b9a0 0f00 
  0x000001c43e457234: 000f 47c1 | 8bcf 2bc8 | 4c8b ea4d | 8bf0 0f1f | 8000 0000 | 000f 1f80 | 0000 0000 | 4c63 c746 
  0x000001c43e457254: 0fbe 5406 | 1041 83fa | 2e0f 84a9 | 0900 0046 | 0fbe 4406 | 0f41 83f8 | 2e0f 849e | 0900 0044 
  0x000001c43e457274: 8d57 fe42 | 0fbe 5416 

  0x000001c43e45727c: ;   {no_reloc}
  0x000001c43e45727c: 1083 fa2e | 0f84 8f09 | 0000 448d | 57fd 460f | be44 1610 | 4183 f82e | 0f84 7b09 | 0000 83c7 
  0x000001c43e45729c: fc3b f97f | af49 8baf | 5004 0000 | 4c8b 5424 | 504c 8b44 | 2448 498b 

  0x000001c43e4572b4: ; ImmutableOopMap {r10=Oop r9=NarrowOop rdx=Oop rsi=Oop rax=Oop r14=Oop [72]=Oop [80]=Oop [144]=NarrowOop [148]=NarrowOop }
                      ;*goto {reexecute=1 rethrow=0 return_oop=0}
                      ; - (reexecute) java.lang.StringLatin1::lastIndexOf@35 (line 285)
                      ; - java.lang.String::lastIndexOf@13 (line 2573)
                      ; - java.lang.String::lastIndexOf@8 (line 2535)
                      ; - java.net.URLClassLoader::defineClass@7 (line 486)
                      ; - java.net.URLClassLoader$1::run@43 (line 427)
  0x000001c43e4572b4: d549 8bc0 

  0x000001c43e4572b8: ;   {poll}
  0x000001c43e4572b8: 8545 0083 | ff02 0f8e | 1728 0000 | 4d8b c6e9 | 52ff ffff | c644 0f15 | 73c6 440f | 1473 c644 
  0x000001c43e4572d8: 0f13 61c6 | 440f 126c | c644 0f11 | 63c6 440f | 102e e98b | fdff ff4c | 63d5 4c8b | 9c24 8000 
  0x000001c43e4572f8: 0000 470f | be4c 1310 | 4183 f92e | 0f84 e622 | 0000 498b | f847 884c | 1010 ffc5 | 3bac 248c 
  0x000001c43e457318: 0000 007c | d2eb 0f41 | 8be9 3bac | 248c 0000 | 007c c449 | 8bf8 498b | b7b8 0100 | 004c 8bd6 
  0x000001c43e457338: 4983 c218 | 4d3b 97c8 | 0100 000f | 83c7 3c00 | 004d 8997 | b801 0000 | 410f 1882 | 0001 0000 
  0x000001c43e457358: 48c7 0601 

  0x000001c43e45735c: ;   {metadata('java/lang/String')}
  0x000001c43e45735c: 0000 00c7 | 4608 78e8 | 0000 4489 | 660c 4c89 | 6610 4c8b | df49 c1eb | 0344 895e | 1444 8b74 
  0x000001c43e45737c: 2440 4c8b | 5c24 584c | 8b4c 2468 | 4c8b 5424 | 6044 8b84 | 2498 0000 | 008b 5424 | 4448 8b5c 
  0x000001c43e45739c: 2470 eb36 | 448b 7424 | 404c 8b5c | 2458 4c8b | 4c24 684c | 8b54 2460 | 448b 8424 | 9800 0000 
  0x000001c43e4573bc: 8b54 2444 | 8b8c 249c | 0000 0048 | 8b5c 2470 | 48c1 e103 | 488b f949 | 8bf3 8b4f | 0c85 c90f 
  0x000001c43e4573dc: 8685 2e00 | 000f be6e | 10c4 e252 | f7c1 4c63 | e883 fd01 | 0f84 6c52 | 0000 85c0 | 0f8c 4a50 
  0x000001c43e4573fc: 0000 4c89 | ac24 a000 | 0000 8984 | 249c 0000 | 0089 ac24 | 9800 0000 | 894c 247c | 4889 b424 
  0x000001c43e45741c: 8800 0000 | 4889 bc24 | 8000 0000 | 4889 5c24 | 7089 5424 | 4444 8944 | 2478 4c89 | 5424 604c 
  0x000001c43e45743c: 894c 2468 | 4c89 5c24 | 5844 8974 | 2440 4d8d | 5501 4d8b | ca41 8bea | 85ed 0f8c | 4450 0000 
  0x000001c43e45745c: ;   {no_reloc}
  0x000001c43e45745c: 49c1 fa20 | 458b d2c4 | e229 f7ed | 89ac 24a8 | 0000 0085 | ed0f 8c45 | 5200 0081 | fd00 0010 
  0x000001c43e45747c: 000f 874d | 4900 004c | 63d5 81fd | 0000 1000 | 0f87 ef3a | 0000 4d8b | 87b8 0100 | 0049 83c2 
  0x000001c43e45749c: 1749 83e2 | f84d 8bd8 | 4d03 da4d | 3b9f c801 | 0000 0f83 | cd3a 0000 | 4d89 9fb8 | 0100 0041 
  0x000001c43e4574bc: 0f18 8300 | 0100 0049 | c700 0100 | 0000 410f | 1883 4001 

  0x000001c43e4574d0: ;   {metadata({type array byte})}
  0x000001c43e4574d0: 0000 41c7 | 4008 1823 | 0000 4189 | 680c 410f | 1883 8001 | 0000 448b | 9c24 9c00 | 0000 41ff 
  0x000001c43e4574f0: c38b 8c24 | a800 0000 | 413b cb0f | 825f 4a00 | 0044 8b94 | 249c 0000 | 0043 c644 | 1010 2f44 
  0x000001c43e457510: 8b8c 2498 | 0000 0045 | 85c9 0f85 | ac4f 0000 | 3b4c 247c | 0f82 c64a | 0000 448b | 5c24 7c45 
  0x000001c43e457530: 85db 7634 | 498b d848 | 8b8c 2480 | 0000 0048 | 83c1 1049 | 8bd0 4883 | c210 4d63 | c3c5 f877 
  0x000001c43e457550: 49ba c044 | a03d c401 | 0000 41ff 

  0x000001c43e45755c: ;   {other}
  0x000001c43e45755c: d20f 1f84 | 0000 0000 | 004c 8bc3 | 498b 87b8 | 0100 004c | 8bd0 4983 | c218 4d3b | 97c8 0100 
  0x000001c43e45757c: 000f 832d | 3a00 004d | 8997 b801 | 0000 410f | 1882 0001 | 0000 48c7 | 0001 0000 

  0x000001c43e457598: ;   {metadata('java/lang/String')}
  0x000001c43e457598: 00c7 4008 | 78e8 0000 | 4489 600c | 4489 6010 | 4d8b d849 | c1eb 0344 | 8958 1448 | 8bc8 448b 
  0x000001c43e4575b8: 7424 404c | 8b5c 2458 | 4c8b 4c24 | 684c 8b54 | 2460 448b | 4424 788b 

  0x000001c43e4575d0: ;   {metadata('java/util/jar/JavaUtilJarAccessImpl')}
  0x000001c43e4575d0: 5424 4481 | fa88 7431 | 000f 85a1 | 4800 0041 | 8b69 1041 | 8b5c ec08 

  0x000001c43e4575e8: ;   {metadata('java/util/HashMap')}
  0x000001c43e4575e8: 81fb 80c2 | 0800 0f85 | e048 0000 | 4d8d 04ec | 458b 4024 | 4585 c00f | 8482 0100 | 0043 8b44 
  0x000001c43e457608: c40c 85c0 | 0f86 5251 | 0000 8b79 | 0c4b 8d34 | c4ff c885 | ff0f 8442 | 1800 0044 | 8bc7 41c1 
  0x000001c43e457628: e810 4433 | c741 23c0 | 418b d08b | 5c86 1085 | db0f 8448 | 0100 0041 | 8b7c dc0c | 498d 2cdc 
  0x000001c43e457648: 3bfa 0f85 | 3a19 0000 | 418b 44dc | 104c 8bc0 | 49c1 e003 | 4c3b c174 | 5889 5c24 | 7889 5424 
  0x000001c43e457668: 4448 894c | 2470 4c89 | 5424 684c | 894c 2460 | 4c89 5c24 | 5844 8974 | 2440 488b | d166 6690 
  0x000001c43e457688: ;   {optimized virtual_call}
  0x000001c43e457688: c5f8 77e8 

  0x000001c43e45768c: ; ImmutableOopMap {rbp=Oop [32]=Oop [40]=Oop [48]=Oop [64]=NarrowOop [72]=Oop [80]=Oop [88]=Oop [96]=Oop [104]=Oop [112]=Oop [120]=NarrowOop [144]=NarrowOop [148]=NarrowOop }
                      ;*invokevirtual equals {reexecute=0 rethrow=0 return_oop=0}
                      ; - java.util.HashMap::getNode@63 (line 578)
                      ; - java.util.HashMap::get@2 (line 564)
                      ; - java.util.jar.Manifest::getAttributes@5 (line 160)
                      ; - java.util.jar.Manifest::getTrustedAttributes@2 (line 177)
                      ; - java.util.jar.JavaUtilJarAccessImpl::getTrustedAttributes@2 (line 38)
                      ; - java.net.URLClassLoader::isSealed@18 (line 601)
                      ; - java.net.URLClassLoader::getAndVerifyPackage@68 (line 469)
                      ; - java.net.URLClassLoader::defineClass@46 (line 492)
                      ; - java.net.URLClassLoader$1::run@43 (line 427)
  0x000001c43e45768c: f073 5cff 

  0x000001c43e457690: ;   {other}
  0x000001c43e457690: 0f1f 8400 | 0014 0005 | 85c0 0f84 | c918 0000 | 448b 7424 | 404c 8b5c | 2458 4c8b | 4c24 604c 
  0x000001c43e4576b0: 8b54 2468 | 488b 4c24 | 708b 6d14 | 85ed 0f84 | c300 0000 | 418b 5cec 

  0x000001c43e4576c8: ;   {metadata('java/util/jar/Attributes')}
  0x000001c43e4576c8: 0881 fb88 | d216 000f | 8557 6600 | 0041 8b59 | 1449 8d14 | ec85 db74 | 5a48 8954 | 2478 4889 
  0x000001c43e4576e8: 4c24 704c | 8954 2468 | 4c89 4c24 | 604c 895c | 2458 4489 | 7424 4049 | 8d14 dc4c | 8bc1 498b 
  0x000001c43e457708: e966 6690 

  0x000001c43e45770c: ;   {optimized virtual_call}
  0x000001c43e45770c: c5f8 77e8 

  0x000001c43e457710: ; ImmutableOopMap {rbp=Oop [32]=Oop [40]=Oop [48]=Oop [64]=NarrowOop [72]=Oop [80]=Oop [88]=Oop [96]=Oop [104]=Oop [112]=Oop [120]=Oop [144]=NarrowOop [148]=NarrowOop }
                      ;*invokevirtual isTrustedManifestEntry {reexecute=0 rethrow=0 return_oop=0}
                      ; - java.util.jar.Manifest::getTrustedAttributes@22 (line 178)
                      ; - java.util.jar.JavaUtilJarAccessImpl::getTrustedAttributes@2 (line 38)
                      ; - java.net.URLClassLoader::isSealed@18 (line 601)
                      ; - java.net.URLClassLoader::getAndVerifyPackage@68 (line 469)
                      ; - java.net.URLClassLoader::defineClass@46 (line 492)
                      ; - java.net.URLClassLoader$1::run@43 (line 427)
  0x000001c43e457710: 6c73 5cff 

  0x000001c43e457714: ;   {other}
  0x000001c43e457714: 0f1f 8400 | 8414 0006 | 85c0 0f84 | 2051 0000 | 448b 7424 | 404c 8b5c | 2458 4c8b | cd4c 8b54 
  0x000001c43e457734: 2468 488b | 5424 784c | 8954 2468 | 4c89 4c24 | 604c 895c | 2458 4489 

  0x000001c43e45774c: ;   {oop(a 'java/util/jar/Attributes$Name'{0x0000000740a8e418})}
  0x000001c43e45774c: 7424 4049 | b818 e4a8 | 4007 0000 | 0049 8be9 

  0x000001c43e45775c: ;   {optimized virtual_call}
  0x000001c43e45775c: c5f8 77e8 

  0x000001c43e457760: ; ImmutableOopMap {rbp=Oop [32]=Oop [40]=Oop [48]=Oop [64]=NarrowOop [72]=Oop [80]=Oop [88]=Oop [96]=Oop [104]=Oop [144]=NarrowOop [148]=NarrowOop }
                      ;*invokevirtual getValue {reexecute=0 rethrow=0 return_oop=1}
                      ; - java.net.URLClassLoader::isSealed@35 (line 604)
                      ; - java.net.URLClassLoader::getAndVerifyPackage@68 (line 469)
                      ; - java.net.URLClassLoader::defineClass@46 (line 492)
                      ; - java.net.URLClassLoader$1::run@43 (line 427)
  0x000001c43e457760: 1c73 5cff 

  0x000001c43e457764: ;   {other}
  0x000001c43e457764: 0f1f 8400 | d414 0007 | 4885 c00f | 851b 5200 | 0044 8b74 | 2440 4c8b | 5c24 584c | 8bcd 4c8b 
  0x000001c43e457784: 5424 6841 | 8b49 0c41 | 8b6c cc0c 

  0x000001c43e457790: ; implicit exception: dispatches to 0x000001c43e45e23c
  0x000001c43e457790: 418b 4cec 

  0x000001c43e457794: ;   {metadata('java/util/LinkedHashMap')}
  0x000001c43e457794: 0881 f968 | bb0f 000f | 857f 4700 | 0049 8d3c | ec44 8b47 | 2445 85c0 | 0f84 1f01 | 0000 438b 
  0x000001c43e4577b4: 6cc4 0c85 | ed0f 86f5 

  0x000001c43e4577bc: ;   {oop(a 'java/util/jar/Attributes$Name'{0x0000000740a8e418})}
  0x000001c43e4577bc: 4f00 0048 | b918 e4a8 | 4007 0000 | 008b 490c | 4b8d 1cc4 | 448b c141 | c1e8 1041 | 8bd0 33d1 
  0x000001c43e4577dc: ffcd 23ea | 8b44 ab10 | 85c0 0f84 | e500 0000 | 418b 6cc4 | 0c49 8d1c | c43b ea0f | 85ed 1800 
  0x000001c43e4577fc: 0041 8b6c 

  0x000001c43e457800: ;   {oop(a 'java/util/jar/Attributes$Name'{0x0000000740a8e418})}
  0x000001c43e457800: c410 81fd | 831c 15e8 | 7471 4889 | 9c24 8000 | 0000 8944 | 2478 8954 | 2444 4889 | 7c24 704c 
  0x000001c43e457820: 8954 2468 | 4c89 4c24 | 6044 8974 | 2440 4c8b | c549 c1e0 

  0x000001c43e457834: ;   {oop(a 'java/util/jar/Attributes$Name'{0x0000000740a8e418})}
  0x000001c43e457834: 0348 ba18 | e4a8 4007 | 0000 0049 | 8beb 6690 

  0x000001c43e457844: ;   {optimized virtual_call}
  0x000001c43e457844: c5f8 77e8 

  0x000001c43e457848: ; ImmutableOopMap {rbp=Oop [32]=Oop [40]=Oop [48]=Oop [64]=NarrowOop [72]=Oop [80]=Oop [96]=Oop [104]=Oop [112]=Oop [120]=NarrowOop [128]=Oop [144]=NarrowOop [148]=NarrowOop }
                      ;*invokevirtual equals {reexecute=0 rethrow=0 return_oop=0}
                      ; - java.util.HashMap::getNode@63 (line 578)
                      ; - java.util.LinkedHashMap::get@2 (line 536)
                      ; - java.util.jar.Attributes::get@5 (line 106)
                      ; - java.util.jar.Attributes::getValue@2 (line 142)
                      ; - java.net.URLClassLoader::isSealed@58 (line 608)
                      ; - java.net.URLClassLoader::getAndVerifyPackage@68 (line 469)
                      ; - java.net.URLClassLoader::defineClass@46 (line 492)
                      ; - java.net.URLClassLoader$1::run@43 (line 427)
  0x000001c43e457848: 3472 5cff 

  0x000001c43e45784c: ;   {other}
  0x000001c43e45784c: 0f1f 8400 | bc15 0008 | 85c0 0f84 | 6718 0000 | 448b 7424 | 404c 8bdd | 4c8b 4c24 | 604c 8b54 
  0x000001c43e45786c: 2468 488b | 7c24 7048 | 8b9c 2480 | 0000 000f | b66f 3085 | ed0f 8565 | 5100 008b | 6b14 85ed 
  0x000001c43e45788c: 7443 418b 

  0x000001c43e457890: ;   {metadata('java/lang/String')}
  0x000001c43e457890: 4cec 0881 | f978 e800 | 000f 85d9 | 6400 0049 

  0x000001c43e4578a0: ;   {oop("true"{0x0000000741a8d608})}
  0x000001c43e4578a0: 8d3c ec48 | ba08 d6a8 | 4107 0000 | 0048 3bfa | 0f84 514f | 0000 8b4f | 1445 8b44 | cc0c 0fbe 
  0x000001c43e4578c0: 5f10 c442 | 62f7 c041 | 83f8 040f | 840c 1e00 | 0048 8b54 | 2420 4c8b | 4424 28eb | 664c 8b44 
  0x000001c43e4578e0: 2428 488b 

  0x000001c43e4578e4: ;   {metadata('java/lang/IllegalArgumentException')}
  0x000001c43e4578e4: 4c24 3048 | bdd8 b306 | 4dc4 0100 | 004d 85c9 | 0f84 0a22 | 0000 4c89 | 4c24 604c | 895c 2458 
  0x000001c43e457904: 4889 4c24 | 3044 8974 | 2440 4c89 | 4424 2848 | 8954 2420 | 498b d04d | 8bc3 488b | f966 6690 
  0x000001c43e457924: ;   {optimized virtual_call}
  0x000001c43e457924: c5f8 77e8 

  0x000001c43e457928: ; ImmutableOopMap {[32]=Oop [40]=Oop [48]=Oop [64]=NarrowOop [72]=Oop [80]=Oop [88]=Oop [96]=Oop [144]=NarrowOop [148]=NarrowOop }
                      ;*invokevirtual definePackage {reexecute=0 rethrow=0 return_oop=1}
                      ; - java.net.URLClassLoader::defineClass@64 (line 495)
                      ; - java.net.URLClassLoader$1::run@43 (line 427)
  0x000001c43e457928: f49e 64f8 

  0x000001c43e45792c: ;   {other}
  0x000001c43e45792c: 0f1f 8400 | 9c16 0009 | 448b 7424 | 4048 8b54 | 2420 4c8b | 4424 2844 | 8974 2440 | 4c89 4424 
  0x000001c43e45794c: 2848 8954 | 2420 488b | 5424 4890 

  0x000001c43e457958: ;   {optimized virtual_call}
  0x000001c43e457958: c5f8 77e8 

  0x000001c43e45795c: ; ImmutableOopMap {[32]=Oop [40]=Oop [48]=Oop [64]=NarrowOop [72]=Oop [80]=Oop [144]=NarrowOop [148]=NarrowOop }
                      ;*invokevirtual cachedInputStream {reexecute=0 rethrow=0 return_oop=1}
                      ; - jdk.internal.loader.Resource::getByteBuffer@1 (line 163)
                      ; - java.net.URLClassLoader::defineClass@132 (line 511)
                      ; - java.net.URLClassLoader$1::run@43 (line 427)
  0x000001c43e45795c: 8084 d4ff 

  0x000001c43e457960: ;   {other}
  0x000001c43e457960: 0f1f 8400 | d016 000a | 4c8b d044 

  0x000001c43e45796c: ;   {metadata('sun/nio/ByteBuffered')}
  0x000001c43e45796c: 8b58 0848 | b860 4c36 | 4dc4 0100 | 0048 be00 | 0000 4dc4 | 0100 0049 | 03f3 4c8b | 5e20 4c3b 
  0x000001c43e45798c: d80f 84a9 | 3c00 0048 | 33ff 4c8b | 9ea0 0000 | 0049 8bd3 | 48c1 e230 | 0f89 2100 | 0000 f348 
  0x000001c43e4579ac: 0fb8 d248 | 8b5e 2848 | 3b04 d374 | 1549 0fba | e310 730b | 49c1 cb0f 

  0x000001c43e4579c4: ;   {runtime_call StubRoutines (compiler stubs)}
  0x000001c43e4579c4: e84e b867 | ffeb 0348 | ffc7 4885 | ff0f 8465 | 3c00 004c | 8b54 2448 | 458b 5a08 

  0x000001c43e4579e0: ;   {metadata('jdk/internal/loader/URLClassPath$JarLoader$2')}
  0x000001c43e4579e0: 4181 fbb0 | 3b21 000f | 857a 1d00 | 004c 8954 | 2458 498b | d266 6690 

  0x000001c43e4579f8: ;   {optimized virtual_call}
  0x000001c43e4579f8: c5f8 77e8 

  0x000001c43e4579fc: ; ImmutableOopMap {[32]=Oop [40]=Oop [48]=Oop [64]=NarrowOop [72]=Oop [80]=Oop [88]=Oop [144]=NarrowOop [148]=NarrowOop }
                      ;*invokespecial getBytes {reexecute=0 rethrow=0 return_oop=1}
                      ; - jdk.internal.loader.URLClassPath$JarLoader$2::getBytes@1 (line 862)
                      ; - java.net.URLClassLoader::defineClass@179 (line 519)
                      ; - java.net.URLClassLoader$1::run@43 (line 427)
  0x000001c43e4579fc: 805c f8ff 

  0x000001c43e457a00: ;   {other}
  0x000001c43e457a00: 0f1f 8400 | 7017 000b | 488b d844 | 8b40 0c45 | 85c0 0f86 | e447 0000 | 418d 68ff | 413b e80f 
  0x000001c43e457a20: 83f3 3c00 | 0048 8bd0 | 4883 c210 | 33c9 c5f8 | 7749 bae0 | 129d 3dc4 | 0100 0041 

  0x000001c43e457a3c: ;   {other}
  0x000001c43e457a3c: ffd2 0f1f | 8400 0000 | 0000 4c8b | 5424 5845 | 8b42 1c4f | 8b5c c418 | 448b c04d | 3bc3 0f85 
  0x000001c43e457a5c: e847 0000 | 4889 5c24 | 684c 8b5c | 2448 458b 

  0x000001c43e457a6c: ;   {metadata('jdk/internal/loader/URLClassPath$JarLoader$2')}
  0x000001c43e457a6c: 5308 4181 | fab0 3b21 | 000f 8517 | 1d00 004c | 8b54 2448 | 418b 6a1c 

  0x000001c43e457a84: ; implicit exception: dispatches to 0x000001c43e45e060
  0x000001c43e457a84: 458b 44ec 

  0x000001c43e457a88: ;   {metadata('java/util/jar/JarFile$JarFileEntry')}
  0x000001c43e457a88: 0841 81f8 | 204c 3100 | 0f85 c23e | 0000 4d8d | 0cec 418b | 6964 450f | b654 ec12 | 453b 64ec 
  0x000001c43e457aa8: 3075 0945 | 85d2 0f85 | e51b 0000 | 418b 695c | 85ed 0f85 | 4846 0000 | 458b 4164 

  0x000001c43e457ac4: ; implicit exception: dispatches to 0x000001c43e45e0c4
  0x000001c43e457ac4: 438b 6cc4 | 3085 ed0f | 85d3 4700 | 0049 8b87 | b801 0000 | 4c8b d049 | 83c2 284d | 3b97 c801 
  0x000001c43e457ae4: 0000 0f83 | 3e29 0000 | 4d89 97b8 | 0100 0041 | 0f18 8200 | 0100 0048 | c700 0100 

  0x000001c43e457b00: ;   {metadata('java/security/CodeSource')}
  0x000001c43e457b00: 0000 c740 | 0828 5c00 | 0044 8960 | 0c4c 8960 | 104c 8960 | 184c 8960 | 204c 895c | 2448 4889 
  0x000001c43e457b20: 4424 4048 | 8bd0 4c8b | 4424 3045 | 33c9 6690 

  0x000001c43e457b30: ;   {optimized virtual_call}
  0x000001c43e457b30: c5f8 77e8 

  0x000001c43e457b34: ; ImmutableOopMap {[32]=Oop [40]=Oop [64]=Oop [72]=Oop [80]=Oop [104]=Oop [144]=NarrowOop [148]=NarrowOop }
                      ;*invokespecial <init> {reexecute=0 rethrow=0 return_oop=0}
                      ; - java.net.URLClassLoader::defineClass@198 (line 522)
                      ; - java.net.URLClassLoader$1::run@43 (line 427)
  0x000001c43e457b34: 2811 f0ff 

  0x000001c43e457b38: ;   {other}
  0x000001c43e457b38: 0f1f 8400 | a818 000c 

  0x000001c43e457b40: ;   {oop(a 'jdk/internal/perf/PerfCounter'{0x0000000740a92af0})}
  0x000001c43e457b40: 48ba f02a | a940 0700 | 0000 4c8b | 4424 3890 

  0x000001c43e457b50: ;   {optimized virtual_call}
  0x000001c43e457b50: c5f8 77e8 

  0x000001c43e457b54: ; ImmutableOopMap {[32]=Oop [40]=Oop [64]=Oop [72]=Oop [80]=Oop [104]=Oop [144]=NarrowOop [148]=NarrowOop }
                      ;*invokevirtual addElapsedTimeFrom {reexecute=0 rethrow=0 return_oop=0}
                      ; - java.net.URLClassLoader::defineClass@207 (line 523)
                      ; - java.net.URLClassLoader$1::run@43 (line 427)
  0x000001c43e457b54: 685a e0ff 

  0x000001c43e457b58: ;   {other}
  0x000001c43e457b58: 0f1f 8400 | c818 000d | 4c8b 4c24 | 6841 8b71 | 0c48 8b54 | 2428 4c8b | 4424 2033 | ff48 8b4c 
  0x000001c43e457b78: 2440 6690 

  0x000001c43e457b7c: ;   {optimized virtual_call}
  0x000001c43e457b7c: c5f8 77e8 

  0x000001c43e457b80: ; ImmutableOopMap {[72]=Oop [80]=Oop }
                      ;*invokevirtual defineClass {reexecute=0 rethrow=0 return_oop=1}
                      ; - java.net.URLClassLoader::defineClass@220 (line 524)
                      ; - java.net.URLClassLoader$1::run@43 (line 427)
  0x000001c43e457b80: 7cac f4ff 

  0x000001c43e457b84: ;   {other}
  0x000001c43e457b84: 0f1f 8400 | f418 000e | c5f8 7748 | 81c4 f000 

  0x000001c43e457b94: ;   {poll_return}
  0x000001c43e457b94: 0000 5d49 | 3ba7 4804 | 0000 0f87 | fb71 0000 | c349 8b87 | b801 0000 | 4c8b d049 | 83c2 184d 
  0x000001c43e457bb4: 3b97 c801 | 0000 0f83 | e834 0000 | 4d89 97b8 | 0100 0041 | 0f18 8200 | 0100 0048 | c700 0100 
  0x000001c43e457bd4: ;   {metadata('java/lang/String')}
  0x000001c43e457bd4: 0000 c740 | 0878 e800 | 0044 8960 | 0c44 8960 

  0x000001c43e457be4: ;   {oop([B{0x00000007405fbe60})}
  0x000001c43e457be4: 10c7 4014 | ccf7 0be8 

  0x000001c43e457bec: ;   {oop(".class"{0x0000000740a404b0})}
  0x000001c43e457bec: 49ba b004 | a440 0700 | 0000 458b | 5a0c 4489 | 580c 450f | b65a 1144 | 8858 11e9 | f9f4 ffff 
  0x000001c43e457c0c: 448b d7eb | 0444 8d57 | ff49 8bd5 | 4d8b c648 | 8b4c 2448 

  0x000001c43e457c20: ;   {metadata('jdk/internal/loader/URLClassPath$JarLoader$2')}
  0x000001c43e457c20: 8b49 0881 | f9b0 3b21 | 000f 85ba | 1b00 0048 | 8b4c 2448 | 8b41 2045 | 8b74 c41c | 498b ce48 
  0x000001c43e457c40: c1e1 0341 | 83fa ff0f | 848f 2400 | 0045 85d2 | 0f8c 5e44 | 0000 453b | d30f 8f49 | 4500 0045 
  0x000001c43e457c60: 3bd3 0f84 | 0911 0000 | 4585 d20f | 845b 1e00 | 0048 894c | 2460 4c89 | 4424 4048 | 8954 2430 
  0x000001c43e457c80: 4d8b 87b8 | 0100 004d | 8bd8 4983 | c318 4d3b | 9fc8 0100 | 000f 83e1 | 3000 004d | 899f b801 
  0x000001c43e457ca0: 0000 410f | 1883 0001 | 0000 49c7 | 0001 0000 

  0x000001c43e457cb0: ;   {metadata('java/lang/String')}
  0x000001c43e457cb0: 0041 c740 | 0878 e800 | 0045 8960 | 0c4d 8960 | 104f 8d5c | cc10 443b | d30f 85ba | 0000 0048 
  0x000001c43e457cd0: 63eb 81fb | 0000 1000 | 0f87 9f36 | 0000 4889 | 6c24 704c | 895c 2428 | 4c89 4424 | 6844 8974 
  0x000001c43e457cf0: 2458 4889 | 7424 208b | cb44 894c | 245c 498b | 9fb8 0100 | 004c 8d55 | 1749 83e2 | f84c 8bdb 
  0x000001c43e457d10: 4d03 da4d | 3b9f c801 | 0000 0f83 | 7d36 0000 | 4d89 9fb8 | 0100 0041 | 0f18 8300 | 0100 0048 
  0x000001c43e457d30: c703 0100 | 0000 410f | 1883 4001 

  0x000001c43e457d3c: ;   {metadata({type array byte})}
  0x000001c43e457d3c: 0000 c743 | 0818 2300 | 0089 4b0c | 410f 1883 | 8001 0000 | 488b d348 | 83c2 104c | 8b44 2470 
  0x000001c43e457d5c: 4983 c007 | 49c1 e803 | 488b 4c24 | 28c5 f877 | 49ba 604b | a03d c401 | 0000 41ff 

  0x000001c43e457d78: ;   {other}
  0x000001c43e457d78: d20f 1f84 | 0000 0000 | 004c 8bc3 | e910 0100 | 0041 81fa | 0000 1000 | 0f87 423f | 0000 4963 
  0x000001c43e457d98: ca41 3bda | 8beb 410f | 4fea 3bdd | 0f82 a23f | 0000 443b | d50f 8299 | 3f00 0048 | 83c1 174c 
  0x000001c43e457db8: 8bc9 4983 | e1f8 4181 | fa00 0010 | 000f 8761 | 3100 004c | 898c 2480 | 0000 0048 | 894c 2478 
  0x000001c43e457dd8: 4c89 5c24 | 704c 8944 | 2468 4489 | 7424 5844 | 8954 2428 | 4889 7424 | 204d 8b87 | b801 0000 
  0x000001c43e457df8: 4d8b d84d | 03d9 4d3b | 9fc8 0100 | 000f 8347 | 3100 004d | 899f b801 | 0000 410f | 1883 0001 
  0x000001c43e457e18: 0000 49c7 | 0001 0000 | 0041 0f18 | 8340 0100 

  0x000001c43e457e28: ;   {metadata({type array byte})}
  0x000001c43e457e28: 0041 c740 | 0818 2300 | 0044 8b54 | 2428 4589 | 500c 410f | 1883 8001 | 0000 498b | d048 83c2 
  0x000001c43e457e48: 104c 8b5c | 2478 49c1 | eb03 85ed | 0f84 863e | 0000 413b | ea0f 8c23 | 2100 0049 | 8bd8 488b 
  0x000001c43e457e68: ac24 8000 | 0000 4883 | c5f0 48c1 | ed03 488b | 4c24 704c | 8bc5 c5f8 | 7749 ba60 | 4ba0 3dc4 
  0x000001c43e457e88: 0100 0041 

  0x000001c43e457e8c: ;   {other}
  0x000001c43e457e8c: ffd2 0f1f | 8400 0000 | 0000 4c8b | c341 807f | 4000 0f85 | 5520 0000 | 488b 6c24 | 684c 8bdd 
  0x000001c43e457eac: 4d8b d049 | c1ea 0344 | 8955 144d | 8bd0 4d33 | d349 c1ea | 154d 85d2 | 741a 49c1 | eb09 48b9 
  0x000001c43e457ecc: 0000 a142 | c401 0000 | 4903 cb80 | 3902 0f85 | 5520 0000 | 4488 6510 | 448b 7424 | 5848 8b54 
  0x000001c43e457eec: 2430 4c8b | 4424 4048 | 8b4c 2460 | 4889 ac24 | c000 0000 | 4c8b 5424 | 4845 8b52 

  0x000001c43e457f08: ;   {metadata('jdk/internal/loader/URLClassPath$JarLoader$2')}
  0x000001c43e457f08: 0841 81fa | b03b 2100 | 0f85 be18 | 0000 4c8b 

  0x000001c43e457f18: ;   {oop(a 'java/lang/Class'{0x0000000740a94570} = 'jdk/internal/access/SharedSecrets')}
  0x000001c43e457f18: 5c24 4849 | ba70 45a9 | 4007 0000 | 0045 8b92 | d400 0000 

  0x000001c43e457f2c: ; implicit exception: dispatches to 0x000001c43e45e27c
  0x000001c43e457f2c: 438b 7cd4 | 0841 8b5b | 2041 8b6c 

  0x000001c43e457f38: ;   {metadata('java/util/jar/JavaUtilJarAccessImpl')}
  0x000001c43e457f38: dc18 81ff | 8874 3100 | 0f85 5a38 | 0000 85ed | 0f84 9237 | 0000 4889 | 4c24 204c | 8984 2488 
  0x000001c43e457f58: 0000 0048 | 8994 2480 | 0000 004d | 8d04 ec48 | 8d9c 24e0 | 0000 0049 | 8b00 a802 | 0f85 2300 
  0x000001c43e457f78: 0000 4883 | c801 4889 | 03f0 490f | b118 0f84 | 3700 0000 | 482b c448 | 2507 f0ff | ff48 8903 
  0x000001c43e457f98: e924 0000 | 004c 8bd0 | 4833 c0f0 | 4d0f b17a | 3e48 c703 | 0300 0000 | 7411 4c3b | f875 1549 
  0x000001c43e457fb8: ff82 8600 | 0000 4833 | c075 0949 | ff87 4805 | 0000 33c0 | 0f85 1238 | 0000 453b | 64ec 300f 
  0x000001c43e457fd8: 8520 2100 | 0045 0fb6 | 4cec 1245 | 85c9 0f85 | 0f16 0000 | 488d 8424 | e000 0000 | 4883 3800 
  0x000001c43e457ff8: 0f84 7900 | 0000 4d8b | 1041 f6c2 | 020f 8462 | 0000 0049 | 83ba 8600 | 0000 0074 | 0949 ff8a 
  0x000001c43e458018: 8600 0000 | eb4b 498b | 8296 0000 | 0049 0b82 | 8e00 0000 | 750a 49c7 | 423e 0000 | 0000 eb3d 
  0x000001c43e458038: ;   {no_reloc}
  0x000001c43e458038: 4983 ba9e | 0000 0000 | 7422 4833 | c049 c742 | 3e00 0000 | 00f0 8304 | 2400 4983 | ba9e 0000 
  0x000001c43e458058: 0000 750d | f04d 0fb1 | 7a3e 7505 | 83c8 01eb | 0ca8 00eb | 084c 8b10 | f04d 0fb1 | 1075 0a49 
  0x000001c43e458078: ff8f 4805 | 0000 4533 | d20f 853f | 3800 0045 | 8b53 2043 | 8b6c d418 

  0x000001c43e458090: ; implicit exception: dispatches to 0x000001c43e45dfd4
  0x000001c43e458090: 458b 44ec 

  0x000001c43e458094: ;   {metadata('java/util/jar/JarFile')}
  0x000001c43e458094: 0841 81f8 | c0e8 1600 | 0f85 7738 | 0000 4d8d | 0cec 418b | 7928 85ff | 0f84 3a11 | 0000 418b 
  0x000001c43e4580b4: 6cfc 0c41 | 807f 4000 | 0f85 931a | 0000 458b | 54ec 084d | 8bc3 4489 | 7424 404d | 8b5c fc20 
  0x000001c43e4580d4: ;   {oop(a 'java/lang/Class'{0x0000000740a95318} = 'java/lang/ref/SoftReference')}
  0x000001c43e4580d4: 48b9 1853 | a940 0700 | 0000 488b | 4970 4c3b | d90f 85f7 

  0x000001c43e4580e8: ;   {metadata('java/util/jar/Manifest')}
  0x000001c43e4580e8: 1000 0041 | 81fa b8fa | 0400 0f85 | c05c 0000 | 48c1 e503 | 448b 7424 | 404c 8bcd | 488b 9424 
  0x000001c43e458108: 8000 0000 | 4c8b 8424 | 8800 0000 | 488b 4c24 | 2044 8b9c | 2490 0000 | 0047 8b54 | dc38 4585 
  0x000001c43e458128: d20f 8445 | 3500 004c | 8b9c 24c0 | 0000 0041 | 8b43 0c85 | c00f 84cf | 0800 0047 | 8b54 d428 
  0x000001c43e458148: 4585 d20f | 8496 f7ff | ff43 8b6c | d40c 85ed | 0f86 ea3f | 0000 4889 | 4c24 304c | 8944 2428 
  0x000001c43e458168: 4889 5424 | 208b c8c1 | e910 33c8 | 49c1 e203 | 81e1 ffff | ff7f ffcd | 23e9 4c63 | c547 8b54 
  0x000001c43e458188: 8210 4585 | d20f 844a | f7ff ff47 | 8b44 d40c | 443b c10f | 8463 0100 | 0045 85c0 | 0f8c 012d 
  0x000001c43e4581a8: 0000 49c1 | e203 458b | 4218 4585 | c075 1448 | 8b54 2420 | 4c8b 4424 | 2848 8b4c | 2430 e91c 
  0x000001c43e4581c8: f7ff ff49 | c1e0 0341 | 8b78 0c49 | 8baf 5004 

  0x000001c43e4581d8: ; ImmutableOopMap {r11=Oop r8=Oop r9=Oop r14=NarrowOop [32]=Oop [40]=Oop [48]=Oop [72]=Oop [80]=Oop [144]=NarrowOop [148]=NarrowOop }
                      ;*if_icmpne {reexecute=1 rethrow=0 return_oop=0}
                      ; - (reexecute) java.util.concurrent.ConcurrentHashMap::get@127 (line 946)
                      ; - java.lang.ClassLoader::getDefinedPackage@13 (line 2263)
                      ; - java.net.URLClassLoader::getAndVerifyPackage@2 (line 457)
                      ; - java.net.URLClassLoader::defineClass@46 (line 492)
                      ; - java.net.URLClassLoader$1::run@43 (line 427)
                      ;   {poll}
  0x000001c43e4581d8: 0000 8545 | 003b f974 | 2345 8b40 | 1845 85c0 | 7514 488b | 5424 204c | 8b44 2428 | 488b 4c24 
  0x000001c43e4581f8: 30e9 e9f6 | ffff 49c1 | e003 ebcb | 418b 6810 | 4c8b d549 | c1e2 034d | 3bd3 0f84 | d200 0000 
  0x000001c43e458218: 85ed 0f84 | e44a 0000 | 4c89 4424 | 7089 4c24 | 444c 894c | 2468 4c89 | 5c24 604c | 8b54 2430 
  0x000001c43e458238: 4c89 5424 | 5844 8974 | 2440 4c8b | 5424 284c | 8954 2430 | 4c8b 5424 | 204c 8954 | 2428 448b 
  0x000001c43e458258: 9c24 9400 | 0000 4489 | 5c24 2444 | 8b9c 2490 | 0000 0044 | 895c 2420 | 4d8d 04ec | 488b 5424 
  0x000001c43e458278: 6066 6690 

  0x000001c43e45827c: ;   {optimized virtual_call}
  0x000001c43e45827c: c5f8 77e8 

  0x000001c43e458280: ; ImmutableOopMap {[32]=NarrowOop [36]=NarrowOop [40]=Oop [48]=Oop [64]=NarrowOop [72]=Oop [80]=Oop [88]=Oop [96]=Oop [104]=Oop [112]=Oop }
                      ;*invokevirtual equals {reexecute=0 rethrow=0 return_oop=0}
                      ; - java.util.concurrent.ConcurrentHashMap::get@149 (line 947)
                      ; - java.lang.ClassLoader::getDefinedPackage@13 (line 2263)
                      ; - java.net.URLClassLoader::getAndVerifyPackage@2 (line 457)
                      ; - java.net.URLClassLoader::defineClass@46 (line 492)
                      ; - java.net.URLClassLoader$1::run@43 (line 427)
  0x000001c43e458280: bc2b 9800 

  0x000001c43e458284: ;   {other}
  0x000001c43e458284: 0f1f 8400 | f41f 0010 | 4d8b 9750 

  0x000001c43e458290: ; ImmutableOopMap {[32]=NarrowOop [36]=NarrowOop [40]=Oop [48]=Oop [64]=NarrowOop [72]=Oop [80]=Oop [88]=Oop [96]=Oop [104]=Oop [112]=Oop }
                      ;*ifeq {reexecute=1 rethrow=0 return_oop=0}
                      ; - (reexecute) java.util.concurrent.ConcurrentHashMap::get@152 (line 947)
                      ; - java.lang.ClassLoader::getDefinedPackage@13 (line 2263)
                      ; - java.net.URLClassLoader::getAndVerifyPackage@2 (line 457)
                      ; - java.net.URLClassLoader::defineClass@46 (line 492)
                      ; - java.net.URLClassLoader$1::run@43 (line 427)
                      ;   {poll}
  0x000001c43e458290: 0400 0041 | 8502 85c0 | 0f84 2321 | 0000 448b | 5424 2044 | 8994 2490 | 0000 0044 | 8b54 2424 
  0x000001c43e4582b0: 4489 9424 | 9400 0000 | 4c8b 5424 | 284c 8954 | 2420 4c8b | 5424 304c | 8954 2428 | 448b 7424 
  0x000001c43e4582d0: 404c 8b54 | 2458 4c89 | 5424 304c | 8b5c 2460 | 4c8b 4c24 | 684c 8b44 | 2470 418b | 6814 85ed 
  0x000001c43e4582f0: 0f84 2021 | 0000 410f | b653 1141 | 8b43 0ce9 | 4e01 0000 | 438b 6cd4 | 104c 8bc5 | 49c1 e003 
  0x000001c43e458310: 4d3b c30f | 8423 0100 | 0041 8b7c | ec08 4d8d | 04ec 4d3b | d80f 8411 

  0x000001c43e458328: ;   {metadata('java/lang/String')}
  0x000001c43e458328: 0100 0081 | ff78 e800 | 000f 851f | 4000 0041 | 0fbe 5b10 | 410f be68 | 103b dd0f | 85db 4500 
  0x000001c43e458348: 0041 8bea | 448b d145 | 8b40 1441 | 8b5b 1443 | 8b7c c40c | 418b 4cdc | 0c3b cf0f | 85e7 3f00 
  0x000001c43e458368: 004b 8d3c | c44b 8d74 | c410 4d8d | 04dc 498d | 7cdc 1085 | c90f 849d | 0000 008b | c183 e01f 
  0x000001c43e458388: 83e1 e00f | 844b 0000 | 0048 8d3c | 0f48 8d34 | 0e48 f7d9 | c5fe 6f04 | 0fc5 fe6f | 0c0e c5fd 
  0x000001c43e4583a8: efc1 c4e2 | 7d17 c00f | 8572 0000 | 0048 83c1 | 2075 e185 | c00f 845d | 0000 00c5 | fe6f 4407 
  0x000001c43e4583c8: e0c5 fe6f | 4c06 e0c5 | fdef c1c4 | e27d 17c0 | 754d eb44 | 8bc8 83e1 | fc74 1948 | 8d3c 0f48 
  0x000001c43e4583e8: 8d34 0e48 | f7d9 8b1c | 0f3b 1c0e | 7531 4883 | c104 75f2 | a802 7412 | 0fb7 1f0f | b70e 3bd9 
  0x000001c43e458408: 751d 488d | 7f02 488d | 7602 a801 | 740a 0fb6 | 1f0f b60e | 3bd9 7507 | b801 0000 | 00eb 0233 
  0x000001c43e458428: ;   {no_reloc}
  0x000001c43e458428: c0c5 fdef | c0c5 f5ef | c985 c00f | 840f 3f00 | 0044 8bd5 | 438b 6cd4 | 1485 ed0f | 84e6 1b00 
  0x000001c43e458448: 0041 8b43 | 0c41 0fb6 | 5311 458b 

  0x000001c43e458454: ;   {metadata('java/lang/Package')}
  0x000001c43e458454: 54ec 0841 | 81fa e8bd | 0100 0f85 | 4858 0000 | 418b 4b14 

  0x000001c43e458468: ; implicit exception: dispatches to 0x000001c43e45e0f8
  0x000001c43e458468: 458b 44cc | 0c4d 8d14 | ec45 8b52 | 1045 85c0 | 0f86 5a39 | 0000 448b | 8424 9000 | 0000 438b 
  0x000001c43e458488: 7cc4 3885 | ff0f 84fd | 3800 0085 | c00f 84ee | 0800 0041 | 8b5c fc28 | 85db 0f84 | 0e03 0000 
  0x000001c43e4584a8: 418b 4cdc | 0c85 c90f | 869f 4000 | 0044 8bc0 | 41c1 e810 | 4433 c048 | c1e3 0341 | 81e0 ffff 
  0x000001c43e4584c8: ff7f ffc9 | 4123 c848 | 63c9 8b7c | 8b10 85ff | 0f84 d802 | 0000 418b | 4cfc 0c41 | 3bc8 0f85 
  0x000001c43e4584e8: 9101 0000 | 418b 6cfc | 1048 8bcd | 48c1 e103 | 493b cb0f | 8454 0100 | 0041 8b4c | ec08 498d 
  0x000001c43e458508: 1cec 4c3b | db0f 8442 

  0x000001c43e458510: ;   {metadata('java/lang/String')}
  0x000001c43e458510: 0100 0081 | f978 e800 | 000f 85a9 | 4300 00c5 | f96e ffc4 | 4179 6ec0 | c4c1 796e | f2c4 c1f9 
  0x000001c43e458530: 6ee9 c4c1 | 796e d645 | 0fbe 4310 | c4c1 f96e | e30f be6b | 1044 3bc5 | 0f85 c645 | 0000 448b 
  0x000001c43e458550: 5314 458b | 5b14 478b | 44d4 0c43 | 8b4c dc0c | 413b c80f | 8546 4300 | 004f 8d04 | d44b 8d74 
  0x000001c43e458570: d410 4f8d | 14dc 4b8d | 7cdc 1085 | c90f 849f | 0000 008b | c183 e01f | 83e1 e00f | 844d 0000 
  0x000001c43e458590: 0048 8d3c | 0f48 8d34 | 0e48 f7d9 | c57e 6f14 | 0fc5 7e6f | 0c0e c441 | 2def d1c4 | 427d 17d2 
  0x000001c43e4585b0: 0f85 7300 | 0000 4883 | c120 75e0 | 85c0 0f84 | 5e00 0000 | c57e 6f54 | 07e0 c57e | 6f4c 06e0 
  0x000001c43e4585d0: c441 2def | d1c4 427d | 17d2 754d | eb44 8bc8 | 83e1 fc74 | 1948 8d3c | 0f48 8d34 | 0e48 f7d9 
  0x000001c43e4585f0: 8b1c 0f3b | 1c0e 7531 | 4883 c104 | 75f2 a802 | 7412 0fb7 | 1f0f b70e | 3bd9 751d | 488d 7f02 
  0x000001c43e458610: ;   {no_reloc}
  0x000001c43e458610: 488d 7602 | a801 740a | 0fb6 1f0f | b60e 3bd9 | 7507 b801 | 0000 00eb | 0233 c0c4 | 412d efd2 
  0x000001c43e458630: c441 35ef | c985 c00f | 8453 4200 | 00c4 c179 | 7ed6 c4c1 | f97e e3c4 | c1f9 7ee9 | c4c1 797e 
  0x000001c43e458650: f2c5 f97e | ff41 8b6c | fc14 85ed | 0f84 5401 | 0000 458b 

  0x000001c43e458664: ;   {metadata('java/lang/Package')}
  0x000001c43e458664: 44ec 0841 | 81f8 e8bd | 0100 0f85 | 8857 0000 | 4d8d 14ec | e9ec 0100 | 0085 c90f | 8cb6 2900 
  0x000001c43e458684: 0049 8d0c | fc8b 5918 | 85db 0f84 | 2201 0000 | 48c1 e303 | 8b4b 0c49 | 8baf 5004 

  0x000001c43e4586a0: ; ImmutableOopMap {r10=NarrowOop r11=Oop r9=Oop rbx=Oop r14=NarrowOop [32]=Oop [40]=Oop [48]=Oop [72]=Oop [80]=Oop [144]=NarrowOop [148]=NarrowOop }
                      ;*if_icmpne {reexecute=1 rethrow=0 return_oop=0}
                      ; - (reexecute) java.util.concurrent.ConcurrentHashMap::get@127 (line 946)
                      ; - java.lang.ClassLoader::definePackage@47 (line 2125)
                      ; - java.lang.ClassLoader::getDefinedPackage@32 (line 2267)
                      ; - java.net.URLClassLoader::getAndVerifyPackage@2 (line 457)
                      ; - java.net.URLClassLoader::defineClass@46 (line 492)
                      ; - java.net.URLClassLoader$1::run@43 (line 427)
                      ;   {poll}
  0x000001c43e4586a0: 0000 8545 | 0041 3bc8 | 7411 8b5b | 1885 db0f | 8401 0100 | 0048 c1e3 | 03eb dd8b | 6b10 488b 
  0x000001c43e4586c0: cd48 c1e1 | 0349 3bcb | 0f84 dd00 | 0000 85ed | 0f84 9246 | 0000 4889 | 5c24 7844 | 8944 2470 
  0x000001c43e4586e0: 4489 5424 | 444c 894c | 2468 4c89 | 5c24 604c | 8b54 2430 | 4c89 5424 | 5844 8974 | 2440 4c8b 
  0x000001c43e458700: 5424 284c | 8954 2430 | 4c8b 5424 | 204c 8954 | 2428 448b | 9424 9400 | 0000 4489 | 5424 2444 
  0x000001c43e458720: 8b9c 2490 | 0000 0044 | 895c 2420 | 4d8d 04ec | 488b 5424 | 6066 6690 

  0x000001c43e458738: ;   {optimized virtual_call}
  0x000001c43e458738: c5f8 77e8 

  0x000001c43e45873c: ; ImmutableOopMap {[32]=NarrowOop [36]=NarrowOop [40]=Oop [48]=Oop [64]=NarrowOop [68]=NarrowOop [72]=Oop [80]=Oop [88]=Oop [96]=Oop [104]=Oop [120]=Oop }
                      ;*invokevirtual equals {reexecute=0 rethrow=0 return_oop=0}
                      ; - java.util.concurrent.ConcurrentHashMap::get@149 (line 947)
                      ; - java.lang.ClassLoader::definePackage@47 (line 2125)
                      ; - java.lang.ClassLoader::getDefinedPackage@32 (line 2267)
                      ; - java.net.URLClassLoader::getAndVerifyPackage@2 (line 457)
                      ; - java.net.URLClassLoader::defineClass@46 (line 492)
                      ; - java.net.URLClassLoader$1::run@43 (line 427)
  0x000001c43e45873c: 0027 9800 

  0x000001c43e458740: ;   {other}
  0x000001c43e458740: 0f1f 8400 | b024 0013 | 4d8b 9750 

  0x000001c43e45874c: ; ImmutableOopMap {[32]=NarrowOop [36]=NarrowOop [40]=Oop [48]=Oop [64]=NarrowOop [68]=NarrowOop [72]=Oop [80]=Oop [88]=Oop [96]=Oop [104]=Oop [120]=Oop }
                      ;*ifeq {reexecute=1 rethrow=0 return_oop=0}
                      ; - (reexecute) java.util.concurrent.ConcurrentHashMap::get@152 (line 947)
                      ; - java.lang.ClassLoader::definePackage@47 (line 2125)
                      ; - java.lang.ClassLoader::getDefinedPackage@32 (line 2267)
                      ; - java.net.URLClassLoader::getAndVerifyPackage@2 (line 457)
                      ; - java.net.URLClassLoader::defineClass@46 (line 492)
                      ; - java.net.URLClassLoader$1::run@43 (line 427)
                      ;   {poll}
  0x000001c43e45874c: 0400 0041 | 8502 85c0 | 0f84 f626 | 0000 448b | 5c24 2044 | 899c 2490 | 0000 0044 | 8b54 2424 
  0x000001c43e45876c: 4489 9424 | 9400 0000 | 4c8b 5424 | 284c 8954 | 2420 4c8b | 5424 304c | 8954 2428 | 448b 7424 
  0x000001c43e45878c: 404c 8b54 | 2458 4c89 | 5424 304c | 8b5c 2460 | 4c8b 4c24 | 6844 8b54 | 2444 488b | 5c24 788b 
  0x000001c43e4587ac: 6b14 85ed | 0f85 acfe | ffff 8b8c | 2490 0000 | 0041 8b6c | cc38 498b | 8fb8 0100 | 004c 8bc1 
  0x000001c43e4587cc: 4983 c018 | 4d3b 87c8 | 0100 000f | 83e7 2b00 | 004d 8987 | b801 0000 | 410f 1880 | 0001 0000 
  0x000001c43e4587ec: 48c7 0101 

  0x000001c43e4587f0: ;   {metadata('java/lang/ClassLoader$$Lambda+0x000001c44e066d58')}
  0x000001c43e4587f0: 0000 00c7 | 4108 586d | 0601 4489 | 610c 4c89 | 6110 448b | 8424 9000 | 0000 4489 | 410c 4489 
  0x000001c43e458810: 5110 85ed | 0f84 063f | 0000 4c89 | 4c24 584c | 895c 2440 | 4489 7424 | 6049 8d14 | ec4d 8bc3 
  0x000001c43e458830: 4c8b c941 | 8bee 6690 

  0x000001c43e458838: ;   {optimized virtual_call}
  0x000001c43e458838: c5f8 77e8 

  0x000001c43e45883c: ; ImmutableOopMap {rbp=NarrowOop [32]=Oop [40]=Oop [48]=Oop [64]=Oop [72]=Oop [80]=Oop [88]=Oop [96]=NarrowOop [144]=NarrowOop [148]=NarrowOop }
                      ;*invokevirtual compute {reexecute=0 rethrow=0 return_oop=1}
                      ; - java.lang.ClassLoader::definePackage@78 (line 2129)
                      ; - java.lang.ClassLoader::getDefinedPackage@32 (line 2267)
                      ; - java.net.URLClassLoader::getAndVerifyPackage@2 (line 457)
                      ; - java.net.URLClassLoader::defineClass@46 (line 492)
                      ; - java.net.URLClassLoader$1::run@43 (line 427)
  0x000001c43e45883c: 4062 5cff 

  0x000001c43e458840: ;   {other}
  0x000001c43e458840: 0f1f 8400 | b025 0015 

  0x000001c43e458848: ; implicit exception: dispatches to 0x000001c43e45e394
  0x000001c43e458848: 448b 5008 

  0x000001c43e45884c: ;   {metadata('java/lang/Package')}
  0x000001c43e45884c: 4181 fae8 | bd01 000f | 8593 5400 | 004c 8bd0 | 448b f54c | 8b5c 2440 | 4c8b 4c24 | 5845 8b42 
  0x000001c43e45886c: 1043 8b4c | c41c 85c9 | 0f85 2e3b | 0000 418b | 4a14 418b | 6ccc 2485 | ed0f 8515 | 3d00 004d 
  0x000001c43e45888c: 85c9 0f84 | 3df0 ffff 

  0x000001c43e458894: ;   {oop(a 'java/lang/Class'{0x0000000740a94570} = 'jdk/internal/access/SharedSecrets')}
  0x000001c43e458894: 49b8 7045 | a940 0700 | 0000 458b | 80d4 0000 | 0043 8b54 | c408 410f | be4b 1085 | c90f 8539 
  0x000001c43e4588b4: 3b00 0041 | 8b4b 1441 | 8b6c cc0c | 4b8d 1cc4 | 85ed 0f86 | 00eb ffff | 8d45 ff3b | c50f 8351 
  0x000001c43e4588d4: 3500 0089 | 4424 7848 | 895c 2470 | 89ac 248c | 0000 0089 | 8c24 9c00 | 0000 8954 | 2444 4489 
  0x000001c43e4588f4: 8424 9800 | 0000 4c89 | 5424 604c | 894c 2468 | 4c89 5c24 | 5844 8974 | 2440 448d | 5dfd 4489 
  0x000001c43e458914: 5c24 7c4d | 8d14 cc4c | 8994 2480 | 0000 0041 | 807c cc10 | 2e0f 8431 | 0e00 0044 | 8b54 247c 
  0x000001c43e458934: 4183 fa01 | 0f8e 0717 | 0000 bd01 | 0000 0044 | 8b8c 248c | 0000 0044 | 2bcd 4183 | c1fd 448b 
  0x000001c43e458954: 5c24 7c45 | 33d2 443b | dd45 0f4c | ca41 81f9 | a00f 0000 | 41bb a00f | 0000 450f | 47cb 4403 
  0x000001c43e458974: cdeb 0c66 | 0f1f 8400 | 0000 0000 | 418b ea4c | 63c5 4c8b | 9424 8000 | 0000 470f 

  0x000001c43e458990: ;   {no_reloc}
  0x000001c43e458990: be54 0210 | 4183 fa2e | 0f84 3101 | 0000 4c8b | 9424 8000 | 0000 470f | be5c 0211 | 4183 fb2e 
  0x000001c43e4589b0: 0f84 1201 | 0000 470f | be54 0212 | 4183 fa2e | 0f84 0601 | 0000 4c8b | 9424 8000 | 0000 470f 
  0x000001c43e4589d0: be5c 0213 | 4183 fb2e | 0f84 e700 | 0000 448d | 5504 453b | d17c 994d | 8b87 5004 | 0000 83c5 
  0x000001c43e4589f0: ; ImmutableOopMap {[32]=Oop [40]=Oop [48]=Oop [64]=NarrowOop [72]=Oop [80]=Oop [88]=Oop [96]=Oop [104]=Oop [112]=Oop [128]=Oop [144]=NarrowOop [148]=NarrowOop [152]=NarrowOop [156]=NarrowOop }
                      ;*if_icmpne {reexecute=1 rethrow=0 return_oop=0}
                      ; - (reexecute) java.lang.StringLatin1::replace@28 (line 298)
                      ; - java.lang.String::replace@18 (line 2933)
                      ; - java.net.URLClassLoader::isSealed@9 (line 601)
                      ; - java.net.URLClassLoader::getAndVerifyPackage@68 (line 469)
                      ; - java.net.URLClassLoader::defineClass@46 (line 492)
                      ; - java.net.URLClassLoader$1::run@43 (line 427)
                      ;   {poll}
  0x000001c43e4589f0: 0341 8500 | 443b 5424 | 7c0f 8d4c | 1600 0041 | 8bea e93c | ffff ff41 | b92f 0000 | 00e9 f6e3 
  0x000001c43e458a10: ffff 410f | b65b 1185 | db0f 851f | 1600 0041 | 0fbe 4310 | 85c0 0f85 | 0840 0000 | 4c89 4c24 
  0x000001c43e458a30: 6848 894c | 2458 4489 | 7424 404c | 8944 2430 | 4889 5424 | 2844 8b84 | 2490 0000 | 0044 8944 
  0x000001c43e458a50: 2420 458b | 4314 4b8d | 2cd4 4489 | 5424 4449 | 8bd0 48c1 | e203 6690 

  0x000001c43e458a68: ;   {static_call}
  0x000001c43e458a68: c5f8 77e8 

  0x000001c43e458a6c: ; ImmutableOopMap {rbp=Oop [32]=NarrowOop [40]=Oop [48]=Oop [64]=NarrowOop [68]=NarrowOop [72]=Oop [80]=Oop [88]=Oop [104]=Oop [148]=NarrowOop [192]=Oop }
                      ;*invokestatic hashCode {reexecute=0 rethrow=0 return_oop=0}
                      ; - java.lang.String::hashCode@27 (line 2369)
                      ; - java.util.concurrent.ConcurrentHashMap::get@1 (line 936)
                      ; - java.lang.ClassLoader::getDefinedPackage@13 (line 2263)
                      ; - java.net.URLClassLoader::getAndVerifyPackage@2 (line 457)
                      ; - java.net.URLClassLoader::defineClass@46 (line 492)
                      ; - java.net.URLClassLoader$1::run@43 (line 427)
  0x000001c43e458a6c: d0b5 ceff 

  0x000001c43e458a70: ;   {other}
  0x000001c43e458a70: 0f1f 8400 | e027 0017 | 85c0 0f84 | 4b18 0000 | 4c8b 9c24 | c000 0000 | 4189 430c | 448b 4424 
  0x000001c43e458a90: 2044 8984 | 2490 0000 | 004c 8b44 | 2428 488b | 4c24 3044 | 8b74 2440 | 488b 5c24 | 584c 8b4c 
  0x000001c43e458ab0: 2468 448b | 5424 4449 | 8bd0 4c8b | c148 8bcb | e97e f6ff | ff83 c502 | ffc5 eb03 | 83c5 023b 
  0x000001c43e458ad0: ac24 8c00 | 0000 0f8d | c4e8 ffff | 448b 9c24 | 8c00 0000 | 4181 fb00 | 0010 000f | 87f4 2400 
  0x000001c43e458af0: 004d 8b87 | b801 0000 | 4d63 d349 | 83c2 1749 | 83e2 f84d | 8bd8 4d03 | da4d 3b9f | c801 0000 
  0x000001c43e458b10: 0f83 cf24 | 0000 4d89 | 9fb8 0100 | 0041 0f18 | 8300 0100 | 0049 c700 | 0100 0000 | 410f 1883 
  0x000001c43e458b30: 4001 0000 

  0x000001c43e458b34: ;   {metadata({type array byte})}
  0x000001c43e458b34: 41c7 4008 | 1823 0000 | 448b 9424 | 8c00 0000 | 4589 500c | 410f 1883 | 8001 0000 | 85ed 0f8e 
  0x000001c43e458b54: c800 0000 | 8d5d ff3b | 9c24 8c00 | 0000 0f83 | 783a 0000 | 448b 9c24 | 8c00 0000 | 4585 db0f 
  0x000001c43e458b74: 8667 3a00 | 0044 8b94 | 249c 0000 | 0047 0fbe | 54d4 1045 | 8850 1083 | fb01 0f8e | c43a 0000 
  0x000001c43e458b94: b901 0000 | 008b fd2b | f9ff cf45 | 33c9 3bd9 | 410f 4cf9 | 81ff d007 | 0000 41bb | d007 0000 
  0x000001c43e458bb4: 410f 47fb | 03f9 660f | 1f44 0000 | 4c63 d14c | 8b9c 2480 | 0000 0047 | 0fbe 5c13 | 1047 885c 
  0x000001c43e458bd4: 1010 4c8b | 9c24 8000 | 0000 470f | be4c 1311 | 4788 4c10 | 1183 c102 | 3bcf 7cd0 | 4d8b 9750 
  0x000001c43e458bf4: ; ImmutableOopMap {r11=Oop r8=Oop [32]=Oop [40]=Oop [48]=Oop [64]=NarrowOop [72]=Oop [80]=Oop [88]=Oop [96]=Oop [104]=Oop [112]=Oop [128]=Oop [144]=NarrowOop [148]=NarrowOop [152]=NarrowOop [156]=NarrowOop }
                      ;*goto {reexecute=1 rethrow=0 return_oop=0}
                      ; - (reexecute) java.lang.StringLatin1::replace@76 (line 305)
                      ; - java.lang.String::replace@18 (line 2933)
                      ; - java.net.URLClassLoader::isSealed@9 (line 601)
                      ; - java.net.URLClassLoader::getAndVerifyPackage@68 (line 469)
                      ; - java.net.URLClassLoader::defineClass@46 (line 492)
                      ; - java.net.URLClassLoader$1::run@43 (line 427)
                      ;   {poll}
  0x000001c43e458bf4: 0400 0041 | 8502 3bcb | 7c9b 3bcd | 7d1e 6690 | 4c63 d14c | 8b9c 2480 | 0000 0047 | 0fbe 4c13 
  0x000001c43e458c14: 1047 884c | 1010 ffc1 | 3bcd 7ce4 | 3bac 248c | 0000 000f | 8d97 0e00 | 003b ac24 | 8c00 0000 
  0x000001c43e458c34: 0f83 d036 | 0000 448b | 5c24 7844 | 3b9c 248c | 0000 000f | 83bd 3600 | 0044 8d5d | 014c 63d5 
  0x000001c43e458c54: 4c8b 8c24 | 8000 0000 | 430f be4c | 1110 83f9 | 2e0f 8465 | 0500 0043 | 884c 1010 | 448d 4d01 
  0x000001c43e458c74: 453b cb7d | 0541 8be9 | ebd3 443b | 4c24 7c0f | 8d96 e6ff | ffff c5e9 | af00 0000 | 41ba 2f00 
  0x000001c43e458c94: 0000 6666 | 0f1f 8400 | 0000 0000 | 4788 5418 | 124c 8b94 | 2480 0000 | 0047 0fbe | 541a 1341 
  0x000001c43e458cb4: 83fa 2e74 | 5a47 8854 | 1813 83c5 | 043b e97d | 664c 63dd | 4c8b 9424 | 8000 0000 | 470f be54 
  0x000001c43e458cd4: 1a10 4183 | fa2e 7447 | 4788 5418 | 104c 8b94 | 2480 0000 | 0047 0fbe | 541a 1141 | 83fa 2e74 
  0x000001c43e458cf4: ;   {no_reloc}
  0x000001c43e458cf4: 2647 8854 | 1811 4c8b | 9424 8000 | 0000 470f | be54 1a12 | 4183 fa2e | 7592 e97d | ffff ff41 
  0x000001c43e458d14: ba2f 0000 | 00eb 9e41 | ba2f 0000 | 00eb d241 | ba2f 0000 | 00eb b14d | 8b97 5004 

  0x000001c43e458d30: ; ImmutableOopMap {r8=Oop [32]=Oop [40]=Oop [48]=Oop [64]=NarrowOop [72]=Oop [80]=Oop [88]=Oop [96]=Oop [104]=Oop [112]=Oop [128]=Oop [144]=NarrowOop [148]=NarrowOop [152]=NarrowOop }
                      ;*goto {reexecute=1 rethrow=0 return_oop=0}
                      ; - (reexecute) java.lang.StringLatin1::replace@113 (line 312)
                      ; - java.lang.String::replace@18 (line 2933)
                      ; - java.net.URLClassLoader::isSealed@9 (line 601)
                      ; - java.net.URLClassLoader::getAndVerifyPackage@68 (line 469)
                      ; - java.net.URLClassLoader::defineClass@46 (line 492)
                      ; - java.net.URLClassLoader$1::run@43 (line 427)
                      ;   {poll}
  0x000001c43e458d30: 0000 4185 | 023b 6c24 | 7c0f 8de3 | e5ff ff8b | 8c24 8c00 | 0000 2bcd | 83c1 fd44 | 8b54 247c 
  0x000001c43e458d50: 4533 c944 | 3bd5 410f | 4cc9 81f9 | a00f 0000 | 41bb a00f | 0000 410f | 47cb 03cd | e954 ffff 
  0x000001c43e458d70: ff48 8994 | 24c0 0000 | 00e9 82f1 | ffff 41b8 | 2f00 0000 | e976 e1ff | ff85 d20f | 855c 1300 
  0x000001c43e458d90: 0041 0fbe | 5b10 85db | 0f85 1e3e | 0000 4489 | 5424 444c | 894c 2468 | 4c89 5c24 | 604c 8b54 
  0x000001c43e458db0: 2430 4c89 | 5424 5844 | 8974 2440 | 4c8b 5424 | 284c 8954 | 2430 4c8b | 5424 204c | 8954 2428 
  0x000001c43e458dd0: 448b 9c24 | 9400 0000 | 4489 5c24 | 2444 8944 | 2420 488b | d148 c1e2 | 0349 8d2c | fc89 7c24 
  0x000001c43e458df0: 7066 6690 

  0x000001c43e458df4: ;   {static_call}
  0x000001c43e458df4: c5f8 77e8 

  0x000001c43e458df8: ; ImmutableOopMap {rbp=Oop [32]=NarrowOop [36]=NarrowOop [40]=Oop [48]=Oop [64]=NarrowOop [68]=NarrowOop [72]=Oop [80]=Oop [88]=Oop [96]=Oop [104]=Oop [112]=NarrowOop }
                      ;*invokestatic hashCode {reexecute=0 rethrow=0 return_oop=0}
                      ; - java.lang.String::hashCode@27 (line 2369)
                      ; - java.util.concurrent.ConcurrentHashMap::get@1 (line 936)
                      ; - java.lang.ClassLoader::definePackage@47 (line 2125)
                      ; - java.lang.ClassLoader::getDefinedPackage@32 (line 2267)
                      ; - java.net.URLClassLoader::getAndVerifyPackage@2 (line 457)
                      ; - java.net.URLClassLoader::defineClass@46 (line 492)
                      ; - java.net.URLClassLoader$1::run@43 (line 427)
  0x000001c43e458df8: 8462 5cff 

  0x000001c43e458dfc: ;   {other}
  0x000001c43e458dfc: 0f1f 8400 | 6c2b 001a | 85c0 0f84 | e81f 0000 | 4c8b 5c24 | 6041 8943 | 0c44 8b44 | 2420 4489 
  0x000001c43e458e1c: 8424 9000 | 0000 448b | 5424 2444 | 8994 2494 | 0000 004c | 8b54 2428 | 4c89 5424 | 204c 8b54 
  0x000001c43e458e3c: 2430 4c89 | 5424 2844 | 8b74 2440 | 4c8b 5424 | 584c 8954 | 2430 4c8b | 4c24 6844 | 8b54 2444 
  0x000001c43e458e5c: 8b7c 2470 | e936 f6ff | ff0f b679 | 1185 ff0f | 8583 1200 | 000f be59 | 1085 db0f | 85bb 3d00 
  0x000001c43e458e7c: 0048 89b4 | 2480 0000 | 0089 4424 | 4448 894c | 2478 4c89 | 5424 704c | 894c 2468 | 4c89 5c24 
  0x000001c43e458e9c: 604c 8b54 | 2430 4c89 | 5424 5844 | 8974 2440 | 4c8b 5424 | 284c 8954 | 2430 4c8b | 5424 204c 
  0x000001c43e458ebc: 8954 2428 | 448b 9424 | 9400 0000 | 4489 5424 | 208b ac24 | 9000 0000 | 448b 5114 | 498b d248 
  0x000001c43e458edc: c1e2 0390 

  0x000001c43e458ee0: ;   {static_call}
  0x000001c43e458ee0: c5f8 77e8 

  0x000001c43e458ee4: ; ImmutableOopMap {rbp=NarrowOop [32]=NarrowOop [40]=Oop [48]=Oop [64]=NarrowOop [72]=Oop [80]=Oop [88]=Oop [96]=Oop [104]=Oop [112]=Oop [120]=Oop [128]=Oop }
                      ;*invokestatic hashCode {reexecute=0 rethrow=0 return_oop=0}
                      ; - java.lang.String::hashCode@27 (line 2369)
                      ; - java.util.HashMap::hash@9 (line 338)
                      ; - java.util.HashMap::getNode@23 (line 576)
                      ; - java.util.HashMap::get@2 (line 564)
                      ; - java.util.jar.Manifest::getAttributes@5 (line 160)
                      ; - java.util.jar.Manifest::getTrustedAttributes@2 (line 177)
                      ; - java.util.jar.JavaUtilJarAccessImpl::getTrustedAttributes@2 (line 38)
                      ; - java.net.URLClassLoader::isSealed@18 (line 601)
                      ; - java.net.URLClassLoader::getAndVerifyPackage@68 (line 469)
                      ; - java.net.URLClassLoader::defineClass@46 (line 492)
                      ; - java.net.URLClassLoader$1::run@43 (line 427)
  0x000001c43e458ee4: 9861 5cff 

  0x000001c43e458ee8: ;   {other}
  0x000001c43e458ee8: 0f1f 8400 | 582c 001b | 85c0 0f84 | d41f 0000 | 488b 4c24 | 7889 410c | 448b d841 | c1eb 1044 
  0x000001c43e458f08: 33d8 8b44 | 2444 4123 | c341 8bdb | 89ac 2490 | 0000 0044 | 8b5c 2420 | 4489 9c24 | 9400 0000 
  0x000001c43e458f28: 4c8b 5424 | 284c 8954 | 2420 4c8b | 5424 304c | 8954 2428 | 448b 7424 | 404c 8b54 | 2458 4c89 
  0x000001c43e458f48: 5424 304c | 8b5c 2460 | 4c8b 4c24 | 684c 8b54 | 2470 488b | b424 8000 | 0000 8bd3 | e9ca e6ff 
  0x000001c43e458f68: ff44 8b74 | 2440 4c8b | 5c24 584c | 8b4c 2460 | 4c8b 5424 | 6848 8b4c | 2470 8b54 | 2444 8b5c 
  0x000001c43e458f88: 2478 418b | 44dc 1885 | c00f 84f0 | e7ff ff45 | 8b44 dc08 

  0x000001c43e458f9c: ;   {metadata('java/util/HashMap$TreeNode')}
  0x000001c43e458f9c: 4181 f8c8 | 171a 000f | 855e 0800 | 0044 8bc2 | 4889 4c24 | 784c 8954 | 2470 4c89 | 4c24 684c 
  0x000001c43e458fbc: 895c 2460 | 4c8b 5424 | 304c 8954 | 2458 4489 | 7424 404c | 8b54 2428 | 4c89 5424 | 304c 8b54 
  0x000001c43e458fdc: 2420 4c89 | 5424 2844 | 8b94 2494 | 0000 0044 | 8954 2424 | 448b 9424 | 9000 0000 | 4489 5424 
  0x000001c43e458ffc: 2048 8bd5 | 4c8b c990 

  0x000001c43e459004: ;   {optimized virtual_call}
  0x000001c43e459004: c5f8 77e8 

  0x000001c43e459008: ; ImmutableOopMap {[32]=NarrowOop [36]=NarrowOop [40]=Oop [48]=Oop [64]=NarrowOop [72]=Oop [80]=Oop [88]=Oop [96]=Oop [104]=Oop [112]=Oop [120]=Oop }
                      ;*invokevirtual getTreeNode {reexecute=0 rethrow=0 return_oop=1}
                      ; - java.util.HashMap::getNode@95 (line 582)
                      ; - java.util.HashMap::get@2 (line 564)
                      ; - java.util.jar.Manifest::getAttributes@5 (line 160)
                      ; - java.util.jar.Manifest::getTrustedAttributes@2 (line 177)
                      ; - java.util.jar.JavaUtilJarAccessImpl::getTrustedAttributes@2 (line 38)
                      ; - java.net.URLClassLoader::isSealed@18 (line 601)
                      ; - java.net.URLClassLoader::getAndVerifyPackage@68 (line 469)
                      ; - java.net.URLClassLoader::defineClass@46 (line 492)
                      ; - java.net.URLClassLoader$1::run@43 (line 427)
  0x000001c43e459008: 745a 5cff 

  0x000001c43e45900c: ;   {other}
  0x000001c43e45900c: 0f1f 8400 | 7c2d 001c | 4885 c074 | 5948 8be8 | 448b 5c24 | 2044 899c | 2490 0000 | 0044 8b54 
  0x000001c43e45902c: 2424 4489 | 9424 9400 | 0000 4c8b | 5424 284c | 8954 2420 | 4c8b 5424 | 304c 8954 | 2428 448b 
  0x000001c43e45904c: 7424 404c | 8b54 2458 | 4c89 5424 | 304c 8b5c | 2460 4c8b | 4c24 684c | 8b54 2470 | 488b 4c24 
  0x000001c43e45906c: 78e9 47e6 | ffff 448b | 5424 2044 | 8994 2490 | 0000 0044 | 8b5c 2424 | 4489 9c24 | 9400 0000 
  0x000001c43e45908c: 4c8b 5424 | 284c 8954 | 2420 4c8b | 5424 304c | 8954 2428 | 448b 7424 | 404c 8b54 | 2458 4c89 
  0x000001c43e4590ac: 5424 304c | 8b5c 2460 | 4c8b 4c24 | 684c 8b54 | 2470 e9c4 | e6ff ff44 | 8b74 2440 | 4c8b dd4c 
  0x000001c43e4590cc: 8b4c 2460 | 4c8b 5424 | 6848 8b7c | 2470 8b54 | 2444 8b44 | 2478 488b | 9c24 8000 | 0000 418b 
  0x000001c43e4590ec: 4cc4 1885 | c90f 84da | e7ff ff41 | 8b6c c408 

  0x000001c43e4590fc: ;   {metadata('java/util/HashMap$TreeNode')}
  0x000001c43e4590fc: 81fd c817 | 1a00 0f85 | 5608 0000 | 8bca 4889 | 7c24 784c | 8954 2470 | 4c89 4c24 | 684c 895c 
  0x000001c43e45911c: 2460 4c8b | 5424 304c | 8954 2458 | 4489 7424 | 404c 8b54 | 2428 4c89 | 5424 304c | 8b54 2420 
  0x000001c43e45913c: 4c89 5424 | 2848 8bd3 

  0x000001c43e459144: ;   {oop(a 'java/util/jar/Attributes$Name'{0x0000000740a8e418})}
  0x000001c43e459144: 448b c149 | b918 e4a8 | 4007 0000 | 0066 6690 

  0x000001c43e459154: ;   {optimized virtual_call}
  0x000001c43e459154: c5f8 77e8 

  0x000001c43e459158: ; ImmutableOopMap {[40]=Oop [48]=Oop [64]=NarrowOop [72]=Oop [80]=Oop [88]=Oop [96]=Oop [104]=Oop [112]=Oop [120]=Oop [144]=NarrowOop [148]=NarrowOop }
                      ;*invokevirtual getTreeNode {reexecute=0 rethrow=0 return_oop=1}
                      ; - java.util.HashMap::getNode@95 (line 582)
                      ; - java.util.LinkedHashMap::get@2 (line 536)
                      ; - java.util.jar.Attributes::get@5 (line 106)
                      ; - java.util.jar.Attributes::getValue@2 (line 142)
                      ; - java.net.URLClassLoader::isSealed@58 (line 608)
                      ; - java.net.URLClassLoader::getAndVerifyPackage@68 (line 469)
                      ; - java.net.URLClassLoader::defineClass@46 (line 492)
                      ; - java.net.URLClassLoader$1::run@43 (line 427)
  0x000001c43e459158: 2459 5cff 

  0x000001c43e45915c: ;   {other}
  0x000001c43e45915c: 0f1f 8400 | cc2e 001d | 4885 c074 | 3f4c 8b54 | 2428 4c89 | 5424 204c | 8b54 2430 | 4c89 5424 
  0x000001c43e45917c: 2844 8b74 | 2440 4c8b | 5424 584c | 8954 2430 | 4c8b 5c24 | 604c 8b4c | 2468 4c8b | 5424 7048 
  0x000001c43e45919c: 8b7c 2478 | 488b d8e9 | d3e6 ffff | 4c8b 5424 | 284c 8954 | 2420 4c8b | 5424 304c | 8954 2428 
  0x000001c43e4591bc: 448b 7424 | 404c 8b54 | 2458 4c89 | 5424 30e9 | 01e7 ffff | b92f 0000 | 00e9 91fa | ffff 448b 
  0x000001c43e4591dc: d7e9 39ea | ffff 4989 | 4cfc 20e9 | ffee ffff | 4c89 4c24 | 284c 895c | 2458 4489 | 7424 4049 
  0x000001c43e4591fc: 8bd1 6690 

  0x000001c43e459200: ;   {optimized virtual_call}
  0x000001c43e459200: c5f8 77e8 

  0x000001c43e459204: ; ImmutableOopMap {[32]=Oop [40]=Oop [64]=NarrowOop [72]=Oop [80]=Oop [88]=Oop [128]=Oop [136]=Oop [144]=NarrowOop [148]=NarrowOop [192]=Oop }
                      ;*invokevirtual getManEntry {reexecute=0 rethrow=0 return_oop=1}
                      ; - java.util.jar.JarFile::getManifestFromReference@27 (line 413)
                      ; - java.util.jar.JarFile::getManifest@1 (line 405)
                      ; - jdk.internal.loader.URLClassPath$JarLoader$2::getManifest@22 (line 853)
                      ; - java.net.URLClassLoader::defineClass@34 (line 491)
                      ; - java.net.URLClassLoader$1::run@43 (line 427)
  0x000001c43e459204: 789d 3bf8 

  0x000001c43e459208: ;   {other}
  0x000001c43e459208: 0f1f 8400 | 782f 001e | 4885 c00f | 84cd 0e00 | 004c 8b44 | 2428 450f | b658 1245 | 85db 0f85 
  0x000001c43e459228: 8d09 0000 | 4c89 4424 | 6049 8bd0 | 4c8b c090 

  0x000001c43e459238: ;   {optimized virtual_call}
  0x000001c43e459238: c5f8 77e8 

  0x000001c43e45923c: ; ImmutableOopMap {[32]=Oop [64]=NarrowOop [72]=Oop [80]=Oop [88]=Oop [96]=Oop [128]=Oop [136]=Oop [144]=NarrowOop [148]=NarrowOop [192]=Oop }
                      ;*invokespecial getInputStream {reexecute=0 rethrow=0 return_oop=1}
                      ; - java.util.jar.JarFile::getManifestFromReference@130 (line 431)
                      ; - java.util.jar.JarFile::getManifest@1 (line 405)
                      ; - jdk.internal.loader.URLClassPath$JarLoader$2::getManifest@22 (line 853)
                      ; - java.net.URLClassLoader::defineClass@34 (line 491)
                      ; - java.net.URLClassLoader$1::run@43 (line 427)
  0x000001c43e45923c: 40cf f6ff 

  0x000001c43e459240: ;   {other}
  0x000001c43e459240: 0f1f 8400 | b02f 001f | 4889 4424 | 2849 8b87 | b801 0000 | 4c8b d049 | 83c2 184d | 3b97 c801 
  0x000001c43e459260: 0000 0f83 | 7022 0000 | 4d89 97b8 | 0100 0041 | 0f18 8200 | 0100 0048 | c700 0100 

  0x000001c43e45927c: ;   {metadata('java/util/jar/Manifest')}
  0x000001c43e45927c: 0000 c740 | 08b8 fa04 | 0044 8960 | 0c4c 8960 | 104c 8bd0 | 4c89 5424 | 304c 8b54 | 2460 458b 
  0x000001c43e45929c: 5214 4489 | 5424 4449 | 8baf b801 | 0000 4c8b | d549 83c2 | 104d 3b97 | c801 0000 | 0f83 3b22 
  0x000001c43e4592bc: 0000 4d89 | 97b8 0100 | 0041 0f18 | 8200 0100 | 0048 c745 | 0001 0000 

  0x000001c43e4592d4: ;   {metadata('java/util/jar/Attributes')}
  0x000001c43e4592d4: 00c7 4508 | 88d2 1600 | 4489 650c | ba10 0000 | 0066 6690 

  0x000001c43e4592e8: ;   {static_call}
  0x000001c43e4592e8: c5f8 77e8 

  0x000001c43e4592ec: ; ImmutableOopMap {rbp=Oop [32]=Oop [40]=Oop [48]=Oop [64]=NarrowOop [68]=NarrowOop [72]=Oop [80]=Oop [88]=Oop [96]=Oop [128]=Oop [136]=Oop [144]=NarrowOop [148]=NarrowOop [192]=Oop }
                      ;*invokestatic newLinkedHashMap {reexecute=0 rethrow=0 return_oop=1}
                      ; - java.util.jar.Attributes::<init>@6 (line 83)
                      ; - java.util.jar.Attributes::<init>@3 (line 73)
                      ; - java.util.jar.Manifest::<init>@9 (line 55)
                      ; - java.util.jar.Manifest::<init>@4 (line 88)
                      ; - java.util.jar.JarFile::getManifestFromReference@143 (line 432)
                      ; - java.util.jar.JarFile::getManifest@1 (line 405)
                      ; - jdk.internal.loader.URLClassPath$JarLoader$2::getManifest@22 (line 853)
                      ; - java.net.URLClassLoader::defineClass@34 (line 491)
                      ; - java.net.URLClassLoader$1::run@43 (line 427)
  0x000001c43e4592ec: b065 e9f8 

  0x000001c43e4592f0: ;   {other}
  0x000001c43e4592f0: 0f1f 8400 | 6030 0020 | 488b f841 | 807f 4000 | 0f85 cf1e | 0000 4c8b | df49 c1eb | 0344 895d 
  0x000001c43e459310: 0c4c 8bd7 | 448b 5c24 | 4449 c1e3 | 034c 895c | 2468 488b | dd48 c1eb | 034c 8bdd | 4d33 d349 
  0x000001c43e459330: c1ea 154d | 85d2 741f | 4885 ff74 | 1a49 c1eb | 0948 b900 | 00a1 42c4 | 0100 0049 | 03cb 8039 
  0x000001c43e459350: 020f 85d5 | 1f00 0041 | 807f 4000 | 0f85 aa1e | 0000 4c8b | 5424 3041 | 895a 0c4c | 8bd5 4c8b 
  0x000001c43e459370: 5c24 304d | 33d3 49c1 | ea15 4d85 | d274 1a49 | c1eb 0948 | b900 00a1 | 42c4 0100 | 0049 03cb 
  0x000001c43e459390: 8039 020f | 85f1 1e00 | 004d 8b97 | b801 0000 | 4d8b da49 | 83c3 304d | 3b9f c801 | 0000 0f83 
  0x000001c43e4593b0: 6821 0000 | 4d89 9fb8 | 0100 0041 | 0f18 8300 | 0100 0049 | c702 0100 

  0x000001c43e4593c8: ;   {metadata('java/util/HashMap')}
  0x000001c43e4593c8: 0000 41c7 | 4208 80c2 | 0800 4589 | 620c 4d89 | 6210 4d89 | 6218 4d89 | 6228 49c7 | 4220 0000 
  0x000001c43e4593e8: 403f 4180 | 7f40 000f | 85a2 1d00 | 004d 8bda | 49c1 eb03 | 4c8b 4424 | 3045 8958 | 104d 8bd8 
  0x000001c43e459408: 4d33 d349 | c1ea 154d | 85d2 741a | 49c1 eb09 | 48b9 0000 | a142 c401 | 0000 4903 | cb80 3902 
  0x000001c43e459428: 0f85 ad1e | 0000 488b | 5424 304c | 8b44 2428 | 4c8b 4c24 | 6866 6690 

  0x000001c43e459440: ;   {optimized virtual_call}
  0x000001c43e459440: c5f8 77e8 

  0x000001c43e459444: ; ImmutableOopMap {[32]=Oop [40]=Oop [48]=Oop [64]=NarrowOop [72]=Oop [80]=Oop [88]=Oop [96]=Oop [128]=Oop [136]=Oop [144]=NarrowOop [148]=NarrowOop [192]=Oop }
                      ;*invokevirtual read {reexecute=0 rethrow=0 return_oop=0}
                      ; - java.util.jar.Manifest::<init>@29 (line 101)
                      ; - java.util.jar.Manifest::<init>@4 (line 88)
                      ; - java.util.jar.JarFile::getManifestFromReference@143 (line 432)
                      ; - java.util.jar.JarFile::getManifest@1 (line 405)
                      ; - jdk.internal.loader.URLClassPath$JarLoader$2::getManifest@22 (line 853)
                      ; - java.net.URLClassLoader::defineClass@34 (line 491)
                      ; - java.net.URLClassLoader$1::run@43 (line 427)
  0x000001c43e459444: e05a 0000 

  0x000001c43e459448: ;   {other}
  0x000001c43e459448: 0f1f 8400 | b831 0021 | 4180 7f40 | 000f 85ed | 1d00 004c | 8b54 2430 | 4589 6214 | 4c8b 4c24 
  0x000001c43e459468: 2845 8b59 

  0x000001c43e45946c: ;   {metadata('java/util/zip/ZipFile$ZipFileInflaterInputStream')}
  0x000001c43e45946c: 0841 81fb | a8bd 3100 | 0f85 3238 | 0000 498b | ea49 8bd1 

  0x000001c43e459480: ;   {optimized virtual_call}
  0x000001c43e459480: c5f8 77e8 

  0x000001c43e459484: ; ImmutableOopMap {rbp=Oop [32]=Oop [64]=NarrowOop [72]=Oop [80]=Oop [88]=Oop [96]=Oop [128]=Oop [136]=Oop [144]=NarrowOop [148]=NarrowOop [192]=Oop }
                      ;*invokevirtual close {reexecute=0 rethrow=0 return_oop=0}
                      ; - java.util.jar.JarFile::getManifestFromReference@152 (line 433)
                      ; - java.util.jar.JarFile::getManifest@1 (line 405)
                      ; - jdk.internal.loader.URLClassPath$JarLoader$2::getManifest@22 (line 853)
                      ; - java.net.URLClassLoader::defineClass@34 (line 491)
                      ; - java.net.URLClassLoader$1::run@43 (line 427)
  0x000001c43e459484: 588a 3b00 

  0x000001c43e459488: ;   {other}
  0x000001c43e459488: 0f1f 8400 | f831 0022 | 4d8b 97b8 | 0100 004d | 8bda 4983 | c328 4d3b | 9fc8 0100 | 000f 830a 
  0x000001c43e4594a8: 2000 004d | 899f b801 | 0000 410f | 1883 0001 | 0000 4d8b | c249 c700 | 0100 0000 

  0x000001c43e4594c4: ;   {metadata('java/lang/ref/SoftReference')}
  0x000001c43e4594c4: 41c7 4008 | 58dc 0300 | 4589 600c | 4d89 6010 | 4d89 6018 | 4d89 6020 | 4c8b d549 | c1ea 0345 
  0x000001c43e4594e4: 8950 0c41 | 807f 4000 | 0f85 171c 

  0x000001c43e4594f0: ;   {oop(a 'java/lang/ref/ReferenceQueue$Null'{0x0000000741a8d620})}
  0x000001c43e4594f0: 0000 41c7 | 4010 c41a | 35e8 4d8b | d049 8bd8 | 498b f848 

  0x000001c43e459504: ;   {oop(a 'java/lang/ref/ReferenceQueue$Null'{0x0000000741a8d620})}
  0x000001c43e459504: c1ef 0349 | bb20 d6a8 | 4107 0000 | 004d 33da | 49c1 eb15 | 4d85 db74 | 1a49 c1ea | 0948 b900 
  0x000001c43e459524: 00a1 42c4 | 0100 0049 | 03ca 8039 | 020f 850f | 1c00 00f0 | 8344 24c0 | 0041 807f | 4000 0f85 
  0x000001c43e459544: 851b 0000 | 4c8b 5c24 | 6041 897b 

  0x000001c43e459550: ;   {oop(a 'java/lang/Class'{0x0000000740a95318} = 'java/lang/ref/SoftReference')}
  0x000001c43e459550: 2849 ba18 | 53a9 4007 | 0000 004d | 8b52 704c | 8bc3 4d89 | 5020 4d8b | d04d 33d3 | 49c1 ea15 
  0x000001c43e459570: 4d85 d20f | 8483 ebff | ff49 c1eb | 0949 b800 | 00a1 42c4 | 0100 004d | 03c3 4180 | 3802 0f84 
  0x000001c43e459590: 68eb ffff | 4d8b 5748 | 4d8b 5f58 | f083 4424 | c000 4180 | 3800 0f84 | 50eb ffff | 4588 204d 
  0x000001c43e4595b0: 85d2 7523 | 498b c849 | 8bd7 c5f8 | 7749 bad0 | fc6f fdfa | 7f00 0041 

  0x000001c43e4595c8: ;   {other}
  0x000001c43e4595c8: ffd2 0f1f | 8400 0000 | 0000 e925 | ebff ff4f | 8944 13f8 | 4983 c2f8 | 4d89 5748 | e913 ebff 
  0x000001c43e4595e8: ff33 ede9 | 9dd6 ffff | 41b9 2f00 | 0000 e90f | ddff ff4c | 8944 2468 | 4c89 5c24 | 604c 8b54 
  0x000001c43e459608: 2420 4c89 | 5424 3044 | 8974 2440 | 4c8b 9424 | 8800 0000 | 4c89 5424 | 204c 8b94 | 2480 0000 
  0x000001c43e459628: 004c 8954 | 2428 498b | d041 b801 | 0000 0090 

  0x000001c43e459638: ;   {optimized virtual_call}
  0x000001c43e459638: c5f8 77e8 

  0x000001c43e45963c: ; ImmutableOopMap {rbp=NarrowOop [32]=Oop [40]=Oop [48]=Oop [64]=NarrowOop [72]=Oop [80]=Oop [96]=Oop [104]=Oop [144]=NarrowOop [148]=NarrowOop [192]=Oop }
                      ;*invokevirtual getManifestName {reexecute=0 rethrow=0 return_oop=1}
                      ; - java.util.zip.ZipFile$1::getManifestName@2 (line 1129)
                      ; - java.util.jar.JarFile::maybeInstantiateVerifier@20 (line 722)
                      ; - java.util.jar.JarFile::ensureInitialization@1 (line 1064)
                      ; - java.util.jar.JavaUtilJarAccessImpl::ensureInitialization@1 (line 42)
                      ; - jdk.internal.loader.URLClassPath$JarLoader$2::getManifest@10 (line 852)
                      ; - java.net.URLClassLoader::defineClass@34 (line 491)
                      ; - java.net.URLClassLoader$1::run@43 (line 427)
  0x000001c43e45963c: 4004 3ef8 

  0x000001c43e459640: ;   {other}
  0x000001c43e459640: 0f1f 8400 | b033 0023 | 4885 c00f | 8525 3900 | 0045 8864 | ec12 453b | 64ec 300f | 850e 1e00 
  0x000001c43e459660: 004c 8b54 | 2428 4c89 | 9424 8000 | 0000 4c8b | 5424 204c | 8994 2488 | 0000 0044 | 8b74 2440 
  0x000001c43e459680: 4c8b 5424 | 304c 8954 | 2420 4c8b | 5c24 604c | 8b44 2468 | e953 e9ff | ff4c 894c | 2458 498d 
  0x000001c43e4596a0: 14ec 41b8 | 0100 0000 | 4889 5424 | 7066 6690 

  0x000001c43e4596b0: ;   {optimized virtual_call}
  0x000001c43e4596b0: c5f8 77e8 

  0x000001c43e4596b4: ; ImmutableOopMap {rbp=NarrowOop [32]=Oop [40]=Oop [48]=Oop [64]=NarrowOop [72]=Oop [80]=Oop [88]=Oop [104]=Oop [112]=Oop [144]=NarrowOop [148]=NarrowOop }
                      ;*invokevirtual getManifestName {reexecute=0 rethrow=0 return_oop=1}
                      ; - java.util.zip.ZipFile$1::getManifestName@2 (line 1129)
                      ; - java.util.jar.JarFile::maybeInstantiateVerifier@20 (line 722)
                      ; - java.util.jar.JarFile$JarFileEntry::getCodeSigners@4 (line 670)
                      ; - jdk.internal.loader.URLClassPath$JarLoader$2::getCodeSigners@4 (line 858)
                      ; - java.net.URLClassLoader::defineClass@185 (line 521)
                      ; - java.net.URLClassLoader$1::run@43 (line 427)
  0x000001c43e4596b4: c853 5cff 

  0x000001c43e4596b8: ;   {other}
  0x000001c43e4596b8: 0f1f 8400 | 2834 0024 | 4885 c00f | 85fb 3800 | 0045 8864 | ec12 4c8b | 5c24 484c | 8b4c 2458 
  0x000001c43e4596d8: e9d7 e3ff | ff4c 894c | 2468 4c89 | 5c24 604c | 8b5c 2430 | 4c89 5c24 | 5844 8974 | 2440 4c8b 
  0x000001c43e4596f8: 5c24 284c | 895c 2430 | 4c8b 5c24 | 204c 895c | 2428 b904 | 0000 0049 | 8bea 41b8 | 0100 0000 
  0x000001c43e459718: 4533 c933 | f666 6690 

  0x000001c43e459720: ;   {optimized virtual_call}
  0x000001c43e459720: c5f8 77e8 

  0x000001c43e459724: ; ImmutableOopMap {rbp=Oop [40]=Oop [48]=Oop [64]=NarrowOop [72]=Oop [80]=Oop [88]=Oop [96]=Oop [104]=Oop [144]=NarrowOop [148]=NarrowOop }
                      ;*invokevirtual regionMatches {reexecute=0 rethrow=0 return_oop=0}
                      ; - java.lang.String::equalsIgnoreCase@33 (line 1993)
                      ; - java.net.URLClassLoader::isSealed@68 (line 611)
                      ; - java.net.URLClassLoader::getAndVerifyPackage@68 (line 469)
                      ; - java.net.URLClassLoader::defineClass@46 (line 492)
                      ; - java.net.URLClassLoader$1::run@43 (line 427)
  0x000001c43e459724: 5853 5cff 

  0x000001c43e459728: ;   {other}
  0x000001c43e459728: 0f1f 8400 | 9834 0025 | 85c0 0f85 | c030 0000 | 4c8b 5424 | 284c 8954 | 2420 4c8b | 5424 304c 
  0x000001c43e459748: 8954 2428 | 448b 7424 | 404c 8b54 | 2458 4c89 | 5424 30e9 | 71e1 ffff | 33ed e968 | f3ff ff48 
  0x000001c43e459768: 8b54 2448 | 6690 c5f8 | 7748 b828 | 035e 4ec4 

  0x000001c43e459778: ;   {virtual_call}
  0x000001c43e459778: 0100 00e8 

  0x000001c43e45977c: ; ImmutableOopMap {[32]=Oop [40]=Oop [48]=Oop [64]=NarrowOop [72]=Oop [80]=Oop [144]=NarrowOop [148]=NarrowOop }
                      ;*invokevirtual getBytes {reexecute=0 rethrow=0 return_oop=1}
                      ; - java.net.URLClassLoader::defineClass@179 (line 519)
                      ; - java.net.URLClassLoader$1::run@43 (line 427)
  0x000001c43e45977c: e03e f8ff 

  0x000001c43e459780: ;   {other}
  0x000001c43e459780: 0f1f 8400 | f034 0026 | 4889 4424 | 68e9 d3e2 

  0x000001c43e459790: ;   {metadata('jdk/internal/loader/URLClassPath$FileLoader$1')}
  0x000001c43e459790: ffff 4181 | fa28 035e | 010f 8432 | e3ff ffba | c6ff ffff | 4c8b 5424 | 384c 8954 | 2428 448b 
  0x000001c43e4597b0: 4424 4044 | 8944 2430 | 48ff 7424 | 4848 8f44 | 2438 6690 

  0x000001c43e4597c4: ;   {runtime_call UncommonTrapBlob}
  0x000001c43e4597c4: c5f8 77e8 

  0x000001c43e4597c8: ; ImmutableOopMap {[48]=NarrowOop [56]=Oop [80]=Oop [104]=Oop [144]=NarrowOop [148]=NarrowOop }
                      ;*invokevirtual getCodeSigners {reexecute=0 rethrow=0 return_oop=0}
                      ; - java.net.URLClassLoader::defineClass@185 (line 521)
                      ; - java.net.URLClassLoader$1::run@43 (line 427)
  0x000001c43e4597c8: b4ab 5cff 

  0x000001c43e4597cc: ;   {other}
  0x000001c43e4597cc: 0f1f 8400 | 3c35 0027 

  0x000001c43e4597d4: ;   {metadata('jdk/internal/loader/URLClassPath$FileLoader$1')}
  0x000001c43e4597d4: 4181 fa28 | 035e 010f | 850d 3f00 | 0045 33c9 | e930 e9ff 

  0x000001c43e4597e8: ;   {metadata('jdk/internal/loader/URLClassPath$FileLoader$1')}
  0x000001c43e4597e8: ff81 f928 | 035e 010f | 852f 3f00 | 0048 8b4c | 2448 8b79 | 1c45 8b74 | fc0c e935 | e4ff ff49 
  0x000001c43e459808: 8d2c c4eb | 6f44 8b5c | 2420 4489 | 9c24 9000 | 0000 448b | 5c24 2444 | 899c 2494 | 0000 004c 
  0x000001c43e459828: 8b54 2428 | 4c89 5424 | 204c 8b54 | 2430 4c89 | 5424 2844 | 8b74 2440 | 4c8b 5424 | 584c 8954 
  0x000001c43e459848: 2430 4c8b | 5c24 604c | 8b4c 2468 | 4c8b 5424 | 7048 8b4c | 2478 8b54 | 2444 4d8b | af50 0400 
  0x000001c43e459868: ; ImmutableOopMap {r10=Oop r11=Oop r9=Oop rcx=Oop rdi=NarrowOop r14=NarrowOop [32]=Oop [40]=Oop [48]=Oop [72]=Oop [80]=Oop [144]=NarrowOop [148]=NarrowOop }
                      ;*ifnonnull {reexecute=1 rethrow=0 return_oop=0}
                      ; - (reexecute) java.util.HashMap::getNode@145 (line 587)
                      ; - java.util.HashMap::get@2 (line 564)
                      ; - java.util.jar.Manifest::getAttributes@5 (line 160)
                      ; - java.util.jar.Manifest::getTrustedAttributes@2 (line 177)
                      ; - java.util.jar.JavaUtilJarAccessImpl::getTrustedAttributes@2 (line 38)
                      ; - java.net.URLClassLoader::isSealed@18 (line 601)
                      ; - java.net.URLClassLoader::getAndVerifyPackage@68 (line 469)
                      ; - java.net.URLClassLoader::defineClass@46 (line 492)
                      ; - java.net.URLClassLoader$1::run@43 (line 427)
  0x000001c43e459868: 008b 7d18 

  0x000001c43e45986c: ;   {poll}
  0x000001c43e45986c: 4185 4500 | 85ff 0f84 | 0fdf ffff | 498d 2cfc | 448b 450c | 443b c275 | dd8b 5d10 | 4c8b c349 
  0x000001c43e45988c: c1e0 034c | 3bc1 0f84 | 21de ffff | 8954 2444 | 4889 4c24 | 784c 8954 | 2470 4c89 | 4c24 684c 
  0x000001c43e4598ac: 895c 2460 | 4c8b 5424 | 304c 8954 | 2458 4489 | 7424 404c | 8b54 2428 | 4c89 5424 | 304c 8b54 
  0x000001c43e4598cc: 2420 4c89 | 5424 2844 | 8b9c 2494 | 0000 0044 | 895c 2424 | 448b 9c24 | 9000 0000 | 4489 5c24 
  0x000001c43e4598ec: 2048 8bd1 

  0x000001c43e4598f0: ;   {optimized virtual_call}
  0x000001c43e4598f0: c5f8 77e8 

  0x000001c43e4598f4: ; ImmutableOopMap {rbp=Oop [32]=NarrowOop [36]=NarrowOop [40]=Oop [48]=Oop [64]=NarrowOop [72]=Oop [80]=Oop [88]=Oop [96]=Oop [104]=Oop [112]=Oop [120]=Oop }
                      ;*invokevirtual equals {reexecute=0 rethrow=0 return_oop=0}
                      ; - java.util.HashMap::getNode@128 (line 585)
                      ; - java.util.HashMap::get@2 (line 564)
                      ; - java.util.jar.Manifest::getAttributes@5 (line 160)
                      ; - java.util.jar.Manifest::getTrustedAttributes@2 (line 177)
                      ; - java.util.jar.JavaUtilJarAccessImpl::getTrustedAttributes@2 (line 38)
                      ; - java.net.URLClassLoader::isSealed@18 (line 601)
                      ; - java.net.URLClassLoader::getAndVerifyPackage@68 (line 469)
                      ; - java.net.URLClassLoader::defineClass@46 (line 492)
                      ; - java.net.URLClassLoader$1::run@43 (line 427)
  0x000001c43e4598f4: 8851 5cff 

  0x000001c43e4598f8: ;   {other}
  0x000001c43e4598f8: 0f1f 8400 | 6836 0029 | 85c0 0f84 | 05ff ffff | 448b 5424 | 2044 8994 | 2490 0000 | 0044 8b54 
  0x000001c43e459918: 2424 4489 | 9424 9400 | 0000 4c8b | 5424 284c | 8954 2420 | 4c8b 5424 | 304c 8954 | 2428 448b 
  0x000001c43e459938: 7424 404c | 8b54 2458 | 4c89 5424 | 304c 8b5c | 2460 4c8b | 4c24 684c | 8b54 2470 | 488b 4c24 
  0x000001c43e459958: 78e9 5bdd | ffff 498d | 1ccc eb70 | 89ac 2490 | 0000 0044 | 8b5c 2420 | 4489 9c24 | 9400 0000 
  0x000001c43e459978: 4c8b 5424 | 284c 8954 | 2420 4c8b | 5424 304c | 8954 2428 | 448b 7424 | 404c 8b54 | 2458 4c89 
  0x000001c43e459998: 5424 304c | 8b5c 2460 | 4c8b 4c24 | 684c 8b54 | 2470 488b | 7c24 788b | 5424 4448 | 8b9c 2480 
  0x000001c43e4599b8: 0000 0049 | 8baf 5004 | 0000 8b4b 

  0x000001c43e4599c4: ; ImmutableOopMap {r10=Oop r11=Oop r9=Oop rcx=NarrowOop rdi=Oop r14=NarrowOop [32]=Oop [40]=Oop [48]=Oop [72]=Oop [80]=Oop [144]=NarrowOop [148]=NarrowOop }
                      ;*ifnonnull {reexecute=1 rethrow=0 return_oop=0}
                      ; - (reexecute) java.util.HashMap::getNode@145 (line 587)
                      ; - java.util.LinkedHashMap::get@2 (line 536)
                      ; - java.util.jar.Attributes::get@5 (line 106)
                      ; - java.util.jar.Attributes::getValue@2 (line 142)
                      ; - java.net.URLClassLoader::isSealed@58 (line 608)
                      ; - java.net.URLClassLoader::getAndVerifyPackage@68 (line 469)
                      ; - java.net.URLClassLoader::defineClass@46 (line 492)
                      ; - java.net.URLClassLoader$1::run@43 (line 427)
                      ;   {poll}
  0x000001c43e4599c4: 1885 4500 | 85c9 0f84 | 01df ffff | 498d 1ccc | 8b4b 0c3b | ca75 e08b 

  0x000001c43e4599dc: ;   {oop(a 'java/util/jar/Attributes$Name'{0x0000000740a8e418})}
  0x000001c43e4599dc: 4b10 81f9 | 831c 15e8 | 0f84 91de | ffff 4889 | 9c24 8000 | 0000 8954 | 2444 4889 | 7c24 784c 
  0x000001c43e4599fc: 8954 2470 | 4c89 4c24 | 684c 895c | 2460 4c8b | 5424 304c | 8954 2458 | 4489 7424 | 404c 8b54 
  0x000001c43e459a1c: 2428 4c89 | 5424 304c | 8b54 2420 | 4c89 5424 | 2844 8b94 | 2494 0000 | 0044 8954 | 2420 8bac 
  0x000001c43e459a3c: 2490 0000 | 004c 8bc1 | 49c1 e003 

  0x000001c43e459a48: ;   {oop(a 'java/util/jar/Attributes$Name'{0x0000000740a8e418})}
  0x000001c43e459a48: 48ba 18e4 | a840 0700 | 0000 6690 

  0x000001c43e459a54: ;   {optimized virtual_call}
  0x000001c43e459a54: c5f8 77e8 

  0x000001c43e459a58: ; ImmutableOopMap {rbp=NarrowOop [32]=NarrowOop [40]=Oop [48]=Oop [64]=NarrowOop [72]=Oop [80]=Oop [88]=Oop [96]=Oop [104]=Oop [112]=Oop [120]=Oop [128]=Oop }
                      ;*invokevirtual equals {reexecute=0 rethrow=0 return_oop=0}
                      ; - java.util.HashMap::getNode@128 (line 585)
                      ; - java.util.LinkedHashMap::get@2 (line 536)
                      ; - java.util.jar.Attributes::get@5 (line 106)
                      ; - java.util.jar.Attributes::getValue@2 (line 142)
                      ; - java.net.URLClassLoader::isSealed@58 (line 608)
                      ; - java.net.URLClassLoader::getAndVerifyPackage@68 (line 469)
                      ; - java.net.URLClassLoader::defineClass@46 (line 492)
                      ; - java.net.URLClassLoader$1::run@43 (line 427)
  0x000001c43e459a58: 2450 5cff 

  0x000001c43e459a5c: ;   {other}
  0x000001c43e459a5c: 0f1f 8400 | cc37 002b | 85c0 0f84 | f8fe ffff | 89ac 2490 | 0000 0044 | 8b54 2420 | 4489 9424 
  0x000001c43e459a7c: 9400 0000 | 4c8b 5424 | 284c 8954 | 2420 4c8b | 5424 304c | 8954 2428 | 448b 7424 | 404c 8b54 
  0x000001c43e459a9c: 2458 4c89 | 5424 304c | 8b5c 2460 | 4c8b 4c24 | 684c 8b54 | 2470 488b | 7c24 7848 | 8b9c 2480 
  0x000001c43e459abc: 0000 00e9 | b7dd ffff | 498b f8e9 | 62d8 ffff 

  0x000001c43e459acc: ;   {oop(""{0x0000000741a8d640})}
  0x000001c43e459acc: 48bd 40d6 | a841 0700 | 0000 e91d | e4ff ff4d | 8bc6 83ff | ff7e 1690 | 0fbe 4c3e | 1083 f92e 
  0x000001c43e459aec: 0f84 fa1a | 0000 ffcf | 83ff ff7f | eb41 baff | ffff ffe9 | 17e1 ffff | 4c89 5c24 | 5848 894c 
  0x000001c43e459b0c: 2430 4489 | 7424 404c | 8944 2428 | 4889 5424 | 2049 8bd0 | 4d8b c345 | 33c9 33ff | 33f6 33c9 
  0x000001c43e459b2c: 4533 d24c | 8914 244c | 8954 2408 | 4c89 5424 | 1066 6690 

  0x000001c43e459b40: ;   {optimized virtual_call}
  0x000001c43e459b40: c5f8 77e8 

  0x000001c43e459b44: ; ImmutableOopMap {[32]=Oop [40]=Oop [48]=Oop [64]=NarrowOop [72]=Oop [80]=Oop [88]=Oop [144]=NarrowOop [148]=NarrowOop }
                      ;*invokevirtual definePackage {reexecute=0 rethrow=0 return_oop=1}
                      ; - java.net.URLClassLoader::defineClass@81 (line 497)
                      ; - java.net.URLClassLoader$1::run@43 (line 427)
  0x000001c43e459b44: f8d6 43f8 

  0x000001c43e459b48: ;   {other}
  0x000001c43e459b48: 0f1f 8400 | b838 002c | e9df ddff | ff85 ed0f | 8465 e5ff | ff4c 894c | 2460 4c89 | 5c24 584c 
  0x000001c43e459b68: 8b54 2420 | 4c89 5424 | 4044 8974 | 2430 4d8b | 5728 488b | cd48 c1e1 | 034d 85d2 | 0f84 fe25 
  0x000001c43e459b88: 0000 4d8b | 5f38 4b89 | 4c13 f849 | 83c2 f84d | 8957 2844 | 8b74 2430 | 4c8b 5424 | 404c 8954 
  0x000001c43e459ba8: 2420 4c8b | 5c24 584c | 8b4c 2460 | e909 e5ff | ff48 8944 | 2468 4c89 | 4424 6049 | 8bd0 4c8b 
  0x000001c43e459bc8: c066 6690 

  0x000001c43e459bcc: ;   {optimized virtual_call}
  0x000001c43e459bcc: c5f8 77e8 

  0x000001c43e459bd0: ; ImmutableOopMap {[32]=Oop [64]=NarrowOop [72]=Oop [80]=Oop [88]=Oop [96]=Oop [104]=Oop [128]=Oop [136]=Oop [144]=NarrowOop [148]=NarrowOop [192]=Oop }
                      ;*invokevirtual getBytes {reexecute=0 rethrow=0 return_oop=1}
                      ; - java.util.jar.JarFile::getManifestFromReference@44 (line 418)
                      ; - java.util.jar.JarFile::getManifest@1 (line 405)
                      ; - jdk.internal.loader.URLClassPath$JarLoader$2::getManifest@22 (line 853)
                      ; - java.net.URLClassLoader::defineClass@34 (line 491)
                      ; - java.net.URLClassLoader$1::run@43 (line 427)
  0x000001c43e459bd0: ac4e 5cff 

  0x000001c43e459bd4: ;   {other}
  0x000001c43e459bd4: 0f1f 8400 | 4439 002d | 4889 4424 | 704c 8b54 | 2460 450f | b65a 114c | 8bc0 49c1 | e803 4489 
  0x000001c43e459bf4: 4424 2845 | 85db 0f84 | 5508 0000 | 498b 87b8 | 0100 004c | 8bd0 4983 | c218 4d3b | 97c8 0100 
  0x000001c43e459c14: 000f 8396 | 2e00 004d | 8997 b801 | 0000 410f | 1882 0001 | 0000 48c7 | 0001 0000 

  0x000001c43e459c30: ;   {metadata('java/util/jar/Manifest')}
  0x000001c43e459c30: 00c7 4008 | b8fa 0400 | 4489 600c | 4c89 6010 | 4c8b d04c | 8954 2468 | 4c8b 5424 | 6045 8b52 
  0x000001c43e459c50: 3044 8954 | 2434 498b | 87b8 0100 | 004c 8bd0 | 4983 c220 | 448b 4424 | 344d 8bd8 | 49c1 e303 
  0x000001c43e459c70: 4c89 5c24 | 784d 3b97 | c801 0000 | 0f83 0e2e | 0000 4d89 | 97b8 0100 | 0041 0f18 | 8200 0100 
  0x000001c43e459c90: 0048 c700 | 0100 0000 

  0x000001c43e459c98: ;   {metadata('java/io/ByteArrayInputStream')}
  0x000001c43e459c98: c740 08b8 | 3c05 0044 | 8960 0c4c | 8960 104c | 8960 184c | 8bd0 4c89 | 9424 9800 | 0000 448b 
  0x000001c43e459cb8: 5c24 2845 | 895a 184c | 8b54 2470 

  0x000001c43e459cc4: ; implicit exception: dispatches to 0x000001c43e45e54c
  0x000001c43e459cc4: 458b 5a0c | 4c8b 9424 | 9800 0000 | 4589 5a14 | 4c8b 5424 | 6045 8b5a | 1444 895c | 2428 498b 
  0x000001c43e459ce4: 87b8 0100 | 004c 8bd0 | 4983 c210 | 4d3b 97c8 | 0100 000f | 83d4 2d00 | 004d 8997 | b801 0000 
  0x000001c43e459d04: 410f 1882 | 0001 0000 | 48c7 0001 

  0x000001c43e459d10: ;   {metadata('java/util/jar/Attributes')}
  0x000001c43e459d10: 0000 00c7 | 4008 88d2 | 1600 4489 | 600c 488b | e8ba 1000 | 0000 6690 

  0x000001c43e459d28: ;   {static_call}
  0x000001c43e459d28: c5f8 77e8 

  0x000001c43e459d2c: ; ImmutableOopMap {rbp=Oop [32]=Oop [40]=NarrowOop [52]=NarrowOop [64]=NarrowOop [72]=Oop [80]=Oop [88]=Oop [96]=Oop [104]=Oop [120]=Oop [128]=Oop [136]=Oop [144]=NarrowOop [148]=NarrowOop [152]=Oop [192]=Oop }
                      ;*invokestatic newLinkedHashMap {reexecute=0 rethrow=0 return_oop=1}
                      ; - java.util.jar.Attributes::<init>@6 (line 83)
                      ; - java.util.jar.Attributes::<init>@3 (line 73)
                      ; - java.util.jar.Manifest::<init>@9 (line 55)
                      ; - java.util.jar.JarFile::getManifestFromReference@121 (line 429)
                      ; - java.util.jar.JarFile::getManifest@1 (line 405)
                      ; - jdk.internal.loader.URLClassPath$JarLoader$2::getManifest@22 (line 853)
                      ; - java.net.URLClassLoader::defineClass@34 (line 491)
                      ; - java.net.URLClassLoader$1::run@43 (line 427)
  0x000001c43e459d2c: 5053 5cff 

  0x000001c43e459d30: ;   {other}
  0x000001c43e459d30: 0f1f 8400 | a03a 002e | 488b f841 | 807f 4000 | 0f85 151d | 0000 4c8b | d749 c1ea | 0344 8955 
  0x000001c43e459d50: 0c44 8b5c | 2428 4d8b | d349 c1e2 | 034c 8954 | 2470 488b | dd48 c1eb | 034c 8bd5 | 4c8b df4d 
  0x000001c43e459d70: 33da 49c1 | eb15 4d85 | db74 1f48 | 85ff 741a | 49c1 ea09 | 48b9 0000 | a142 c401 | 0000 4903 
  0x000001c43e459d90: ca80 3902 | 0f85 d61d | 0000 4180 | 7f40 000f | 853e 1c00 | 004c 8b54 | 2468 4189 | 5a0c 4c8b 
  0x000001c43e459db0: d54c 8b5c | 2468 4d33 | d349 c1ea | 154d 85d2 | 741a 49c1 | eb09 48b9 | 0000 a142 | c401 0000 
  0x000001c43e459dd0: 4903 cb80 | 3902 0f85 | f21c 0000 | 4d8b 97b8 | 0100 004d | 8bda 4983 | c330 4d3b | 9fc8 0100 
  0x000001c43e459df0: 000f 83fa | 2c00 004d | 899f b801 | 0000 410f | 1883 0001 | 0000 49c7 | 0201 0000 

  0x000001c43e459e0c: ;   {metadata('java/util/HashMap')}
  0x000001c43e459e0c: 0041 c742 | 0880 c208 | 0045 8962 | 0c4d 8962 | 104d 8962 | 184d 8962 | 2849 c742 | 2000 0040 
  0x000001c43e459e2c: 3f49 8bda | 4180 7f40 | 000f 85e4 | 1b00 004c | 8b54 2468 | 4c8b c349 | c1e8 034c | 8b5c 2468 
  0x000001c43e459e4c: 4589 4310 | 4c8b db4d | 33da 49c1 | eb15 4d85 | db74 1a49 | c1ea 0948 | b900 00a1 | 42c4 0100 
  0x000001c43e459e6c: 0049 03ca | 8039 020f | 85a6 1c00 | 0048 8b54 | 2468 4c8b | 8424 9800 | 0000 4c8b | 4c24 7090 
  0x000001c43e459e8c: ;   {optimized virtual_call}
  0x000001c43e459e8c: c5f8 77e8 

  0x000001c43e459e90: ; ImmutableOopMap {[32]=Oop [52]=NarrowOop [64]=NarrowOop [72]=Oop [80]=Oop [88]=Oop [96]=Oop [104]=Oop [120]=Oop [128]=Oop [136]=Oop [144]=NarrowOop [148]=NarrowOop [192]=Oop }
                      ;*invokevirtual read {reexecute=0 rethrow=0 return_oop=0}
                      ; - java.util.jar.Manifest::<init>@29 (line 101)
                      ; - java.util.jar.JarFile::getManifestFromReference@121 (line 429)
                      ; - java.util.jar.JarFile::getManifest@1 (line 405)
                      ; - jdk.internal.loader.URLClassPath$JarLoader$2::getManifest@22 (line 853)
                      ; - java.net.URLClassLoader::defineClass@34 (line 491)
                      ; - java.net.URLClassLoader$1::run@43 (line 427)
  0x000001c43e459e90: ec4b 5cff 

  0x000001c43e459e94: ;   {other}
  0x000001c43e459e94: 0f1f 8400 | 043c 002f | 4180 7f40 | 000f 85eb | 1b00 004c | 8b54 2468 | 448b 5c24 | 3445 895a 
  0x000001c43e459eb4: 144c 8b54 | 2478 4c8b | 5c24 684d | 33d3 49c1 | ea15 4d85 | d274 2444 | 8b44 2434 | 4585 c074 
  0x000001c43e459ed4: 1a49 c1eb | 0948 b900 | 00a1 42c4 | 0100 0049 | 03cb 8039 | 020f 85d2 | 1c00 0048 | 8b6c 2468 
  0x000001c43e459ef4: e997 f5ff | ff48 8b6c | 2468 448b | 5d14 4585 | db0f 849e | dfff ff4d | 8b57 2849 | 8bcb 48c1 
  0x000001c43e459f14: e103 4d85 | d20f 84c5 | 2300 004d | 8b5f 384b | 894c 13f8 | 4983 c2f8 | 4d89 5728 | e974 dfff 
  0x000001c43e459f34: ff4d 8b57 | 484d 8b5f | 58f0 8344 | 24c0 0080 | 3900 0f84 | 94df ffff | 4488 214d | 85d2 7520 
  0x000001c43e459f54: 498b d7c5 | f877 49ba | d0fc 6ffd | fa7f 0000 

  0x000001c43e459f64: ;   {other}
  0x000001c43e459f64: 41ff d20f | 1f84 0000 | 0000 00e9 | 6cdf ffff | 4b89 4c13 | f849 83c2 | f84d 8957 | 48e9 5adf 
  0x000001c43e459f84: ffff 498b | d84d 8bcb | 4c63 c54d | 8d50 104d | 8bda 4983 | e3f8 488b | fb49 03fb | 49c1 ea03 
  0x000001c43e459fa4: 4d8b d94d | 2bda 498b | cb48 33c0 | 4883 f908 | 7f10 48ff | c978 4f48 | 8904 cf48 | ffc9 7df7 
  0x000001c43e459fc4: eb44 c5fd | efc0 e90d | 0000 00c5 | fe7f 07c5 | fe7f 4720 | 4883 c740 | 4883 e908 | 7ded 4883 
  0x000001c43e459fe4: c104 7c0c | c5fe 7f07 | 4883 c720 | 4883 e904 | 4883 c104 | 7e10 48ff | c9c5 f9d6 | 0748 83c7 
  0x000001c43e45a004: 0848 ffc9 | 7df3 488b | 4c24 70c5 | f877 49ba | c044 a03d | c401 0000 

  0x000001c43e45a01c: ;   {other}
  0x000001c43e45a01c: 41ff d20f | 1f84 0000 | 0000 004c | 8bc3 e96a | deff ff4c | 8b44 2428 | 488b 4c24 | 30e9 a9d8 
  0x000001c43e45a03c: ffff 33c0 | e9fe e0ff | ff41 ba01 | 0000 0044 | 3b94 248c | 0000 007d | 564c 8b9c | 2480 0000 
  0x000001c43e45a05c: 0047 0fbe | 4413 1041 | 83f8 2e0f | 8440 1400 | 0041 ffc2 | 443b 9424 | 8c00 0000 | 7cdb 448b 
  0x000001c43e45a07c: 7424 404c | 8b5c 2458 | 4c8b 4c24 | 684c 8b54 | 2460 448b | 8424 9800 | 0000 8b54 | 2444 8b8c 
  0x000001c43e45a09c: 249c 0000 | 0048 8b5c | 2470 e921 | d3ff ff44 | 8b74 2440 | 4c8b 5c24 | 584c 8b4c | 2468 4c8b 
  0x000001c43e45a0bc: 5424 6044 | 8b84 2498 | 0000 008b | 5424 448b | 8c24 9c00 | 0000 488b | 5c24 70e9 | f0d2 ffff 
  0x000001c43e45a0dc: 4889 4c24 | 30e9 5dd8 | ffff 33ed | e90f e0ff | ff33 c0e9 | a7e3 ffff | 33c0 33d2 | e936 d5ff 
  0x000001c43e45a0fc: ff45 0fb6 | 4cec 1145 | 85c9 0f85 | e0de ffff | 4c89 4424 | 684c 895c | 2460 4c8b | 5424 204c 
  0x000001c43e45a11c: ;   {no_reloc}
  0x000001c43e45a11c: 8954 2458 | 4489 7424 | 404c 8b94 | 2488 0000 | 004c 8954 | 2430 4c8b | 9424 8000 | 0000 4c89 
  0x000001c43e45a13c: 5424 2890 

  0x000001c43e45a140: ;   {static_call}
  0x000001c43e45a140: c5f8 77e8 

  0x000001c43e45a144: ; ImmutableOopMap {rbp=NarrowOop [40]=Oop [48]=Oop [64]=NarrowOop [72]=Oop [80]=Oop [88]=Oop [96]=Oop [104]=Oop [136]=Oop [144]=NarrowOop [148]=NarrowOop [192]=Oop }
                      ;*invokestatic beginInit {reexecute=0 rethrow=0 return_oop=1}
                      ; - java.util.jar.JarFile::ensureInitialization@31 (line 1069)
                      ; - java.util.jar.JavaUtilJarAccessImpl::ensureInitialization@1 (line 42)
                      ; - jdk.internal.loader.URLClassPath$JarLoader$2::getManifest@10 (line 852)
                      ; - java.net.URLClassLoader::defineClass@34 (line 491)
                      ; - java.net.URLClassLoader$1::run@43 (line 427)
  0x000001c43e45a144: 384f 5cff 

  0x000001c43e45a148: ;   {other}
  0x000001c43e45a148: 0f1f 8400 | b83e 0030 | 4889 4424 | 7048 8b54 | 2468 6690 

  0x000001c43e45a15c: ;   {optimized virtual_call}
  0x000001c43e45a15c: c5f8 77e8 

  0x000001c43e45a160: ; ImmutableOopMap {rbp=NarrowOop [40]=Oop [48]=Oop [64]=NarrowOop [72]=Oop [80]=Oop [88]=Oop [96]=Oop [104]=Oop [112]=Oop [144]=NarrowOop [148]=NarrowOop [192]=Oop }
                      ;*invokevirtual initializeVerifier {reexecute=0 rethrow=0 return_oop=0}
                      ; - java.util.jar.JarFile::ensureInitialization@36 (line 1071)
                      ; - java.util.jar.JavaUtilJarAccessImpl::ensureInitialization@1 (line 42)
                      ; - jdk.internal.loader.URLClassPath$JarLoader$2::getManifest@10 (line 852)
                      ; - java.net.URLClassLoader::defineClass@34 (line 491)
                      ; - java.net.URLClassLoader$1::run@43 (line 427)
  0x000001c43e45a160: 1c49 5cff 

  0x000001c43e45a164: ;   {other}
  0x000001c43e45a164: 0f1f 8400 | d43e 0031 | 41c6 44ec | 1101 488b | 5424 7090 

  0x000001c43e45a178: ;   {static_call}
  0x000001c43e45a178: c5f8 77e8 

  0x000001c43e45a17c: ; ImmutableOopMap {[40]=Oop [48]=Oop [64]=NarrowOop [72]=Oop [80]=Oop [88]=Oop [96]=Oop [104]=Oop [144]=NarrowOop [148]=NarrowOop [192]=Oop }
                      ;*invokestatic endInit {reexecute=0 rethrow=0 return_oop=0}
                      ; - java.util.jar.JarFile::ensureInitialization@45 (line 1074)
                      ; - java.util.jar.JavaUtilJarAccessImpl::ensureInitialization@1 (line 42)
                      ; - jdk.internal.loader.URLClassPath$JarLoader$2::getManifest@10 (line 852)
                      ; - java.net.URLClassLoader::defineClass@34 (line 491)
                      ; - java.net.URLClassLoader$1::run@43 (line 427)
  0x000001c43e45a17c: 004f 5cff 

  0x000001c43e45a180: ;   {other}
  0x000001c43e45a180: 0f1f 8400 | f03e 0032 | 4c8b 5424 | 284c 8994 | 2480 0000 | 004c 8b54 | 2430 4c89 | 9424 8800 
  0x000001c43e45a1a0: 0000 448b | 7424 404c | 8b54 2458 | 4c89 5424 | 204c 8b5c | 2460 4c8b | 4424 68e9 | 2cde ffff 
  0x000001c43e45a1c0: 4489 5424 | 3c48 894c | 2440 8974 | 2438 4489 | 4c24 3444 | 8944 2430 | 4c89 5c24 | 2848 895c 
  0x000001c43e45a1e0: 2420 488b 

  0x000001c43e45a1e4: ;   {metadata({type array byte})}
  0x000001c43e45a1e4: 6c24 5048 | ba18 2300 | 4dc4 0100 | 0044 8b44 | 243c 4889 | 4424 4890 

  0x000001c43e45a1fc: ;   {runtime_call _new_array_Java}
  0x000001c43e45a1fc: c5f8 77e8 

  0x000001c43e45a200: ; ImmutableOopMap {rbp=Oop [32]=Oop [40]=Oop [80]=Oop }
                      ;*invokevirtual allocateUninitializedArray0 {reexecute=0 rethrow=0 return_oop=1}
                      ; - jdk.internal.misc.Unsafe::allocateUninitializedArray@51 (line 1380)
                      ; - java.lang.StringConcatHelper::newArray@33 (line 511)
                      ; - java.lang.StringConcatHelper::simpleConcat@61 (line 435)
                      ; - java.lang.String::concat@11 (line 2899)
                      ; - java.net.URLClassLoader$1::run@13 (line 423)
  0x000001c43e45a200: 7cea 68ff 

  0x000001c43e45a204: ;   {other}
  0x000001c43e45a204: 0f1f 8400 | 743f 0033 | 488b 5c24 | 204c 8b5c | 2428 448b | 4424 3044 | 8b4c 2434 | 8b74 2438 
  0x000001c43e45a224: 488b 4c24 | 4044 8b54 | 243c 488b | f8e9 0fce | ffff 4889 | 7c24 2048 | 8b6c 2450 

  0x000001c43e45a240: ;   {metadata('java/lang/String')}
  0x000001c43e45a240: 48ba 78e8 | 004d c401 | 0000 6690 

  0x000001c43e45a24c: ;   {runtime_call _new_instance_Java}
  0x000001c43e45a24c: c5f8 77e8 

  0x000001c43e45a250: ; ImmutableOopMap {rbp=Oop [32]=Oop [80]=Oop }
                      ;*new {reexecute=0 rethrow=0 return_oop=1}
                      ; - java.lang.StringConcatHelper::newString@6 (line 400)
                      ; - java.lang.StringConcatHelper::simpleConcat@90 (line 440)
                      ; - java.lang.String::concat@11 (line 2899)
                      ; - java.net.URLClassLoader$1::run@13 (line 423)
  0x000001c43e45a250: 2ce7 68ff 

  0x000001c43e45a254: ;   {other}
  0x000001c43e45a254: 0f1f 8400 | c43f 0034 | 488b 7c24 | 20e9 94ce | ffff 498b | 87b8 0100 | 0048 8bc8 | 4883 c118 
  0x000001c43e45a274: 493b 8fc8 | 0100 000f | 8326 2c00 | 0049 898f | b801 0000 | 0f18 8100 | 0100 0048 | c700 0100 
  0x000001c43e45a294: ;   {metadata('java/lang/String')}
  0x000001c43e45a294: 0000 c740 | 0878 e800 | 0044 8960 | 0c44 8960 

  0x000001c43e45a2a4: ;   {oop([B{0x0000000740488440})}
  0x000001c43e45a2a4: 10c7 4014 | 8810 09e8 

  0x000001c43e45a2ac: ;   {oop("/"{0x0000000741a8d658})}
  0x000001c43e45a2ac: 48b9 58d6 | a841 0700 | 0000 8b59 | 0c89 580c | 0fb6 5911 | 8858 1148 | 8bc8 e908 | d3ff ff4c 
  0x000001c43e45a2cc: 8b9c 24c0 | 0000 0041 | c643 1101 | 33c0 448b | 4424 2044 | 8984 2490 | 0000 004c | 8b44 2428 
  0x000001c43e45a2ec: 488b 4c24 | 3044 8b74 | 2440 488b | 5c24 584c | 8b4c 2468 | 448b 5424 | 4449 8bd0 | 4c8b c148 
  0x000001c43e45a30c: 8bcb e930 | deff ff48 | 8944 2448 | 8974 2440 | 897c 2434 | 4c89 7424 | 3844 896c | 2430 894c 
  0x000001c43e45a32c: 242c 4489 | 4424 284c | 8b54 2450 | 4c89 5424 

  0x000001c43e45a33c: ;   {metadata({type array byte})}
  0x000001c43e45a33c: 2048 ba18 | 2300 4dc4 | 0100 0045 | 8bc5 6690 

  0x000001c43e45a34c: ;   {runtime_call _new_array_Java}
  0x000001c43e45a34c: c5f8 77e8 

  0x000001c43e45a350: ; ImmutableOopMap {[32]=Oop [40]=NarrowOop [44]=NarrowOop [56]=Oop [72]=Oop [80]=Oop }
                      ;*invokevirtual allocateUninitializedArray0 {reexecute=0 rethrow=0 return_oop=1}
                      ; - jdk.internal.misc.Unsafe::allocateUninitializedArray@51 (line 1380)
                      ; - java.lang.StringConcatHelper::newArray@33 (line 511)
                      ; - java.lang.StringLatin1::replace@49 (line 304)
                      ; - java.lang.String::replace@18 (line 2933)
                      ; - java.net.URLClassLoader$1::run@8 (line 423)
  0x000001c43e45a350: 2ce9 68ff 

  0x000001c43e45a354: ;   {other}
  0x000001c43e45a354: 0f1f 8400 | c440 0035 | 4c8b d044 | 8b44 2428 | 8b4c 242c | 448b 6c24 | 304c 8b74 | 2438 8b7c 
  0x000001c43e45a374: 2434 8b74 | 2440 488b | 4424 4849 | 8bda e972 | c9ff ff48 | 895c 2428 | 4c8b 5424 | 504c 8954 
  0x000001c43e45a394: ;   {metadata('java/lang/String')}
  0x000001c43e45a394: 2420 48ba | 78e8 004d | c401 0000 | 498b ee90 

  0x000001c43e45a3a4: ;   {runtime_call _new_instance_Java}
  0x000001c43e45a3a4: c5f8 77e8 

  0x000001c43e45a3a8: ; ImmutableOopMap {rbp=Oop [32]=Oop [40]=Oop [80]=Oop }
                      ;*new {reexecute=0 rethrow=0 return_oop=1}
                      ; - java.lang.StringLatin1::replace@116 (line 313)
                      ; - java.lang.String::replace@18 (line 2933)
                      ; - java.net.URLClassLoader$1::run@8 (line 423)
  0x000001c43e45a3a8: d4e5 68ff 

  0x000001c43e45a3ac: ;   {other}
  0x000001c43e45a3ac: 0f1f 8400 | 1c41 0036 | 488b 5c24 | 284c 8bd8 | e98b cbff | ff44 8b54 | 2420 4489 | 9424 9000 
  0x000001c43e45a3cc: 0000 448b | 5c24 2444 | 899c 2494 | 0000 004c | 8b54 2428 | 4c89 5424 | 204c 8b54 | 2430 4c89 
  0x000001c43e45a3ec: 5424 2844 | 8b74 2440 | 4c8b 5424 | 584c 8954 | 2430 4c8b | 5c24 604c | 8b4c 2468 | 8b4c 2444 
  0x000001c43e45a40c: 4c8b 5424 | 70e9 98dd | ffff 488b | 5424 204c | 8b44 2428 | 488b 4c24 | 30e9 bdd4 | ffff 4c89 
  0x000001c43e45a42c: ;   {metadata('java/security/CodeSource')}
  0x000001c43e45a42c: 5c24 4848 | ba28 5c00 | 4dc4 0100 | 008b 6c24 | 4066 6690 

  0x000001c43e45a440: ;   {runtime_call _new_instance_Java}
  0x000001c43e45a440: c5f8 77e8 

  0x000001c43e45a444: ; ImmutableOopMap {rbp=NarrowOop [32]=Oop [40]=Oop [48]=Oop [72]=Oop [80]=Oop [104]=Oop [144]=NarrowOop [148]=NarrowOop }
                      ;*new {reexecute=0 rethrow=0 return_oop=1}
                      ; - java.net.URLClassLoader::defineClass@190 (line 522)
                      ; - java.net.URLClassLoader$1::run@43 (line 427)
  0x000001c43e45a444: 38e5 68ff 

  0x000001c43e45a448: ;   {other}
  0x000001c43e45a448: 0f1f 8400 | b841 0037 | e9c9 d6ff | ff48 8b54 | 2460 6690 

  0x000001c43e45a45c: ;   {optimized virtual_call}
  0x000001c43e45a45c: c5f8 77e8 

  0x000001c43e45a460: ; ImmutableOopMap {[32]=Oop [40]=NarrowOop [64]=NarrowOop [72]=Oop [80]=Oop [88]=Oop [96]=Oop [104]=Oop [112]=Oop [128]=Oop [136]=Oop [144]=NarrowOop [148]=NarrowOop [192]=Oop }
                      ;*invokevirtual getManifestNum {reexecute=0 rethrow=0 return_oop=0}
                      ; - java.util.zip.ZipFile$1::getManifestNum@1 (line 1125)
                      ; - java.util.jar.JarFile::getManifestFromReference@59 (line 420)
                      ; - java.util.jar.JarFile::getManifest@1 (line 405)
                      ; - jdk.internal.loader.URLClassPath$JarLoader$2::getManifest@22 (line 853)
                      ; - java.net.URLClassLoader::defineClass@34 (line 491)
                      ; - java.net.URLClassLoader$1::run@43 (line 427)
  0x000001c43e45a460: 1c46 5cff 

  0x000001c43e45a464: ;   {other}
  0x000001c43e45a464: 0f1f 8400 | d441 0038 | 83f8 010f | 858b f7ff | ff49 8b87 | b801 0000 | 4c8b d049 | 83c2 404d 
  0x000001c43e45a484: 3b97 c801 | 0000 0f83 | c832 0000 | 4d89 97b8 | 0100 0041 | 0f18 8200 | 0100 0048 | c700 0100 
  0x000001c43e45a4a4: ;   {metadata('java/util/jar/JarVerifier')}
  0x000001c43e45a4a4: 0000 c740 | 0828 1c17 | 0044 8960 | 0c4c 8960 | 104c 8960 | 184c 8960 | 204c 8960 | 284c 8960 
  0x000001c43e45a4c4: 304c 8960 | 384c 8bd0 | 4c89 5424 | 784c 8b54 | 2468 458b 

  0x000001c43e45a4d8: ;   {metadata('java/util/jar/JarFile$JarFileEntry')}
  0x000001c43e45a4d8: 5208 4181 | fa20 4c31 | 000f 85fd | 3400 004c | 8b54 2468 | 4c8b 5c24 | 7841 c643 | 0e01 458b 
  0x000001c43e45a4f8: 5a60 4c8b | 5424 7845 | 895a 3041 | c642 0d01 | 4d8b d349 | c1e2 034c | 8b44 2478 | 4d33 d049 
  0x000001c43e45a518: c1ea 154d | 85d2 741f | 4585 db74 | 1a49 c1e8 | 0948 b900 | 00a1 42c4 | 0100 0049 | 03c8 8039 
  0x000001c43e45a538: 020f 855e | 3100 0041 | 807f 4000 | 0f85 c62a | 0000 4c8b | 5424 7844 | 8b44 2428 | 4589 422c 
  0x000001c43e45a558: 4c8b 5c24 | 704d 33da | 49c1 eb15 | 4d85 db74 | 244c 8b5c | 2470 4d85 | db74 1a49 | c1ea 0948 
  0x000001c43e45a578: b900 00a1 | 42c4 0100 | 0049 03ca | 8039 020f | 85bf 3000 | 0049 8b87 | b801 0000 | 4c8b d049 
  0x000001c43e45a598: 83c2 304d | 3b97 c801 | 0000 0f83 | d131 0000 | 4d89 97b8 | 0100 0041 | 0f18 8200 | 0100 0048 
  0x000001c43e45a5b8: c700 0100 

  0x000001c43e45a5bc: ;   {metadata('java/util/Hashtable')}
  0x000001c43e45a5bc: 0000 c740 | 08b8 d300 | 0044 8960 | 0c4c 8960 | 104c 8960 | 184c 8960 | 204c 8960 | 2848 8be8 
  0x000001c43e45a5dc: ;   {section_word}
  0x000001c43e45a5dc: c5fa 1005 | 3cc5 ffff 

  0x000001c43e45a5e4: ;   {static_call}
  0x000001c43e45a5e4: c5f8 77e8 

  0x000001c43e45a5e8: ; ImmutableOopMap {rbp=Oop [32]=Oop [40]=NarrowOop [64]=NarrowOop [72]=Oop [80]=Oop [88]=Oop [96]=Oop [112]=Oop [120]=Oop [128]=Oop [136]=Oop [144]=NarrowOop [148]=NarrowOop [192]=Oop }
                      ;*invokestatic isNaN {reexecute=0 rethrow=0 return_oop=0}
                      ; - java.util.Hashtable::<init>@47 (line 190)
                      ; - java.util.Hashtable::<init>@5 (line 217)
                      ; - java.util.jar.JarVerifier::<init>@39 (line 105)
                      ; - java.util.jar.JarFile::getManifestFromReference@78 (line 421)
                      ; - java.util.jar.JarFile::getManifest@1 (line 405)
                      ; - jdk.internal.loader.URLClassPath$JarLoader$2::getManifest@22 (line 853)
                      ; - java.net.URLClassLoader::defineClass@34 (line 491)
                      ; - java.net.URLClassLoader$1::run@43 (line 427)
  0x000001c43e45a5e8: 944a 5cff 

  0x000001c43e45a5ec: ;   {other}
  0x000001c43e45a5ec: 0f1f 8400 | 5c43 0039 | 85c0 0f85 | 3434 0000 | c745 1400 | 0040 3f4d | 8b97 b801 | 0000 4d8b 
  0x000001c43e45a60c: da49 83c3 | 404d 3b9f | c801 0000 | 0f83 9b31 | 0000 4d89 | 9fb8 0100 | 0041 0f18 | 8300 0100 
  0x000001c43e45a62c: 0049 c702 | 0100 0000 | 410f 1883 | 4001 0000 

  0x000001c43e45a63c: ;   {metadata('java/util/Hashtable$Entry'[])}
  0x000001c43e45a63c: 41c7 4208 | 2899 1300 | 410f 1883 | 8001 0000 | 41c7 420c | 0b00 0000 | 4d89 6210 | 4d89 6218 
  0x000001c43e45a65c: 4d89 6220 | 4d89 6228 | 4d89 6230 | 4d89 6238 | 498b da41 | 807f 4000 | 0f85 d229 | 0000 4c8b 
  0x000001c43e45a67c: d34d 8bda | 49c1 eb03 | 4489 5d1c | 4c8b dd4d | 33d3 488b | dd48 c1eb | 0349 c1ea | 154d 85d2 
  0x000001c43e45a69c: 741a 49c1 | eb09 48b9 | 0000 a142 | c401 0000 | 4903 cb80 | 3902 0f85 | 192c 0000 | 4180 7f40 
  0x000001c43e45a6bc: 000f 85c0 | 2900 004c | 8b54 2478 | 4189 5a14 | c745 1008 | 0000 004c | 8bd5 4c8b | 5c24 784d 
  0x000001c43e45a6dc: 33d3 49c1 | ea15 4d85 | d274 1a49 | c1eb 0948 | b900 00a1 | 42c4 0100 | 0049 03cb | 8039 020f 
  0x000001c43e45a6fc: 8521 2c00 | 0049 8b87 | b801 0000 | 4c8b d049 | 83c2 304d | 3b97 c801 | 0000 0f83 | 7d30 0000 
  0x000001c43e45a71c: 4d89 97b8 | 0100 0041 | 0f18 8200 | 0100 0048 | c700 0100 

  0x000001c43e45a730: ;   {metadata('java/util/Hashtable')}
  0x000001c43e45a730: 0000 c740 | 08b8 d300 | 0044 8960 | 0c4c 8960 | 104c 8960 | 184c 8960 | 204c 8960 | 2848 8be8 
  0x000001c43e45a750: ;   {section_word}
  0x000001c43e45a750: c5fa 1005 | c8c3 ffff 

  0x000001c43e45a758: ;   {static_call}
  0x000001c43e45a758: c5f8 77e8 

  0x000001c43e45a75c: ; ImmutableOopMap {rbp=Oop [32]=Oop [40]=NarrowOop [64]=NarrowOop [72]=Oop [80]=Oop [88]=Oop [96]=Oop [112]=Oop [120]=Oop [128]=Oop [136]=Oop [144]=NarrowOop [148]=NarrowOop [192]=Oop }
                      ;*invokestatic isNaN {reexecute=0 rethrow=0 return_oop=0}
                      ; - java.util.Hashtable::<init>@47 (line 190)
                      ; - java.util.Hashtable::<init>@5 (line 217)
                      ; - java.util.jar.JarVerifier::<init>@50 (line 106)
                      ; - java.util.jar.JarFile::getManifestFromReference@78 (line 421)
                      ; - java.util.jar.JarFile::getManifest@1 (line 405)
                      ; - jdk.internal.loader.URLClassPath$JarLoader$2::getManifest@22 (line 853)
                      ; - java.net.URLClassLoader::defineClass@34 (line 491)
                      ; - java.net.URLClassLoader$1::run@43 (line 427)
  0x000001c43e45a75c: 2049 5cff 

  0x000001c43e45a760: ;   {other}
  0x000001c43e45a760: 0f1f 8400 | d044 003a | 85c0 0f85 | 1433 0000 | c745 1400 | 0040 3f4d | 8b97 b801 | 0000 4d8b 
  0x000001c43e45a780: da49 83c3 | 404d 3b9f | c801 0000 | 0f83 7330 | 0000 4d89 | 9fb8 0100 | 0041 0f18 | 8300 0100 
  0x000001c43e45a7a0: 0049 c702 | 0100 0000 | 410f 1883 | 4001 0000 

  0x000001c43e45a7b0: ;   {metadata('java/util/Hashtable$Entry'[])}
  0x000001c43e45a7b0: 41c7 4208 | 2899 1300 | 410f 1883 | 8001 0000 | 41c7 420c | 0b00 0000 | 4d89 6210 | 4d89 6218 
  0x000001c43e45a7d0: 4d89 6220 | 4d89 6228 | 4d89 6230 | 4d89 6238 | 498b da41 | 807f 4000 | 0f85 d128 | 0000 4c8b 
  0x000001c43e45a7f0: d349 c1ea | 0344 8955 | 1c4c 8bd3 | 4c8b dd4d | 33d3 488b | fd48 c1ef | 0349 c1ea | 154d 85d2 
  0x000001c43e45a810: 741a 49c1 | eb09 48b9 | 0000 a142 | c401 0000 | 4903 cb80 | 3902 0f85 | 982b 0000 | 4180 7f40 
  0x000001c43e45a830: 000f 85bf | 2800 004c | 8b54 2478 | 4189 7a10 | c745 1008 | 0000 004c | 8bd5 4c8b | 5c24 784d 
  0x000001c43e45a850: 33d3 49c1 | ea15 4d85 | d274 1a49 | c1eb 0948 | b900 00a1 | 42c4 0100 | 0049 03cb | 8039 020f 
  0x000001c43e45a870: 85fe 2a00 | 0049 8b87 | b801 0000 | 4c8b d049 | 83c2 304d | 3b97 c801 | 0000 0f83 | 542f 0000 
  0x000001c43e45a890: 4d89 97b8 | 0100 0041 | 0f18 8200 | 0100 0048 | c700 0100 

  0x000001c43e45a8a4: ;   {metadata('java/util/Hashtable')}
  0x000001c43e45a8a4: 0000 c740 | 08b8 d300 | 0044 8960 | 0c4c 8960 | 104c 8960 | 184c 8960 | 204c 8960 | 2848 8be8 
  0x000001c43e45a8c4: ;   {section_word}
  0x000001c43e45a8c4: c5fa 1005 | 54c2 ffff 

  0x000001c43e45a8cc: ;   {static_call}
  0x000001c43e45a8cc: c5f8 77e8 

  0x000001c43e45a8d0: ; ImmutableOopMap {rbp=Oop [32]=Oop [40]=NarrowOop [64]=NarrowOop [72]=Oop [80]=Oop [88]=Oop [96]=Oop [112]=Oop [120]=Oop [128]=Oop [136]=Oop [144]=NarrowOop [148]=NarrowOop [192]=Oop }
                      ;*invokestatic isNaN {reexecute=0 rethrow=0 return_oop=0}
                      ; - java.util.Hashtable::<init>@47 (line 190)
                      ; - java.util.Hashtable::<init>@4 (line 209)
                      ; - java.util.jar.JarVerifier::<init>@63 (line 107)
                      ; - java.util.jar.JarFile::getManifestFromReference@78 (line 421)
                      ; - java.util.jar.JarFile::getManifest@1 (line 405)
                      ; - jdk.internal.loader.URLClassPath$JarLoader$2::getManifest@22 (line 853)
                      ; - java.net.URLClassLoader::defineClass@34 (line 491)
                      ; - java.net.URLClassLoader$1::run@43 (line 427)
  0x000001c43e45a8d0: ac47 5cff 

  0x000001c43e45a8d4: ;   {other}
  0x000001c43e45a8d4: 0f1f 8400 | 4446 003b | 85c0 0f85 | f431 0000 | c745 1400 | 0040 3f4d | 8b97 b801 | 0000 4d8b 
  0x000001c43e45a8f4: da49 83c3 | 404d 3b9f | c801 0000 | 0f83 df2f | 0000 4d89 | 9fb8 0100 | 0041 0f18 | 8300 0100 
  0x000001c43e45a914: 0049 c702 | 0100 0000 | 410f 1883 | 4001 0000 

  0x000001c43e45a924: ;   {metadata('java/util/Hashtable$Entry'[])}
  0x000001c43e45a924: 41c7 4208 | 2899 1300 | 410f 1883 | 8001 0000 | 41c7 420c | 0b00 0000 | 4d89 6210 | 4d89 6218 
  0x000001c43e45a944: 4d89 6220 | 4d89 6228 | 4d89 6230 | 4d89 6238 | 498b da41 | 807f 4000 | 0f85 3829 | 0000 4c8b 
  0x000001c43e45a964: d34d 8bda | 49c1 eb03 | 4489 5d1c | 4c8b 5424 | 7849 c1ea | 0344 8954 | 2444 488b | f548 c1ee 
  0x000001c43e45a984: 034c 8bd5 | 4c8b db4d | 33da 49c1 | eb15 4d85 | db74 1a49 | c1ea 0948 | b900 00a1 | 42c4 0100 
  0x000001c43e45a9a4: 0049 03ca | 8039 020f | 8506 2b00 | 0041 807f | 4000 0f85 | 6628 0000 | 4c8b 5424 | 7841 8972 
  0x000001c43e45a9c4: 18c7 4510 | 0800 0000 | 4c8b d54c | 8b5c 2478 | 4d33 d349 | c1ea 154d | 85d2 741a | 49c1 eb09 
  0x000001c43e45a9e4: 48b9 0000 | a142 c401 | 0000 4903 | cb80 3902 | 0f85 0e2b | 0000 4d8b | 97b8 0100 | 004d 8bda 
  0x000001c43e45aa04: 4983 c318 | 4d3b 9fc8 | 0100 000f | 8363 2e00 | 004d 899f | b801 0000 | 410f 1883 

  0x000001c43e45aa20: ;   {no_reloc}
  0x000001c43e45aa20: 0001 0000 | 49c7 0201 

  0x000001c43e45aa28: ;   {metadata('java/util/ArrayList')}
  0x000001c43e45aa28: 0000 0041 | c742 08e8 | a20b 0045 | 8962 0c45 

  0x000001c43e45aa38: ;   {oop(a 'java/lang/Object'[0] {0x0000000741a8d670})}
  0x000001c43e45aa38: 8962 1041 | c742 14ce | 1a35 e849 | 8bda 4180 | 7f40 000f | 850d 2800 | 004c 8bd3 | 49c1 ea03 
  0x000001c43e45aa58: 4c8b 5c24 | 7845 8953 | 1c4d 8bd3 | 4c8b db4d | 33da 49c1 | eb15 4d85 | db74 1a49 | c1ea 0948 
  0x000001c43e45aa78: b900 00a1 | 42c4 0100 | 0049 03ca | 8039 020f | 851d 2b00 | 004d 8b97 | b801 0000 | 4d8b da49 
  0x000001c43e45aa98: 83c3 184d | 3b9f c801 | 0000 0f83 | ac2d 0000 | 4d89 9fb8 | 0100 0041 | 0f18 8300 | 0100 0049 
  0x000001c43e45aab8: c702 0100 

  0x000001c43e45aabc: ;   {metadata('java/io/ByteArrayOutputStream')}
  0x000001c43e45aabc: 0000 41c7 | 4208 2018 | 2200 4589 | 620c 4d89 | 6210 498b | ea49 8b87 | b801 0000 | 4c8b d049 
  0x000001c43e45aadc: 83c2 304d | 3b97 c801 | 0000 0f83 | d42d 0000 | 4d89 97b8 | 0100 0041 | 0f18 8200 | 0100 0048 
  0x000001c43e45aafc: c700 0100 | 0000 410f | 1882 4001 

  0x000001c43e45ab08: ;   {metadata({type array byte})}
  0x000001c43e45ab08: 0000 c740 | 0818 2300 | 0041 0f18 | 8280 0100 | 00c7 400c | 2000 0000 | 4c89 6010 | 4c89 6018 
  0x000001c43e45ab28: 4c89 6020 | 4c89 6028 | 4c8b d549 | 8bfa 48c1 | ef03 4c8b | d049 c1ea | 0344 8955 | 104c 8bd0 
  0x000001c43e45ab48: 4c8b dd4d | 33d3 49c1 | ea15 4d85 | d274 1a49 | c1eb 0948 | b900 00a1 | 42c4 0100 | 0049 03cb 
  0x000001c43e45ab68: 8039 020f | 85e8 2900 | 0041 807f | 4000 0f85 | 2e26 0000 | 4c8b 5424 | 7841 897a | 244c 8bdd 
  0x000001c43e45ab88: 4d33 da49 | c1eb 154d | 85db 741a | 49c1 ea09 | 48b9 0000 | a142 c401 | 0000 4903 | ca80 3902 
  0x000001c43e45aba8: 0f85 4d2a | 0000 4d8b | 97b8 0100 | 004d 8bda | 4983 c318 | 4d3b 9fc8 | 0100 000f | 83d3 2c00 
  0x000001c43e45abc8: 004d 899f | b801 0000 | 410f 1883 | 0001 0000 | 49c7 0201 

  0x000001c43e45abdc: ;   {metadata('java/util/ArrayList')}
  0x000001c43e45abdc: 0000 0041 | c742 08e8 | a20b 0045 | 8962 0c45 

  0x000001c43e45abec: ;   {oop(a 'java/lang/Object'[0] {0x0000000741a8d670})}
  0x000001c43e45abec: 8962 1041 | c742 14ce | 1a35 e849 | 8bda 4180 | 7f40 000f | 85e1 2500 | 004c 8bd3 | 49c1 ea03 
  0x000001c43e45ac0c: 4c8b 5c24 | 7845 8953 | 344d 8bd3 | 4c8b db4d | 33da 49c1 | eb15 4d85 | db74 1a49 | c1ea 0948 
  0x000001c43e45ac2c: b900 00a1 | 42c4 0100 | 0049 03ca | 8039 020f | 8525 2800 | 004d 8b97 | b801 0000 | 4d8b da49 
  0x000001c43e45ac4c: 83c3 304d | 3b9f c801 | 0000 0f83 | d42b 0000 | 4d89 9fb8 | 0100 0041 | 0f18 8300 | 0100 0049 
  0x000001c43e45ac6c: c702 0100 

  0x000001c43e45ac70: ;   {metadata('java/util/HashMap')}
  0x000001c43e45ac70: 0000 41c7 | 4208 80c2 | 0800 4589 | 620c 4d89 | 6210 4d89 | 6218 4d89 | 6228 49c7 | 4220 0000 
  0x000001c43e45ac90: 403f 498b | da41 807f | 4000 0f85 | ce24 0000 | 4c8b 5424 | 784c 8bdb | 49c1 eb03 | 4c8b 4424 
  0x000001c43e45acb0: 7845 8958 | 384c 8bdb | 4d33 da49 | c1eb 154d | 85db 741a | 49c1 ea09 | 48b9 0000 | a142 c401 
  0x000001c43e45acd0: 0000 4903 | ca80 3902 | 0f85 3727 | 0000 4180 | 7f40 000f | 8549 2400 | 004c 8b54 | 2460 448b 
  0x000001c43e45acf0: 5c24 4445 | 895a 304c | 8b54 2478 | 4c8b 5c24 | 604d 33d3 | 49c1 ea15 | 4d85 d20f | 84ef eeff 
  0x000001c43e45ad10: ff49 c1eb | 0948 b900 | 00a1 42c4 | 0100 0049 | 03cb 8039 | 020f 84d5 | eeff ff4d | 8b57 484d 
  0x000001c43e45ad30: 8b5f 58f0 | 8344 24c0 | 0080 3900 | 0f84 beee | ffff 4488 | 214d 85d2 | 7520 498b | d7c5 f877 
  0x000001c43e45ad50: 49ba d0fc | 6ffd fa7f | 0000 41ff 

  0x000001c43e45ad5c: ;   {other}
  0x000001c43e45ad5c: d20f 1f84 | 0000 0000 | 00e9 96ee | ffff 4b89 | 4c13 f849 | 83c2 f84d | 8957 48e9 | 84ee ffff 
  0x000001c43e45ad7c: 4889 4c24 | 6844 8974 | 2460 4489 | 5424 2c4c | 8b54 2440 | 4c89 5424 | 5848 8974 | 2440 895c 
  0x000001c43e45ad9c: 2428 4489 

  0x000001c43e45ada0: ;   {metadata('java/lang/String')}
  0x000001c43e45ada0: 4c24 2448 | ba78 e800 | 4dc4 0100 | 0066 6690 

  0x000001c43e45adb0: ;   {runtime_call _new_instance_Java}
  0x000001c43e45adb0: c5f8 77e8 

  0x000001c43e45adb4: ; ImmutableOopMap {[36]=NarrowOop [48]=Oop [64]=Oop [72]=Oop [80]=Oop [88]=Oop [96]=NarrowOop [104]=Oop [144]=NarrowOop [148]=NarrowOop }
                      ;*new {reexecute=0 rethrow=0 return_oop=1}
                      ; - java.lang.StringLatin1::newString@7 (line 752)
                      ; - java.lang.String::substring@41 (line 2839)
                      ; - java.net.URLClassLoader::defineClass@28 (line 489)
                      ; - java.net.URLClassLoader$1::run@43 (line 427)
  0x000001c43e45adb4: c8db 68ff 

  0x000001c43e45adb8: ;   {other}
  0x000001c43e45adb8: 0f1f 8400 | 284b 003c | 448b 4c24 | 248b 5c24 | 2848 8b74 | 2440 4c8b | 5424 584c | 8954 2440 
  0x000001c43e45add8: 448b 5424 | 2c44 8b74 | 2460 4c8b | 4424 684c | 8944 2460 | 4c8b c0e9 | cdce ffff | 4c8b 5c24 
  0x000001c43e45adf8: 6041 c643 | 1101 33c0 | 448b 4424 | 2044 8984 | 2490 0000 | 0044 8b54 | 2424 4489 | 9424 9400 
  0x000001c43e45ae18: 0000 4c8b | 5424 284c | 8954 2420 | 4c8b 5424 | 304c 8954 | 2428 448b | 7424 404c | 8b54 2458 
  0x000001c43e45ae38: 4c89 5424 | 304c 8b4c | 2468 448b | 5424 448b | 7c24 70e9 | 4bd6 ffff | 448b 5424 | 2044 8994 
  0x000001c43e45ae58: 2490 0000 | 0044 8b54 | 2424 4489 | 9424 9400 | 0000 4c8b | 5424 284c | 8954 2420 | 4c8b 5424 
  0x000001c43e45ae78: 304c 8954 | 2428 448b | 7424 404c | 8b54 2458 | 4c89 5424 | 304c 8b5c | 2460 4c8b | 4c24 6844 
  0x000001c43e45ae98: 8b54 2444 | 448b 4424 | 7048 8b4c | 2478 e9de | d7ff ff47 | 8b44 d408 

  0x000001c43e45aeb0: ;   {metadata('java/util/concurrent/ConcurrentHashMap$ReservationNode')}
  0x000001c43e45aeb0: 4181 f8b0 | b517 000f | 85d3 2a00 | 004c 8b44 | 2428 488b | 4c24 30e9 | 1bca ffff | 488b 4c24 
  0x000001c43e45aed0: 78c6 4111 | 0133 c033 | d289 ac24 | 9000 0000 | 448b 5c24 | 2044 899c | 2494 0000 | 004c 8b54 
  0x000001c43e45aef0: 2428 4c89 | 5424 204c | 8b54 2430 | 4c89 5424 | 2844 8b74 | 2440 4c8b | 5424 584c | 8954 2430 
  0x000001c43e45af10: 4c8b 5c24 | 604c 8b4c | 2468 4c8b | 5424 7048 | 8bb4 2480 | 0000 00e9 | 07c7 ffff | 4889 7424 
  0x000001c43e45af30: 2044 8954 | 2428 4489 | 7424 584c | 8944 2468 | 4c89 5c24 | 7048 894c | 2478 4c89 | 8c24 8000 
  0x000001c43e45af50: ;   {metadata({type array byte})}
  0x000001c43e45af50: 0000 48ba | 1823 004d | c401 0000 | 448b 4424 | 2866 6690 

  0x000001c43e45af64: ;   {runtime_call _new_array_nozero_Java}
  0x000001c43e45af64: c5f8 77e8 

  0x000001c43e45af68: ; ImmutableOopMap {[32]=Oop [112]=Derived_oop_[32] [48]=Oop [64]=Oop [72]=Oop [80]=Oop [88]=NarrowOop [96]=Oop [104]=Oop [144]=NarrowOop [148]=NarrowOop }
                      ;*newarray {reexecute=0 rethrow=0 return_oop=1}
                      ; - java.util.Arrays::copyOfRangeByte@10 (line 3863)
                      ; - java.util.Arrays::copyOfRange@13 (line 3854)
                      ; - java.lang.StringLatin1::newString@16 (line 752)
                      ; - java.lang.String::substring@41 (line 2839)
                      ; - java.net.URLClassLoader::defineClass@28 (line 489)
                      ; - java.net.URLClassLoader$1::run@43 (line 427)
  0x000001c43e45af68: 14e0 68ff 

  0x000001c43e45af6c: ;   {other}
  0x000001c43e45af6c: 0f1f 8400 | dc4c 003d | 448b 5424 | 284c 8bc0 | e9c1 ceff 

  0x000001c43e45af80: ;   {metadata({type array byte})}
  0x000001c43e45af80: ff48 ba18 | 2300 4dc4 | 0100 0044 | 8bc5 4c89 | 8c24 d000 | 0000 6690 

  0x000001c43e45af98: ;   {runtime_call _new_array_Java}
  0x000001c43e45af98: c5f8 77e8 

  0x000001c43e45af9c: ; ImmutableOopMap {[32]=Oop [40]=Oop [48]=Oop [64]=NarrowOop [72]=Oop [80]=Oop [88]=Oop [96]=Oop [104]=Oop [112]=Oop [120]=NarrowOop [128]=Oop [136]=Oop [144]=NarrowOop [148]=NarrowOop }
                      ;*invokevirtual allocateUninitializedArray0 {reexecute=0 rethrow=0 return_oop=1}
                      ; - jdk.internal.misc.Unsafe::allocateUninitializedArray@51 (line 1380)
                      ; - java.lang.StringConcatHelper::newArray@33 (line 511)
                      ; - java.lang.StringConcatHelper::simpleConcat@61 (line 435)
                      ; - java.lang.String::concat@11 (line 2899)
                      ; - java.net.URLClassLoader::isSealed@15 (line 601)
                      ; - java.net.URLClassLoader::getAndVerifyPackage@68 (line 469)
                      ; - java.net.URLClassLoader::defineClass@46 (line 492)
                      ; - java.net.URLClassLoader$1::run@43 (line 427)
  0x000001c43e45af9c: e0dc 68ff 

  0x000001c43e45afa0: ;   {other}
  0x000001c43e45afa0: 0f1f 8400 | 104d 003e | 4c8b c0e9 | 36c5 ffff | 4c89 8424 | 8000 0000 

  0x000001c43e45afb8: ;   {metadata('java/lang/String')}
  0x000001c43e45afb8: 48ba 78e8 | 004d c401 | 0000 488b | 6c24 7090 

  0x000001c43e45afc8: ;   {runtime_call _new_instance_Java}
  0x000001c43e45afc8: c5f8 77e8 

  0x000001c43e45afcc: ; ImmutableOopMap {rbp=Oop [32]=Oop [40]=Oop [48]=Oop [64]=NarrowOop [72]=Oop [80]=Oop [88]=Oop [96]=Oop [104]=Oop [120]=NarrowOop [128]=Oop [144]=NarrowOop [148]=NarrowOop }
                      ;*new {reexecute=0 rethrow=0 return_oop=1}
                      ; - java.lang.StringConcatHelper::newString@6 (line 400)
                      ; - java.lang.StringConcatHelper::simpleConcat@90 (line 440)
                      ; - java.lang.String::concat@11 (line 2899)
                      ; - java.net.URLClassLoader::isSealed@15 (line 601)
                      ; - java.net.URLClassLoader::getAndVerifyPackage@68 (line 469)
                      ; - java.net.URLClassLoader::defineClass@46 (line 492)
                      ; - java.net.URLClassLoader$1::run@43 (line 427)
  0x000001c43e45afcc: b0d9 68ff 

  0x000001c43e45afd0: ;   {other}
  0x000001c43e45afd0: 0f1f 8400 | 404d 003f | 4c8b 8424 | 8000 0000 | e9c3 c5ff 

  0x000001c43e45afe4: ;   {metadata({type array byte})}
  0x000001c43e45afe4: ff48 ba18 | 2300 4dc4 | 0100 0044 | 8b84 248c | 0000 0090 

  0x000001c43e45aff8: ;   {runtime_call _new_array_Java}
  0x000001c43e45aff8: c5f8 77e8 

  0x000001c43e45affc: ; ImmutableOopMap {[32]=Oop [40]=Oop [48]=Oop [64]=NarrowOop [72]=Oop [80]=Oop [88]=Oop [96]=Oop [104]=Oop [112]=Oop [128]=Oop [144]=NarrowOop [148]=NarrowOop [152]=NarrowOop [156]=NarrowOop }
                      ;*invokevirtual allocateUninitializedArray0 {reexecute=0 rethrow=0 return_oop=1}
                      ; - jdk.internal.misc.Unsafe::allocateUninitializedArray@51 (line 1380)
                      ; - java.lang.StringConcatHelper::newArray@33 (line 511)
                      ; - java.lang.StringLatin1::replace@49 (line 304)
                      ; - java.lang.String::replace@18 (line 2933)
                      ; - java.net.URLClassLoader::isSealed@9 (line 601)
                      ; - java.net.URLClassLoader::getAndVerifyPackage@68 (line 469)
                      ; - java.net.URLClassLoader::defineClass@46 (line 492)
                      ; - java.net.URLClassLoader$1::run@43 (line 427)
  0x000001c43e45affc: 80dc 68ff 

  0x000001c43e45b000: ;   {other}
  0x000001c43e45b000: 0f1f 8400 | 704d 0040 | 4c8b c0e9 | 40db ffff 

  0x000001c43e45b010: ;   {metadata('java/lang/String')}
  0x000001c43e45b010: 488b ef48 | ba78 e800 | 4dc4 0100 | 0066 6690 

  0x000001c43e45b020: ;   {runtime_call _new_instance_Java}
  0x000001c43e45b020: c5f8 77e8 

  0x000001c43e45b024: ; ImmutableOopMap {rbp=Oop [32]=Oop [40]=Oop [48]=Oop [64]=NarrowOop [72]=Oop [80]=Oop [88]=Oop [96]=Oop [104]=Oop [112]=Oop [144]=NarrowOop [148]=NarrowOop [152]=NarrowOop }
                      ;*new {reexecute=0 rethrow=0 return_oop=1}
                      ; - java.lang.StringLatin1::replace@116 (line 313)
                      ; - java.lang.String::replace@18 (line 2933)
                      ; - java.net.URLClassLoader::isSealed@9 (line 601)
                      ; - java.net.URLClassLoader::getAndVerifyPackage@68 (line 469)
                      ; - java.net.URLClassLoader::defineClass@46 (line 492)
                      ; - java.net.URLClassLoader$1::run@43 (line 427)
  0x000001c43e45b024: 58d9 68ff 

  0x000001c43e45b028: ;   {other}
  0x000001c43e45b028: 0f1f 8400 | 984d 0041 | 488b fd48 | 8bf0 e933 | c3ff ff41 | 8b4c fc08 

  0x000001c43e45b040: ;   {metadata('java/util/concurrent/ConcurrentHashMap$ReservationNode')}
  0x000001c43e45b040: 81f9 b0b5 | 1700 0f84 | 6ad7 ffff | bade ffff | ff48 8b6c | 2450 488b | 4c24 4848 | 894c 2428 
  0x000001c43e45b060: 488b 4c24 | 3848 894c | 2430 4c89 | 5c24 504c | 894c 2458 | 4489 7424 | 3c4c 895c | 2460 4489 
  0x000001c43e45b080: 9424 8000 | 0000 89bc | 2484 0000 | 0044 8984 | 2488 0000 | 0066 6690 

  0x000001c43e45b098: ;   {runtime_call UncommonTrapBlob}
  0x000001c43e45b098: c5f8 77e8 

  0x000001c43e45b09c: ; ImmutableOopMap {rbp=Oop [40]=Oop [60]=NarrowOop [80]=Oop [88]=Oop [96]=Oop [128]=NarrowOop [132]=NarrowOop [144]=NarrowOop [148]=NarrowOop }
                      ;*invokevirtual find {reexecute=0 rethrow=0 return_oop=0}
                      ; - java.util.concurrent.ConcurrentHashMap::get@93 (line 944)
                      ; - java.lang.ClassLoader::definePackage@47 (line 2125)
                      ; - java.lang.ClassLoader::getDefinedPackage@32 (line 2267)
                      ; - java.net.URLClassLoader::getAndVerifyPackage@2 (line 457)
                      ; - java.net.URLClassLoader::defineClass@46 (line 492)
                      ; - java.net.URLClassLoader$1::run@43 (line 427)
  0x000001c43e45b09c: e092 5cff 

  0x000001c43e45b0a0: ;   {other}
  0x000001c43e45b0a0: 0f1f 8400 | 104e 0042 | 488b 6c24 

  0x000001c43e45b0ac: ;   {metadata('java/lang/String')}
  0x000001c43e45b0ac: 5048 ba78 | e800 4dc4 | 0100 0090 

  0x000001c43e45b0b8: ;   {runtime_call _new_instance_Java}
  0x000001c43e45b0b8: c5f8 77e8 

  0x000001c43e45b0bc: ; ImmutableOopMap {rbp=Oop [80]=Oop }
                      ;*new {reexecute=0 rethrow=0 return_oop=1}
                      ; - java.lang.StringConcatHelper::simpleConcat@17 (line 425)
                      ; - java.lang.String::concat@11 (line 2899)
                      ; - java.net.URLClassLoader$1::run@13 (line 423)
  0x000001c43e45b0bc: c0d8 68ff 

  0x000001c43e45b0c0: ;   {other}
  0x000001c43e45b0c0: 0f1f 8400 | 304e 0043 | e918 cbff | ff4c 8b54 | 2460 458b | 5a28 4585 | db0f 8469 | e4ff ff4d 
  0x000001c43e45b0e0: 8b57 2849 | 8bcb 48c1 | e103 4d85 | d20f 8411 | 1d00 004d | 8b5f 384b | 894c 13f8 | 4983 c2f8 
  0x000001c43e45b100: 4d89 5728 | e93f e4ff | ff45 8b58 | 1045 85db | 0f84 dce3 | ffff 498b | d84d 8b57 | 2849 8bcb 
  0x000001c43e45b120: 48c1 e103 | 4d85 d20f | 84b7 1c00 | 004d 8b5f | 384b 894c | 13f8 4983 | c2f8 4d89 | 5728 4c8b 
  0x000001c43e45b140: c3e9 ace3 | ffff 4d8b | 5748 4d8b | 5f58 f083 | 4424 c000 | 8039 000f | 84da e3ff | ff44 8821 
  0x000001c43e45b160: 4d85 d275 | 2049 8bd7 | c5f8 7749 | bad0 fc6f | fdfa 7f00 | 0041 ffd2 

  0x000001c43e45b178: ;   {other}
  0x000001c43e45b178: 0f1f 8400 | 0000 0000 | e9b2 e3ff | ff4b 894c | 13f8 4983 | c2f8 4d89 | 5748 e9a0 | e3ff ff49 
  0x000001c43e45b198: 8bda 4c8b | 5424 3045 | 8b5a 1045 | 85db 7425 | 4d8b 5728 | 498b cb48 | c1e1 034d | 85d2 0f84 
  0x000001c43e45b1b8: 881c 0000 | 4d8b 5f38 | 4b89 4c13 | f849 83c2 | f84d 8957 | 284c 8bd3 | e920 e2ff | ff44 8b55 
  0x000001c43e45b1d8: 0c45 85d2 | 0f84 24e1 | ffff 4d8b | 5f28 498b | ca48 c1e1 | 034d 85db | 0f84 6e1c | 0000 4d8b 
  0x000001c43e45b1f8: 5738 4b89 | 4c1a f849 | 83c3 f84d | 895f 28e9 | fae0 ffff | 4c8b 5424 | 3045 8b5a | 0c45 85db 
  0x000001c43e45b218: 0f84 44e1 | ffff 4d8b | 5728 498b | cb48 c1e1 | 034d 85d2 | 0f84 f21b | 0000 4d8b | 5f38 4b89 
  0x000001c43e45b238: 4c13 f849 | 83c2 f84d | 8957 28e9 | 1ae1 ffff | 4c8b 5424 | 3045 8b42 | 1445 85c0 | 0f84 06e2 
  0x000001c43e45b258: ffff 4d8b | 5f28 498b | c848 c1e1 | 034d 85db | 0f84 161c | 0000 498b | da4d 8b57 

  0x000001c43e45b274: ;   {no_reloc}
  0x000001c43e45b274: 384b 894c | 1af8 4983 | c3f8 4d89 | 5f28 4c8b | d3e9 d6e1 | ffff 4d8b | 5748 4d8b | 5f58 f083 
  0x000001c43e45b294: 4424 c000 | 8039 000f | 84f8 e0ff | ff44 8821 | 4d85 d275 | 2049 8bd7 | c5f8 7749 | bad0 fc6f 
  0x000001c43e45b2b4: fdfa 7f00 | 0041 ffd2 

  0x000001c43e45b2bc: ;   {other}
  0x000001c43e45b2bc: 0f1f 8400 | 0000 0000 | e9d0 e0ff | ff4b 894c | 13f8 4983 | c2f8 4d89 | 5748 e9be | e0ff ff4d 
  0x000001c43e45b2dc: 8b57 584d | 8b5f 48f0 | 8344 24c0 | 0080 3900 | 0f84 3ce1 | ffff 4488 | 214d 85db | 7520 498b 
  0x000001c43e45b2fc: d7c5 f877 | 49ba d0fc | 6ffd fa7f | 0000 41ff 

  0x000001c43e45b30c: ;   {other}
  0x000001c43e45b30c: d20f 1f84 | 0000 0000 | 00e9 14e1 | ffff 4b89 | 4c1a f849 | 83c3 f84d | 895f 48e9 | 02e1 ffff 
  0x000001c43e45b32c: 4d8b 5758 | 4d8b 5f48 | f083 4424 | c000 8039 | 000f 8414 | e0ff ff44 | 8821 4d85 | db75 2049 
  0x000001c43e45b34c: 8bd7 c5f8 | 7749 bad0 | fc6f fdfa | 7f00 0041 

  0x000001c43e45b35c: ;   {other}
  0x000001c43e45b35c: ffd2 0f1f | 8400 0000 | 0000 e9ec | dfff ff4b | 894c 1af8 | 4983 c3f8 | 4d89 5f48 | e9da dfff 
  0x000001c43e45b37c: ff44 894c | 245c 8bcb | 4889 7424 | 2044 8974 | 2458 4c89 | 4424 684c | 895c 2428 | 4889 6c24 
  0x000001c43e45b39c: ;   {metadata({type array byte})}
  0x000001c43e45b39c: 7048 ba18 | 2300 4dc4 | 0100 0044 | 8bc1 6690 

  0x000001c43e45b3ac: ;   {runtime_call _new_array_nozero_Java}
  0x000001c43e45b3ac: c5f8 77e8 

  0x000001c43e45b3b0: ; ImmutableOopMap {[32]=Oop [40]=Derived_oop_[32] [48]=Oop [64]=Oop [72]=Oop [80]=Oop [88]=NarrowOop [92]=NarrowOop [96]=Oop [104]=Oop [144]=NarrowOop [148]=NarrowOop }
                      ;*invokevirtual clone {reexecute=1 rethrow=0 return_oop=1}
                      ; - (reexecute) java.util.Arrays::copyOfRange@18 (line 3856)
                      ; - java.lang.StringLatin1::newString@16 (line 752)
                      ; - java.lang.String::substring@41 (line 2839)
                      ; - java.net.URLClassLoader::defineClass@28 (line 489)
                      ; - java.net.URLClassLoader$1::run@43 (line 427)
  0x000001c43e45b3b0: ccdb 68ff 

  0x000001c43e45b3b4: ;   {other}
  0x000001c43e45b3b4: 0f1f 8400 | 2451 0044 | 488b d8e9 | 8cc9 ffff | 4489 5424 | 444c 894c | 2468 4c89 | 5c24 604c 
  0x000001c43e45b3d4: 8b54 2430 | 4c89 5424 | 5844 8974 | 2440 4c8b | 5424 284c | 8954 2430 | 4c8b 5424 | 204c 8954 
  0x000001c43e45b3f4: 2428 448b | 9424 9000 | 0000 4489 

  0x000001c43e45b400: ;   {metadata('java/lang/ClassLoader$$Lambda+0x000001c44e066d58')}
  0x000001c43e45b400: 5424 2048 | ba58 6d06 | 4ec4 0100 | 0066 6690 

  0x000001c43e45b410: ;   {runtime_call _new_instance_Java}
  0x000001c43e45b410: c5f8 77e8 

  0x000001c43e45b414: ; ImmutableOopMap {rbp=NarrowOop [32]=NarrowOop [40]=Oop [48]=Oop [64]=NarrowOop [68]=NarrowOop [72]=Oop [80]=Oop [88]=Oop [96]=Oop [104]=Oop [148]=NarrowOop }
                      ;*invokevirtual allocateInstance {reexecute=0 rethrow=0 return_oop=1}
                      ; - java.lang.invoke.DirectMethodHandle::allocateInstance@12 (line 501)
                      ; - java.lang.invoke.DirectMethodHandle$Holder::newInvokeSpecial@1
                      ; - java.lang.invoke.Invokers$Holder::linkToTargetMethod@6
                      ; - java.lang.ClassLoader::definePackage@73 (line 2129)
                      ; - java.lang.ClassLoader::getDefinedPackage@32 (line 2267)
                      ; - java.net.URLClassLoader::getAndVerifyPackage@2 (line 457)
                      ; - java.net.URLClassLoader::defineClass@46 (line 492)
                      ; - java.net.URLClassLoader$1::run@43 (line 427)
  0x000001c43e45b414: 68d5 68ff 

  0x000001c43e45b418: ;   {other}
  0x000001c43e45b418: 0f1f 8400 | 8851 0045 | 448b 5c24 | 2044 899c | 2490 0000 | 004c 8b54 | 2428 4c89 | 5424 204c 
  0x000001c43e45b438: 8b54 2430 | 4c89 5424 | 2844 8b74 | 2440 4c8b | 5424 584c | 8954 2430 | 4c8b 5c24 | 604c 8b4c 
  0x000001c43e45b458: 2468 448b | 5424 4448 | 8bc8 e99b | d3ff ff41 | 8be9 e91e | b8ff ff45 | 0fb6 4cec | 114c 8b54 
  0x000001c43e45b478: 2428 4c89 | 9424 8000 | 0000 4c8b | 5424 204c | 8994 2488 | 0000 0044 | 8b74 2440 | 4c8b 5424 
  0x000001c43e45b498: 304c 8954 | 2420 4c8b | 5c24 604c | 8b44 2468 | e956 ecff | ff41 8bea | e91a d6ff 

  0x000001c43e45b4b4: ;   {metadata('java/lang/ref/SoftReference')}
  0x000001c43e45b4b4: ff48 ba58 | dc03 4dc4 | 0100 0090 

  0x000001c43e45b4c0: ;   {runtime_call _new_instance_Java}
  0x000001c43e45b4c0: c5f8 77e8 

  0x000001c43e45b4c4: ; ImmutableOopMap {rbp=Oop [32]=Oop [64]=NarrowOop [72]=Oop [80]=Oop [88]=Oop [96]=Oop [128]=Oop [136]=Oop [144]=NarrowOop [148]=NarrowOop [192]=Oop }
                      ;*new {reexecute=0 rethrow=0 return_oop=1}
                      ; - java.util.jar.JarFile::getManifestFromReference@184 (line 435)
                      ; - java.util.jar.JarFile::getManifest@1 (line 405)
                      ; - jdk.internal.loader.URLClassPath$JarLoader$2::getManifest@22 (line 853)
                      ; - java.net.URLClassLoader::defineClass@34 (line 491)
                      ; - java.net.URLClassLoader$1::run@43 (line 427)
  0x000001c43e45b4c4: b8d4 68ff 

  0x000001c43e45b4c8: ;   {other}
  0x000001c43e45b4c8: 0f1f 8400 | 3852 0046 | 4c8b c0e9 | 04e0 ffff 

  0x000001c43e45b4d8: ;   {metadata('java/util/jar/Manifest')}
  0x000001c43e45b4d8: 48ba b8fa | 044d c401 | 0000 6690 

  0x000001c43e45b4e4: ;   {runtime_call _new_instance_Java}
  0x000001c43e45b4e4: c5f8 77e8 

  0x000001c43e45b4e8: ; ImmutableOopMap {[32]=Oop [40]=Oop [64]=NarrowOop [72]=Oop [80]=Oop [88]=Oop [96]=Oop [128]=Oop [136]=Oop [144]=NarrowOop [148]=NarrowOop [192]=Oop }
                      ;*new {reexecute=0 rethrow=0 return_oop=1}
                      ; - java.util.jar.JarFile::getManifestFromReference@134 (line 432)
                      ; - java.util.jar.JarFile::getManifest@1 (line 405)
                      ; - jdk.internal.loader.URLClassPath$JarLoader$2::getManifest@22 (line 853)
                      ; - java.net.URLClassLoader::defineClass@34 (line 491)
                      ; - java.net.URLClassLoader$1::run@43 (line 427)
  0x000001c43e45b4e8: 94d4 68ff 

  0x000001c43e45b4ec: ;   {other}
  0x000001c43e45b4ec: 0f1f 8400 | 5c52 0047 | e994 ddff 

  0x000001c43e45b4f8: ;   {metadata('java/util/jar/Attributes')}
  0x000001c43e45b4f8: ff48 ba88 | d216 4dc4 | 0100 0090 

  0x000001c43e45b504: ;   {runtime_call _new_instance_Java}
  0x000001c43e45b504: c5f8 77e8 

  0x000001c43e45b508: ; ImmutableOopMap {[32]=Oop [40]=Oop [48]=Oop [64]=NarrowOop [68]=NarrowOop [72]=Oop [80]=Oop [88]=Oop [96]=Oop [128]=Oop [136]=Oop [144]=NarrowOop [148]=NarrowOop [192]=Oop }
                      ;*new {reexecute=0 rethrow=0 return_oop=1}
                      ; - java.util.jar.Manifest::<init>@5 (line 55)
                      ; - java.util.jar.Manifest::<init>@4 (line 88)
                      ; - java.util.jar.JarFile::getManifestFromReference@143 (line 432)
                      ; - java.util.jar.JarFile::getManifest@1 (line 405)
                      ; - jdk.internal.loader.URLClassPath$JarLoader$2::getManifest@22 (line 853)
                      ; - java.net.URLClassLoader::defineClass@34 (line 491)
                      ; - java.net.URLClassLoader$1::run@43 (line 427)
  0x000001c43e45b508: 74d4 68ff 

  0x000001c43e45b50c: ;   {other}
  0x000001c43e45b50c: 0f1f 8400 | 7c52 0048 | 488b e8e9 | c4dd ffff 

  0x000001c43e45b51c: ;   {metadata('java/util/HashMap')}
  0x000001c43e45b51c: 48ba 80c2 | 084d c401 | 0000 6690 

  0x000001c43e45b528: ;   {runtime_call _new_instance_Java}
  0x000001c43e45b528: c5f8 77e8 

  0x000001c43e45b52c: ; ImmutableOopMap {[32]=Oop [40]=Oop [48]=Oop [64]=NarrowOop [68]=NarrowOop [72]=Oop [80]=Oop [88]=Oop [96]=Oop [104]=Oop [128]=Oop [136]=Oop [144]=NarrowOop [148]=NarrowOop [192]=Oop }
                      ;*new {reexecute=0 rethrow=0 return_oop=1}
                      ; - java.util.jar.Manifest::<init>@16 (line 58)
                      ; - java.util.jar.Manifest::<init>@4 (line 88)
                      ; - java.util.jar.JarFile::getManifestFromReference@143 (line 432)
                      ; - java.util.jar.JarFile::getManifest@1 (line 405)
                      ; - jdk.internal.loader.URLClassPath$JarLoader$2::getManifest@22 (line 853)
                      ; - java.net.URLClassLoader::defineClass@34 (line 491)
                      ; - java.net.URLClassLoader$1::run@43 (line 427)
  0x000001c43e45b52c: 50d4 68ff 

  0x000001c43e45b530: ;   {other}
  0x000001c43e45b530: 0f1f 8400 | a052 0049 | 4c8b d0e9 | a2de ffff | baf6 ffff | ff48 8b6c | 2450 4889 | 4424 2090 
  0x000001c43e45b550: ;   {runtime_call UncommonTrapBlob}
  0x000001c43e45b550: c5f8 77e8 

  0x000001c43e45b554: ; ImmutableOopMap {rbp=Oop [32]=Oop }
                      ;*invokevirtual getResource {reexecute=0 rethrow=0 return_oop=0}
                      ; - java.net.URLClassLoader$1::run@26 (line 424)
  0x000001c43e45b554: 288e 5cff 

  0x000001c43e45b558: ;   {other}
  0x000001c43e45b558: 0f1f 8400 | c852 004a | ba76 ffff | ff48 8b6c | 2450 4489 | 6c24 2444 | 8944 2428 | 894c 242c 
  0x000001c43e45b578: ;   {runtime_call UncommonTrapBlob}
  0x000001c43e45b578: c5f8 77e8 

  0x000001c43e45b57c: ; ImmutableOopMap {rbp=Oop [40]=NarrowOop [44]=NarrowOop }
                      ;*if_icmpge {reexecute=1 rethrow=0 return_oop=0}
                      ; - (reexecute) java.lang.StringLatin1::replace@19 (line 297)
                      ; - java.lang.String::replace@18 (line 2933)
                      ; - java.net.URLClassLoader$1::run@8 (line 423)
  0x000001c43e45b57c: 008e 5cff 

  0x000001c43e45b580: ;   {other}
  0x000001c43e45b580: 0f1f 8400 | f052 004b | 4963 d2e9 | 58ba ffff | bacc ffff | ff48 8b6c | 2450 4c89 | 5c24 2048 
  0x000001c43e45b5a0: 894c 2430 | 4889 7c24 | 3889 7424 | 4066 6690 

  0x000001c43e45b5b0: ;   {runtime_call UncommonTrapBlob}
  0x000001c43e45b5b0: c5f8 77e8 

  0x000001c43e45b5b4: ; ImmutableOopMap {rbp=Oop [32]=Oop [56]=Oop }
                      ;*invokestatic arraycopy {reexecute=0 rethrow=0 return_oop=0}
                      ; - java.lang.String::getBytes@22 (line 4726)
                      ; - java.lang.StringConcatHelper::prepend@21 (line 324)
                      ; - java.lang.StringConcatHelper::simpleConcat@71 (line 438)
                      ; - java.lang.String::concat@11 (line 2899)
                      ; - java.net.URLClassLoader$1::run@13 (line 423)
  0x000001c43e45b5b4: c88d 5cff 

  0x000001c43e45b5b8: ;   {other}
  0x000001c43e45b5b8: 0f1f 8400 | 2853 004c | bacc ffff | ff48 8b6c | 2450 4889 | 5c24 2048 | 897c 2430 | 4489 4424 
  0x000001c43e45b5d8: 3866 6690 

  0x000001c43e45b5dc: ;   {runtime_call UncommonTrapBlob}
  0x000001c43e45b5dc: c5f8 77e8 

  0x000001c43e45b5e0: ; ImmutableOopMap {rbp=Oop [32]=Oop [48]=Oop }
                      ;*invokestatic arraycopy {reexecute=0 rethrow=0 return_oop=0}
                      ; - java.lang.String::getBytes@22 (line 4726)
                      ; - java.lang.StringConcatHelper::prepend@21 (line 324)
                      ; - java.lang.StringConcatHelper::simpleConcat@81 (line 439)
                      ; - java.lang.String::concat@11 (line 2899)
                      ; - java.net.URLClassLoader$1::run@13 (line 423)
  0x000001c43e45b5e0: 9c8d 5cff 

  0x000001c43e45b5e4: ;   {other}
  0x000001c43e45b5e4: 0f1f 8400 | 5453 004d | 448b d7e9 | 27c6 ffff | ba76 ffff | ff48 895c | 2430 4489 | 6c24 3844 
  0x000001c43e45b604: 8944 243c | 894c 2440 

  0x000001c43e45b60c: ;   {runtime_call UncommonTrapBlob}
  0x000001c43e45b60c: c5f8 77e8 

  0x000001c43e45b610: ; ImmutableOopMap {[48]=Oop [60]=NarrowOop [64]=NarrowOop [80]=Oop }
                      ;*if_icmpge {reexecute=1 rethrow=0 return_oop=0}
                      ; - (reexecute) java.lang.StringLatin1::replace@82 (line 308)
                      ; - java.lang.String::replace@18 (line 2933)
                      ; - java.net.URLClassLoader$1::run@8 (line 423)
  0x000001c43e45b610: 6c8d 5cff 

  0x000001c43e45b614: ;   {other}
  0x000001c43e45b614: 0f1f 8400 | 8453 004e | baf6 ffff | ff48 8b6c | 2450 4889 | 4424 2890 

  0x000001c43e45b62c: ;   {runtime_call UncommonTrapBlob}
  0x000001c43e45b62c: c5f8 77e8 

  0x000001c43e45b630: ; ImmutableOopMap {rbp=Oop [40]=Oop [72]=Oop [148]=NarrowOop }
                      ;*invokevirtual defineClass {reexecute=0 rethrow=0 return_oop=0}
                      ; - java.net.URLClassLoader$1::run@43 (line 427)
  0x000001c43e45b630: 4c8d 5cff 

  0x000001c43e45b634: ;   {other}
  0x000001c43e45b634: 0f1f 8400 | a453 004f | ba45 ffff | ff4c 8b5c | 2448 4c89 | 5c24 284c | 8b5c 2438 | 4c89 5c24 
  0x000001c43e45b654: 3044 8b5c | 2440 4489 | 5c24 384c | 8954 2448 

  0x000001c43e45b664: ;   {runtime_call UncommonTrapBlob}
  0x000001c43e45b664: c5f8 77e8 

  0x000001c43e45b668: ; ImmutableOopMap {[40]=Oop [56]=NarrowOop [72]=Oop [80]=Oop [144]=NarrowOop [148]=NarrowOop }
                      ;*ifeq {reexecute=1 rethrow=0 return_oop=0}
                      ; - (reexecute) jdk.internal.loader.Resource::getByteBuffer@9 (line 164)
                      ; - java.net.URLClassLoader::defineClass@132 (line 511)
                      ; - java.net.URLClassLoader$1::run@43 (line 427)
  0x000001c43e45b668: 148d 5cff 

  0x000001c43e45b66c: ;   {other}
  0x000001c43e45b66c: 0f1f 8400 | dc53 0050 | baf6 ffff | ff48 8b6c | 2450 4c8b | 5424 484c | 8954 2428 | 4c8b 5424 
  0x000001c43e45b68c: 384c 8954 | 2430 4489 | 7424 384c | 894c 2448 

  0x000001c43e45b69c: ;   {runtime_call UncommonTrapBlob}
  0x000001c43e45b69c: c5f8 77e8 

  0x000001c43e45b6a0: ; ImmutableOopMap {rbp=Oop [40]=Oop [56]=NarrowOop [72]=Oop [144]=NarrowOop [148]=NarrowOop [192]=Oop }
                      ;*invokevirtual get {reexecute=0 rethrow=0 return_oop=0}
                      ; - java.lang.ClassLoader::getDefinedPackage@13 (line 2263)
                      ; - java.net.URLClassLoader::getAndVerifyPackage@2 (line 457)
                      ; - java.net.URLClassLoader::defineClass@46 (line 492)
                      ; - java.net.URLClassLoader$1::run@43 (line 427)
  0x000001c43e45b6a0: dc8c 5cff 

  0x000001c43e45b6a4: ;   {other}
  0x000001c43e45b6a4: 0f1f 8400 | 1454 0051 | ba76 ffff | ff48 8b6c | 2450 4c8b | 5424 484c | 8954 2428 | 4889 4424 
  0x000001c43e45b6c4: 3089 7c24 | 3c44 894c | 2448 6690 

  0x000001c43e45b6d0: ;   {runtime_call UncommonTrapBlob}
  0x000001c43e45b6d0: c5f8 77e8 

  0x000001c43e45b6d4: ; ImmutableOopMap {rbp=Oop [40]=Oop [72]=NarrowOop [144]=NarrowOop [148]=NarrowOop }
                      ;*iflt {reexecute=1 rethrow=0 return_oop=0}
                      ; - (reexecute) java.lang.StringLatin1::lastIndexOf@19 (line 285)
                      ; - java.lang.String::lastIndexOf@13 (line 2573)
                      ; - java.lang.String::lastIndexOf@8 (line 2535)
                      ; - java.net.URLClassLoader::defineClass@7 (line 486)
                      ; - java.net.URLClassLoader$1::run@43 (line 427)
  0x000001c43e45b6d4: a88c 5cff 

  0x000001c43e45b6d8: ;   {other}
  0x000001c43e45b6d8: 0f1f 8400 | 4854 0052 | baf6 ffff | ff48 8b6c | 2450 4c8b | 5424 484c | 8954 2420 | 4c8b 5424 
  0x000001c43e45b6f8: 384c 8954 | 2428 4489 | 7424 304c | 895c 2448 

  0x000001c43e45b708: ;   {runtime_call UncommonTrapBlob}
  0x000001c43e45b708: c5f8 77e8 

  0x000001c43e45b70c: ; ImmutableOopMap {rbp=Oop [32]=Oop [48]=NarrowOop [72]=Oop [144]=NarrowOop [148]=NarrowOop [192]=Oop }
                      ;*invokevirtual ensureInitialization {reexecute=0 rethrow=0 return_oop=0}
                      ; - java.util.jar.JavaUtilJarAccessImpl::ensureInitialization@1 (line 42)
                      ; - jdk.internal.loader.URLClassPath$JarLoader$2::getManifest@10 (line 852)
                      ; - java.net.URLClassLoader::defineClass@34 (line 491)
                      ; - java.net.URLClassLoader$1::run@43 (line 427)
  0x000001c43e45b70c: 708c 5cff 

  0x000001c43e45b710: ;   {other}
  0x000001c43e45b710: 0f1f 8400 | 8054 0053 | bae4 ffff | ff4c 8b54 | 2450 4c89 | 5424 204c | 8b54 2448 | 4c89 5424 
  0x000001c43e45b730: 284c 8b54 | 2438 4c89 | 5424 3044 | 8b54 2440 | 4489 5424 | 384c 8b54 | 2458 4c89 | 5424 5048 
  0x000001c43e45b750: 8944 2460 | 4489 4424 | 6866 6690 

  0x000001c43e45b75c: ;   {runtime_call UncommonTrapBlob}
  0x000001c43e45b75c: c5f8 77e8 

  0x000001c43e45b760: ; ImmutableOopMap {[32]=Oop [40]=Oop [56]=NarrowOop [80]=Oop [96]=Oop [144]=NarrowOop [148]=NarrowOop }
                      ;*invokestatic checkIndex {reexecute=0 rethrow=0 return_oop=0}
                      ; - java.util.zip.CRC32::updateBytesCheck@30 (line 153)
                      ; - java.util.zip.CRC32::updateBytes@3 (line 139)
                      ; - java.util.zip.CRC32::update@31 (line 79)
                      ; - java.util.zip.Checksum::update@5 (line 58)
                      ; - jdk.internal.loader.URLClassPath$JarLoader$2::getBytes@15 (line 864)
                      ; - java.net.URLClassLoader::defineClass@179 (line 519)
                      ; - java.net.URLClassLoader$1::run@43 (line 427)
  0x000001c43e45b760: 1c8c 5cff 

  0x000001c43e45b764: ;   {other}
  0x000001c43e45b764: 0f1f 8400 | d454 0054 | ba6e ffff | ff48 8b6c | 2450 4c8b | 5424 484c | 8954 2428 | 4889 4424 
  0x000001c43e45b784: 3089 7c24 | 3c44 894c | 2448 6690 

  0x000001c43e45b790: ;   {runtime_call UncommonTrapBlob}
  0x000001c43e45b790: c5f8 77e8 

  0x000001c43e45b794: ; ImmutableOopMap {rbp=Oop [40]=Oop [72]=NarrowOop [144]=NarrowOop [148]=NarrowOop }
                      ;*iflt {reexecute=1 rethrow=0 return_oop=0}
                      ; - (reexecute) java.lang.StringLatin1::lastIndexOf@19 (line 285)
                      ; - java.lang.String::lastIndexOf@13 (line 2573)
                      ; - java.lang.String::lastIndexOf@8 (line 2535)
                      ; - java.net.URLClassLoader::defineClass@7 (line 486)
                      ; - java.net.URLClassLoader$1::run@43 (line 427)
  0x000001c43e45b794: e88b 5cff 

  0x000001c43e45b798: ;   {other}
  0x000001c43e45b798: 0f1f 8400 | 0855 0055 | bade ffff | ff4c 8b44 | 2450 4c89 | 4424 204c | 8b44 2448 | 4c89 4424 
  0x000001c43e45b7b8: 284c 8b44 | 2438 4c89 | 4424 3044 | 8974 2438 | 4c89 5c24 | 5844 8954 | 244c 6690 

  0x000001c43e45b7d4: ;   {runtime_call UncommonTrapBlob}
  0x000001c43e45b7d4: c5f8 77e8 

  0x000001c43e45b7d8: ; ImmutableOopMap {rbp=NarrowOop [32]=Oop [40]=Oop [56]=NarrowOop [76]=NarrowOop [88]=Oop [144]=NarrowOop [148]=NarrowOop [192]=Oop }
                      ;*invokeinterface ensureInitialization {reexecute=0 rethrow=0 return_oop=0}
                      ; - jdk.internal.loader.URLClassPath$JarLoader$2::getManifest@10 (line 852)
                      ; - java.net.URLClassLoader::defineClass@34 (line 491)
                      ; - java.net.URLClassLoader$1::run@43 (line 427)
  0x000001c43e45b7d8: a48b 5cff 

  0x000001c43e45b7dc: ;   {other}
  0x000001c43e45b7dc: 0f1f 8400 | 4c55 0056 | 4c89 4424 | 784c 895c | 2470 4889 | 4c24 6844 | 8974 2460 | 4c8b 9424 
  0x000001c43e45b7fc: 8800 0000 | 4c89 5424 | 5848 8954 | 2440 448b | 9c24 9400 | 0000 4489 | 5c24 3444 | 8b9c 2490 
  0x000001c43e45b81c: 0000 0044 | 895c 2430 | 4c8b 5424 | 484c 8954 | 2428 4c8b | 5424 504c | 8954 2420 | 498b d04c 
  0x000001c43e45b83c: 8d84 24e0 | 0000 004c | 8b54 2470 | 4c89 5424 | 5066 6690 

  0x000001c43e45b850: ;   {runtime_call _complete_monitor_locking_Java}
  0x000001c43e45b850: c5f8 77e8 

  0x000001c43e45b854: ; ImmutableOopMap {rbp=NarrowOop [32]=Oop [40]=Oop [48]=NarrowOop [52]=NarrowOop [64]=Oop [80]=Oop [88]=Oop [96]=NarrowOop [104]=Oop [112]=Oop [120]=Oop [192]=Oop }
                      ;*synchronization entry
                      ; - java.util.jar.JarFile::ensureInitialization@-1 (line 1064)
                      ; - java.util.jar.JavaUtilJarAccessImpl::ensureInitialization@1 (line 42)
                      ; - jdk.internal.loader.URLClassPath$JarLoader$2::getManifest@10 (line 852)
                      ; - java.net.URLClassLoader::defineClass@34 (line 491)
                      ; - java.net.URLClassLoader$1::run@43 (line 427)
  0x000001c43e45b854: 28f5 68ff 

  0x000001c43e45b858: ;   {other}
  0x000001c43e45b858: 0f1f 8400 | c855 0057 | 4c8b 5424 | 204c 8954 | 2450 4c8b | 5424 284c | 8954 2448 | 448b 5424 
  0x000001c43e45b878: 3044 8994 | 2490 0000 | 0044 8b54 | 2434 4489 | 9424 9400 | 0000 4c8b | 5424 404c | 8994 2480 
  0x000001c43e45b898: 0000 004c | 8b54 2458 | 4c89 9424 | 8800 0000 | 448b 7424 | 604c 8b54 | 2468 4c89 | 5424 204c 
  0x000001c43e45b8b8: 8b5c 2470 | 4c8b 4424 | 78e9 0cc7 | ffff 4c89 | 5c24 304c | 8b5c 2420 | 4c89 5c24 | 2844 8974 
  0x000001c43e45b8d8: 2420 498b | c848 8d94 | 24e0 0000 | 004d 8bc7 | c5f8 7749 | bad0 41b1 | fdfa 7f00 | 0041 ffd2 
  0x000001c43e45b8f8: ;   {other}
  0x000001c43e45b8f8: 0f1f 8400 | 0000 0000 | 448b 7424 | 204c 8b54 | 2428 4c89 | 5424 204c | 8b5c 2430 | e96e c7ff 
  0x000001c43e45b918: ffba deff | ffff 4c8b | 5424 504c | 8954 2420 | 4c8b 5424 | 484c 8954 | 2428 4c8b | 5424 384c 
  0x000001c43e45b938: 8954 2430 | 4489 7424 | 384c 895c | 2450 6690 

  0x000001c43e45b948: ;   {runtime_call UncommonTrapBlob}
  0x000001c43e45b948: c5f8 77e8 

  0x000001c43e45b94c: ; ImmutableOopMap {rbp=NarrowOop [32]=Oop [40]=Oop [56]=NarrowOop [80]=Oop [144]=NarrowOop [148]=NarrowOop [192]=Oop }
                      ;*invokevirtual getManifest {reexecute=0 rethrow=0 return_oop=0}
                      ; - jdk.internal.loader.URLClassPath$JarLoader$2::getManifest@22 (line 853)
                      ; - java.net.URLClassLoader::defineClass@34 (line 491)
                      ; - java.net.URLClassLoader$1::run@43 (line 427)
  0x000001c43e45b94c: 308a 5cff 

  0x000001c43e45b950: ;   {other}
  0x000001c43e45b950: 0f1f 8400 | c056 0058 | bade ffff | ff48 ff74 | 2448 488f | 4424 284c | 8b54 2438 | 4c89 5424 
  0x000001c43e45b970: 3044 8b54 | 2440 4489 | 5424 3890 

  0x000001c43e45b97c: ;   {runtime_call UncommonTrapBlob}
  0x000001c43e45b97c: c5f8 77e8 

  0x000001c43e45b980: ; ImmutableOopMap {rbp=NarrowOop [40]=Oop [56]=NarrowOop [80]=Oop [104]=Oop [144]=NarrowOop [148]=NarrowOop }
                      ;*invokevirtual getCodeSigners {reexecute=0 rethrow=0 return_oop=0}
                      ; - jdk.internal.loader.URLClassPath$JarLoader$2::getCodeSigners@4 (line 858)
                      ; - java.net.URLClassLoader::defineClass@185 (line 521)
                      ; - java.net.URLClassLoader$1::run@43 (line 427)
  0x000001c43e45b980: fc89 5cff 

  0x000001c43e45b984: ;   {other}
  0x000001c43e45b984: 0f1f 8400 | f456 0059 | 33ed 4585 | db40 0f94 | c5ba 45ff | ffff 4489 | 4424 2890 

  0x000001c43e45b9a0: ;   {runtime_call UncommonTrapBlob}
  0x000001c43e45b9a0: c5f8 77e8 

  0x000001c43e45b9a4: ; ImmutableOopMap {[40]=NarrowOop [80]=Oop }
                      ;*ifeq {reexecute=1 rethrow=0 return_oop=0}
                      ; - (reexecute) java.lang.String::replace@9 (line 2933)
                      ; - java.net.URLClassLoader$1::run@8 (line 423)
  0x000001c43e45b9a4: d889 5cff 

  0x000001c43e45b9a8: ;   {other}
  0x000001c43e45b9a8: 0f1f 8400 | 1857 005a | ba76 ffff | ff44 896c | 2428 4889 | 5c24 3044 | 8944 2438 | 894c 243c 
  0x000001c43e45b9c8: ;   {runtime_call UncommonTrapBlob}
  0x000001c43e45b9c8: c5f8 77e8 

  0x000001c43e45b9cc: ; ImmutableOopMap {[48]=Oop [56]=NarrowOop [60]=NarrowOop [80]=Oop }
                      ;*if_icmpge {reexecute=1 rethrow=0 return_oop=0}
                      ; - (reexecute) java.lang.StringLatin1::replace@61 (line 305)
                      ; - java.lang.String::replace@18 (line 2933)
                      ; - java.net.URLClassLoader$1::run@8 (line 423)
  0x000001c43e45b9cc: b089 5cff 

  0x000001c43e45b9d0: ;   {other}
  0x000001c43e45b9d0: 0f1f 8400 | 4057 005b | 41bb 0100 | 0000 e9d7 | b3ff ff4c | 8b54 2468 | 458b 520c | 4585 d20f 
  0x000001c43e45b9f0: 84b0 e3ff | ff4d 8b5f | 2849 8bca | 48c1 e103 | 4d85 db0f | 8427 1f00 | 004d 8b57 | 384b 894c 
  0x000001c43e45ba10: 1af8 4983 | c3f8 4d89 | 5f28 e986 | e3ff ff4c | 8b54 2468 | 458b 5210 | 4585 d20f | 840a e4ff 
  0x000001c43e45ba30: ff4d 8b5f | 2849 8bca | 48c1 e103 | 4d85 db0f | 84cb 1e00 | 004d 8b57 | 384b 894c | 1af8 4983 
  0x000001c43e45ba50: c3f8 4d89 | 5f28 e9e0 | e3ff ff44 | 8b5d 0c45 | 85db 0f84 | dee2 ffff | 4d8b 5728 | 498b cb48 
  0x000001c43e45ba70: c1e1 034d | 85d2 0f84 | d41e 0000 | 4d8b 5f38 | 4b89 4c13 | f849 83c2 | f84d 8957 | 28e9 b4e2 
  0x000001c43e45ba90: ffff 4c8b | 5424 6845 | 8b52 1445 | 85d2 0f84 | 03e4 ffff | 4d8b 5f28 | 498b ca48 | c1e1 034d 
  0x000001c43e45bab0: 85db 0f84 | b81e 0000 | 4d8b 5738 | 4b89 4c1a | f849 83c3 | f84d 895f | 28e9 d9e3 

  0x000001c43e45bacc: ;   {no_reloc}
  0x000001c43e45bacc: ffff 4d8b | 5748 4d8b | 5f58 f083 | 4424 c000 | 8039 000f | 84f7 e2ff | ff44 8821 | 4d85 d275 
  0x000001c43e45baec: 2049 8bd7 | c5f8 7749 | bad0 fc6f | fdfa 7f00 | 0041 ffd2 

  0x000001c43e45bb00: ;   {other}
  0x000001c43e45bb00: 0f1f 8400 | 0000 0000 | e9cf e2ff | ff4b 894c | 13f8 4983 | c2f8 4d89 | 5748 e9bd | e2ff ff4d 
  0x000001c43e45bb20: 8b57 484d | 8b5f 58f0 | 8344 24c0 | 0080 3900 | 0f84 43e3 | ffff 4488 | 214d 85d2 | 7520 498b 
  0x000001c43e45bb40: d7c5 f877 | 49ba d0fc | 6ffd fa7f | 0000 41ff 

  0x000001c43e45bb50: ;   {other}
  0x000001c43e45bb50: d20f 1f84 | 0000 0000 | 00e9 1be3 | ffff 4b89 | 4c13 f849 | 83c2 f84d | 8957 48e9 | 09e3 ffff 
  0x000001c43e45bb70: 4d8b 5758 | 4d8b 5f48 | f083 4424 | c000 8039 | 000f 8413 | e2ff ff44 | 8821 4d85 | db75 2049 
  0x000001c43e45bb90: 8bd7 c5f8 | 7749 bad0 | fc6f fdfa | 7f00 0041 

  0x000001c43e45bba0: ;   {other}
  0x000001c43e45bba0: ffd2 0f1f | 8400 0000 | 0000 e9eb | e1ff ff4b | 894c 1af8 | 4983 c3f8 | 4d89 5f48 | e9d9 e1ff 
  0x000001c43e45bbc0: ff4d 8b57 | 484d 8b5f | 58f0 8344 | 24c0 0080 | 3900 0f84 | 17e3 ffff | 4488 214d | 85d2 7520 
  0x000001c43e45bbe0: 498b d7c5 | f877 49ba | d0fc 6ffd | fa7f 0000 

  0x000001c43e45bbf0: ;   {other}
  0x000001c43e45bbf0: 41ff d20f | 1f84 0000 | 0000 00e9 | efe2 ffff | 4b89 4c13 | f849 83c2 | f84d 8957 | 48e9 dde2 
  0x000001c43e45bc10: ffff ba45 | ffff ff48 | 8b6c 2450 | 4c89 5c24 | 2089 7424 | 2866 6690 

  0x000001c43e45bc28: ;   {runtime_call UncommonTrapBlob}
  0x000001c43e45bc28: c5f8 77e8 

  0x000001c43e45bc2c: ; ImmutableOopMap {rbp=Oop [32]=Oop }
                      ;*iflt {reexecute=1 rethrow=0 return_oop=0}
                      ; - (reexecute) java.lang.StringConcatHelper::checkOverflow@2 (line 65)
                      ; - java.lang.StringConcatHelper::mix@23 (line 127)
                      ; - java.lang.StringConcatHelper::simpleConcat@46 (line 433)
                      ; - java.lang.String::concat@11 (line 2899)
                      ; - java.net.URLClassLoader$1::run@13 (line 423)
  0x000001c43e45bc2c: 5087 5cff 

  0x000001c43e45bc30: ;   {other}
  0x000001c43e45bc30: 0f1f 8400 | a059 005c | ba45 ffff | ff4c 895c | 2428 6690 

  0x000001c43e45bc44: ;   {runtime_call UncommonTrapBlob}
  0x000001c43e45bc44: c5f8 77e8 

  0x000001c43e45bc48: ; ImmutableOopMap {[40]=Oop [80]=Oop }
                      ;*iflt {reexecute=1 rethrow=0 return_oop=0}
                      ; - (reexecute) java.lang.StringConcatHelper::checkOverflow@2 (line 65)
                      ; - java.lang.StringConcatHelper::mix@23 (line 127)
                      ; - java.lang.StringConcatHelper::simpleConcat@54 (line 434)
                      ; - java.lang.String::concat@11 (line 2899)
                      ; - java.net.URLClassLoader$1::run@13 (line 423)
  0x000001c43e45bc48: 3487 5cff 

  0x000001c43e45bc4c: ;   {other}
  0x000001c43e45bc4c: 0f1f 8400 | bc59 005d | ba45 ffff | ff48 8b6c | 2450 4c89 | 5c24 2848 | 897c 2430 | 4489 4c24 
  0x000001c43e45bc6c: 3866 6690 

  0x000001c43e45bc70: ;   {runtime_call UncommonTrapBlob}
  0x000001c43e45bc70: c5f8 77e8 

  0x000001c43e45bc74: ; ImmutableOopMap {rbp=Oop [40]=Oop [48]=Oop }
                      ;*if_icmpne {reexecute=1 rethrow=0 return_oop=0}
                      ; - (reexecute) java.lang.String::getBytes@5 (line 4725)
                      ; - java.lang.StringConcatHelper::prepend@21 (line 324)
                      ; - java.lang.StringConcatHelper::simpleConcat@81 (line 439)
                      ; - java.lang.String::concat@11 (line 2899)
                      ; - java.net.URLClassLoader$1::run@13 (line 423)
  0x000001c43e45bc74: 0887 5cff 

  0x000001c43e45bc78: ;   {other}
  0x000001c43e45bc78: 0f1f 8400 | e859 005e | ba45 ffff | ff48 8b6c | 2450 4c89 | 5c24 2048 | 894c 2428 | 4489 4c24 
  0x000001c43e45bc98: 3066 6690 

  0x000001c43e45bc9c: ;   {runtime_call UncommonTrapBlob}
  0x000001c43e45bc9c: c5f8 77e8 

  0x000001c43e45bca0: ; ImmutableOopMap {rbp=Oop [32]=Oop }
                      ;*if_icmpne {reexecute=1 rethrow=0 return_oop=0}
                      ; - (reexecute) java.lang.StringConcatHelper::mix@13 (line 124)
                      ; - java.lang.StringConcatHelper::simpleConcat@46 (line 433)
                      ; - java.lang.String::concat@11 (line 2899)
                      ; - java.net.URLClassLoader$1::run@13 (line 423)
  0x000001c43e45bca0: dc86 5cff 

  0x000001c43e45bca4: ;   {other}
  0x000001c43e45bca4: 0f1f 8400 | 145a 005f | ba45 ffff | ff48 8b6c | 2450 4c89 | 5c24 2048 | 8944 2428 | 4489 5424 
  0x000001c43e45bcc4: 3066 6690 

  0x000001c43e45bcc8: ;   {runtime_call UncommonTrapBlob}
  0x000001c43e45bcc8: c5f8 77e8 

  0x000001c43e45bccc: ; ImmutableOopMap {rbp=Oop [32]=Oop }
                      ;*ifge {reexecute=1 rethrow=0 return_oop=0}
                      ; - (reexecute) java.lang.StringConcatHelper::newArray@13 (line 508)
                      ; - java.lang.StringConcatHelper::simpleConcat@61 (line 435)
                      ; - java.lang.String::concat@11 (line 2899)
                      ; - java.net.URLClassLoader$1::run@13 (line 423)
  0x000001c43e45bccc: b086 5cff 

  0x000001c43e45bcd0: ;   {other}
  0x000001c43e45bcd0: 0f1f 8400 | 405a 0060 | 4963 cae9 | b9c0 ffff | 4983 c3fe | 498b cb48 | 8bfa 4833 | c048 83f9 
  0x000001c43e45bcf0: 087f 1048 | ffc9 784f | 4889 04cf | 48ff c97d | f7eb 44c5 | fdef c0e9 | 0d00 0000 | c5fe 7f07 
  0x000001c43e45bd10: c5fe 7f47 | 2048 83c7 | 4048 83e9 | 087d ed48 | 83c1 047c | 0cc5 fe7f | 0748 83c7 | 2048 83e9 
  0x000001c43e45bd30: 0448 83c1 | 047e 1048 | ffc9 c5f9 | d607 4883 | c708 48ff | c97d f3e9 | 4dc1 ffff | bacc ffff 
  0x000001c43e45bd50: ff48 8b6c | 2450 4c8b | 5c24 484c | 895c 2428 | 4c8b 5c24 | 384c 895c | 2430 4489 | 7424 3844 
  0x000001c43e45bd70: 8954 2440 | 4c89 4424 | 5844 894c | 244c 6690 

  0x000001c43e45bd80: ;   {runtime_call UncommonTrapBlob}
  0x000001c43e45bd80: c5f8 77e8 

  0x000001c43e45bd84: ; ImmutableOopMap {rbp=Oop [40]=Oop [56]=NarrowOop [76]=NarrowOop [88]=Oop [144]=NarrowOop [148]=NarrowOop }
                      ;*newarray {reexecute=1 rethrow=0 return_oop=0}
                      ; - (reexecute) java.util.Arrays::copyOfRangeByte@10 (line 3863)
                      ; - java.util.Arrays::copyOfRange@13 (line 3854)
                      ; - java.lang.StringLatin1::newString@16 (line 752)
                      ; - java.lang.String::substring@41 (line 2839)
                      ; - java.net.URLClassLoader::defineClass@28 (line 489)
                      ; - java.net.URLClassLoader$1::run@43 (line 427)
  0x000001c43e45bd84: f885 5cff 

  0x000001c43e45bd88: ;   {other}
  0x000001c43e45bd88: 0f1f 8400 | f85a 0061 | baf6 ffff | ff48 8b6c | 2450 4c8b | 5424 484c | 8954 2428 | 4c8b 5424 
  0x000001c43e45bda8: 384c 8954 | 2430 4489 | 7424 384c | 894c 2448 | 4c89 5c24 | 5066 6690 

  0x000001c43e45bdc0: ;   {runtime_call UncommonTrapBlob}
  0x000001c43e45bdc0: c5f8 77e8 

  0x000001c43e45bdc4: ; ImmutableOopMap {rbp=Oop [40]=Oop [56]=NarrowOop [72]=Oop [80]=Oop [144]=NarrowOop [148]=NarrowOop }
                      ;*invokevirtual get {reexecute=0 rethrow=0 return_oop=0}
                      ; - java.lang.ClassLoader::definePackage@47 (line 2125)
                      ; - java.lang.ClassLoader::getDefinedPackage@32 (line 2267)
                      ; - java.net.URLClassLoader::getAndVerifyPackage@2 (line 457)
                      ; - java.net.URLClassLoader::defineClass@46 (line 492)
                      ; - java.net.URLClassLoader$1::run@43 (line 427)
  0x000001c43e45bdc4: b885 5cff 

  0x000001c43e45bdc8: ;   {other}
  0x000001c43e45bdc8: 0f1f 8400 | 385b 0062 | 4c63 d5e9 | aeb6 ffff | 33ed 4585 | c040 0f96 | c5ba 45ff | ffff 4c8b 
  0x000001c43e45bde8: 4424 504c | 8944 2420 | 4c8b 4424 | 484c 8944 | 2430 4c89 | 5c24 584c | 894c 2460 | 4489 7424 
  0x000001c43e45be08: 444c 895c | 2468 4489 | 9424 8000 | 0000 6690 

  0x000001c43e45be18: ;   {runtime_call UncommonTrapBlob}
  0x000001c43e45be18: c5f8 77e8 

  0x000001c43e45be1c: ; ImmutableOopMap {[32]=Oop [48]=Oop [68]=NarrowOop [88]=Oop [96]=Oop [104]=Oop [128]=NarrowOop [144]=NarrowOop [148]=NarrowOop }
                      ;*ifeq {reexecute=1 rethrow=0 return_oop=0}
                      ; - (reexecute) java.lang.ClassLoader::definePackage@4 (line 2120)
                      ; - java.lang.ClassLoader::getDefinedPackage@32 (line 2267)
                      ; - java.net.URLClassLoader::getAndVerifyPackage@2 (line 457)
                      ; - java.net.URLClassLoader::defineClass@46 (line 492)
                      ; - java.net.URLClassLoader$1::run@43 (line 427)
  0x000001c43e45be1c: 6085 5cff 

  0x000001c43e45be20: ;   {other}
  0x000001c43e45be20: 0f1f 8400 | 905b 0063 | ba76 ffff | ff48 8b5c | 2450 4889 | 5c24 2048 | 8b5c 2448 | 4889 5c24 
  0x000001c43e45be40: 3044 8974 | 2440 4c89 | 5c24 584c | 8954 2460 | 4c89 4c24 | 684c 894c | 2470 4c89 | 5c24 7844 
  0x000001c43e45be60: 8984 2488 | 0000 0089 | 8c24 8c00 | 0000 6690 

  0x000001c43e45be70: ;   {runtime_call UncommonTrapBlob}
  0x000001c43e45be70: c5f8 77e8 

  0x000001c43e45be74: ; ImmutableOopMap {[32]=Oop [48]=Oop [64]=NarrowOop [88]=Oop [96]=Oop [104]=Oop [112]=Oop [120]=Oop [136]=NarrowOop [140]=NarrowOop [144]=NarrowOop [148]=NarrowOop }
                      ;*if_icmpge {reexecute=1 rethrow=0 return_oop=0}
                      ; - (reexecute) java.lang.StringLatin1::replace@19 (line 297)
                      ; - java.lang.String::replace@18 (line 2933)
                      ; - java.net.URLClassLoader::isSealed@9 (line 601)
                      ; - java.net.URLClassLoader::getAndVerifyPackage@68 (line 469)
                      ; - java.net.URLClassLoader::defineClass@46 (line 492)
                      ; - java.net.URLClassLoader$1::run@43 (line 427)
  0x000001c43e45be74: 0885 5cff 

  0x000001c43e45be78: ;   {other}
  0x000001c43e45be78: 0f1f 8400 | e85b 0064 | bade ffff | ff48 8b6c | 2450 488b | 5c24 4848 | 895c 2428 | 488b 5c24 
  0x000001c43e45be98: 3848 895c | 2430 4489 | 7424 384c | 895c 2450 | 4c89 5424 | 584c 894c | 2460 4c89 | 4c24 6844 
  0x000001c43e45beb8: 8944 2474 | 4889 4c24 | 7866 6690 

  0x000001c43e45bec4: ;   {runtime_call UncommonTrapBlob}
  0x000001c43e45bec4: c5f8 77e8 

  0x000001c43e45bec8: ; ImmutableOopMap {rbp=Oop [40]=Oop [56]=NarrowOop [80]=Oop [88]=Oop [96]=Oop [104]=Oop [116]=NarrowOop [120]=Oop [144]=NarrowOop [148]=NarrowOop }
                      ;*invokeinterface getTrustedAttributes {reexecute=0 rethrow=0 return_oop=0}
                      ; - java.net.URLClassLoader::isSealed@18 (line 601)
                      ; - java.net.URLClassLoader::getAndVerifyPackage@68 (line 469)
                      ; - java.net.URLClassLoader::defineClass@46 (line 492)
                      ; - java.net.URLClassLoader$1::run@43 (line 427)
  0x000001c43e45bec8: b484 5cff 

  0x000001c43e45becc: ;   {other}
  0x000001c43e45becc: 0f1f 8400 | 3c5c 0065 | bade ffff | ff4c 8b44 | 2450 4c89 | 4424 204c | 8b44 2448 | 4c89 4424 
  0x000001c43e45beec: 3044 8974 | 2440 4c89 | 5c24 584c | 8954 2460 | 4c89 4c24 | 684c 894c | 2470 4889 | 8c24 8800 
  0x000001c43e45bf0c: 0000 6690 

  0x000001c43e45bf10: ;   {runtime_call UncommonTrapBlob}
  0x000001c43e45bf10: c5f8 77e8 

  0x000001c43e45bf14: ; ImmutableOopMap {rbp=NarrowOop [32]=Oop [48]=Oop [64]=NarrowOop [88]=Oop [96]=Oop [104]=Oop [112]=Oop [136]=Oop [144]=NarrowOop [148]=NarrowOop }
                      ;*invokeinterface get {reexecute=0 rethrow=0 return_oop=0}
                      ; - java.util.jar.Manifest::getAttributes@5 (line 160)
                      ; - java.util.jar.Manifest::getTrustedAttributes@2 (line 177)
                      ; - java.util.jar.JavaUtilJarAccessImpl::getTrustedAttributes@2 (line 38)
                      ; - java.net.URLClassLoader::isSealed@18 (line 601)
                      ; - java.net.URLClassLoader::getAndVerifyPackage@68 (line 469)
                      ; - java.net.URLClassLoader::defineClass@46 (line 492)
                      ; - java.net.URLClassLoader$1::run@43 (line 427)
  0x000001c43e45bf14: 6884 5cff 

  0x000001c43e45bf18: ;   {other}
  0x000001c43e45bf18: 0f1f 8400 | 885c 0066 | bade ffff | ff4c 8b44 | 2450 4c89 | 4424 204c | 8b44 2448 | 4c89 4424 
  0x000001c43e45bf38: 3044 8974 | 2440 4c89 | 4c24 504c | 895c 2458 | 4c89 5424 | 6066 6690 

  0x000001c43e45bf50: ;   {runtime_call UncommonTrapBlob}
  0x000001c43e45bf50: c5f8 77e8 

  0x000001c43e45bf54: ; ImmutableOopMap {rbp=NarrowOop [32]=Oop [48]=Oop [64]=NarrowOop [80]=Oop [88]=Oop [96]=Oop [144]=NarrowOop [148]=NarrowOop }
                      ;*invokeinterface get {reexecute=0 rethrow=0 return_oop=0}
                      ; - java.util.jar.Attributes::get@5 (line 106)
                      ; - java.util.jar.Attributes::getValue@2 (line 142)
                      ; - java.net.URLClassLoader::isSealed@58 (line 608)
                      ; - java.net.URLClassLoader::getAndVerifyPackage@68 (line 469)
                      ; - java.net.URLClassLoader::defineClass@46 (line 492)
                      ; - java.net.URLClassLoader$1::run@43 (line 427)
  0x000001c43e45bf54: 2884 5cff 

  0x000001c43e45bf58: ;   {other}
  0x000001c43e45bf58: 0f1f 8400 | c85c 0067 | bacc ffff | ff48 8b6c | 2450 4c8b | 5424 484c | 8954 2428 | 4c8b 5424 
  0x000001c43e45bf78: 384c 8954 | 2430 448b | 5424 4044 | 8954 2438 | 4c8b 5424 | 584c 8954 | 2440 4c8b | 5424 684c 
  0x000001c43e45bf98: 8954 2448 | 4c8b 5424 | 604c 8954 | 2458 448b | 9c24 9000 | 0000 4489 | 5c24 3c44 | 8b94 2494 
  0x000001c43e45bfb8: 0000 0044 | 8954 2470 | 448b 5c24 | 7844 895c | 2474 4c8b | 9424 8800 | 0000 4c89 | 5424 784c 
  0x000001c43e45bfd8: 8984 2490 | 0000 0090 

  0x000001c43e45bfe0: ;   {runtime_call UncommonTrapBlob}
  0x000001c43e45bfe0: c5f8 77e8 

  0x000001c43e45bfe4: ; ImmutableOopMap {rbp=Oop [40]=Oop [56]=NarrowOop [60]=NarrowOop [64]=Oop [72]=Oop [88]=Oop [112]=NarrowOop [116]=NarrowOop [120]=Oop [144]=Oop }
                      ;*invokestatic arraycopy {reexecute=0 rethrow=0 return_oop=0}
                      ; - java.lang.String::getBytes@22 (line 4726)
                      ; - java.lang.StringConcatHelper::prepend@21 (line 324)
                      ; - java.lang.StringConcatHelper::simpleConcat@71 (line 438)
                      ; - java.lang.String::concat@11 (line 2899)
                      ; - java.net.URLClassLoader::isSealed@15 (line 601)
                      ; - java.net.URLClassLoader::getAndVerifyPackage@68 (line 469)
                      ; - java.net.URLClassLoader::defineClass@46 (line 492)
                      ; - java.net.URLClassLoader$1::run@43 (line 427)
  0x000001c43e45bfe4: 9883 5cff 

  0x000001c43e45bfe8: ;   {other}
  0x000001c43e45bfe8: 0f1f 8400 | 585d 0068 | bacc ffff | ff48 8b6c | 2450 4c8b | 5424 484c | 8954 2428 | 4c8b 5424 
  0x000001c43e45c008: 384c 8954 | 2430 448b | 5424 4044 | 8954 2438 | 4c8b 5424 | 584c 8954 | 2440 4c8b | 5424 684c 
  0x000001c43e45c028: 8954 2448 | 4c8b 5424 | 604c 8954 | 2458 4c8b | 9424 8000 | 0000 4c89 | 5424 7044 | 8b94 2490 
  0x000001c43e45c048: 0000 0044 | 8954 243c | 448b 9c24 | 9400 0000 | 4489 9c24 | 8000 0000 | 4c89 8424 | 9000 0000 
  0x000001c43e45c068: ;   {runtime_call UncommonTrapBlob}
  0x000001c43e45c068: c5f8 77e8 

  0x000001c43e45c06c: ; ImmutableOopMap {rbp=Oop [40]=Oop [56]=NarrowOop [60]=NarrowOop [64]=Oop [72]=Oop [88]=Oop [112]=Oop [120]=NarrowOop [128]=NarrowOop [144]=Oop }
                      ;*invokestatic arraycopy {reexecute=0 rethrow=0 return_oop=0}
                      ; - java.lang.String::getBytes@22 (line 4726)
                      ; - java.lang.StringConcatHelper::prepend@21 (line 324)
                      ; - java.lang.StringConcatHelper::simpleConcat@81 (line 439)
                      ; - java.lang.String::concat@11 (line 2899)
                      ; - java.net.URLClassLoader::isSealed@15 (line 601)
                      ; - java.net.URLClassLoader::getAndVerifyPackage@68 (line 469)
                      ; - java.net.URLClassLoader::defineClass@46 (line 492)
                      ; - java.net.URLClassLoader$1::run@43 (line 427)
  0x000001c43e45c06c: 1083 5cff 

  0x000001c43e45c070: ;   {other}
  0x000001c43e45c070: 0f1f 8400 | e05d 0069 | 33ed 4585 | d240 0f94 | c5ba 45ff | ffff 4c8b | 5424 484c | 8954 2430 
  0x000001c43e45c090: 448b 9424 | 9400 0000 | 4489 5424 | 4844 8944 | 244c 6690 

  0x000001c43e45c0a4: ;   {runtime_call UncommonTrapBlob}
  0x000001c43e45c0a4: c5f8 77e8 

  0x000001c43e45c0a8: ; ImmutableOopMap {[48]=Oop [72]=NarrowOop [80]=Oop [144]=NarrowOop [148]=NarrowOop }
                      ;*ifeq {reexecute=1 rethrow=0 return_oop=0}
                      ; - (reexecute) java.lang.String::lastIndexOf@4 (line 2573)
                      ; - java.lang.String::lastIndexOf@8 (line 2535)
                      ; - java.net.URLClassLoader::defineClass@7 (line 486)
                      ; - java.net.URLClassLoader$1::run@43 (line 427)
  0x000001c43e45c0a8: d482 5cff 

  0x000001c43e45c0ac: ;   {other}
  0x000001c43e45c0ac: 0f1f 8400 | 1c5e 006a | ba45 ffff | ff48 8b6c | 2450 4c8b | 4424 484c | 8944 2428 | 4c8b 4424 
  0x000001c43e45c0cc: 384c 8944 | 2430 4489 | 7424 3844 | 8954 2440 | 4489 5424 | 4444 8b84 | 2494 0000 | 0045 8bd0 
  0x000001c43e45c0ec: 4489 5424 | 5044 895c | 2458 6690 

  0x000001c43e45c0f8: ;   {runtime_call UncommonTrapBlob}
  0x000001c43e45c0f8: c5f8 77e8 

  0x000001c43e45c0fc: ; ImmutableOopMap {rbp=Oop [40]=Oop [56]=NarrowOop [80]=NarrowOop [144]=NarrowOop [148]=NarrowOop }
                      ;*if_icmpgt {reexecute=1 rethrow=0 return_oop=0}
                      ; - (reexecute) jdk.internal.util.Preconditions::checkFromToIndex@6 (line 348)
                      ; - java.lang.String::checkBoundsBeginEnd@6 (line 4865)
                      ; - java.lang.String::substring@8 (line 2834)
                      ; - java.net.URLClassLoader::defineClass@28 (line 489)
                      ; - java.net.URLClassLoader$1::run@43 (line 427)
  0x000001c43e45c0fc: 8082 5cff 

  0x000001c43e45c100: ;   {other}
  0x000001c43e45c100: 0f1f 8400 | 705e 006b | ba45 ffff | ff4c 8b54 | 2450 4c89 | 5424 204c | 895c 2428 | 4c8b 5424 
  0x000001c43e45c120: 384c 8954 | 2430 448b | 5424 4044 | 8954 2438 | 4c89 4c24 | 5066 6690 

  0x000001c43e45c138: ;   {runtime_call UncommonTrapBlob}
  0x000001c43e45c138: c5f8 77e8 

  0x000001c43e45c13c: ; ImmutableOopMap {rbp=NarrowOop [32]=Oop [40]=Oop [56]=NarrowOop [80]=Oop [104]=Oop [144]=NarrowOop [148]=NarrowOop }
                      ;*ifnonnull {reexecute=1 rethrow=0 return_oop=0}
                      ; - (reexecute) java.util.jar.JarFile$JarFileEntry::getCodeSigners@24 (line 674)
                      ; - jdk.internal.loader.URLClassPath$JarLoader$2::getCodeSigners@4 (line 858)
                      ; - java.net.URLClassLoader::defineClass@185 (line 521)
                      ; - java.net.URLClassLoader$1::run@43 (line 427)
  0x000001c43e45c13c: 4082 5cff 

  0x000001c43e45c140: ;   {other}
  0x000001c43e45c140: 0f1f 8400 | b05e 006c | ba45 ffff | ff4c 8b54 | 2450 4c89 | 5424 204c | 8b54 2448 | 4c89 5424 
  0x000001c43e45c160: 304c 895c | 2458 4c89 | 4c24 6044 | 8974 2444 | 4c89 5c24 | 6866 6690 

  0x000001c43e45c178: ;   {runtime_call UncommonTrapBlob}
  0x000001c43e45c178: c5f8 77e8 

  0x000001c43e45c17c: ; ImmutableOopMap {[32]=Oop [48]=Oop [68]=NarrowOop [88]=Oop [96]=Oop [104]=Oop [144]=NarrowOop [148]=NarrowOop }
                      ;*ifle {reexecute=1 rethrow=0 return_oop=0}
                      ; - (reexecute) java.util.concurrent.ConcurrentHashMap::get@23 (line 937)
                      ; - java.lang.ClassLoader::getDefinedPackage@13 (line 2263)
                      ; - java.net.URLClassLoader::getAndVerifyPackage@2 (line 457)
                      ; - java.net.URLClassLoader::defineClass@46 (line 492)
                      ; - java.net.URLClassLoader$1::run@43 (line 427)
  0x000001c43e45c17c: 0082 5cff 

  0x000001c43e45c180: ;   {other}
  0x000001c43e45c180: 0f1f 8400 | f05e 006d | 498b d7c5 | f877 49ba | f0fc 6ffd | fa7f 0000 

  0x000001c43e45c198: ;   {other}
  0x000001c43e45c198: 41ff d20f | 1f84 0000 | 0000 00e9 | f3d9 ffff | ba45 ffff | ff48 8b6c | 2450 4c8b | 4424 484c 
  0x000001c43e45c1b8: 8944 2428 | 4c8b 4424 | 384c 8944 | 2430 4489 | 7424 3844 | 8954 2440 | 4489 5424 | 4444 8b94 
  0x000001c43e45c1d8: 2494 0000 | 0044 8954 | 2450 4489 | 5c24 5844 | 895c 245c 

  0x000001c43e45c1ec: ;   {runtime_call UncommonTrapBlob}
  0x000001c43e45c1ec: c5f8 77e8 

  0x000001c43e45c1f0: ; ImmutableOopMap {rbp=Oop [40]=Oop [56]=NarrowOop [80]=NarrowOop [144]=NarrowOop [148]=NarrowOop }
                      ;*if_icmple {reexecute=1 rethrow=0 return_oop=0}
                      ; - (reexecute) jdk.internal.util.Preconditions::checkFromToIndex@11 (line 348)
                      ; - java.lang.String::checkBoundsBeginEnd@6 (line 4865)
                      ; - java.lang.String::substring@8 (line 2834)
                      ; - java.net.URLClassLoader::defineClass@28 (line 489)
                      ; - java.net.URLClassLoader$1::run@43 (line 427)
  0x000001c43e45c1f0: 8c81 5cff 

  0x000001c43e45c1f4: ;   {other}
  0x000001c43e45c1f4: 0f1f 8400 | 645f 006e | ba45 ffff | ff48 8b6c | 2450 4c8b | 5424 484c | 8954 2420 | 4c8b 5424 
  0x000001c43e45c214: 384c 8954 | 2428 448b | 5c24 4044 | 895c 2430 | 4c8b 5424 | 584c 8954 | 2448 4889 | 4424 5844 
  0x000001c43e45c234: 8944 2460 

  0x000001c43e45c238: ;   {runtime_call UncommonTrapBlob}
  0x000001c43e45c238: c5f8 77e8 

  0x000001c43e45c23c: ; ImmutableOopMap {rbp=Oop [32]=Oop [48]=NarrowOop [72]=Oop [88]=Oop [144]=NarrowOop [148]=NarrowOop }
                      ;*ifgt {reexecute=1 rethrow=0 return_oop=0}
                      ; - (reexecute) java.util.zip.CRC32::updateBytesCheck@1 (line 147)
                      ; - java.util.zip.CRC32::updateBytes@3 (line 139)
                      ; - java.util.zip.CRC32::update@31 (line 79)
                      ; - java.util.zip.Checksum::update@5 (line 58)
                      ; - jdk.internal.loader.URLClassPath$JarLoader$2::getBytes@15 (line 864)
                      ; - java.net.URLClassLoader::defineClass@179 (line 519)
                      ; - java.net.URLClassLoader$1::run@43 (line 427)
  0x000001c43e45c23c: 4081 5cff 

  0x000001c43e45c240: ;   {other}
  0x000001c43e45c240: 0f1f 8400 | b05f 006f | 4d3b c3bd | ffff ffff | 7c08 400f | 95c5 400f | b6ed ba45 | ffff ff4c 
  0x000001c43e45c260: 8b5c 2450 | 4c89 5c24 | 204c 8b5c | 2448 4c89 | 5c24 284c | 8b5c 2438 | 4c89 5c24 | 3044 8b5c 
  0x000001c43e45c280: 2440 4489 | 5c24 384c | 8954 2450 | 4889 5c24 | 5866 6690 

  0x000001c43e45c294: ;   {runtime_call UncommonTrapBlob}
  0x000001c43e45c294: c5f8 77e8 

  0x000001c43e45c298: ; ImmutableOopMap {[32]=Oop [40]=Oop [56]=NarrowOop [80]=Oop [88]=Oop [144]=NarrowOop [148]=NarrowOop }
                      ;*ifeq {reexecute=1 rethrow=0 return_oop=0}
                      ; - (reexecute) jdk.internal.loader.URLClassPath$JarLoader$2::getBytes@30 (line 865)
                      ; - java.net.URLClassLoader::defineClass@179 (line 519)
                      ; - java.net.URLClassLoader$1::run@43 (line 427)
  0x000001c43e45c298: e480 5cff 

  0x000001c43e45c29c: ;   {other}
  0x000001c43e45c29c: 0f1f 8400 | 0c60 0070 | ba45 ffff | ff4c 8b54 | 2450 4c89 | 5424 204c | 895c 2428 | 4c8b 5424 
  0x000001c43e45c2bc: 384c 8954 | 2430 448b | 5424 4044 | 8954 2438 | 4c89 4c24 | 5066 6690 

  0x000001c43e45c2d4: ;   {runtime_call UncommonTrapBlob}
  0x000001c43e45c2d4: c5f8 77e8 

  0x000001c43e45c2d8: ; ImmutableOopMap {rbp=NarrowOop [32]=Oop [40]=Oop [56]=NarrowOop [80]=Oop [104]=Oop [144]=NarrowOop [148]=NarrowOop }
                      ;*ifnull {reexecute=1 rethrow=0 return_oop=0}
                      ; - (reexecute) java.util.jar.JarFile$JarFileEntry::getCodeSigners@34 (line 674)
                      ; - jdk.internal.loader.URLClassPath$JarLoader$2::getCodeSigners@4 (line 858)
                      ; - java.net.URLClassLoader::defineClass@185 (line 521)
                      ; - java.net.URLClassLoader$1::run@43 (line 427)
  0x000001c43e45c2d8: a480 5cff 

  0x000001c43e45c2dc: ;   {other}
  0x000001c43e45c2dc: 0f1f 8400 | 4c60 0071 | 498b f849 | 8bd7 c5f8 | 7749 baf0 | fc6f fdfa | 7f00 0041 

  0x000001c43e45c2f8: ;   {other}
  0x000001c43e45c2f8: ffd2 0f1f | 8400 0000 | 0000 4c8b | c7e9 9fbb | ffff ba76 | ffff ff4c | 8b54 2450 | 4c89 5424 
  0x000001c43e45c318: 204c 8b54 | 2448 4c89 | 5424 304c | 8b54 2458 | 4c89 5424 | 484c 8984 | 2480 0000 | 0066 6690 
  0x000001c43e45c338: ;   {runtime_call UncommonTrapBlob}
  0x000001c43e45c338: c5f8 77e8 

  0x000001c43e45c33c: ; ImmutableOopMap {[32]=Oop [48]=Oop [64]=NarrowOop [72]=Oop [96]=Oop [104]=Oop [128]=Oop [144]=NarrowOop [148]=NarrowOop [152]=NarrowOop [156]=NarrowOop }
                      ;*if_icmpge {reexecute=1 rethrow=0 return_oop=0}
                      ; - (reexecute) java.lang.StringLatin1::replace@82 (line 308)
                      ; - java.lang.String::replace@18 (line 2933)
                      ; - java.net.URLClassLoader::isSealed@9 (line 601)
                      ; - java.net.URLClassLoader::getAndVerifyPackage@68 (line 469)
                      ; - java.net.URLClassLoader::defineClass@46 (line 492)
                      ; - java.net.URLClassLoader$1::run@43 (line 427)
  0x000001c43e45c33c: 4080 5cff 

  0x000001c43e45c340: ;   {other}
  0x000001c43e45c340: 0f1f 8400 | b060 0072 | 418b ca44 | 8bd5 eb06 | 418b ca44 | 8bd5 ba45 | ffff ff48 | 8b6c 2450 
  0x000001c43e45c360: 4c8b 4424 | 484c 8944 | 2428 4c8b | 4424 384c | 8944 2430 | 4c89 5c24 | 504c 894c | 2458 4489 
  0x000001c43e45c380: 7424 3c4c | 895c 2460 | 4489 9424 | 8000 0000 | 898c 2484 | 0000 0090 

  0x000001c43e45c398: ;   {runtime_call UncommonTrapBlob}
  0x000001c43e45c398: c5f8 77e8 

  0x000001c43e45c39c: ; ImmutableOopMap {rbp=Oop [40]=Oop [60]=NarrowOop [80]=Oop [88]=Oop [96]=Oop [128]=NarrowOop [144]=NarrowOop [148]=NarrowOop }
                      ;*ifeq {reexecute=1 rethrow=0 return_oop=0}
                      ; - (reexecute) java.util.concurrent.ConcurrentHashMap::get@76 (line 940)
                      ; - java.lang.ClassLoader::getDefinedPackage@13 (line 2263)
                      ; - java.net.URLClassLoader::getAndVerifyPackage@2 (line 457)
                      ; - java.net.URLClassLoader::defineClass@46 (line 492)
                      ; - java.net.URLClassLoader$1::run@43 (line 427)
  0x000001c43e45c39c: e07f 5cff 

  0x000001c43e45c3a0: ;   {other}
  0x000001c43e45c3a0: 0f1f 8400 | 1061 0073 | 33ed 85c9 | 400f 95c5 | ba45 ffff | ff4c 8b44 | 2450 4c89 | 4424 204c 
  0x000001c43e45c3c0: 8b44 2448 | 4c89 4424 | 304c 895c | 2458 4c89 | 4c24 6044 | 8974 2444 | 4c89 5424 | 6866 6690 
  0x000001c43e45c3e0: ;   {runtime_call UncommonTrapBlob}
  0x000001c43e45c3e0: c5f8 77e8 

  0x000001c43e45c3e4: ; ImmutableOopMap {[32]=Oop [48]=Oop [68]=NarrowOop [88]=Oop [96]=Oop [104]=Oop [144]=NarrowOop [148]=NarrowOop }
                      ;*ifne {reexecute=1 rethrow=0 return_oop=0}
                      ; - (reexecute) java.lang.Package::isSealed@7 (line 235)
                      ; - java.net.URLClassLoader::getAndVerifyPackage@14 (line 460)
                      ; - java.net.URLClassLoader::defineClass@46 (line 492)
                      ; - java.net.URLClassLoader$1::run@43 (line 427)
  0x000001c43e45c3e4: 987f 5cff 

  0x000001c43e45c3e8: ;   {other}
  0x000001c43e45c3e8: 0f1f 8400 | 5861 0074 | 33ed 85c9 | 400f 94c5 | ba45 ffff | ff48 8b4c | 2450 4889 | 4c24 2048 
  0x000001c43e45c408: 8b4c 2448 | 4889 4c24 | 3044 8974 | 2440 4c89 | 5c24 584c | 8954 2460 | 4c89 4c24 | 684c 894c 
  0x000001c43e45c428: 2470 4c89 | 5c24 7844 | 8984 2484 | 0000 0090 

  0x000001c43e45c438: ;   {runtime_call UncommonTrapBlob}
  0x000001c43e45c438: c5f8 77e8 

  0x000001c43e45c43c: ; ImmutableOopMap {[32]=Oop [48]=Oop [64]=NarrowOop [88]=Oop [96]=Oop [104]=Oop [112]=Oop [120]=Oop [132]=NarrowOop [144]=NarrowOop [148]=NarrowOop }
                      ;*ifeq {reexecute=1 rethrow=0 return_oop=0}
                      ; - (reexecute) java.lang.String::replace@9 (line 2933)
                      ; - java.net.URLClassLoader::isSealed@9 (line 601)
                      ; - java.net.URLClassLoader::getAndVerifyPackage@68 (line 469)
                      ; - java.net.URLClassLoader::defineClass@46 (line 492)
                      ; - java.net.URLClassLoader$1::run@43 (line 427)
  0x000001c43e45c43c: 407f 5cff 

  0x000001c43e45c440: ;   {other}
  0x000001c43e45c440: 0f1f 8400 | b061 0075 | ba45 ffff | ff48 8b6c | 2450 488b | 4c24 4848 | 894c 2428 | 488b 4c24 
  0x000001c43e45c460: 3848 894c | 2430 4489 | 7424 384c | 895c 2450 | 4c89 5424 | 584c 894c | 2460 4c89 | 4c24 6844 
  0x000001c43e45c480: 8944 2474 | 4889 7424 | 7889 8424 | 8000 0000 

  0x000001c43e45c490: ;   {runtime_call UncommonTrapBlob}
  0x000001c43e45c490: c5f8 77e8 

  0x000001c43e45c494: ; ImmutableOopMap {rbp=Oop [40]=Oop [56]=NarrowOop [80]=Oop [88]=Oop [96]=Oop [104]=Oop [116]=NarrowOop [120]=Oop [144]=NarrowOop [148]=NarrowOop }
                      ;*iflt {reexecute=1 rethrow=0 return_oop=0}
                      ; - (reexecute) java.lang.StringConcatHelper::checkOverflow@2 (line 65)
                      ; - java.lang.StringConcatHelper::mix@23 (line 127)
                      ; - java.lang.StringConcatHelper::simpleConcat@46 (line 433)
                      ; - java.lang.String::concat@11 (line 2899)
                      ; - java.net.URLClassLoader::isSealed@15 (line 601)
                      ; - java.net.URLClassLoader::getAndVerifyPackage@68 (line 469)
                      ; - java.net.URLClassLoader::defineClass@46 (line 492)
                      ; - java.net.URLClassLoader$1::run@43 (line 427)
  0x000001c43e45c494: e87e 5cff 

  0x000001c43e45c498: ;   {other}
  0x000001c43e45c498: 0f1f 8400 | 0862 0076 | ba45 ffff | ff4c 8b54 | 2450 4c89 | 5424 204c | 8b54 2448 | 4c89 5424 
  0x000001c43e45c4b8: 3066 6690 

  0x000001c43e45c4bc: ;   {runtime_call UncommonTrapBlob}
  0x000001c43e45c4bc: c5f8 77e8 

  0x000001c43e45c4c0: ; ImmutableOopMap {[32]=Oop [48]=Oop [64]=NarrowOop [88]=Oop [96]=Oop [104]=Oop [120]=NarrowOop [136]=Oop [144]=NarrowOop [148]=NarrowOop }
                      ;*iflt {reexecute=1 rethrow=0 return_oop=0}
                      ; - (reexecute) java.lang.StringConcatHelper::checkOverflow@2 (line 65)
                      ; - java.lang.StringConcatHelper::mix@23 (line 127)
                      ; - java.lang.StringConcatHelper::simpleConcat@54 (line 434)
                      ; - java.lang.String::concat@11 (line 2899)
                      ; - java.net.URLClassLoader::isSealed@15 (line 601)
                      ; - java.net.URLClassLoader::getAndVerifyPackage@68 (line 469)
                      ; - java.net.URLClassLoader::defineClass@46 (line 492)
                      ; - java.net.URLClassLoader$1::run@43 (line 427)
  0x000001c43e45c4c0: bc7e 5cff 

  0x000001c43e45c4c4: ;   {other}
  0x000001c43e45c4c4: 0f1f 8400 | 3462 0077 | ba45 ffff | ff48 8b6c | 2450 4c8b | 5424 484c | 8954 2428 | 4c8b 5424 
  0x000001c43e45c4e4: 384c 8954 | 2430 448b | 5c24 4044 | 895c 2438 | 4c8b 5424 | 584c 8954 | 2440 4c8b | 5424 684c 
  0x000001c43e45c504: 8954 2448 | 4c8b 5424 | 604c 8954 | 2458 448b | 9424 9000 | 0000 4489 | 5424 3c44 | 8b5c 2478 
  0x000001c43e45c524: 4489 5c24 | 744c 8b94 | 2488 0000 | 004c 8994 | 2480 0000 | 004c 8984 | 2488 0000 | 0066 6690 
  0x000001c43e45c544: ;   {runtime_call UncommonTrapBlob}
  0x000001c43e45c544: c5f8 77e8 

  0x000001c43e45c548: ; ImmutableOopMap {rbp=Oop [40]=Oop [56]=NarrowOop [60]=NarrowOop [64]=Oop [72]=Oop [88]=Oop [116]=NarrowOop [128]=Oop [136]=Oop [148]=NarrowOop }
                      ;*if_icmpne {reexecute=1 rethrow=0 return_oop=0}
                      ; - (reexecute) java.lang.String::getBytes@5 (line 4725)
                      ; - java.lang.StringConcatHelper::prepend@21 (line 324)
                      ; - java.lang.StringConcatHelper::simpleConcat@81 (line 439)
                      ; - java.lang.String::concat@11 (line 2899)
                      ; - java.net.URLClassLoader::isSealed@15 (line 601)
                      ; - java.net.URLClassLoader::getAndVerifyPackage@68 (line 469)
                      ; - java.net.URLClassLoader::defineClass@46 (line 492)
                      ; - java.net.URLClassLoader$1::run@43 (line 427)
  0x000001c43e45c548: 347e 5cff 

  0x000001c43e45c54c: ;   {other}
  0x000001c43e45c54c: 0f1f 8400 | bc62 0078 | ba45 ffff | ff48 8b6c | 2450 4c8b | 4424 484c | 8944 2428 | 4c8b 4424 
  0x000001c43e45c56c: 384c 8944 | 2430 4c89 | 5c24 504c | 894c 2458 | 4489 7424 | 3c4c 895c | 2460 4489 | 5424 7889 
  0x000001c43e45c58c: 4c24 7c90 

  0x000001c43e45c590: ;   {runtime_call UncommonTrapBlob}
  0x000001c43e45c590: c5f8 77e8 

  0x000001c43e45c594: ; ImmutableOopMap {rbp=Oop [40]=Oop [60]=NarrowOop [80]=Oop [88]=Oop [96]=Oop [120]=NarrowOop [144]=NarrowOop [148]=NarrowOop }
                      ;*ifle {reexecute=1 rethrow=0 return_oop=0}
                      ; - (reexecute) java.util.concurrent.ConcurrentHashMap::get@23 (line 937)
                      ; - java.lang.ClassLoader::definePackage@47 (line 2125)
                      ; - java.lang.ClassLoader::getDefinedPackage@32 (line 2267)
                      ; - java.net.URLClassLoader::getAndVerifyPackage@2 (line 457)
                      ; - java.net.URLClassLoader::defineClass@46 (line 492)
                      ; - java.net.URLClassLoader$1::run@43 (line 427)
  0x000001c43e45c594: e87d 5cff 

  0x000001c43e45c598: ;   {other}
  0x000001c43e45c598: 0f1f 8400 | 0863 0079 | ba45 ffff | ff4c 8b44 | 2450 4c89 | 4424 204c | 8b44 2448 | 4c89 4424 
  0x000001c43e45c5b8: 304c 895c | 2458 4c89 | 4c24 6044 | 8974 2444 | 4c89 5424 | 6866 6690 

  0x000001c43e45c5d0: ;   {runtime_call UncommonTrapBlob}
  0x000001c43e45c5d0: c5f8 77e8 

  0x000001c43e45c5d4: ; ImmutableOopMap {rbp=NarrowOop [32]=Oop [48]=Oop [68]=NarrowOop [88]=Oop [96]=Oop [104]=Oop [144]=NarrowOop [148]=NarrowOop }
                      ;*ifnull {reexecute=1 rethrow=0 return_oop=0}
                      ; - (reexecute) java.lang.Package::isSealed@17 (line 235)
                      ; - java.net.URLClassLoader::getAndVerifyPackage@14 (line 460)
                      ; - java.net.URLClassLoader::defineClass@46 (line 492)
                      ; - java.net.URLClassLoader$1::run@43 (line 427)
  0x000001c43e45c5d4: a87d 5cff 

  0x000001c43e45c5d8: ;   {other}
  0x000001c43e45c5d8: 0f1f 8400 | 4863 007a | ba76 ffff | ff4c 8b54 | 2450 4c89 | 5424 204c | 8b54 2448 | 4c89 5424 
  0x000001c43e45c5f8: 304c 8b54 | 2458 4c89 | 5424 4844 | 8b9c 248c | 0000 0044 | 895c 2444 | 4c89 8424 | 8000 0000 
  0x000001c43e45c618: 448b 9424 | 9000 0000 | 4489 9424 | 8c00 0000 | 448b 9c24 | 9400 0000 | 4489 9c24 | 9000 0000 
  0x000001c43e45c638: 448b 9424 | 9800 0000 | 4489 9424 | 9400 0000 

  0x000001c43e45c648: ;   {runtime_call UncommonTrapBlob}
  0x000001c43e45c648: c5f8 77e8 

  0x000001c43e45c64c: ; ImmutableOopMap {[32]=Oop [48]=Oop [64]=NarrowOop [72]=Oop [96]=Oop [104]=Oop [128]=Oop [140]=NarrowOop [144]=NarrowOop [148]=NarrowOop [156]=NarrowOop }
                      ;*if_icmpge {reexecute=1 rethrow=0 return_oop=0}
                      ; - (reexecute) java.lang.StringLatin1::replace@61 (line 305)
                      ; - java.lang.String::replace@18 (line 2933)
                      ; - java.net.URLClassLoader::isSealed@9 (line 601)
                      ; - java.net.URLClassLoader::getAndVerifyPackage@68 (line 469)
                      ; - java.net.URLClassLoader::defineClass@46 (line 492)
                      ; - java.net.URLClassLoader$1::run@43 (line 427)
  0x000001c43e45c64c: 307d 5cff 

  0x000001c43e45c650: ;   {other}
  0x000001c43e45c650: 0f1f 8400 | c063 007b | b901 0000 | 00e9 9cc5 | ffff ba45 | ffff ff48 | 8b4c 2450 | 4889 4c24 
  0x000001c43e45c670: 2048 8b4c | 2448 4889 | 4c24 3044 | 8974 2440 | 4c89 5c24 | 584c 8954 | 2460 4c89 | 4c24 684c 
  0x000001c43e45c690: 894c 2470 | 4489 4424 | 7c48 89b4 | 2480 0000 | 004c 89ac | 2488 0000 | 0066 6690 

  0x000001c43e45c6ac: ;   {runtime_call UncommonTrapBlob}
  0x000001c43e45c6ac: c5f8 77e8 

  0x000001c43e45c6b0: ; ImmutableOopMap {[32]=Oop [48]=Oop [64]=NarrowOop [88]=Oop [96]=Oop [104]=Oop [112]=Oop [124]=NarrowOop [128]=Oop [144]=NarrowOop [148]=NarrowOop }
                      ;*if_icmpne {reexecute=1 rethrow=0 return_oop=0}
                      ; - (reexecute) java.lang.StringConcatHelper::mix@13 (line 124)
                      ; - java.lang.StringConcatHelper::simpleConcat@46 (line 433)
                      ; - java.lang.String::concat@11 (line 2899)
                      ; - java.net.URLClassLoader::isSealed@15 (line 601)
                      ; - java.net.URLClassLoader::getAndVerifyPackage@68 (line 469)
                      ; - java.net.URLClassLoader::defineClass@46 (line 492)
                      ; - java.net.URLClassLoader$1::run@43 (line 427)
  0x000001c43e45c6b0: cc7c 5cff 

  0x000001c43e45c6b4: ;   {other}
  0x000001c43e45c6b4: 0f1f 8400 | 2464 007c | ba45 ffff | ff48 8b6c | 2450 4c8b | 5424 484c | 8954 2428 | 4c8b 5424 
  0x000001c43e45c6d4: 384c 8954 | 2430 4489 | 7424 384c | 8b54 2458 | 4c89 5424 | 404c 8b54 | 2468 4c89 | 5424 484c 
  0x000001c43e45c6f4: 8b54 2460 | 4c89 5424 | 5844 8944 | 2474 4889 | 7424 784c | 898c 2480 | 0000 0090 

  0x000001c43e45c710: ;   {runtime_call UncommonTrapBlob}
  0x000001c43e45c710: c5f8 77e8 

  0x000001c43e45c714: ; ImmutableOopMap {rbp=Oop [40]=Oop [56]=NarrowOop [64]=Oop [72]=Oop [88]=Oop [116]=NarrowOop [120]=Oop [144]=NarrowOop [148]=NarrowOop }
                      ;*ifge {reexecute=1 rethrow=0 return_oop=0}
                      ; - (reexecute) java.lang.StringConcatHelper::newArray@13 (line 508)
                      ; - java.lang.StringConcatHelper::simpleConcat@61 (line 435)
                      ; - java.lang.String::concat@11 (line 2899)
                      ; - java.net.URLClassLoader::isSealed@15 (line 601)
                      ; - java.net.URLClassLoader::getAndVerifyPackage@68 (line 469)
                      ; - java.net.URLClassLoader::defineClass@46 (line 492)
                      ; - java.net.URLClassLoader$1::run@43 (line 427)
  0x000001c43e45c714: 687c 5cff 

  0x000001c43e45c718: ;   {other}
  0x000001c43e45c718: 0f1f 8400 | 8864 007d | baf6 ffff | ff48 8b6c | 2450 4c8b | 5424 484c | 8954 2428 | 4c8b 5424 
  0x000001c43e45c738: 384c 8954 | 2430 4489 | 7424 384c | 894c 2448 | 4c89 5c24 | 5048 894c | 2460 6690 

  0x000001c43e45c754: ;   {runtime_call UncommonTrapBlob}
  0x000001c43e45c754: c5f8 77e8 

  0x000001c43e45c758: ; ImmutableOopMap {rbp=Oop [40]=Oop [56]=NarrowOop [72]=Oop [80]=Oop [96]=Oop [144]=NarrowOop [148]=NarrowOop }
                      ;*invokevirtual compute {reexecute=0 rethrow=0 return_oop=0}
                      ; - java.lang.ClassLoader::definePackage@78 (line 2129)
                      ; - java.lang.ClassLoader::getDefinedPackage@32 (line 2267)
                      ; - java.net.URLClassLoader::getAndVerifyPackage@2 (line 457)
                      ; - java.net.URLClassLoader::defineClass@46 (line 492)
                      ; - java.net.URLClassLoader$1::run@43 (line 427)
  0x000001c43e45c758: 247c 5cff 

  0x000001c43e45c75c: ;   {other}
  0x000001c43e45c75c: 0f1f 8400 | cc64 007e | ba45 ffff | ff48 8b6c | 2450 4c8b | 4424 484c | 8944 2428 | 4c8b 4424 
  0x000001c43e45c77c: 384c 8944 | 2430 4489 | 7424 384c | 895c 2450 | 4c89 5424 | 584c 894c | 2460 4c89 | 4c24 6848 
  0x000001c43e45c79c: 894c 2478 | 8944 2474 

  0x000001c43e45c7a4: ;   {runtime_call UncommonTrapBlob}
  0x000001c43e45c7a4: c5f8 77e8 

  0x000001c43e45c7a8: ; ImmutableOopMap {rbp=Oop [40]=Oop [56]=NarrowOop [80]=Oop [88]=Oop [96]=Oop [104]=Oop [120]=Oop [144]=NarrowOop [148]=NarrowOop }
                      ;*ifle {reexecute=1 rethrow=0 return_oop=0}
                      ; - (reexecute) java.util.HashMap::getNode@14 (line 575)
                      ; - java.util.HashMap::get@2 (line 564)
                      ; - java.util.jar.Manifest::getAttributes@5 (line 160)
                      ; - java.util.jar.Manifest::getTrustedAttributes@2 (line 177)
                      ; - java.util.jar.JavaUtilJarAccessImpl::getTrustedAttributes@2 (line 38)
                      ; - java.net.URLClassLoader::isSealed@18 (line 601)
                      ; - java.net.URLClassLoader::getAndVerifyPackage@68 (line 469)
                      ; - java.net.URLClassLoader::defineClass@46 (line 492)
                      ; - java.net.URLClassLoader$1::run@43 (line 427)
  0x000001c43e45c7a8: d47b 5cff 

  0x000001c43e45c7ac: ;   {other}
  0x000001c43e45c7ac: 0f1f 8400 | 1c65 007f | ba45 ffff | ff4c 8b44 | 2450 4c89 | 4424 204c | 8b44 2448 | 4c89 4424 
  0x000001c43e45c7cc: 3044 8974 | 2440 4c89 | 4c24 504c | 895c 2458 | 4c89 5424 | 6048 897c | 2470 6690 

  0x000001c43e45c7e8: ;   {runtime_call UncommonTrapBlob}
  0x000001c43e45c7e8: c5f8 77e8 

  0x000001c43e45c7ec: ; ImmutableOopMap {[32]=Oop [48]=Oop [64]=NarrowOop [80]=Oop [88]=Oop [96]=Oop [112]=Oop [144]=NarrowOop [148]=NarrowOop }
                      ;*ifle {reexecute=1 rethrow=0 return_oop=0}
                      ; - (reexecute) java.util.HashMap::getNode@14 (line 575)
                      ; - java.util.LinkedHashMap::get@2 (line 536)
                      ; - java.util.jar.Attributes::get@5 (line 106)
                      ; - java.util.jar.Attributes::getValue@2 (line 142)
                      ; - java.net.URLClassLoader::isSealed@58 (line 608)
                      ; - java.net.URLClassLoader::getAndVerifyPackage@68 (line 469)
                      ; - java.net.URLClassLoader::defineClass@46 (line 492)
                      ; - java.net.URLClassLoader$1::run@43 (line 427)
  0x000001c43e45c7ec: 907b 5cff 

  0x000001c43e45c7f0: ;   {other}
  0x000001c43e45c7f0: 0f1f 8400 | 6065 0080 | 448b 7424 | 404c 8b5c | 2460 4c8b | 4c24 68ba | 45ff ffff | 488b 6c24 
  0x000001c43e45c810: 504c 8b54 | 2448 4c89 | 5424 284c | 8b54 2438 | 4c89 5424 | 3044 8974 | 2438 4c89 | 4c24 484c 
  0x000001c43e45c830: 895c 2450 

  0x000001c43e45c834: ;   {runtime_call UncommonTrapBlob}
  0x000001c43e45c834: c5f8 77e8 

  0x000001c43e45c838: ; ImmutableOopMap {rbp=Oop [40]=Oop [56]=NarrowOop [72]=Oop [80]=Oop [144]=NarrowOop [148]=NarrowOop }
                      ;*ifeq {reexecute=1 rethrow=0 return_oop=0}
                      ; - (reexecute) java.net.URLClassLoader::getAndVerifyPackage@71 (line 469)
                      ; - java.net.URLClassLoader::defineClass@46 (line 492)
                      ; - java.net.URLClassLoader$1::run@43 (line 427)
  0x000001c43e45c838: 447b 5cff 

  0x000001c43e45c83c: ;   {other}
  0x000001c43e45c83c: 0f1f 8400 | ac65 0081 | ba3f 0000 | 0048 8b6c | 2450 4c8b | 5424 484c | 8954 2428 | 4c8b 5424 
  0x000001c43e45c85c: 384c 8954 | 2430 448b | 5424 4044 | 8954 2438 | 4c8b 5424 | 584c 8954 | 2440 4c8b | 5424 684c 
  0x000001c43e45c87c: 8954 2458 

  0x000001c43e45c880: ;   {runtime_call UncommonTrapBlob}
  0x000001c43e45c880: c5f8 77e8 

  0x000001c43e45c884: ; ImmutableOopMap {rbp=Oop [40]=Oop [56]=NarrowOop [64]=Oop [88]=Oop [96]=Oop [112]=Oop [144]=NarrowOop [148]=NarrowOop }
                      ;*new {reexecute=0 rethrow=0 return_oop=0}
                      ; - java.util.jar.Manifest::getTrustedAttributes@28 (line 179)
                      ; - java.util.jar.JavaUtilJarAccessImpl::getTrustedAttributes@2 (line 38)
                      ; - java.net.URLClassLoader::isSealed@18 (line 601)
                      ; - java.net.URLClassLoader::getAndVerifyPackage@68 (line 469)
                      ; - java.net.URLClassLoader::defineClass@46 (line 492)
                      ; - java.net.URLClassLoader$1::run@43 (line 427)
  0x000001c43e45c884: f87a 5cff 

  0x000001c43e45c888: ;   {other}
  0x000001c43e45c888: 0f1f 8400 | f865 0082 | c4c1 797e | d6c4 c1f9 | 7ee3 c4c1 | f97e e9c4 | c179 7ef2 | c441 797e 
  0x000001c43e45c8a8: c0c5 f97e | ffeb 19c4 | c179 7ed6 | c4c1 f97e | e3c4 c1f9 | 7ee9 c4c1 | 797e f2c4 | 4179 7ec0 
  0x000001c43e45c8c8: ba45 ffff | ff48 8b6c | 2450 488b | 4c24 4848 | 894c 2428 | 488b 4c24 | 3848 894c | 2430 4c89 
  0x000001c43e45c8e8: 5c24 504c | 894c 2458 | 4489 7424 | 3c4c 895c | 2460 4489 | 9424 8000 | 0000 89bc | 2484 0000 
  0x000001c43e45c908: 0044 8984 | 2488 0000 | 0066 6690 

  0x000001c43e45c914: ;   {runtime_call UncommonTrapBlob}
  0x000001c43e45c914: c5f8 77e8 

  0x000001c43e45c918: ; ImmutableOopMap {rbp=Oop [40]=Oop [60]=NarrowOop [80]=Oop [88]=Oop [96]=Oop [128]=NarrowOop [132]=NarrowOop [144]=NarrowOop [148]=NarrowOop }
                      ;*ifeq {reexecute=1 rethrow=0 return_oop=0}
                      ; - (reexecute) java.util.concurrent.ConcurrentHashMap::get@76 (line 940)
                      ; - java.lang.ClassLoader::definePackage@47 (line 2125)
                      ; - java.lang.ClassLoader::getDefinedPackage@32 (line 2267)
                      ; - java.net.URLClassLoader::getAndVerifyPackage@2 (line 457)
                      ; - java.net.URLClassLoader::defineClass@46 (line 492)
                      ; - java.net.URLClassLoader$1::run@43 (line 427)
  0x000001c43e45c918: 647a 5cff 

  0x000001c43e45c91c: ;   {other}
  0x000001c43e45c91c: 0f1f 8400 | 8c66 0083 | ba45 ffff | ff4c 8b44 | 2450 4c89 | 4424 204c | 8b44 2448 | 4c89 4424 
  0x000001c43e45c93c: 304c 895c | 2458 4c89 | 4c24 6044 | 8974 2444 | 4c89 5c24 | 6844 8b84 | 2490 0000 | 0044 8984 
  0x000001c43e45c95c: 2480 0000 | 0044 8984 | 2484 0000 | 0044 8994 | 2488 0000 | 0089 8c24 | 8c00 0000 | 899c 2490 
  0x000001c43e45c97c: 0000 0090 

  0x000001c43e45c980: ;   {runtime_call UncommonTrapBlob}
  0x000001c43e45c980: c5f8 77e8 

  0x000001c43e45c984: ; ImmutableOopMap {[32]=Oop [48]=Oop [68]=NarrowOop [88]=Oop [96]=Oop [104]=Oop [128]=NarrowOop [132]=NarrowOop [136]=NarrowOop [148]=NarrowOop }
                      ;*if_icmpne {reexecute=1 rethrow=0 return_oop=0}
                      ; - (reexecute) java.lang.String::equals@33 (line 1861)
                      ; - java.util.concurrent.ConcurrentHashMap::get@73 (line 940)
                      ; - java.lang.ClassLoader::getDefinedPackage@13 (line 2263)
                      ; - java.net.URLClassLoader::getAndVerifyPackage@2 (line 457)
                      ; - java.net.URLClassLoader::defineClass@46 (line 492)
                      ; - java.net.URLClassLoader$1::run@43 (line 427)
  0x000001c43e45c984: f879 5cff 

  0x000001c43e45c988: ;   {other}
  0x000001c43e45c988: 0f1f 8400 | f866 0084 | ba45 ffff | ff48 8b6c | 2450 4c8b | 5424 484c | 8954 2428 | 4c8b 5424 
  0x000001c43e45c9a8: 384c 8954 | 2430 448b | 5424 4044 | 8954 2438 | 4c8b 5424 | 584c 8954 | 2440 4c8b | 5424 604c 
  0x000001c43e45c9c8: 8954 2448 | 4c8b 5424 | 684c 8954 | 2458 4889 | 4424 7090 

  0x000001c43e45c9dc: ;   {runtime_call UncommonTrapBlob}
  0x000001c43e45c9dc: c5f8 77e8 

  0x000001c43e45c9e0: ; ImmutableOopMap {rbp=Oop [40]=Oop [56]=NarrowOop [64]=Oop [72]=Oop [88]=Oop [112]=Oop [144]=NarrowOop [148]=NarrowOop }
                      ;*ifnonnull {reexecute=1 rethrow=0 return_oop=0}
                      ; - (reexecute) java.net.URLClassLoader::isSealed@42 (line 606)
                      ; - java.net.URLClassLoader::getAndVerifyPackage@68 (line 469)
                      ; - java.net.URLClassLoader::defineClass@46 (line 492)
                      ; - java.net.URLClassLoader$1::run@43 (line 427)
  0x000001c43e45c9e0: 9c79 5cff 

  0x000001c43e45c9e4: ;   {other}
  0x000001c43e45c9e4: 0f1f 8400 | 5467 0085 | ba45 ffff | ff4c 8b44 | 2450 4c89 | 4424 204c | 8b44 2448 | 4c89 4424 
  0x000001c43e45ca04: 3044 8974 | 2440 4c89 | 4c24 504c | 895c 2458 | 4c89 5424 | 6048 897c | 2470 4889 | 5c24 7890 
  0x000001c43e45ca24: ;   {runtime_call UncommonTrapBlob}
  0x000001c43e45ca24: c5f8 77e8 

  0x000001c43e45ca28: ; ImmutableOopMap {[32]=Oop [48]=Oop [64]=NarrowOop [80]=Oop [88]=Oop [96]=Oop [112]=Oop [120]=Oop [144]=NarrowOop [148]=NarrowOop }
                      ;*ifeq {reexecute=1 rethrow=0 return_oop=0}
                      ; - (reexecute) java.util.LinkedHashMap::get@16 (line 538)
                      ; - java.util.jar.Attributes::get@5 (line 106)
                      ; - java.util.jar.Attributes::getValue@2 (line 142)
                      ; - java.net.URLClassLoader::isSealed@58 (line 608)
                      ; - java.net.URLClassLoader::getAndVerifyPackage@68 (line 469)
                      ; - java.net.URLClassLoader::defineClass@46 (line 492)
                      ; - java.net.URLClassLoader$1::run@43 (line 427)
  0x000001c43e45ca28: 5479 5cff 

  0x000001c43e45ca2c: ;   {other}
  0x000001c43e45ca2c: 0f1f 8400 | 9c67 0086 | 33ed 85c0 | 400f 94c5 | ba45 ffff | ff4c 8b44 | 2450 4c89 | 4424 204c 
  0x000001c43e45ca4c: 8b44 2448 | 4c89 4424 | 304c 894c | 2460 4489 | 7424 4444 | 8b9c 2490 | 0000 0044 | 899c 2488 
  0x000001c43e45ca6c: 0000 0044 | 899c 248c | 0000 0044 | 8994 2490 | 0000 0090 

  0x000001c43e45ca80: ;   {runtime_call UncommonTrapBlob}
  0x000001c43e45ca80: c5f8 77e8 

  0x000001c43e45ca84: ; ImmutableOopMap {[32]=Oop [48]=Oop [68]=NarrowOop [96]=Oop [136]=NarrowOop [140]=NarrowOop [144]=NarrowOop [148]=NarrowOop [192]=Oop }
                      ;*ifeq {reexecute=1 rethrow=0 return_oop=0}
                      ; - (reexecute) java.lang.String::hashCode@20 (line 2369)
                      ; - java.util.concurrent.ConcurrentHashMap::get@1 (line 936)
                      ; - java.lang.ClassLoader::getDefinedPackage@13 (line 2263)
                      ; - java.net.URLClassLoader::getAndVerifyPackage@2 (line 457)
                      ; - java.net.URLClassLoader::defineClass@46 (line 492)
                      ; - java.net.URLClassLoader$1::run@43 (line 427)
  0x000001c43e45ca84: f878 5cff 

  0x000001c43e45ca88: ;   {other}
  0x000001c43e45ca88: 0f1f 8400 | f867 0087 

  0x000001c43e45ca90: ;   {metadata('java/io/ByteArrayInputStream')}
  0x000001c43e45ca90: 48ba b83c | 054d c401 | 0000 6690 

  0x000001c43e45ca9c: ;   {runtime_call _new_instance_Java}
  0x000001c43e45ca9c: c5f8 77e8 

  0x000001c43e45caa0: ; ImmutableOopMap {[32]=Oop [40]=NarrowOop [52]=NarrowOop [64]=NarrowOop [72]=Oop [80]=Oop [88]=Oop [96]=Oop [104]=Oop [112]=Oop [120]=Oop [128]=Oop [136]=Oop [144]=NarrowOop [148]=NarrowOop [192]=Oop }
                      ;*new {reexecute=0 rethrow=0 return_oop=1}
                      ; - java.util.jar.JarFile::getManifestFromReference@109 (line 429)
                      ; - java.util.jar.JarFile::getManifest@1 (line 405)
                      ; - jdk.internal.loader.URLClassPath$JarLoader$2::getManifest@22 (line 853)
                      ; - java.net.URLClassLoader::defineClass@34 (line 491)
                      ; - java.net.URLClassLoader$1::run@43 (line 427)
  0x000001c43e45caa0: dcbe 68ff 

  0x000001c43e45caa4: ;   {other}
  0x000001c43e45caa4: 0f1f 8400 | 1468 0088 | e9fa d1ff 

  0x000001c43e45cab0: ;   {metadata('java/util/jar/Manifest')}
  0x000001c43e45cab0: ff48 bab8 | fa04 4dc4 | 0100 0090 

  0x000001c43e45cabc: ;   {runtime_call _new_instance_Java}
  0x000001c43e45cabc: c5f8 77e8 

  0x000001c43e45cac0: ; ImmutableOopMap {[32]=Oop [40]=NarrowOop [64]=NarrowOop [72]=Oop [80]=Oop [88]=Oop [96]=Oop [112]=Oop [128]=Oop [136]=Oop [144]=NarrowOop [148]=NarrowOop [192]=Oop }
                      ;*new {reexecute=0 rethrow=0 return_oop=1}
                      ; - java.util.jar.JarFile::getManifestFromReference@101 (line 429)
                      ; - java.util.jar.JarFile::getManifest@1 (line 405)
                      ; - jdk.internal.loader.URLClassPath$JarLoader$2::getManifest@22 (line 853)
                      ; - java.net.URLClassLoader::defineClass@34 (line 491)
                      ; - java.net.URLClassLoader$1::run@43 (line 427)
  0x000001c43e45cac0: bcbe 68ff 

  0x000001c43e45cac4: ;   {other}
  0x000001c43e45cac4: 0f1f 8400 | 3468 0089 | e96f d1ff 

  0x000001c43e45cad0: ;   {metadata('java/util/jar/Attributes')}
  0x000001c43e45cad0: ff48 ba88 | d216 4dc4 | 0100 0090 

  0x000001c43e45cadc: ;   {runtime_call _new_instance_Java}
  0x000001c43e45cadc: c5f8 77e8 

  0x000001c43e45cae0: ; ImmutableOopMap {[32]=Oop [40]=NarrowOop [52]=NarrowOop [64]=NarrowOop [72]=Oop [80]=Oop [88]=Oop [96]=Oop [104]=Oop [120]=Oop [128]=Oop [136]=Oop [144]=NarrowOop [148]=NarrowOop [152]=Oop [192]=Oop }
                      ;*new {reexecute=0 rethrow=0 return_oop=1}
                      ; - java.util.jar.Manifest::<init>@5 (line 55)
                      ; - java.util.jar.JarFile::getManifestFromReference@121 (line 429)
                      ; - java.util.jar.JarFile::getManifest@1 (line 405)
                      ; - jdk.internal.loader.URLClassPath$JarLoader$2::getManifest@22 (line 853)
                      ; - java.net.URLClassLoader::defineClass@34 (line 491)
                      ; - java.net.URLClassLoader$1::run@43 (line 427)
  0x000001c43e45cae0: 9cbe 68ff 

  0x000001c43e45cae4: ;   {other}
  0x000001c43e45cae4: 0f1f 8400 | 5468 008a | e92d d2ff 

  0x000001c43e45caf0: ;   {metadata('java/util/HashMap')}
  0x000001c43e45caf0: ff48 ba80 | c208 4dc4 | 0100 0090 

  0x000001c43e45cafc: ;   {runtime_call _new_instance_Java}
  0x000001c43e45cafc: c5f8 77e8 

  0x000001c43e45cb00: ; ImmutableOopMap {[32]=Oop [40]=NarrowOop [52]=NarrowOop [64]=NarrowOop [72]=Oop [80]=Oop [88]=Oop [96]=Oop [104]=Oop [112]=Oop [120]=Oop [128]=Oop [136]=Oop [144]=NarrowOop [148]=NarrowOop [152]=Oop [192]=Oop }
                      ;*new {reexecute=0 rethrow=0 return_oop=1}
                      ; - java.util.jar.Manifest::<init>@16 (line 58)
                      ; - java.util.jar.JarFile::getManifestFromReference@121 (line 429)
                      ; - java.util.jar.JarFile::getManifest@1 (line 405)
                      ; - jdk.internal.loader.URLClassPath$JarLoader$2::getManifest@22 (line 853)
                      ; - java.net.URLClassLoader::defineClass@34 (line 491)
                      ; - java.net.URLClassLoader$1::run@43 (line 427)
  0x000001c43e45cb00: 7cbe 68ff 

  0x000001c43e45cb04: ;   {other}
  0x000001c43e45cb04: 0f1f 8400 | 7468 008b | 4c8b d0e9 | 11d3 ffff | ba45 ffff | ff48 ff74 | 2450 488f | 4424 2048 
  0x000001c43e45cb24: ff74 2448 | 488f 4424 | 304c 895c | 2458 c5fb | 116c 2460 | c5fa 1154 | 2444 4c89 | 5c24 6848 
  0x000001c43e45cb44: 8944 24f8 | 8b84 2494 | 0000 0089 | 4424 7c48 | 8b44 24f8 | 4889 4424 | f88b 8424 | 9000 0000 
  0x000001c43e45cb64: 8984 2480 | 0000 0048 | 8b44 24f8 | 4889 4424 | f88b 8424 | 9000 0000 | 8984 2484 | 0000 0048 
  0x000001c43e45cb84: 8b44 24f8 | c5fa 11b4 | 2488 0000 | 0089 bc24 | 8c00 0000 | c57a 1184 | 2490 0000 | 0044 8984 
  0x000001c43e45cba4: 2494 0000 | 0066 6690 

  0x000001c43e45cbac: ;   {runtime_call UncommonTrapBlob}
  0x000001c43e45cbac: c5f8 77e8 

  0x000001c43e45cbb0: ; ImmutableOopMap {[32]=Oop [48]=Oop [68]=NarrowOop [88]=Oop [96]=Oop [104]=Oop [124]=NarrowOop [128]=NarrowOop [132]=NarrowOop [136]=NarrowOop [140]=NarrowOop }
                      ;*if_icmpne {reexecute=1 rethrow=0 return_oop=0}
                      ; - (reexecute) java.lang.String::equals@33 (line 1861)
                      ; - java.util.concurrent.ConcurrentHashMap::get@73 (line 940)
                      ; - java.lang.ClassLoader::definePackage@47 (line 2125)
                      ; - java.lang.ClassLoader::getDefinedPackage@32 (line 2267)
                      ; - java.net.URLClassLoader::getAndVerifyPackage@2 (line 457)
                      ; - java.net.URLClassLoader::defineClass@46 (line 492)
                      ; - java.net.URLClassLoader$1::run@43 (line 427)
  0x000001c43e45cbb0: cc77 5cff 

  0x000001c43e45cbb4: ;   {other}
  0x000001c43e45cbb4: 0f1f 8400 | 2469 008c | 33ed 85db | 400f 94c5 | ba45 ffff | ff4c 8b44 | 2450 4c89 | 4424 204c 
  0x000001c43e45cbd4: 8b44 2448 | 4c89 4424 | 304c 895c | 2458 4c89 | 4c24 6044 | 8974 2444 | 4c89 5c24 | 6844 8b84 
  0x000001c43e45cbf4: 2490 0000 | 0044 8b9c | 2494 0000 | 0044 899c | 2484 0000 | 0044 8984 | 2488 0000 | 0044 8984 
  0x000001c43e45cc14: 248c 0000 | 0044 8994 | 2490 0000 | 0089 bc24 | 9400 0000 

  0x000001c43e45cc28: ;   {runtime_call UncommonTrapBlob}
  0x000001c43e45cc28: c5f8 77e8 

  0x000001c43e45cc2c: ; ImmutableOopMap {[32]=Oop [48]=Oop [68]=NarrowOop [88]=Oop [96]=Oop [104]=Oop [132]=NarrowOop [136]=NarrowOop [140]=NarrowOop [144]=NarrowOop [148]=NarrowOop }
                      ;*ifeq {reexecute=1 rethrow=0 return_oop=0}
                      ; - (reexecute) java.lang.String::hashCode@20 (line 2369)
                      ; - java.util.concurrent.ConcurrentHashMap::get@1 (line 936)
                      ; - java.lang.ClassLoader::definePackage@47 (line 2125)
                      ; - java.lang.ClassLoader::getDefinedPackage@32 (line 2267)
                      ; - java.net.URLClassLoader::getAndVerifyPackage@2 (line 457)
                      ; - java.net.URLClassLoader::defineClass@46 (line 492)
                      ; - java.net.URLClassLoader$1::run@43 (line 427)
  0x000001c43e45cc2c: 5077 5cff 

  0x000001c43e45cc30: ;   {other}
  0x000001c43e45cc30: 0f1f 8400 | a069 008d | 33ed 85db | 400f 94c5 | ba45 ffff | ff48 8b5c | 2450 4889 | 5c24 2048 
  0x000001c43e45cc50: 8b5c 2448 | 4889 5c24 | 3044 8974 | 2440 4c89 | 5c24 584c | 8954 2460 | 4c89 4c24 | 684c 894c 
  0x000001c43e45cc70: 2470 448b | 9c24 9000 | 0000 4489 | 5c24 4448 | 898c 2488 | 0000 0044 | 8944 247c | 8984 2490 
  0x000001c43e45cc90: 0000 0048 | 898c 2498 | 0000 0090 

  0x000001c43e45cc9c: ;   {runtime_call UncommonTrapBlob}
  0x000001c43e45cc9c: c5f8 77e8 

  0x000001c43e45cca0: ; ImmutableOopMap {[32]=Oop [48]=Oop [64]=NarrowOop [68]=NarrowOop [88]=Oop [96]=Oop [104]=Oop [112]=Oop [124]=NarrowOop [136]=Oop [148]=NarrowOop [152]=Oop }
                      ;*ifeq {reexecute=1 rethrow=0 return_oop=0}
                      ; - (reexecute) java.lang.String::hashCode@20 (line 2369)
                      ; - java.util.HashMap::hash@9 (line 338)
                      ; - java.util.HashMap::getNode@23 (line 576)
                      ; - java.util.HashMap::get@2 (line 564)
                      ; - java.util.jar.Manifest::getAttributes@5 (line 160)
                      ; - java.util.jar.Manifest::getTrustedAttributes@2 (line 177)
                      ; - java.util.jar.JavaUtilJarAccessImpl::getTrustedAttributes@2 (line 38)
                      ; - java.net.URLClassLoader::isSealed@18 (line 601)
                      ; - java.net.URLClassLoader::getAndVerifyPackage@68 (line 469)
                      ; - java.net.URLClassLoader::defineClass@46 (line 492)
                      ; - java.net.URLClassLoader$1::run@43 (line 427)
  0x000001c43e45cca0: dc76 5cff 

  0x000001c43e45cca4: ;   {other}
  0x000001c43e45cca4: 0f1f 8400 | 146a 008e | bade ffff | ff48 8b6c | 2450 4c8b | 5c24 484c | 895c 2420 | 4c8b 5c24 
  0x000001c43e45ccc4: 384c 895c | 2428 448b | 4424 4044 | 8944 2430 | 4c8b 5c24 | 584c 895c | 2448 4c8b | 5c24 604c 
  0x000001c43e45cce4: 895c 2450 | 4c89 5424 | 584c 894c | 2460 6690 

  0x000001c43e45ccf4: ;   {runtime_call UncommonTrapBlob}
  0x000001c43e45ccf4: c5f8 77e8 

  0x000001c43e45ccf8: ; ImmutableOopMap {rbp=Oop [32]=Oop [48]=NarrowOop [72]=Oop [80]=Oop [88]=Oop [96]=Oop [144]=NarrowOop [148]=NarrowOop [192]=Oop }
                      ;*invokevirtual close {reexecute=0 rethrow=0 return_oop=0}
                      ; - java.util.jar.JarFile::getManifestFromReference@152 (line 433)
                      ; - java.util.jar.JarFile::getManifest@1 (line 405)
                      ; - jdk.internal.loader.URLClassPath$JarLoader$2::getManifest@22 (line 853)
                      ; - java.net.URLClassLoader::defineClass@34 (line 491)
                      ; - java.net.URLClassLoader$1::run@43 (line 427)
  0x000001c43e45ccf8: 8476 5cff 

  0x000001c43e45ccfc: ;   {other}
  0x000001c43e45ccfc: 0f1f 8400 | 6c6a 008f | ba45 ffff | ff4c 8b54 | 2450 4c89 | 5424 204c | 8b54 2448 | 4c89 5424 
  0x000001c43e45cd1c: 304c 895c | 2458 4c89 | 4c24 6044 | 8974 2444 | 4c89 5c24 | 6844 8b9c | 2490 0000 | 0044 899c 
  0x000001c43e45cd3c: 2480 0000 | 0044 899c | 2484 0000 | 004c 8984 | 2488 0000 | 0089 8c24 | 9000 0000 

  0x000001c43e45cd58: ;   {runtime_call UncommonTrapBlob}
  0x000001c43e45cd58: c5f8 77e8 

  0x000001c43e45cd5c: ; ImmutableOopMap {rbp=NarrowOop [32]=Oop [48]=Oop [68]=NarrowOop [88]=Oop [96]=Oop [104]=Oop [128]=NarrowOop [132]=NarrowOop [136]=Oop [148]=NarrowOop }
                      ;*ifnull {reexecute=1 rethrow=0 return_oop=0}
                      ; - (reexecute) java.util.concurrent.ConcurrentHashMap::get@143 (line 946)
                      ; - java.lang.ClassLoader::getDefinedPackage@13 (line 2263)
                      ; - java.net.URLClassLoader::getAndVerifyPackage@2 (line 457)
                      ; - java.net.URLClassLoader::defineClass@46 (line 492)
                      ; - java.net.URLClassLoader$1::run@43 (line 427)
  0x000001c43e45cd5c: 2076 5cff 

  0x000001c43e45cd60: ;   {other}
  0x000001c43e45cd60: 0f1f 8400 | d06a 0090 | ba45 ffff | ff48 8b4c | 2450 4889 | 4c24 2048 | 8b4c 2448 | 4889 4c24 
  0x000001c43e45cd80: 304c 895c | 2458 4c89 | 4c24 6044 | 8974 2444 | 4c89 5c24 | 6844 8b9c | 2490 0000 | 0044 8b8c 
  0x000001c43e45cda0: 2494 0000 | 0044 894c | 247c 4489 | 9c24 8000 | 0000 4489 | 9c24 8400 | 0000 4489 | 9424 8800 
  0x000001c43e45cdc0: 0000 4889 | 9c24 9000 | 0000 4489 | 8424 8c00 | 0000 6690 

  0x000001c43e45cdd4: ;   {runtime_call UncommonTrapBlob}
  0x000001c43e45cdd4: c5f8 77e8 

  0x000001c43e45cdd8: ; ImmutableOopMap {rbp=NarrowOop [32]=Oop [48]=Oop [68]=NarrowOop [88]=Oop [96]=Oop [104]=Oop [124]=NarrowOop [128]=NarrowOop [132]=NarrowOop [136]=NarrowOop [144]=Oop }
                      ;*ifnull {reexecute=1 rethrow=0 return_oop=0}
                      ; - (reexecute) java.util.concurrent.ConcurrentHashMap::get@143 (line 946)
                      ; - java.lang.ClassLoader::definePackage@47 (line 2125)
                      ; - java.lang.ClassLoader::getDefinedPackage@32 (line 2267)
                      ; - java.net.URLClassLoader::getAndVerifyPackage@2 (line 457)
                      ; - java.net.URLClassLoader::defineClass@46 (line 492)
                      ; - java.net.URLClassLoader$1::run@43 (line 427)
  0x000001c43e45cdd8: a475 5cff 

  0x000001c43e45cddc: ;   {other}
  0x000001c43e45cddc: 0f1f 8400 | 4c6b 0091 | 498b d7c5 | f877 49ba | f0fc 6ffd | fa7f 0000 

  0x000001c43e45cdf4: ;   {other}
  0x000001c43e45cdf4: 41ff d20f | 1f84 0000 | 0000 00e9 | 3ae3 ffff | 498b d7c5 | f877 49ba | f0fc 6ffd | fa7f 0000 
  0x000001c43e45ce14: ;   {other}
  0x000001c43e45ce14: 41ff d20f | 1f84 0000 | 0000 00e9 | 24c7 ffff | 498b d7c5 | f877 49ba | f0fc 6ffd | fa7f 0000 
  0x000001c43e45ce34: ;   {other}
  0x000001c43e45ce34: 41ff d20f | 1f84 0000 | 0000 00e9 | 1ec5 ffff | 498b d7c5 | f877 49ba | f0fc 6ffd | fa7f 0000 
  0x000001c43e45ce54: ;   {other}
  0x000001c43e45ce54: 41ff d20f | 1f84 0000 | 0000 00e9 | 69e3 ffff | 498b d7c5 | f877 49ba | f0fc 6ffd | fa7f 0000 
  0x000001c43e45ce74: ;   {other}
  0x000001c43e45ce74: 41ff d20f | 1f84 0000 | 0000 00e9 | 82c4 ffff | 498b da49 | 8bd7 c5f8 | 7749 baf0 | fc6f fdfa 
  0x000001c43e45ce94: 7f00 0041 

  0x000001c43e45ce98: ;   {other}
  0x000001c43e45ce98: ffd2 0f1f | 8400 0000 | 0000 e9db | e3ff ff89 | 5424 7844 | 8944 2444 | 4c89 5424 | 704c 894c 
  0x000001c43e45ceb8: 2468 4c89 | 5c24 604c | 8b54 2430 | 4c89 5424 | 5844 8974 | 2440 4c8b | 5424 284c | 8954 2430 
  0x000001c43e45ced8: 4c8b 5424 | 204c 8954 | 2428 448b | 9424 9400 | 0000 4489 | 5424 2444 | 8b94 2490 | 0000 0044 
  0x000001c43e45cef8: 8954 2420 

  0x000001c43e45cefc: ;   {metadata('java/lang/String')}
  0x000001c43e45cefc: 48ba 78e8 | 004d c401 | 0000 488b | eb66 6690 

  0x000001c43e45cf0c: ;   {runtime_call _new_instance_Java}
  0x000001c43e45cf0c: c5f8 77e8 

  0x000001c43e45cf10: ; ImmutableOopMap {rbp=Oop [32]=NarrowOop [36]=NarrowOop [40]=Oop [48]=Oop [64]=NarrowOop [68]=NarrowOop [72]=Oop [80]=Oop [88]=Oop [96]=Oop [104]=Oop [112]=Oop }
                      ;*new {reexecute=0 rethrow=0 return_oop=1}
                      ; - java.lang.StringConcatHelper::simpleConcat@17 (line 425)
                      ; - java.lang.String::concat@11 (line 2899)
                      ; - java.net.URLClassLoader::isSealed@15 (line 601)
                      ; - java.net.URLClassLoader::getAndVerifyPackage@68 (line 469)
                      ; - java.net.URLClassLoader::defineClass@46 (line 492)
                      ; - java.net.URLClassLoader$1::run@43 (line 427)
  0x000001c43e45cf10: 6cba 68ff 

  0x000001c43e45cf14: ;   {other}
  0x000001c43e45cf14: 0f1f 8400 | 846c 0092 | 448b 5c24 | 2044 899c | 2490 0000 | 0044 8b5c | 2424 4489 | 9c24 9400 
  0x000001c43e45cf34: 0000 4c8b | 5424 284c | 8954 2420 | 4c8b 5424 | 304c 8954 | 2428 448b | 7424 404c | 8b54 2458 
  0x000001c43e45cf54: 4c89 5424 | 304c 8b5c | 2460 4c8b | 4c24 684c | 8b54 2470 | 448b 4424 | 448b 5424 | 78e9 2fd3 
  0x000001c43e45cf74: ffff ba45 | ffff ff4c | 8b5c 2450 | 4c89 5c24 | 204c 8b5c | 2448 4c89 | 5c24 284c | 8b5c 2438 
  0x000001c43e45cf94: 4c89 5c24 | 3044 8b5c | 2440 4489 | 5c24 384c | 8b5c 2460 | 4c89 5c24 | 5848 8944 | 2460 6690 
  0x000001c43e45cfb4: ;   {runtime_call UncommonTrapBlob}
  0x000001c43e45cfb4: c5f8 77e8 

  0x000001c43e45cfb8: ; ImmutableOopMap {rbp=NarrowOop [32]=Oop [40]=Oop [56]=NarrowOop [88]=Oop [96]=Oop [144]=NarrowOop [148]=NarrowOop [192]=Oop }
                      ;*ifnull {reexecute=1 rethrow=0 return_oop=0}
                      ; - (reexecute) java.util.jar.JarFile::maybeInstantiateVerifier@27 (line 723)
                      ; - java.util.jar.JarFile::ensureInitialization@1 (line 1064)
                      ; - java.util.jar.JavaUtilJarAccessImpl::ensureInitialization@1 (line 42)
                      ; - jdk.internal.loader.URLClassPath$JarLoader$2::getManifest@10 (line 852)
                      ; - java.net.URLClassLoader::defineClass@34 (line 491)
                      ; - java.net.URLClassLoader$1::run@43 (line 427)
  0x000001c43e45cfb8: c473 5cff 

  0x000001c43e45cfbc: ;   {other}
  0x000001c43e45cfbc: 0f1f 8400 | 2c6d 0093 | ba45 ffff | ff4c 8b54 | 2450 4c89 | 5424 204c | 8b54 2448 | 4c89 5424 
  0x000001c43e45cfdc: 284c 8b54 | 2438 4c89 | 5424 3044 | 8b44 2440 | 4489 4424 | 384c 8b54 | 2458 4c89 | 5424 5048 
  0x000001c43e45cffc: 8944 2458 

  0x000001c43e45d000: ;   {runtime_call UncommonTrapBlob}
  0x000001c43e45d000: c5f8 77e8 

  0x000001c43e45d004: ; ImmutableOopMap {rbp=NarrowOop [32]=Oop [40]=Oop [56]=NarrowOop [80]=Oop [88]=Oop [104]=Oop [144]=NarrowOop [148]=NarrowOop }
                      ;*ifnull {reexecute=1 rethrow=0 return_oop=0}
                      ; - (reexecute) java.util.jar.JarFile::maybeInstantiateVerifier@27 (line 723)
                      ; - java.util.jar.JarFile$JarFileEntry::getCodeSigners@4 (line 670)
                      ; - jdk.internal.loader.URLClassPath$JarLoader$2::getCodeSigners@4 (line 858)
                      ; - java.net.URLClassLoader::defineClass@185 (line 521)
                      ; - java.net.URLClassLoader$1::run@43 (line 427)
  0x000001c43e45d004: 7873 5cff 

  0x000001c43e45d008: ;   {other}
  0x000001c43e45d008: 0f1f 8400 | 786d 0094 | 4c8b 5424 | 7845 8b5a | 2c45 85db | 0f84 28d5 | ffff 4d8b | 5728 498b 
  0x000001c43e45d028: cb48 c1e1 | 034d 85d2 | 0f84 f60a | 0000 4d8b | 5f38 4b89 | 4c13 f849 | 83c2 f84d | 8957 28e9 
  0x000001c43e45d048: fed4 ffff | 448b 551c | 4585 d20f | 8421 d6ff | ff4d 8b5f | 2849 8bca | 48c1 e103 | 4d85 db0f 
  0x000001c43e45d068: 84ff 0a00 | 004d 8b57 | 384b 894c | 1af8 4983 | c3f8 4d89 | 5f28 e9f7 | d5ff ff4c | 8b54 2478 
  0x000001c43e45d088: 458b 5a14 | 4585 db0f | 842e d6ff | ff4d 8b57 | 2849 8bcb | 48c1 e103 | 4d85 d20f | 84a3 0a00 
  0x000001c43e45d0a8: 004d 8b5f | 384b 894c | 13f8 4983 | c2f8 4d89 | 5728 e904 | d6ff ff44 | 8b5d 1c45 | 85db 0f84 
  0x000001c43e45d0c8: 22d7 ffff | 4d8b 5728 | 498b cb48 | c1e1 034d | 85d2 0f84 | ac0a 0000 | 4d8b 5f38 | 4b89 4c13 
  0x000001c43e45d0e8: f849 83c2 | f84d 8957 | 28e9 f8d6 | ffff 4c8b | 5424 7845 | 8b52 1045 | 85d2 0f84 

  0x000001c43e45d104: ;   {no_reloc}
  0x000001c43e45d104: 2fd7 ffff | 4d8b 5f28 | 498b ca48 | c1e1 034d | 85db 0f84 | 900a 0000 | 4d8b 5738 | 4b89 4c1a 
  0x000001c43e45d124: f849 83c3 | f84d 895f | 28e9 05d7 | ffff 4c8b | 5424 6045 | 8b5a 3045 | 85db 0f84 | a5db ffff 
  0x000001c43e45d144: 4d8b 5728 | 498b cb48 | c1e1 034d | 85d2 0f84 | 940a 0000 | 4d8b 5f38 | 4b89 4c13 | f849 83c2 
  0x000001c43e45d164: f84d 8957 | 28e9 7bdb | ffff 4c8b | 5424 7845 | 8b5a 3845 | 85db 0f84 | 20db ffff | 4d8b 5728 
  0x000001c43e45d184: 498b cb48 | c1e1 034d | 85d2 0f84 | 380a 0000 | 4d8b 5f38 | 4b89 4c13 | f849 83c2 | f84d 8957 
  0x000001c43e45d1a4: 28e9 f6da | ffff 4c8b | 5424 7845 | 8b5a 2445 | 85db 0f84 | c0d9 ffff | 4d8b 5728 | 498b cb48 
  0x000001c43e45d1c4: c1e1 034d | 85d2 0f84 | 5c0a 0000 | 4d8b 5f38 | 4b89 4c13 | f849 83c2 | f84d 8957 | 28e9 96d9 
  0x000001c43e45d1e4: ffff 4c8b | 5424 7845 | 8b5a 3445 | 85db 0f84 | 0dda ffff | 4d8b 5728 | 498b cb48 | c1e1 034d 
  0x000001c43e45d204: ;   {no_reloc}
  0x000001c43e45d204: 85d2 0f84 | 000a 0000 | 4d8b 5f38 | 4b89 4c13 | f849 83c2 | f84d 8957 | 28e9 e3d9 | ffff 4c8b 
  0x000001c43e45d224: 5424 7845 | 8b5a 1845 | 85db 0f84 | 88d7 ffff | 4d8b 5728 | 498b cb48 | c1e1 034d | 85d2 0f84 
  0x000001c43e45d244: 040a 0000 | 4d8b 5f38 | 4b89 4c13 | f849 83c2 | f84d 8957 | 28e9 5ed7 | ffff 4c8b | 5424 7845 
  0x000001c43e45d264: 8b5a 1c45 | 85db 0f84 | e1d7 ffff | 4d8b 5728 | 498b cb48 | c1e1 034d | 85d2 0f84 | e809 0000 
  0x000001c43e45d284: 4d8b 5f38 | 4b89 4c13 | f849 83c2 | f84d 8957 | 28e9 b7d7 | ffff 448b | 551c 4585 | d20f 84bb 
  0x000001c43e45d2a4: d6ff ff4d | 8b5f 2849 | 8bca 48c1 | e103 4d85 | db0f 84d1 | 0900 004d | 8b57 384b | 894c 1af8 
  0x000001c43e45d2c4: 4983 c3f8 | 4d89 5f28 | e991 d6ff | ff4d 8b57 | 584d 8b5f | 48f0 8344 | 24c0 0080 | 3900 0f84 
  0x000001c43e45d2e4: d0d3 ffff | 4488 214d | 85db 7520 | 498b d7c5 | f877 49ba | d0fc 6ffd | fa7f 0000 

  0x000001c43e45d300: ;   {other}
  0x000001c43e45d300: 41ff d20f | 1f84 0000 | 0000 00e9 | a8d3 ffff | 4b89 4c1a | f849 83c3 | f84d 895f | 48e9 96d3 
  0x000001c43e45d320: ffff 4d8b | 5748 4d8b | 5f58 f083 | 4424 c000 | 8039 000f | 84c8 d3ff | ff44 8821 | 4d85 d275 
  0x000001c43e45d340: 2049 8bd7 | c5f8 7749 | bad0 fc6f | fdfa 7f00 | 0041 ffd2 

  0x000001c43e45d354: ;   {other}
  0x000001c43e45d354: 0f1f 8400 | 0000 0000 | e9a0 d3ff | ff4b 894c | 13f8 4983 | c2f8 4d89 | 5748 e98e | d3ff ff4d 
  0x000001c43e45d374: 8b57 484d | 8b5f 58f0 | 8344 24c0 | 0080 3900 | 0f84 ebd4 | ffff 4488 | 214d 85d2 | 7520 498b 
  0x000001c43e45d394: d7c5 f877 | 49ba d0fc | 6ffd fa7f | 0000 41ff 

  0x000001c43e45d3a4: ;   {other}
  0x000001c43e45d3a4: d20f 1f84 | 0000 0000 | 00e9 c3d4 | ffff 4b89 | 4c13 f849 | 83c2 f84d | 8957 48e9 | b1d4 ffff 
  0x000001c43e45d3c4: 4d8b 5758 | 4d8b 5f48 | f083 4424 | c000 8039 | 000f 8451 | d4ff ff44 | 8821 4d85 | db75 2049 
  0x000001c43e45d3e4: 8bd7 c5f8 | 7749 bad0 | fc6f fdfa | 7f00 0041 

  0x000001c43e45d3f4: ;   {other}
  0x000001c43e45d3f4: ffd2 0f1f | 8400 0000 | 0000 e929 | d4ff ff4b | 894c 1af8 | 4983 c3f8 | 4d89 5f48 | e917 d4ff 
  0x000001c43e45d414: ff4d 8b57 | 484d 8b5f | 58f0 8344 | 24c0 0080 | 3900 0f84 | b2d8 ffff | 4488 214d | 85d2 7520 
  0x000001c43e45d434: 498b d7c5 | f877 49ba | d0fc 6ffd | fa7f 0000 

  0x000001c43e45d444: ;   {other}
  0x000001c43e45d444: 41ff d20f | 1f84 0000 | 0000 00e9 | 8ad8 ffff | 4b89 4c13 | f849 83c2 | f84d 8957 | 48e9 78d8 
  0x000001c43e45d464: ffff 4d8b | 5758 4d8b | 5f48 f083 | 4424 c000 | 8039 000f | 84c4 d7ff | ff44 8821 | 4d85 db75 
  0x000001c43e45d484: 2049 8bd7 | c5f8 7749 | bad0 fc6f | fdfa 7f00 | 0041 ffd2 

  0x000001c43e45d498: ;   {other}
  0x000001c43e45d498: 0f1f 8400 | 0000 0000 | e99c d7ff | ff4b 894c | 1af8 4983 | c3f8 4d89 | 5f48 e98a | d7ff ff4d 
  0x000001c43e45d4b8: 8b57 584d | 8b5f 48f0 | 8344 24c0 | 0080 3900 | 0f84 e3d4 | ffff 4488 | 214d 85db | 7520 498b 
  0x000001c43e45d4d8: d7c5 f877 | 49ba d0fc | 6ffd fa7f | 0000 41ff 

  0x000001c43e45d4e8: ;   {other}
  0x000001c43e45d4e8: d20f 1f84 | 0000 0000 | 00e9 bbd4 | ffff 4b89 | 4c1a f849 | 83c3 f84d | 895f 48e9 | a9d4 ffff 
  0x000001c43e45d508: 4d8b 5748 | 4d8b 5f58 | f083 4424 | c000 8039 | 000f 84db | d4ff ff44 | 8821 4d85 | d275 2049 
  0x000001c43e45d528: 8bd7 c5f8 | 7749 bad0 | fc6f fdfa | 7f00 0041 

  0x000001c43e45d538: ;   {other}
  0x000001c43e45d538: ffd2 0f1f | 8400 0000 | 0000 e9b3 | d4ff ff4b | 894c 13f8 | 4983 c2f8 | 4d89 5748 | e9a1 d4ff 
  0x000001c43e45d558: ff4d 8b57 | 584d 8b5f | 48f0 8344 | 24c0 0080 | 3900 0f84 | 01d6 ffff | 4488 214d | 85db 7520 
  0x000001c43e45d578: 498b d7c5 | f877 49ba | d0fc 6ffd | fa7f 0000 

  0x000001c43e45d588: ;   {other}
  0x000001c43e45d588: 41ff d20f | 1f84 0000 | 0000 00e9 | d9d5 ffff | 4b89 4c1a | f849 83c3 | f84d 895f | 48e9 c7d5 
  0x000001c43e45d5a8: ffff 4d8b | 5758 4d8b | 5f48 f083 | 4424 c000 | 8039 000f | 84cc d4ff | ff44 8821 | 4d85 db75 
  0x000001c43e45d5c8: 2049 8bd7 | c5f8 7749 | bad0 fc6f | fdfa 7f00 | 0041 ffd2 

  0x000001c43e45d5dc: ;   {other}
  0x000001c43e45d5dc: 0f1f 8400 | 0000 0000 | e9a4 d4ff | ff4b 894c | 1af8 4983 | c3f8 4d89 | 5f48 e992 | d4ff ff4d 
  0x000001c43e45d5fc: 8b57 584d | 8b5f 48f0 | 8344 24c0 | 0080 3900 | 0f84 9cd5 | ffff 4488 | 214d 85db | 7520 498b 
  0x000001c43e45d61c: d7c5 f877 | 49ba d0fc | 6ffd fa7f | 0000 41ff 

  0x000001c43e45d62c: ;   {other}
  0x000001c43e45d62c: d20f 1f84 | 0000 0000 | 00e9 74d5 | ffff 4b89 | 4c1a f849 | 83c3 f84d | 895f 48e9 | 62d5 ffff 
  0x000001c43e45d64c: 4d8b 5758 | 4d8b 5f48 | f083 4424 | c000 8039 | 000f 842a | cfff ff44 | 8821 4d85 | db75 2049 
  0x000001c43e45d66c: 8bd7 c5f8 | 7749 bad0 | fc6f fdfa | 7f00 0041 

  0x000001c43e45d67c: ;   {other}
  0x000001c43e45d67c: ffd2 0f1f | 8400 0000 | 0000 e902 | cfff ff4b | 894c 1af8 | 4983 c3f8 | 4d89 5f48 | e9f0 ceff 
  0x000001c43e45d69c: ff4d 8b57 | 584d 8b5f | 48f0 8344 | 24c0 0080 | 3900 0f84 | 8bce ffff | 4488 214d | 85db 7520 
  0x000001c43e45d6bc: 498b d7c5 | f877 49ba | d0fc 6ffd | fa7f 0000 

  0x000001c43e45d6cc: ;   {other}
  0x000001c43e45d6cc: 41ff d20f | 1f84 0000 | 0000 00e9 | 63ce ffff | 4b89 4c1a | f849 83c3 | f84d 895f | 48e9 51ce 
  0x000001c43e45d6ec: ffff bac6 | ffff ff48 | 8b6c 2450 | 4c8b 5424 | 484c 8954 | 2428 4c8b | 5424 384c | 8954 2430 
  0x000001c43e45d70c: 4489 7424 | 3866 6690 

  0x000001c43e45d714: ;   {runtime_call UncommonTrapBlob}
  0x000001c43e45d714: c5f8 77e8 

  0x000001c43e45d718: ; ImmutableOopMap {rbp=Oop [40]=Oop [56]=NarrowOop [72]=Oop [144]=NarrowOop [148]=NarrowOop [192]=Oop }
                      ;*invokevirtual getManifest {reexecute=0 rethrow=0 return_oop=0}
                      ; - java.net.URLClassLoader::defineClass@34 (line 491)
                      ; - java.net.URLClassLoader$1::run@43 (line 427)
  0x000001c43e45d718: 646c 5cff 

  0x000001c43e45d71c: ;   {other}
  0x000001c43e45d71c: 0f1f 8400 | 8c74 0095 | bac6 ffff | ff48 8b6c | 2450 4c8b | 5c24 484c | 895c 2420 | 4c8b 5c24 
  0x000001c43e45d73c: 384c 895c | 2430 4489 | 5424 3890 

  0x000001c43e45d748: ;   {runtime_call UncommonTrapBlob}
  0x000001c43e45d748: c5f8 77e8 

  0x000001c43e45d74c: ; ImmutableOopMap {rbp=Oop [32]=Oop [144]=NarrowOop [148]=NarrowOop }
                      ;*invokevirtual getCodeSourceURL {reexecute=0 rethrow=0 return_oop=0}
                      ; - java.net.URLClassLoader::defineClass@13 (line 487)
                      ; - java.net.URLClassLoader$1::run@43 (line 427)
  0x000001c43e45d74c: 306c 5cff 

  0x000001c43e45d750: ;   {other}
  0x000001c43e45d750: 0f1f 8400 | c074 0096 

  0x000001c43e45d758: ;   {metadata('java/util/jar/JarVerifier')}
  0x000001c43e45d758: 48ba 281c | 174d c401 | 0000 6690 

  0x000001c43e45d764: ;   {runtime_call _new_instance_Java}
  0x000001c43e45d764: c5f8 77e8 

  0x000001c43e45d768: ; ImmutableOopMap {[32]=Oop [40]=NarrowOop [64]=NarrowOop [72]=Oop [80]=Oop [88]=Oop [96]=Oop [104]=Oop [112]=Oop [128]=Oop [136]=Oop [144]=NarrowOop [148]=NarrowOop [192]=Oop }
                      ;*new {reexecute=0 rethrow=0 return_oop=1}
                      ; - java.util.jar.JarFile::getManifestFromReference@69 (line 421)
                      ; - java.util.jar.JarFile::getManifest@1 (line 405)
                      ; - jdk.internal.loader.URLClassPath$JarLoader$2::getManifest@22 (line 853)
                      ; - java.net.URLClassLoader::defineClass@34 (line 491)
                      ; - java.net.URLClassLoader$1::run@43 (line 427)
  0x000001c43e45d768: 14b2 68ff 

  0x000001c43e45d76c: ;   {other}
  0x000001c43e45d76c: 0f1f 8400 | dc74 0097 | e950 cdff 

  0x000001c43e45d778: ;   {metadata('java/util/Hashtable')}
  0x000001c43e45d778: ff48 bab8 | d300 4dc4 | 0100 0090 

  0x000001c43e45d784: ;   {runtime_call _new_instance_Java}
  0x000001c43e45d784: c5f8 77e8 

  0x000001c43e45d788: ; ImmutableOopMap {[32]=Oop [40]=NarrowOop [64]=NarrowOop [72]=Oop [80]=Oop [88]=Oop [96]=Oop [112]=Oop [120]=Oop [128]=Oop [136]=Oop [144]=NarrowOop [148]=NarrowOop [192]=Oop }
                      ;*new {reexecute=0 rethrow=0 return_oop=1}
                      ; - java.util.jar.JarVerifier::<init>@35 (line 105)
                      ; - java.util.jar.JarFile::getManifestFromReference@78 (line 421)
                      ; - java.util.jar.JarFile::getManifest@1 (line 405)
                      ; - jdk.internal.loader.URLClassPath$JarLoader$2::getManifest@22 (line 853)
                      ; - java.net.URLClassLoader::defineClass@34 (line 491)
                      ; - java.net.URLClassLoader$1::run@43 (line 427)
  0x000001c43e45d788: f4b1 68ff 

  0x000001c43e45d78c: ;   {other}
  0x000001c43e45d78c: 0f1f 8400 | fc74 0098 | e940 ceff 

  0x000001c43e45d798: ;   {metadata('java/util/Hashtable')}
  0x000001c43e45d798: ff48 bab8 | d300 4dc4 | 0100 0090 

  0x000001c43e45d7a4: ;   {runtime_call _new_instance_Java}
  0x000001c43e45d7a4: c5f8 77e8 

  0x000001c43e45d7a8: ; ImmutableOopMap {[32]=Oop [40]=NarrowOop [64]=NarrowOop [72]=Oop [80]=Oop [88]=Oop [96]=Oop [112]=Oop [120]=Oop [128]=Oop [136]=Oop [144]=NarrowOop [148]=NarrowOop [192]=Oop }
                      ;*new {reexecute=0 rethrow=0 return_oop=1}
                      ; - java.util.jar.JarVerifier::<init>@46 (line 106)
                      ; - java.util.jar.JarFile::getManifestFromReference@78 (line 421)
                      ; - java.util.jar.JarFile::getManifest@1 (line 405)
                      ; - jdk.internal.loader.URLClassPath$JarLoader$2::getManifest@22 (line 853)
                      ; - java.net.URLClassLoader::defineClass@34 (line 491)
                      ; - java.net.URLClassLoader$1::run@43 (line 427)
  0x000001c43e45d7a8: d4b1 68ff 

  0x000001c43e45d7ac: ;   {other}
  0x000001c43e45d7ac: 0f1f 8400 | 1c75 0099 | e994 cfff 

  0x000001c43e45d7b8: ;   {metadata('java/util/Hashtable$Entry'[])}
  0x000001c43e45d7b8: ff48 ba28 | 9913 4dc4 | 0100 0041 | b80b 0000 | 0066 6690 

  0x000001c43e45d7cc: ;   {runtime_call _new_array_Java}
  0x000001c43e45d7cc: c5f8 77e8 

  0x000001c43e45d7d0: ; ImmutableOopMap {rbp=Oop [32]=Oop [40]=NarrowOop [64]=NarrowOop [72]=Oop [80]=Oop [88]=Oop [96]=Oop [112]=Oop [120]=Oop [128]=Oop [136]=Oop [144]=NarrowOop [148]=NarrowOop [192]=Oop }
                      ;*anewarray {reexecute=0 rethrow=0 return_oop=1}
                      ; - java.util.Hashtable::<init>@93 (line 196)
                      ; - java.util.Hashtable::<init>@5 (line 217)
                      ; - java.util.jar.JarVerifier::<init>@39 (line 105)
                      ; - java.util.jar.JarFile::getManifestFromReference@78 (line 421)
                      ; - java.util.jar.JarFile::getManifest@1 (line 405)
                      ; - jdk.internal.loader.URLClassPath$JarLoader$2::getManifest@22 (line 853)
                      ; - java.net.URLClassLoader::defineClass@34 (line 491)
                      ; - java.net.URLClassLoader$1::run@43 (line 427)
  0x000001c43e45d7d0: acb4 68ff 

  0x000001c43e45d7d4: ;   {other}
  0x000001c43e45d7d4: 0f1f 8400 | 4475 009a | 4c8b d0e9 | 88ce ffff 

  0x000001c43e45d7e4: ;   {metadata('java/util/Hashtable')}
  0x000001c43e45d7e4: 48ba b8d3 | 004d c401 | 0000 6690 

  0x000001c43e45d7f0: ;   {runtime_call _new_instance_Java}
  0x000001c43e45d7f0: c5f8 77e8 

  0x000001c43e45d7f4: ; ImmutableOopMap {[32]=Oop [40]=NarrowOop [64]=NarrowOop [72]=Oop [80]=Oop [88]=Oop [96]=Oop [112]=Oop [120]=Oop [128]=Oop [136]=Oop [144]=NarrowOop [148]=NarrowOop [192]=Oop }
                      ;*new {reexecute=0 rethrow=0 return_oop=1}
                      ; - java.util.jar.JarVerifier::<init>@57 (line 107)
                      ; - java.util.jar.JarFile::getManifestFromReference@78 (line 421)
                      ; - java.util.jar.JarFile::getManifest@1 (line 405)
                      ; - jdk.internal.loader.URLClassPath$JarLoader$2::getManifest@22 (line 853)
                      ; - java.net.URLClassLoader::defineClass@34 (line 491)
                      ; - java.net.URLClassLoader$1::run@43 (line 427)
  0x000001c43e45d7f4: 88b1 68ff 

  0x000001c43e45d7f8: ;   {other}
  0x000001c43e45d7f8: 0f1f 8400 | 6875 009b | e9bc d0ff 

  0x000001c43e45d804: ;   {metadata('java/util/Hashtable$Entry'[])}
  0x000001c43e45d804: ff48 ba28 | 9913 4dc4 | 0100 0041 | b80b 0000 | 0066 6690 

  0x000001c43e45d818: ;   {runtime_call _new_array_Java}
  0x000001c43e45d818: c5f8 77e8 

  0x000001c43e45d81c: ; ImmutableOopMap {rbp=Oop [32]=Oop [40]=NarrowOop [64]=NarrowOop [72]=Oop [80]=Oop [88]=Oop [96]=Oop [112]=Oop [120]=Oop [128]=Oop [136]=Oop [144]=NarrowOop [148]=NarrowOop [192]=Oop }
                      ;*anewarray {reexecute=0 rethrow=0 return_oop=1}
                      ; - java.util.Hashtable::<init>@93 (line 196)
                      ; - java.util.Hashtable::<init>@5 (line 217)
                      ; - java.util.jar.JarVerifier::<init>@50 (line 106)
                      ; - java.util.jar.JarFile::getManifestFromReference@78 (line 421)
                      ; - java.util.jar.JarFile::getManifest@1 (line 405)
                      ; - jdk.internal.loader.URLClassPath$JarLoader$2::getManifest@22 (line 853)
                      ; - java.net.URLClassLoader::defineClass@34 (line 491)
                      ; - java.net.URLClassLoader$1::run@43 (line 427)
  0x000001c43e45d81c: 60b4 68ff 

  0x000001c43e45d820: ;   {other}
  0x000001c43e45d820: 0f1f 8400 | 9075 009c | 4c8b d0e9 | b0cf ffff 

  0x000001c43e45d830: ;   {metadata('java/util/HashMap')}
  0x000001c43e45d830: 48ba 80c2 | 084d c401 | 0000 6690 

  0x000001c43e45d83c: ;   {runtime_call _new_instance_Java}
  0x000001c43e45d83c: c5f8 77e8 

  0x000001c43e45d840: ; ImmutableOopMap {[32]=Oop [40]=NarrowOop [64]=NarrowOop [68]=NarrowOop [72]=Oop [80]=Oop [88]=Oop [96]=Oop [112]=Oop [120]=Oop [128]=Oop [136]=Oop [144]=NarrowOop [148]=NarrowOop [192]=Oop }
                      ;*new {reexecute=0 rethrow=0 return_oop=1}
                      ; - java.util.jar.JarVerifier::<init>@103 (line 111)
                      ; - java.util.jar.JarFile::getManifestFromReference@78 (line 421)
                      ; - java.util.jar.JarFile::getManifest@1 (line 405)
                      ; - jdk.internal.loader.URLClassPath$JarLoader$2::getManifest@22 (line 853)
                      ; - java.net.URLClassLoader::defineClass@34 (line 491)
                      ; - java.net.URLClassLoader$1::run@43 (line 427)
  0x000001c43e45d840: 3cb1 68ff 

  0x000001c43e45d844: ;   {other}
  0x000001c43e45d844: 0f1f 8400 | b475 009d | 4c8b d0e9 | 36d4 ffff 

  0x000001c43e45d854: ;   {metadata('java/io/ByteArrayOutputStream')}
  0x000001c43e45d854: 48ba 2018 | 224d c401 | 0000 6690 

  0x000001c43e45d860: ;   {runtime_call _new_instance_Java}
  0x000001c43e45d860: c5f8 77e8 

  0x000001c43e45d864: ; ImmutableOopMap {[32]=Oop [40]=NarrowOop [64]=NarrowOop [68]=NarrowOop [72]=Oop [80]=Oop [88]=Oop [96]=Oop [112]=Oop [120]=Oop [128]=Oop [136]=Oop [144]=NarrowOop [148]=NarrowOop [192]=Oop }
                      ;*new {reexecute=0 rethrow=0 return_oop=1}
                      ; - java.util.jar.JarVerifier::<init>@81 (line 109)
                      ; - java.util.jar.JarFile::getManifestFromReference@78 (line 421)
                      ; - java.util.jar.JarFile::getManifest@1 (line 405)
                      ; - jdk.internal.loader.URLClassPath$JarLoader$2::getManifest@22 (line 853)
                      ; - java.net.URLClassLoader::defineClass@34 (line 491)
                      ; - java.net.URLClassLoader$1::run@43 (line 427)
  0x000001c43e45d864: 18b1 68ff 

  0x000001c43e45d868: ;   {other}
  0x000001c43e45d868: 0f1f 8400 | d875 009e | 4c8b d0e9 | 56d2 ffff 

  0x000001c43e45d878: ;   {metadata('java/util/ArrayList')}
  0x000001c43e45d878: 48ba e8a2 | 0b4d c401 | 0000 6690 

  0x000001c43e45d884: ;   {runtime_call _new_instance_Java}
  0x000001c43e45d884: c5f8 77e8 

  0x000001c43e45d888: ; ImmutableOopMap {[32]=Oop [40]=NarrowOop [64]=NarrowOop [68]=NarrowOop [72]=Oop [80]=Oop [88]=Oop [96]=Oop [112]=Oop [120]=Oop [128]=Oop [136]=Oop [144]=NarrowOop [148]=NarrowOop [192]=Oop }
                      ;*new {reexecute=0 rethrow=0 return_oop=1}
                      ; - java.util.jar.JarVerifier::<init>@70 (line 108)
                      ; - java.util.jar.JarFile::getManifestFromReference@78 (line 421)
                      ; - java.util.jar.JarFile::getManifest@1 (line 405)
                      ; - jdk.internal.loader.URLClassPath$JarLoader$2::getManifest@22 (line 853)
                      ; - java.net.URLClassLoader::defineClass@34 (line 491)
                      ; - java.net.URLClassLoader$1::run@43 (line 427)
  0x000001c43e45d888: f4b0 68ff 

  0x000001c43e45d88c: ;   {other}
  0x000001c43e45d88c: 0f1f 8400 | fc75 009f | 4c8b d0e9 | 9fd1 ffff 

  0x000001c43e45d89c: ;   {metadata('java/util/ArrayList')}
  0x000001c43e45d89c: 48ba e8a2 | 0b4d c401 | 0000 6690 

  0x000001c43e45d8a8: ;   {runtime_call _new_instance_Java}
  0x000001c43e45d8a8: c5f8 77e8 

  0x000001c43e45d8ac: ; ImmutableOopMap {[32]=Oop [40]=NarrowOop [64]=NarrowOop [68]=NarrowOop [72]=Oop [80]=Oop [88]=Oop [96]=Oop [112]=Oop [120]=Oop [128]=Oop [136]=Oop [144]=NarrowOop [148]=NarrowOop [192]=Oop }
                      ;*new {reexecute=0 rethrow=0 return_oop=1}
                      ; - java.util.jar.JarVerifier::<init>@92 (line 110)
                      ; - java.util.jar.JarFile::getManifestFromReference@78 (line 421)
                      ; - java.util.jar.JarFile::getManifest@1 (line 405)
                      ; - jdk.internal.loader.URLClassPath$JarLoader$2::getManifest@22 (line 853)
                      ; - java.net.URLClassLoader::defineClass@34 (line 491)
                      ; - java.net.URLClassLoader$1::run@43 (line 427)
  0x000001c43e45d8ac: d0b0 68ff 

  0x000001c43e45d8b0: ;   {other}
  0x000001c43e45d8b0: 0f1f 8400 | 2076 00a0 | 4c8b d0e9 | 2fd3 ffff | 41b8 2000 

  0x000001c43e45d8c4: ;   {metadata({type array byte})}
  0x000001c43e45d8c4: 0000 48ba | 1823 004d | c401 0000 

  0x000001c43e45d8d0: ;   {runtime_call _new_array_Java}
  0x000001c43e45d8d0: c5f8 77e8 

  0x000001c43e45d8d4: ; ImmutableOopMap {rbp=Oop [32]=Oop [40]=NarrowOop [64]=NarrowOop [68]=NarrowOop [72]=Oop [80]=Oop [88]=Oop [96]=Oop [112]=Oop [120]=Oop [128]=Oop [136]=Oop [144]=NarrowOop [148]=NarrowOop [192]=Oop }
                      ;*newarray {reexecute=0 rethrow=0 return_oop=1}
                      ; - java.io.ByteArrayOutputStream::<init>@37 (line 81)
                      ; - java.io.ByteArrayOutputStream::<init>@3 (line 66)
                      ; - java.util.jar.JarVerifier::<init>@85 (line 109)
                      ; - java.util.jar.JarFile::getManifestFromReference@78 (line 421)
                      ; - java.util.jar.JarFile::getManifest@1 (line 405)
                      ; - jdk.internal.loader.URLClassPath$JarLoader$2::getManifest@22 (line 853)
                      ; - java.net.URLClassLoader::defineClass@34 (line 491)
                      ; - java.net.URLClassLoader$1::run@43 (line 427)
  0x000001c43e45d8d4: a8b3 68ff 

  0x000001c43e45d8d8: ;   {other}
  0x000001c43e45d8d8: 0f1f 8400 | 4876 00a1 | e94b d2ff 

  0x000001c43e45d8e4: ;   {metadata('java/util/Hashtable$Entry'[])}
  0x000001c43e45d8e4: ff48 ba28 | 9913 4dc4 | 0100 0041 | b80b 0000 | 0066 6690 

  0x000001c43e45d8f8: ;   {runtime_call _new_array_Java}
  0x000001c43e45d8f8: c5f8 77e8 

  0x000001c43e45d8fc: ; ImmutableOopMap {rbp=Oop [32]=Oop [40]=NarrowOop [64]=NarrowOop [72]=Oop [80]=Oop [88]=Oop [96]=Oop [112]=Oop [120]=Oop [128]=Oop [136]=Oop [144]=NarrowOop [148]=NarrowOop [192]=Oop }
                      ;*anewarray {reexecute=0 rethrow=0 return_oop=1}
                      ; - java.util.Hashtable::<init>@93 (line 196)
                      ; - java.util.Hashtable::<init>@4 (line 209)
                      ; - java.util.jar.JarVerifier::<init>@63 (line 107)
                      ; - java.util.jar.JarFile::getManifestFromReference@78 (line 421)
                      ; - java.util.jar.JarFile::getManifest@1 (line 405)
                      ; - jdk.internal.loader.URLClassPath$JarLoader$2::getManifest@22 (line 853)
                      ; - java.net.URLClassLoader::defineClass@34 (line 491)
                      ; - java.net.URLClassLoader$1::run@43 (line 427)
  0x000001c43e45d8fc: 80b3 68ff 

  0x000001c43e45d900: ;   {other}
  0x000001c43e45d900: 0f1f 8400 | 7076 00a2 | 4c8b d0e9 | 44d0 ffff | 498b d7c5 | f877 49ba | f0fc 6ffd | fa7f 0000 
  0x000001c43e45d920: ;   {other}
  0x000001c43e45d920: 41ff d20f | 1f84 0000 | 0000 00e9 | 0bc5 ffff | 498b d7c5 | f877 49ba | f0fc 6ffd | fa7f 0000 
  0x000001c43e45d940: ;   {other}
  0x000001c43e45d940: 41ff d20f | 1f84 0000 | 0000 00e9 | 55c4 ffff | 498b d7c5 | f877 49ba | f0fc 6ffd | fa7f 0000 
  0x000001c43e45d960: ;   {other}
  0x000001c43e45d960: 41ff d20f | 1f84 0000 | 0000 00e9 | d6c3 ffff | 498b d7c5 | f877 49ba | f0fc 6ffd | fa7f 0000 
  0x000001c43e45d980: ;   {other}
  0x000001c43e45d980: 41ff d20f | 1f84 0000 | 0000 00e9 | 17c5 ffff | bade ffff | ff48 8b6c | 2450 4c8b | 4424 484c 
  0x000001c43e45d9a0: 8944 2428 | 4c8b 4424 | 384c 8944 | 2430 4c89 | 5c24 504c | 894c 2458 | 4489 7424 | 3c4c 895c 
  0x000001c43e45d9c0: 2460 4489 | 9424 8000 | 0000 898c | 2484 0000 | 0066 6690 

  0x000001c43e45d9d4: ;   {runtime_call UncommonTrapBlob}
  0x000001c43e45d9d4: c5f8 77e8 

  0x000001c43e45d9d8: ; ImmutableOopMap {rbp=Oop [40]=Oop [60]=NarrowOop [80]=Oop [88]=Oop [96]=Oop [128]=NarrowOop [144]=NarrowOop [148]=NarrowOop }
                      ;*invokevirtual find {reexecute=0 rethrow=0 return_oop=0}
                      ; - java.util.concurrent.ConcurrentHashMap::get@93 (line 944)
                      ; - java.lang.ClassLoader::getDefinedPackage@13 (line 2263)
                      ; - java.net.URLClassLoader::getAndVerifyPackage@2 (line 457)
                      ; - java.net.URLClassLoader::defineClass@46 (line 492)
                      ; - java.net.URLClassLoader$1::run@43 (line 427)
  0x000001c43e45d9d8: a469 5cff 

  0x000001c43e45d9dc: ;   {other}
  0x000001c43e45d9dc: 0f1f 8400 | 4c77 00a3 | bade ffff | ff48 8b6c | 2450 4c8b | 5424 484c | 8954 2420 | 4c8b 5424 
  0x000001c43e45d9fc: 384c 8954 | 2428 448b | 5c24 4044 | 895c 2430 | 4c8b 5424 | 584c 8954 | 2448 4c8b | 5424 704c 
  0x000001c43e45da1c: 8954 2458 

  0x000001c43e45da20: ;   {runtime_call UncommonTrapBlob}
  0x000001c43e45da20: c5f8 77e8 

  0x000001c43e45da24: ; ImmutableOopMap {rbp=Oop [32]=Oop [48]=NarrowOop [72]=Oop [88]=Oop [96]=Oop [104]=Oop [120]=Oop [144]=NarrowOop [148]=NarrowOop [192]=Oop }
                      ;*invokevirtual getName {reexecute=0 rethrow=0 return_oop=0}
                      ; - java.util.jar.JarFile::getManifestFromReference@74 (line 421)
                      ; - java.util.jar.JarFile::getManifest@1 (line 405)
                      ; - jdk.internal.loader.URLClassPath$JarLoader$2::getManifest@22 (line 853)
                      ; - java.net.URLClassLoader::defineClass@34 (line 491)
                      ; - java.net.URLClassLoader$1::run@43 (line 427)
  0x000001c43e45da24: 5869 5cff 

  0x000001c43e45da28: ;   {other}
  0x000001c43e45da28: 0f1f 8400 | 9877 00a4 | ba0f 0000 | 004c 8b54 | 2450 4c89 | 5424 204c | 8b54 2448 | 4c89 5424 
  0x000001c43e45da48: 284c 8b54 | 2438 4c89 | 5424 3044 | 8b5c 2440 | 4489 5c24 | 384c 8b54 | 2458 4c89 | 5424 504c 
  0x000001c43e45da68: 8b54 2470 | 4c89 5424 | 6866 6690 

  0x000001c43e45da74: ;   {runtime_call UncommonTrapBlob}
  0x000001c43e45da74: c5f8 77e8 

  0x000001c43e45da78: ; ImmutableOopMap {rbp=Oop [32]=Oop [40]=Oop [56]=NarrowOop [80]=Oop [96]=Oop [104]=Oop [120]=Oop [144]=NarrowOop [148]=NarrowOop [192]=Oop }
                      ;*new {reexecute=0 rethrow=0 return_oop=0}
                      ; - java.util.Hashtable::<init>@53 (line 191)
                      ; - java.util.Hashtable::<init>@5 (line 217)
                      ; - java.util.jar.JarVerifier::<init>@39 (line 105)
                      ; - java.util.jar.JarFile::getManifestFromReference@78 (line 421)
                      ; - java.util.jar.JarFile::getManifest@1 (line 405)
                      ; - jdk.internal.loader.URLClassPath$JarLoader$2::getManifest@22 (line 853)
                      ; - java.net.URLClassLoader::defineClass@34 (line 491)
                      ; - java.net.URLClassLoader$1::run@43 (line 427)
  0x000001c43e45da78: 0469 5cff 

  0x000001c43e45da7c: ;   {other}
  0x000001c43e45da7c: 0f1f 8400 | ec77 00a5 | ba0f 0000 | 004c 8b54 | 2450 4c89 | 5424 204c | 8b54 2448 | 4c89 5424 
  0x000001c43e45da9c: 284c 8b54 | 2438 4c89 | 5424 3044 | 8b5c 2440 | 4489 5c24 | 384c 8b54 | 2458 4c89 | 5424 504c 
  0x000001c43e45dabc: 8b54 2470 | 4c89 5424 | 6866 6690 

  0x000001c43e45dac8: ;   {runtime_call UncommonTrapBlob}
  0x000001c43e45dac8: c5f8 77e8 

  0x000001c43e45dacc: ; ImmutableOopMap {rbp=Oop [32]=Oop [40]=Oop [56]=NarrowOop [80]=Oop [96]=Oop [104]=Oop [120]=Oop [144]=NarrowOop [148]=NarrowOop [192]=Oop }
                      ;*new {reexecute=0 rethrow=0 return_oop=0}
                      ; - java.util.Hashtable::<init>@53 (line 191)
                      ; - java.util.Hashtable::<init>@5 (line 217)
                      ; - java.util.jar.JarVerifier::<init>@50 (line 106)
                      ; - java.util.jar.JarFile::getManifestFromReference@78 (line 421)
                      ; - java.util.jar.JarFile::getManifest@1 (line 405)
                      ; - jdk.internal.loader.URLClassPath$JarLoader$2::getManifest@22 (line 853)
                      ; - java.net.URLClassLoader::defineClass@34 (line 491)
                      ; - java.net.URLClassLoader$1::run@43 (line 427)
  0x000001c43e45dacc: b068 5cff 

  0x000001c43e45dad0: ;   {other}
  0x000001c43e45dad0: 0f1f 8400 | 4078 00a6 | ba0f 0000 | 004c 8b54 | 2450 4c89 | 5424 204c | 8b54 2448 | 4c89 5424 
  0x000001c43e45daf0: 284c 8b54 | 2438 4c89 | 5424 3044 | 8b5c 2440 | 4489 5c24 | 384c 8b54 | 2458 4c89 | 5424 504c 
  0x000001c43e45db10: 8b54 2470 | 4c89 5424 | 6866 6690 

  0x000001c43e45db1c: ;   {runtime_call UncommonTrapBlob}
  0x000001c43e45db1c: c5f8 77e8 

  0x000001c43e45db20: ; ImmutableOopMap {rbp=Oop [32]=Oop [40]=Oop [56]=NarrowOop [80]=Oop [96]=Oop [104]=Oop [120]=Oop [144]=NarrowOop [148]=NarrowOop [192]=Oop }
                      ;*new {reexecute=0 rethrow=0 return_oop=0}
                      ; - java.util.Hashtable::<init>@53 (line 191)
                      ; - java.util.Hashtable::<init>@4 (line 209)
                      ; - java.util.jar.JarVerifier::<init>@63 (line 107)
                      ; - java.util.jar.JarFile::getManifestFromReference@78 (line 421)
                      ; - java.util.jar.JarFile::getManifest@1 (line 405)
                      ; - jdk.internal.loader.URLClassPath$JarLoader$2::getManifest@22 (line 853)
                      ; - java.net.URLClassLoader::defineClass@34 (line 491)
                      ; - java.net.URLClassLoader$1::run@43 (line 427)
  0x000001c43e45db20: 5c68 5cff 

  0x000001c43e45db24: ;   {other}
  0x000001c43e45db24: 0f1f 8400 | 9478 00a7 | 498b d7c5 | f877 49ba | f0fc 6ffd | fa7f 0000 

  0x000001c43e45db3c: ;   {other}
  0x000001c43e45db3c: 41ff d20f | 1f84 0000 | 0000 00e9 | fec9 ffff | 498b d7c5 | f877 49ba | f0fc 6ffd | fa7f 0000 
  0x000001c43e45db5c: ;   {other}
  0x000001c43e45db5c: 41ff d20f | 1f84 0000 | 0000 00e9 | 57cb ffff | 498b d7c5 | f877 49ba | f0fc 6ffd | fa7f 0000 
  0x000001c43e45db7c: ;   {other}
  0x000001c43e45db7c: 41ff d20f | 1f84 0000 | 0000 00e9 | eeca ffff | 498b d7c5 | f877 49ba | f0fc 6ffd | fa7f 0000 
  0x000001c43e45db9c: ;   {other}
  0x000001c43e45db9c: 41ff d20f | 1f84 0000 | 0000 00e9 | 42cc ffff | 498b d7c5 | f877 49ba | f0fc 6ffd | fa7f 0000 
  0x000001c43e45dbbc: ;   {other}
  0x000001c43e45dbbc: 41ff d20f | 1f84 0000 | 0000 00e9 | 6bcc ffff | 498b d7c5 | f877 49ba | f0fc 6ffd | fa7f 0000 
  0x000001c43e45dbdc: ;   {other}
  0x000001c43e45dbdc: 41ff d20f | 1f84 0000 | 0000 00e9 | b4d0 ffff | 498b d7c5 | f877 49ba | f0fc 6ffd | fa7f 0000 
  0x000001c43e45dbfc: ;   {other}
  0x000001c43e45dbfc: 41ff d20f | 1f84 0000 | 0000 00e9 | ddd0 ffff | 498b d7c5 | f877 49ba | f0fc 6ffd | fa7f 0000 
  0x000001c43e45dc1c: ;   {other}
  0x000001c43e45dc1c: 41ff d20f | 1f84 0000 | 0000 00e9 | d9cf ffff | 498b d7c5 | f877 49ba | f0fc 6ffd | fa7f 0000 
  0x000001c43e45dc3c: ;   {other}
  0x000001c43e45dc3c: 41ff d20f | 1f84 0000 | 0000 00e9 | 30cf ffff | 498b d7c5 | f877 49ba | f0fc 6ffd | fa7f 0000 
  0x000001c43e45dc5c: ;   {other}
  0x000001c43e45dc5c: 41ff d20f | 1f84 0000 | 0000 00e9 | 50cd ffff | 498b d7c5 | f877 49ba | f0fc 6ffd | fa7f 0000 
  0x000001c43e45dc7c: ;   {other}
  0x000001c43e45dc7c: 41ff d20f | 1f84 0000 | 0000 00e9 | c5cd ffff | 498b d7c5 | f877 49ba | f0fc 6ffd | fa7f 0000 
  0x000001c43e45dc9c: ;   {other}
  0x000001c43e45dc9c: 41ff d20f | 1f84 0000 | 0000 00e9 | b6cc ffff | bade ffff | ff4c 8b54 | 2450 4c89 | 5424 204c 
  0x000001c43e45dcbc: 8b54 2448 | 4c89 5424 | 304c 895c | 2458 4c89 | 4c24 6044 | 8974 2444 | 4c89 5c24 | 6866 6690 
  0x000001c43e45dcdc: ;   {runtime_call UncommonTrapBlob}
  0x000001c43e45dcdc: c5f8 77e8 

  0x000001c43e45dce0: ; ImmutableOopMap {rbp=NarrowOop [32]=Oop [48]=Oop [68]=NarrowOop [88]=Oop [96]=Oop [104]=Oop [144]=NarrowOop [148]=NarrowOop }
                      ;*checkcast {reexecute=0 rethrow=0 return_oop=0}
                      ; - java.lang.ClassLoader::getDefinedPackage@16 (line 2263)
                      ; - java.net.URLClassLoader::getAndVerifyPackage@2 (line 457)
                      ; - java.net.URLClassLoader::defineClass@46 (line 492)
                      ; - java.net.URLClassLoader$1::run@43 (line 427)
  0x000001c43e45dce0: 9c66 5cff 

  0x000001c43e45dce4: ;   {other}
  0x000001c43e45dce4: 0f1f 8400 | 547a 00a8 | bade ffff | ff48 8b6c | 2450 4c8b | 5424 484c | 8954 2428 | 4c8b 5424 
  0x000001c43e45dd04: 384c 8954 | 2430 448b | 5c24 6044 | 895c 243c | 4889 4424 | 7066 6690 

  0x000001c43e45dd1c: ;   {runtime_call UncommonTrapBlob}
  0x000001c43e45dd1c: c5f8 77e8 

  0x000001c43e45dd20: ; ImmutableOopMap {rbp=Oop [40]=Oop [60]=NarrowOop [64]=Oop [88]=Oop [112]=Oop [144]=NarrowOop [148]=NarrowOop }
                      ;*checkcast {reexecute=0 rethrow=0 return_oop=0}
                      ; - java.lang.ClassLoader::definePackage@81 (line 2129)
                      ; - java.lang.ClassLoader::getDefinedPackage@32 (line 2267)
                      ; - java.net.URLClassLoader::getAndVerifyPackage@2 (line 457)
                      ; - java.net.URLClassLoader::defineClass@46 (line 492)
                      ; - java.net.URLClassLoader$1::run@43 (line 427)
  0x000001c43e45dd20: 5c66 5cff 

  0x000001c43e45dd24: ;   {other}
  0x000001c43e45dd24: 0f1f 8400 | 947a 00a9 | bade ffff | ff4c 8b44 | 2450 4c89 | 4424 204c | 8b44 2448 | 4c89 4424 
  0x000001c43e45dd44: 3044 8974 | 2440 4c89 | 5c24 584c | 8954 2460 | 4c89 4c24 | 684c 894c | 2470 4889 | 8c24 8000 
  0x000001c43e45dd64: 0000 6690 

  0x000001c43e45dd68: ;   {runtime_call UncommonTrapBlob}
  0x000001c43e45dd68: c5f8 77e8 

  0x000001c43e45dd6c: ; ImmutableOopMap {rbp=NarrowOop [32]=Oop [48]=Oop [64]=NarrowOop [88]=Oop [96]=Oop [104]=Oop [112]=Oop [128]=Oop [144]=NarrowOop [148]=NarrowOop }
                      ;*checkcast {reexecute=0 rethrow=0 return_oop=0}
                      ; - java.util.jar.Manifest::getAttributes@10 (line 160)
                      ; - java.util.jar.Manifest::getTrustedAttributes@2 (line 177)
                      ; - java.util.jar.JavaUtilJarAccessImpl::getTrustedAttributes@2 (line 38)
                      ; - java.net.URLClassLoader::isSealed@18 (line 601)
                      ; - java.net.URLClassLoader::getAndVerifyPackage@68 (line 469)
                      ; - java.net.URLClassLoader::defineClass@46 (line 492)
                      ; - java.net.URLClassLoader$1::run@43 (line 427)
  0x000001c43e45dd6c: 1066 5cff 

  0x000001c43e45dd70: ;   {other}
  0x000001c43e45dd70: 0f1f 8400 | e07a 00aa | bade ffff | ff4c 8b44 | 2450 4c89 | 4424 204c | 8b44 2448 | 4c89 4424 
  0x000001c43e45dd90: 3044 8974 | 2440 4c89 | 4c24 504c | 895c 2458 | 4c89 5424 | 6066 6690 

  0x000001c43e45dda8: ;   {runtime_call UncommonTrapBlob}
  0x000001c43e45dda8: c5f8 77e8 

  0x000001c43e45ddac: ; ImmutableOopMap {rbp=NarrowOop [32]=Oop [48]=Oop [64]=NarrowOop [80]=Oop [88]=Oop [96]=Oop [144]=NarrowOop [148]=NarrowOop }
                      ;*checkcast {reexecute=0 rethrow=0 return_oop=0}
                      ; - java.util.jar.Attributes::getValue@5 (line 142)
                      ; - java.net.URLClassLoader::isSealed@58 (line 608)
                      ; - java.net.URLClassLoader::getAndVerifyPackage@68 (line 469)
                      ; - java.net.URLClassLoader::defineClass@46 (line 492)
                      ; - java.net.URLClassLoader$1::run@43 (line 427)
  0x000001c43e45ddac: d065 5cff 

  0x000001c43e45ddb0: ;   {other}
  0x000001c43e45ddb0: 0f1f 8400 | 207b 00ab | bade ffff | ff4c 8b54 | 2450 4c89 | 5424 204c | 8b54 2448 | 4c89 5424 
  0x000001c43e45ddd0: 284c 8b54 | 2438 4c89 | 5424 3044 | 8974 2438 | 4c89 4424 | 504c 894c | 2458 6690 

  0x000001c43e45ddec: ;   {runtime_call UncommonTrapBlob}
  0x000001c43e45ddec: c5f8 77e8 

  0x000001c43e45ddf0: ; ImmutableOopMap {rbp=NarrowOop [32]=Oop [40]=Oop [56]=NarrowOop [80]=Oop [88]=Oop [144]=NarrowOop [148]=NarrowOop [192]=Oop }
                      ;*checkcast {reexecute=0 rethrow=0 return_oop=0}
                      ; - java.util.jar.JarFile::getManifestFromReference@14 (line 409)
                      ; - java.util.jar.JarFile::getManifest@1 (line 405)
                      ; - jdk.internal.loader.URLClassPath$JarLoader$2::getManifest@22 (line 853)
                      ; - java.net.URLClassLoader::defineClass@34 (line 491)
                      ; - java.net.URLClassLoader$1::run@43 (line 427)
  0x000001c43e45ddf0: 8c65 5cff 

  0x000001c43e45ddf4: ;   {other}
  0x000001c43e45ddf4: 0f1f 8400 | 647b 00ac | bade ffff | ff4c 8b44 | 2450 4c89 | 4424 204c | 8b44 2448 | 4c89 4424 
  0x000001c43e45de14: 304c 895c | 2458 4c89 | 4c24 6044 | 8974 2444 | 4c89 5c24 | 6844 8994 | 2480 0000 | 0066 6690 
  0x000001c43e45de34: ;   {runtime_call UncommonTrapBlob}
  0x000001c43e45de34: c5f8 77e8 

  0x000001c43e45de38: ; ImmutableOopMap {rbp=NarrowOop [32]=Oop [48]=Oop [68]=NarrowOop [88]=Oop [96]=Oop [104]=Oop [128]=NarrowOop [144]=NarrowOop [148]=NarrowOop }
                      ;*checkcast {reexecute=0 rethrow=0 return_oop=0}
                      ; - java.lang.ClassLoader::definePackage@50 (line 2125)
                      ; - java.lang.ClassLoader::getDefinedPackage@32 (line 2267)
                      ; - java.net.URLClassLoader::getAndVerifyPackage@2 (line 457)
                      ; - java.net.URLClassLoader::defineClass@46 (line 492)
                      ; - java.net.URLClassLoader$1::run@43 (line 427)
  0x000001c43e45de38: 4465 5cff 

  0x000001c43e45de3c: ;   {other}
  0x000001c43e45de3c: 0f1f 8400 | ac7b 00ad | baf6 ffff | ff48 8b6c | 2450 6690 

  0x000001c43e45de50: ;   {runtime_call UncommonTrapBlob}
  0x000001c43e45de50: c5f8 77e8 

  0x000001c43e45de54: ; ImmutableOopMap {rbp=Oop }
                      ;*invokevirtual replace {reexecute=0 rethrow=0 return_oop=0}
                      ; - java.net.URLClassLoader$1::run@8 (line 423)
  0x000001c43e45de54: 2865 5cff 

  0x000001c43e45de58: ;   {other}
  0x000001c43e45de58: 0f1f 8400 | c87b 00ae | baf6 ffff | ff48 8b6c | 2450 6690 

  0x000001c43e45de6c: ;   {runtime_call UncommonTrapBlob}
  0x000001c43e45de6c: c5f8 77e8 

  0x000001c43e45de70: ; ImmutableOopMap {rbp=Oop }
                      ;*arraylength {reexecute=0 rethrow=0 return_oop=0}
                      ; - java.lang.StringLatin1::replace@8 (line 295)
                      ; - java.lang.String::replace@18 (line 2933)
                      ; - java.net.URLClassLoader$1::run@8 (line 423)
  0x000001c43e45de70: 0c65 5cff 

  0x000001c43e45de74: ;   {other}
  0x000001c43e45de74: 0f1f 8400 | e47b 00af | baf6 ffff | ff48 8b6c | 2450 4889 | 4424 2090 

  0x000001c43e45de8c: ;   {runtime_call UncommonTrapBlob}
  0x000001c43e45de8c: c5f8 77e8 

  0x000001c43e45de90: ; ImmutableOopMap {rbp=Oop [32]=Oop }
                      ;*getfield ucp {reexecute=1 rethrow=0 return_oop=0}
                      ; - (reexecute) java.net.URLClassLoader$1::run@21 (line 424)
  0x000001c43e45de90: ec64 5cff 

  0x000001c43e45de94: ;   {other}
  0x000001c43e45de94: 0f1f 8400 | 047c 00b0 | baf6 ffff | ff48 8b6c | 2450 4c8b | 5424 484c | 8954 2428 | 4889 4424 
  0x000001c43e45deb4: 3066 6690 

  0x000001c43e45deb8: ;   {runtime_call UncommonTrapBlob}
  0x000001c43e45deb8: c5f8 77e8 

  0x000001c43e45debc: ; ImmutableOopMap {rbp=Oop [40]=Oop [72]=Oop [144]=NarrowOop }
                      ;*invokevirtual lastIndexOf {reexecute=0 rethrow=0 return_oop=0}
                      ; - java.net.URLClassLoader::defineClass@7 (line 486)
                      ; - java.net.URLClassLoader$1::run@43 (line 427)
  0x000001c43e45debc: c064 5cff 

  0x000001c43e45dec0: ;   {other}
  0x000001c43e45dec0: 0f1f 8400 | 307c 00b1 | baf6 ffff | ff48 8b6c | 2450 4c8b | 5424 484c | 8954 2428 | 4889 4424 
  0x000001c43e45dee0: 3066 6690 

  0x000001c43e45dee4: ;   {runtime_call UncommonTrapBlob}
  0x000001c43e45dee4: c5f8 77e8 

  0x000001c43e45dee8: ; ImmutableOopMap {rbp=Oop [40]=Oop [72]=Oop [144]=NarrowOop [148]=NarrowOop }
                      ;*arraylength {reexecute=0 rethrow=0 return_oop=0}
                      ; - java.lang.String::length@4 (line 1519)
                      ; - java.lang.String::lastIndexOf@3 (line 2535)
                      ; - java.net.URLClassLoader::defineClass@7 (line 486)
                      ; - java.net.URLClassLoader$1::run@43 (line 427)
  0x000001c43e45dee8: 9464 5cff 

  0x000001c43e45deec: ;   {other}
  0x000001c43e45deec: 0f1f 8400 | 5c7c 00b2 | baf4 ffff | ff4c 8b54 | 2438 4c89 | 5424 3044 | 8b5c 2440 | 4489 5c24 
  0x000001c43e45df0c: 3866 6690 

  0x000001c43e45df10: ;   {runtime_call UncommonTrapBlob}
  0x000001c43e45df10: c5f8 77e8 

  0x000001c43e45df14: ; ImmutableOopMap {[56]=NarrowOop [72]=Oop [80]=Oop [144]=NarrowOop [148]=NarrowOop }
                      ;*instanceof {reexecute=0 rethrow=0 return_oop=0}
                      ; - jdk.internal.loader.Resource::getByteBuffer@6 (line 164)
                      ; - java.net.URLClassLoader::defineClass@132 (line 511)
                      ; - java.net.URLClassLoader$1::run@43 (line 427)
  0x000001c43e45df14: 6864 5cff 

  0x000001c43e45df18: ;   {other}
  0x000001c43e45df18: 0f1f 8400 | 887c 00b3 | baf6 ffff | ff66 6690 

  0x000001c43e45df28: ;   {runtime_call UncommonTrapBlob}
  0x000001c43e45df28: c5f8 77e8 

  0x000001c43e45df2c: ; ImmutableOopMap {[64]=Oop [72]=Oop [80]=Oop [144]=NarrowOop [148]=NarrowOop }
                      ;*arraylength {reexecute=0 rethrow=0 return_oop=0}
                      ; - java.net.URLClassLoader::defineClass@217 (line 524)
                      ; - java.net.URLClassLoader$1::run@43 (line 427)
  0x000001c43e45df2c: 5064 5cff 

  0x000001c43e45df30: ;   {other}
  0x000001c43e45df30: 0f1f 8400 | a07c 00b4 | baf6 ffff | ff48 8b6c | 2450 4c8b | 5c24 384c | 895c 2428 | 4489 5424 
  0x000001c43e45df50: 3048 894c | 2440 6690 

  0x000001c43e45df58: ;   {runtime_call UncommonTrapBlob}
  0x000001c43e45df58: c5f8 77e8 

  0x000001c43e45df5c: ; ImmutableOopMap {rbp=Oop [64]=Oop [72]=Oop [144]=NarrowOop [148]=NarrowOop }
                      ;*getfield csu {reexecute=1 rethrow=0 return_oop=0}
                      ; - (reexecute) jdk.internal.loader.URLClassPath$JarLoader$2::getCodeSourceURL@4 (line 846)
                      ; - java.net.URLClassLoader::defineClass@13 (line 487)
                      ; - java.net.URLClassLoader$1::run@43 (line 427)
  0x000001c43e45df5c: 2064 5cff 

  0x000001c43e45df60: ;   {other}
  0x000001c43e45df60: 0f1f 8400 | d07c 00b5 | baf6 ffff | ff48 8b6c | 2450 4c8b | 5424 484c | 8954 2420 | 4c8b 5424 
  0x000001c43e45df80: 384c 8954 | 2428 4489 | 7424 304c | 895c 2448 

  0x000001c43e45df90: ;   {runtime_call UncommonTrapBlob}
  0x000001c43e45df90: c5f8 77e8 

  0x000001c43e45df94: ; ImmutableOopMap {rbp=Oop [32]=Oop [48]=NarrowOop [72]=Oop [144]=NarrowOop [148]=NarrowOop [192]=Oop }
                      ;*getfield jar {reexecute=1 rethrow=0 return_oop=0}
                      ; - (reexecute) jdk.internal.loader.URLClassPath$JarLoader$2::getManifest@7 (line 852)
                      ; - java.net.URLClassLoader::defineClass@34 (line 491)
                      ; - java.net.URLClassLoader$1::run@43 (line 427)
  0x000001c43e45df94: e863 5cff 

  0x000001c43e45df98: ;   {other}
  0x000001c43e45df98: 0f1f 8400 | 087d 00b6 | baf6 ffff | ff4c 8b54 | 2448 4c89 | 5424 204c | 8b54 2438 | 4c89 5424 
  0x000001c43e45dfb8: 2844 8974 | 2430 4c89 | 5c24 4890 

  0x000001c43e45dfc4: ;   {runtime_call UncommonTrapBlob}
  0x000001c43e45dfc4: c5f8 77e8 

  0x000001c43e45dfc8: ; ImmutableOopMap {[32]=Oop [48]=NarrowOop [72]=Oop [80]=Oop [144]=NarrowOop [148]=NarrowOop [192]=Oop }
                      ;*getfield jar {reexecute=1 rethrow=0 return_oop=0}
                      ; - (reexecute) jdk.internal.loader.URLClassPath$JarLoader$2::getManifest@19 (line 853)
                      ; - java.net.URLClassLoader::defineClass@34 (line 491)
                      ; - java.net.URLClassLoader$1::run@43 (line 427)
  0x000001c43e45dfc8: b463 5cff 

  0x000001c43e45dfcc: ;   {other}
  0x000001c43e45dfcc: 0f1f 8400 | 3c7d 00b7 | baf6 ffff | ff4c 8b54 | 2448 4c89 | 5424 204c | 8b54 2438 | 4c89 5424 
  0x000001c43e45dfec: 2844 8974 | 2430 4c89 | 5c24 4890 

  0x000001c43e45dff8: ;   {runtime_call UncommonTrapBlob}
  0x000001c43e45dff8: c5f8 77e8 

  0x000001c43e45dffc: ; ImmutableOopMap {[32]=Oop [48]=NarrowOop [72]=Oop [80]=Oop [144]=NarrowOop [148]=NarrowOop [192]=Oop }
                      ;*invokevirtual getManifest {reexecute=0 rethrow=0 return_oop=0}
                      ; - jdk.internal.loader.URLClassPath$JarLoader$2::getManifest@22 (line 853)
                      ; - java.net.URLClassLoader::defineClass@34 (line 491)
                      ; - java.net.URLClassLoader$1::run@43 (line 427)
  0x000001c43e45dffc: 8063 5cff 

  0x000001c43e45e000: ;   {other}
  0x000001c43e45e000: 0f1f 8400 | 707d 00b8 | baf6 ffff | ff4c 8b54 | 2438 4c89 | 5424 2844 | 8b5c 2440 | 4489 5c24 
  0x000001c43e45e020: 3066 6690 

  0x000001c43e45e024: ;   {runtime_call UncommonTrapBlob}
  0x000001c43e45e024: c5f8 77e8 

  0x000001c43e45e028: ; ImmutableOopMap {[48]=NarrowOop [72]=Oop [80]=Oop [88]=Oop [144]=NarrowOop [148]=NarrowOop }
                      ;*arraylength {reexecute=0 rethrow=0 return_oop=0}
                      ; - java.util.zip.Checksum::update@4 (line 58)
                      ; - jdk.internal.loader.URLClassPath$JarLoader$2::getBytes@15 (line 864)
                      ; - java.net.URLClassLoader::defineClass@179 (line 519)
                      ; - java.net.URLClassLoader$1::run@43 (line 427)
  0x000001c43e45e028: 5463 5cff 

  0x000001c43e45e02c: ;   {other}
  0x000001c43e45e02c: 0f1f 8400 | 9c7d 00b9 | baf6 ffff | ff4c 8b5c | 2438 4c89 | 5c24 2844 | 8b44 2440 | 4489 4424 
  0x000001c43e45e04c: 3066 6690 

  0x000001c43e45e050: ;   {runtime_call UncommonTrapBlob}
  0x000001c43e45e050: c5f8 77e8 

  0x000001c43e45e054: ; ImmutableOopMap {[48]=NarrowOop [72]=Oop [80]=Oop [88]=Oop [144]=NarrowOop [148]=NarrowOop }
                      ;*invokevirtual getCrc {reexecute=0 rethrow=0 return_oop=0}
                      ; - jdk.internal.loader.URLClassPath$JarLoader$2::getBytes@26 (line 865)
                      ; - java.net.URLClassLoader::defineClass@179 (line 519)
                      ; - java.net.URLClassLoader$1::run@43 (line 427)
  0x000001c43e45e054: 2863 5cff 

  0x000001c43e45e058: ;   {other}
  0x000001c43e45e058: 0f1f 8400 | c87d 00ba | baf6 ffff | ff4c 8b54 | 2438 4c89 | 5424 2844 | 8b5c 2440 | 4489 5c24 
  0x000001c43e45e078: 3066 6690 

  0x000001c43e45e07c: ;   {runtime_call UncommonTrapBlob}
  0x000001c43e45e07c: c5f8 77e8 

  0x000001c43e45e080: ; ImmutableOopMap {[48]=NarrowOop [72]=Oop [80]=Oop [104]=Oop [144]=NarrowOop [148]=NarrowOop }
                      ;*invokevirtual getCodeSigners {reexecute=0 rethrow=0 return_oop=0}
                      ; - jdk.internal.loader.URLClassPath$JarLoader$2::getCodeSigners@4 (line 858)
                      ; - java.net.URLClassLoader::defineClass@185 (line 521)
                      ; - java.net.URLClassLoader$1::run@43 (line 427)
  0x000001c43e45e080: fc62 5cff 

  0x000001c43e45e084: ;   {other}
  0x000001c43e45e084: 0f1f 8400 | f47d 00bb | baf6 ffff | ff48 ff74 | 2448 488f | 4424 204c | 8b54 2438 | 4c89 5424 
  0x000001c43e45e0a4: 2844 8b5c | 2440 4489 | 5c24 304c | 894c 2448 

  0x000001c43e45e0b4: ;   {runtime_call UncommonTrapBlob}
  0x000001c43e45e0b4: c5f8 77e8 

  0x000001c43e45e0b8: ; ImmutableOopMap {[32]=Oop [48]=NarrowOop [72]=Oop [80]=Oop [104]=Oop [144]=NarrowOop [148]=NarrowOop }
                      ;*invokevirtual maybeInstantiateVerifier {reexecute=0 rethrow=0 return_oop=0}
                      ; - java.util.jar.JarFile$JarFileEntry::getCodeSigners@4 (line 670)
                      ; - jdk.internal.loader.URLClassPath$JarLoader$2::getCodeSigners@4 (line 858)
                      ; - java.net.URLClassLoader::defineClass@185 (line 521)
                      ; - java.net.URLClassLoader$1::run@43 (line 427)
  0x000001c43e45e0b8: c462 5cff 

  0x000001c43e45e0bc: ;   {other}
  0x000001c43e45e0bc: 0f1f 8400 | 2c7e 00bc | baf6 ffff | ff4c 895c | 2420 4c8b | 5424 384c | 8954 2428 | 448b 5c24 
  0x000001c43e45e0dc: 4044 895c | 2430 4c89 | 4c24 4890 

  0x000001c43e45e0e8: ;   {runtime_call UncommonTrapBlob}
  0x000001c43e45e0e8: c5f8 77e8 

  0x000001c43e45e0ec: ; ImmutableOopMap {[32]=Oop [48]=NarrowOop [72]=Oop [80]=Oop [104]=Oop [144]=NarrowOop [148]=NarrowOop }
                      ;*getfield jv {reexecute=1 rethrow=0 return_oop=0}
                      ; - (reexecute) java.util.jar.JarFile$JarFileEntry::getCodeSigners@31 (line 674)
                      ; - jdk.internal.loader.URLClassPath$JarLoader$2::getCodeSigners@4 (line 858)
                      ; - java.net.URLClassLoader::defineClass@185 (line 521)
                      ; - java.net.URLClassLoader$1::run@43 (line 427)
  0x000001c43e45e0ec: 9062 5cff 

  0x000001c43e45e0f0: ;   {other}
  0x000001c43e45e0f0: 0f1f 8400 | 607e 00bd | baf6 ffff | ff48 8b6c | 2450 4c8b | 5424 484c | 8954 2428 | 4c8b 5424 
  0x000001c43e45e110: 384c 8954 | 2430 4489 | 7424 384c | 895c 2440 | 4c89 4c24 | 4866 6690 

  0x000001c43e45e128: ;   {runtime_call UncommonTrapBlob}
  0x000001c43e45e128: c5f8 77e8 

  0x000001c43e45e12c: ; ImmutableOopMap {rbp=Oop [40]=Oop [56]=NarrowOop [64]=Oop [72]=Oop [144]=NarrowOop [148]=NarrowOop }
                      ;*arraylength {reexecute=0 rethrow=0 return_oop=0}
                      ; - java.lang.String::isEmpty@4 (line 1532)
                      ; - java.lang.ClassLoader::definePackage@1 (line 2120)
                      ; - java.lang.ClassLoader::getDefinedPackage@32 (line 2267)
                      ; - java.net.URLClassLoader::getAndVerifyPackage@2 (line 457)
                      ; - java.net.URLClassLoader::defineClass@46 (line 492)
                      ; - java.net.URLClassLoader$1::run@43 (line 427)
  0x000001c43e45e12c: 5062 5cff 

  0x000001c43e45e130: ;   {other}
  0x000001c43e45e130: 0f1f 8400 | a07e 00be | baf6 ffff | ff48 8b6c | 2450 4c8b | 5424 484c | 8954 2428 | 4c8b 5424 
  0x000001c43e45e150: 384c 8954 | 2430 4489 | 7424 384c | 895c 2440 | 4c89 4c24 | 4866 6690 

  0x000001c43e45e168: ;   {runtime_call UncommonTrapBlob}
  0x000001c43e45e168: c5f8 77e8 

  0x000001c43e45e16c: ; ImmutableOopMap {rbp=Oop [40]=Oop [56]=NarrowOop [64]=Oop [72]=Oop [144]=NarrowOop [148]=NarrowOop }
                      ;*invokevirtual isNamed {reexecute=0 rethrow=0 return_oop=0}
                      ; - java.lang.Package::isSealed@4 (line 235)
                      ; - java.net.URLClassLoader::getAndVerifyPackage@14 (line 460)
                      ; - java.net.URLClassLoader::defineClass@46 (line 492)
                      ; - java.net.URLClassLoader$1::run@43 (line 427)
  0x000001c43e45e16c: 1062 5cff 

  0x000001c43e45e170: ;   {other}
  0x000001c43e45e170: 0f1f 8400 | e07e 00bf | baf6 ffff | ff48 8b6c | 2450 4c8b | 5424 484c | 8954 2428 | 4c8b 5424 
  0x000001c43e45e190: 384c 8954 | 2430 4489 | 7424 384c | 895c 2440 | 4c89 4c24 | 4866 6690 

  0x000001c43e45e1a8: ;   {runtime_call UncommonTrapBlob}
  0x000001c43e45e1a8: c5f8 77e8 

  0x000001c43e45e1ac: ; ImmutableOopMap {rbp=Oop [40]=Oop [56]=NarrowOop [64]=Oop [72]=Oop [144]=NarrowOop [148]=NarrowOop }
                      ;*getfield sealBase {reexecute=1 rethrow=0 return_oop=0}
                      ; - (reexecute) java.lang.Package::isSealed@14 (line 235)
                      ; - java.net.URLClassLoader::getAndVerifyPackage@14 (line 460)
                      ; - java.net.URLClassLoader::defineClass@46 (line 492)
                      ; - java.net.URLClassLoader$1::run@43 (line 427)
  0x000001c43e45e1ac: d061 5cff 

  0x000001c43e45e1b0: ;   {other}
  0x000001c43e45e1b0: 0f1f 8400 | 207f 00c0 | baf6 ffff | ff48 8b6c | 2450 4c8b | 5424 484c | 8954 2428 | 4c8b 5424 
  0x000001c43e45e1d0: 384c 8954 | 2430 4489 | 7424 384c | 895c 2440 | 4c89 4c24 | 4866 6690 

  0x000001c43e45e1e8: ;   {runtime_call UncommonTrapBlob}
  0x000001c43e45e1e8: c5f8 77e8 

  0x000001c43e45e1ec: ; ImmutableOopMap {rbp=Oop [40]=Oop [56]=NarrowOop [64]=Oop [72]=Oop [144]=NarrowOop [148]=NarrowOop }
                      ;*arraylength {reexecute=0 rethrow=0 return_oop=0}
                      ; - java.lang.StringLatin1::replace@8 (line 295)
                      ; - java.lang.String::replace@18 (line 2933)
                      ; - java.net.URLClassLoader::isSealed@9 (line 601)
                      ; - java.net.URLClassLoader::getAndVerifyPackage@68 (line 469)
                      ; - java.net.URLClassLoader::defineClass@46 (line 492)
                      ; - java.net.URLClassLoader$1::run@43 (line 427)
  0x000001c43e45e1ec: 9061 5cff 

  0x000001c43e45e1f0: ;   {other}
  0x000001c43e45e1f0: 0f1f 8400 | 607f 00c1 | baf6 ffff | ff48 8b6c | 2450 4c8b | 5424 484c | 8954 2428 | 4c8b 5424 
  0x000001c43e45e210: 384c 8954 | 2430 4489 | 7424 384c | 895c 2440 | 4c89 4c24 | 4848 894c | 2458 6690 

  0x000001c43e45e22c: ;   {runtime_call UncommonTrapBlob}
  0x000001c43e45e22c: c5f8 77e8 

  0x000001c43e45e230: ; ImmutableOopMap {rbp=Oop [40]=Oop [56]=NarrowOop [64]=Oop [72]=Oop [88]=Oop [144]=NarrowOop [148]=NarrowOop }
                      ;*invokeinterface get {reexecute=0 rethrow=0 return_oop=0}
                      ; - java.util.jar.Manifest::getAttributes@5 (line 160)
                      ; - java.util.jar.Manifest::getTrustedAttributes@2 (line 177)
                      ; - java.util.jar.JavaUtilJarAccessImpl::getTrustedAttributes@2 (line 38)
                      ; - java.net.URLClassLoader::isSealed@18 (line 601)
                      ; - java.net.URLClassLoader::getAndVerifyPackage@68 (line 469)
                      ; - java.net.URLClassLoader::defineClass@46 (line 492)
                      ; - java.net.URLClassLoader$1::run@43 (line 427)
  0x000001c43e45e230: 4c61 5cff 

  0x000001c43e45e234: ;   {other}
  0x000001c43e45e234: 0f1f 8400 | a47f 00c2 | baf6 ffff | ff48 8b6c | 2450 4c8b | 5424 484c | 8954 2428 | 4c8b 5424 
  0x000001c43e45e254: 384c 8954 | 2430 4489 | 7424 384c | 895c 2440 | 4c89 4c24 | 4866 6690 

  0x000001c43e45e26c: ;   {runtime_call UncommonTrapBlob}
  0x000001c43e45e26c: c5f8 77e8 

  0x000001c43e45e270: ; ImmutableOopMap {rbp=Oop [40]=Oop [56]=NarrowOop [64]=Oop [72]=Oop [144]=NarrowOop [148]=NarrowOop }
                      ;*invokeinterface get {reexecute=0 rethrow=0 return_oop=0}
                      ; - java.util.jar.Attributes::get@5 (line 106)
                      ; - java.util.jar.Attributes::getValue@2 (line 142)
                      ; - java.net.URLClassLoader::isSealed@58 (line 608)
                      ; - java.net.URLClassLoader::getAndVerifyPackage@68 (line 469)
                      ; - java.net.URLClassLoader::defineClass@46 (line 492)
                      ; - java.net.URLClassLoader$1::run@43 (line 427)
  0x000001c43e45e270: 0c61 5cff 

  0x000001c43e45e274: ;   {other}
  0x000001c43e45e274: 0f1f 8400 | e47f 00c3 | ba45 ffff | ff48 8b6c | 2450 4c8b | 4424 484c | 8944 2420 | 4c8b 4424 
  0x000001c43e45e294: 384c 8944 | 2428 4489 | 7424 304c | 895c 2450 | 4489 5424 | 5866 6690 

  0x000001c43e45e2ac: ;   {runtime_call UncommonTrapBlob}
  0x000001c43e45e2ac: c5f8 77e8 

  0x000001c43e45e2b0: ; ImmutableOopMap {rbp=Oop [32]=Oop [48]=NarrowOop [80]=Oop [88]=NarrowOop [144]=NarrowOop [148]=NarrowOop [192]=Oop }
                      ;*ifnonnull {reexecute=1 rethrow=0 return_oop=0}
                      ; - (reexecute) jdk.internal.access.SharedSecrets::javaUtilJarAccess@5 (line 139)
                      ; - jdk.internal.loader.URLClassPath$JarLoader$2::getManifest@0 (line 852)
                      ; - java.net.URLClassLoader::defineClass@34 (line 491)
                      ; - java.net.URLClassLoader$1::run@43 (line 427)
  0x000001c43e45e2b0: cc60 5cff 

  0x000001c43e45e2b4: ;   {other}
  0x000001c43e45e2b4: 0f1f 8400 | 2480 00c4 | ba45 ffff | ff4c 8b54 | 2450 4c89 | 5424 204c | 8b54 2448 | 4c89 5424 
  0x000001c43e45e2d4: 284c 8b54 | 2438 4c89 | 5424 3044 | 8974 2438 | 4c89 5c24 | 504c 894c | 2458 6690 

  0x000001c43e45e2f0: ;   {runtime_call UncommonTrapBlob}
  0x000001c43e45e2f0: c5f8 77e8 

  0x000001c43e45e2f4: ; ImmutableOopMap {rbp=NarrowOop [32]=Oop [40]=Oop [56]=NarrowOop [80]=Oop [88]=Oop [144]=NarrowOop [148]=NarrowOop [192]=Oop }
                      ;*ifnull {reexecute=1 rethrow=0 return_oop=0}
                      ; - (reexecute) java.lang.ref.SoftReference::get@6 (line 114)
                      ; - java.util.jar.JarFile::getManifestFromReference@11 (line 409)
                      ; - java.util.jar.JarFile::getManifest@1 (line 405)
                      ; - jdk.internal.loader.URLClassPath$JarLoader$2::getManifest@22 (line 853)
                      ; - java.net.URLClassLoader::defineClass@34 (line 491)
                      ; - java.net.URLClassLoader$1::run@43 (line 427)
  0x000001c43e45e2f4: 8860 5cff 

  0x000001c43e45e2f8: ;   {other}
  0x000001c43e45e2f8: 0f1f 8400 | 6880 00c5 | ba45 ffff | ff48 8b6c | 2450 488b | 4c24 4848 | 894c 2428 | 488b 4c24 
  0x000001c43e45e318: 3848 894c | 2430 4489 | 7424 384c | 895c 2450 | 4c89 5424 | 584c 895c | 2460 4c89 | 4c24 6844 
  0x000001c43e45e338: 8944 2478 

  0x000001c43e45e33c: ;   {runtime_call UncommonTrapBlob}
  0x000001c43e45e33c: c5f8 77e8 

  0x000001c43e45e340: ; ImmutableOopMap {rbp=Oop [40]=Oop [56]=NarrowOop [80]=Oop [88]=Oop [96]=Oop [104]=Oop [120]=NarrowOop [144]=NarrowOop [148]=NarrowOop }
                      ;*ifnonnull {reexecute=1 rethrow=0 return_oop=0}
                      ; - (reexecute) jdk.internal.access.SharedSecrets::javaUtilJarAccess@5 (line 139)
                      ; - java.net.URLClassLoader::isSealed@0 (line 600)
                      ; - java.net.URLClassLoader::getAndVerifyPackage@68 (line 469)
                      ; - java.net.URLClassLoader::defineClass@46 (line 492)
                      ; - java.net.URLClassLoader$1::run@43 (line 427)
  0x000001c43e45e340: 3c60 5cff 

  0x000001c43e45e344: ;   {other}
  0x000001c43e45e344: 0f1f 8400 | b480 00c6 | ba45 ffff | ff48 8b6c | 2450 4c8b | 4424 484c | 8944 2428 | 4c8b 4424 
  0x000001c43e45e364: 384c 8944 | 2430 4489 | 7424 384c | 894c 2448 | 4c89 5c24 | 504c 8954 | 2458 894c | 2468 6690 
  0x000001c43e45e384: ;   {runtime_call UncommonTrapBlob}
  0x000001c43e45e384: c5f8 77e8 

  0x000001c43e45e388: ; ImmutableOopMap {rbp=Oop [40]=Oop [56]=NarrowOop [72]=Oop [80]=Oop [88]=Oop [104]=NarrowOop [144]=NarrowOop [148]=NarrowOop }
                      ;*ifnull {reexecute=1 rethrow=0 return_oop=0}
                      ; - (reexecute) java.net.URLClassLoader::isSealed@51 (line 607)
                      ; - java.net.URLClassLoader::getAndVerifyPackage@68 (line 469)
                      ; - java.net.URLClassLoader::defineClass@46 (line 492)
                      ; - java.net.URLClassLoader$1::run@43 (line 427)
  0x000001c43e45e388: f45f 5cff 

  0x000001c43e45e38c: ;   {other}
  0x000001c43e45e38c: 0f1f 8400 | fc80 00c7 | baf4 ffff | ff48 8b6c | 2450 4c8b | 5424 484c | 8954 2428 | 4c8b 5424 
  0x000001c43e45e3ac: 384c 8954 | 2430 448b | 5424 6044 | 8954 2438 

  0x000001c43e45e3bc: ;   {runtime_call UncommonTrapBlob}
  0x000001c43e45e3bc: c5f8 77e8 

  0x000001c43e45e3c0: ; ImmutableOopMap {rbp=Oop [40]=Oop [56]=NarrowOop [64]=Oop [88]=Oop [144]=NarrowOop [148]=NarrowOop }
                      ;*checkcast {reexecute=0 rethrow=0 return_oop=0}
                      ; - java.lang.ClassLoader::definePackage@81 (line 2129)
                      ; - java.lang.ClassLoader::getDefinedPackage@32 (line 2267)
                      ; - java.net.URLClassLoader::getAndVerifyPackage@2 (line 457)
                      ; - java.net.URLClassLoader::defineClass@46 (line 492)
                      ; - java.net.URLClassLoader$1::run@43 (line 427)
  0x000001c43e45e3c0: bc5f 5cff 

  0x000001c43e45e3c4: ;   {other}
  0x000001c43e45e3c4: 0f1f 8400 | 3481 00c8 | baf6 ffff | ff48 8b6c | 2450 4c8b | 5424 484c | 8954 2428 | 4c8b 5424 
  0x000001c43e45e3e4: 384c 8954 | 2430 4489 | 7424 384c | 895c 2440 | 4c89 4c24 | 4866 6690 

  0x000001c43e45e3fc: ;   {runtime_call UncommonTrapBlob}
  0x000001c43e45e3fc: c5f8 77e8 

  0x000001c43e45e400: ; ImmutableOopMap {rbp=Oop [40]=Oop [56]=NarrowOop [64]=Oop [72]=Oop [144]=NarrowOop [148]=NarrowOop }
                      ;*arraylength {reexecute=0 rethrow=0 return_oop=0}
                      ; - java.lang.String::length@4 (line 1519)
                      ; - java.lang.String::equalsIgnoreCase@14 (line 1992)
                      ; - java.net.URLClassLoader::isSealed@68 (line 611)
                      ; - java.net.URLClassLoader::getAndVerifyPackage@68 (line 469)
                      ; - java.net.URLClassLoader::defineClass@46 (line 492)
                      ; - java.net.URLClassLoader$1::run@43 (line 427)
  0x000001c43e45e400: 7c5f 5cff 

  0x000001c43e45e404: ;   {other}
  0x000001c43e45e404: 0f1f 8400 | 7481 00c9 | ba45 ffff | ff4c 8b44 | 2450 4c89 | 4424 204c | 8b44 2448 | 4c89 4424 
  0x000001c43e45e424: 304c 895c | 2458 4c89 | 4c24 6044 | 8974 2444 | 4c89 5c24 | 6844 8994 | 2488 0000 | 0089 8c24 
  0x000001c43e45e444: 8c00 0000 

  0x000001c43e45e448: ;   {runtime_call UncommonTrapBlob}
  0x000001c43e45e448: c5f8 77e8 

  0x000001c43e45e44c: ; ImmutableOopMap {rbp=NarrowOop [32]=Oop [48]=Oop [68]=NarrowOop [88]=Oop [96]=Oop [104]=Oop [136]=NarrowOop [144]=NarrowOop [148]=NarrowOop }
                      ;*ifnull {reexecute=1 rethrow=0 return_oop=0}
                      ; - (reexecute) java.util.concurrent.ConcurrentHashMap::get@67 (line 940)
                      ; - java.lang.ClassLoader::getDefinedPackage@13 (line 2263)
                      ; - java.net.URLClassLoader::getAndVerifyPackage@2 (line 457)
                      ; - java.net.URLClassLoader::defineClass@46 (line 492)
                      ; - java.net.URLClassLoader$1::run@43 (line 427)
  0x000001c43e45e44c: 305f 5cff 

  0x000001c43e45e450: ;   {other}
  0x000001c43e45e450: 0f1f 8400 | c081 00ca | ba45 ffff | ff48 8b4c | 2450 4889 | 4c24 2048 | 8b4c 2448 | 4889 4c24 
  0x000001c43e45e470: 304c 895c | 2458 4c89 | 4c24 6044 | 8974 2444 | 4c89 5c24 | 6844 8b9c | 2490 0000 | 0044 899c 
  0x000001c43e45e490: 2480 0000 | 0044 899c | 2484 0000 | 0044 8994 | 2488 0000 | 0089 bc24 | 8c00 0000 | 4489 8424 
  0x000001c43e45e4b0: 9000 0000 

  0x000001c43e45e4b4: ;   {runtime_call UncommonTrapBlob}
  0x000001c43e45e4b4: c5f8 77e8 

  0x000001c43e45e4b8: ; ImmutableOopMap {rbp=NarrowOop [32]=Oop [48]=Oop [68]=NarrowOop [88]=Oop [96]=Oop [104]=Oop [128]=NarrowOop [132]=NarrowOop [136]=NarrowOop [140]=NarrowOop [148]=NarrowOop }
                      ;*ifnull {reexecute=1 rethrow=0 return_oop=0}
                      ; - (reexecute) java.util.concurrent.ConcurrentHashMap::get@67 (line 940)
                      ; - java.lang.ClassLoader::definePackage@47 (line 2125)
                      ; - java.lang.ClassLoader::getDefinedPackage@32 (line 2267)
                      ; - java.net.URLClassLoader::getAndVerifyPackage@2 (line 457)
                      ; - java.net.URLClassLoader::defineClass@46 (line 492)
                      ; - java.net.URLClassLoader$1::run@43 (line 427)
  0x000001c43e45e4b8: c45e 5cff 

  0x000001c43e45e4bc: ;   {other}
  0x000001c43e45e4bc: 0f1f 8400 | 2c82 00cb | ba45 ffff | ff48 8b6c | 2450 4c8b | 5c24 484c | 895c 2420 | 4c8b 5c24 
  0x000001c43e45e4dc: 384c 895c | 2428 448b | 5c24 4044 | 895c 2430 | 4c8b 5c24 | 584c 895c | 2448 4c8b | 5c24 604c 
  0x000001c43e45e4fc: 895c 2450 | 4c89 5424 | 584c 894c | 2468 6690 

  0x000001c43e45e50c: ;   {runtime_call UncommonTrapBlob}
  0x000001c43e45e50c: c5f8 77e8 

  0x000001c43e45e510: ; ImmutableOopMap {rbp=Oop [32]=Oop [48]=NarrowOop [72]=Oop [80]=Oop [88]=Oop [104]=Oop [144]=NarrowOop [148]=NarrowOop [192]=Oop }
                      ;*ifnull {reexecute=1 rethrow=0 return_oop=0}
                      ; - (reexecute) java.util.jar.JarFile::getManifestFromReference@148 (line 433)
                      ; - java.util.jar.JarFile::getManifest@1 (line 405)
                      ; - jdk.internal.loader.URLClassPath$JarLoader$2::getManifest@22 (line 853)
                      ; - java.net.URLClassLoader::defineClass@34 (line 491)
                      ; - java.net.URLClassLoader$1::run@43 (line 427)
  0x000001c43e45e510: 6c5e 5cff 

  0x000001c43e45e514: ;   {other}
  0x000001c43e45e514: 0f1f 8400 | 8482 00cc | baf6 ffff | ff48 8b6c | 2450 4c8b | 5c24 384c | 895c 2428 | 4489 5424 
  0x000001c43e45e534: 3048 894c | 2440 6690 

  0x000001c43e45e53c: ;   {runtime_call UncommonTrapBlob}
  0x000001c43e45e53c: c5f8 77e8 

  0x000001c43e45e540: ; ImmutableOopMap {rbp=Oop [64]=Oop [72]=Oop [144]=NarrowOop [148]=NarrowOop }
                      ;*invokevirtual getBaseURL {reexecute=0 rethrow=0 return_oop=0}
                      ; - jdk.internal.loader.URLClassPath$FileLoader$1::getCodeSourceURL@4 (line 1117)
                      ; - java.net.URLClassLoader::defineClass@13 (line 487)
                      ; - java.net.URLClassLoader$1::run@43 (line 427)
  0x000001c43e45e540: 3c5e 5cff 

  0x000001c43e45e544: ;   {other}
  0x000001c43e45e544: 0f1f 8400 | b482 00cd | baf6 ffff | ff48 8b6c | 2450 4c8b | 5424 484c | 8954 2420 | 4c8b 5424 
  0x000001c43e45e564: 384c 8954 | 2428 448b | 5424 4044 | 8954 2430 | 4c8b 5424 | 584c 8954 | 2448 4c8b | 5424 604c 
  0x000001c43e45e584: 8954 2450 | 4c8b 5424 | 684c 8954 | 2460 6690 

  0x000001c43e45e594: ;   {runtime_call UncommonTrapBlob}
  0x000001c43e45e594: c5f8 77e8 

  0x000001c43e45e598: ; ImmutableOopMap {rbp=Oop [32]=Oop [48]=NarrowOop [52]=NarrowOop [72]=Oop [80]=Oop [96]=Oop [144]=NarrowOop [148]=NarrowOop [152]=Oop [192]=Oop }
                      ;*arraylength {reexecute=0 rethrow=0 return_oop=0}
                      ; - java.io.ByteArrayInputStream::<init>@21 (line 109)
                      ; - java.util.jar.JarFile::getManifestFromReference@114 (line 429)
                      ; - java.util.jar.JarFile::getManifest@1 (line 405)
                      ; - jdk.internal.loader.URLClassPath$JarLoader$2::getManifest@22 (line 853)
                      ; - java.net.URLClassLoader::defineClass@34 (line 491)
                      ; - java.net.URLClassLoader$1::run@43 (line 427)
  0x000001c43e45e598: e45d 5cff 

  0x000001c43e45e59c: ;   {other}
  0x000001c43e45e59c: 0f1f 8400 | 0c83 00ce | ba97 ffff | ff48 8b6c | 2450 4c8b | 5424 484c | 8954 2428 | 4c8b 5424 
  0x000001c43e45e5bc: 384c 8954 | 2430 6690 

  0x000001c43e45e5c4: ;   {runtime_call UncommonTrapBlob}
  0x000001c43e45e5c4: c5f8 77e8 

  0x000001c43e45e5c8: ; ImmutableOopMap {rbp=Oop [40]=Oop [88]=NarrowOop [92]=NarrowOop [104]=Oop [144]=NarrowOop [148]=NarrowOop }
                      ;*invokevirtual clone {reexecute=1 rethrow=0 return_oop=0}
                      ; - (reexecute) java.util.Arrays::copyOfRange@18 (line 3856)
                      ; - java.lang.StringLatin1::newString@16 (line 752)
                      ; - java.lang.String::substring@41 (line 2839)
                      ; - java.net.URLClassLoader::defineClass@28 (line 489)
                      ; - java.net.URLClassLoader$1::run@43 (line 427)
  0x000001c43e45e5c8: b45d 5cff 

  0x000001c43e45e5cc: ;   {other}
  0x000001c43e45e5cc: 0f1f 8400 | 3c83 00cf | 4c8b d0e9 | ea05 0000 | 488b d8e9 | 6702 0000 | 488b d8e9 | 5f02 0000 
  0x000001c43e45e5ec: 4c8b d0e9 | d205 0000 | 4c8b d0e9 | ca05 0000 | 4c8b d0e9 | c205 0000 | 4c8b d0e9 | ba05 0000 
  0x000001c43e45e60c: 4c8b d0e9 | b205 0000 | 4c8b d0e9 | aa05 0000 | 4c8b d0e9 | a205 0000 | 4c8b d0e9 | 9a05 0000 
  0x000001c43e45e62c: 4c8b d0e9 | 9205 0000 | 4c8b d0e9 | 8a05 0000 | 4c8b d0e9 | 8205 0000 | 4c8b d0e9 | 7a05 0000 
  0x000001c43e45e64c: 4c8b d0e9 | 0e06 0000 | 4c8b d0e9 | 6a05 0000 | 4c8b d0e9 | 6205 0000 | 4c8b d0e9 | 5a05 0000 
  0x000001c43e45e66c: 4c8b d0e9 | 5205 0000 | 488b d8e9 | cf01 0000 | 4c8b 5c24 | 384c 895c | 2428 448b | 4424 4044 
  0x000001c43e45e68c: 8944 2430 | 488b 5424 | 784c 8bc0 

  0x000001c43e45e698: ;   {optimized virtual_call}
  0x000001c43e45e698: c5f8 77e8 

  0x000001c43e45e69c: ; ImmutableOopMap {[48]=NarrowOop [72]=Oop [80]=Oop [88]=Oop [120]=Oop [128]=Oop [136]=Oop [192]=Oop }
                      ;*invokevirtual addSuppressed {reexecute=0 rethrow=0 return_oop=0}
                      ; - java.util.jar.JarFile::getManifestFromReference@177 (line 431)
                      ; - java.util.jar.JarFile::getManifest@1 (line 405)
                      ; - jdk.internal.loader.URLClassPath$JarLoader$2::getManifest@22 (line 853)
                      ; - java.net.URLClassLoader::defineClass@34 (line 491)
                      ; - java.net.URLClassLoader$1::run@43 (line 427)
  0x000001c43e45e69c: e003 5cff 

  0x000001c43e45e6a0: ;   {other}
  0x000001c43e45e6a0: 0f1f 8400 | 1084 00d0 | e90f 0500 | 00e9 dd04 | 0000 4889 | 4424 78e9 | d804 0000 | e9ce 0400 
  0x000001c43e45e6c0: 004c 8bd0 | e9fd 0400 | 0048 8bd8 | 448b 5008 | 49b8 0000 | 004d c401 | 0000 4d03 | c2e9 9405 
  0x000001c43e45e6e0: 0000 4c8b | d0e9 dc04 | 0000 4c8b | d0e9 d404 | 0000 4c8b | d0e9 cc04 | 0000 4889 | 4424 5848 
  0x000001c43e45e700: 8b6c 2430 | 4c8b 5424 | 284c 8954 | 2420 4c8b | 5424 384c | 8954 2428 | 448b 5424 | 4044 8954 
  0x000001c43e45e720: 2430 488b | 5424 7090 

  0x000001c43e45e728: ;   {static_call}
  0x000001c43e45e728: c5f8 77e8 

  0x000001c43e45e72c: ; ImmutableOopMap {rbp=Oop [32]=Oop [48]=NarrowOop [72]=Oop [80]=Oop [88]=Oop [96]=Oop [104]=Oop [192]=Oop }
                      ;*invokestatic endInit {reexecute=0 rethrow=0 return_oop=0}
                      ; - java.util.jar.JarFile::ensureInitialization@53 (line 1074)
                      ; - java.util.jar.JavaUtilJarAccessImpl::ensureInitialization@1 (line 42)
                      ; - jdk.internal.loader.URLClassPath$JarLoader$2::getManifest@10 (line 852)
                      ; - java.net.URLClassLoader::defineClass@34 (line 491)
                      ; - java.net.URLClassLoader$1::run@43 (line 427)
  0x000001c43e45e72c: 5009 5cff 

  0x000001c43e45e730: ;   {other}
  0x000001c43e45e730: 0f1f 8400 | a084 00d1 | 4c8b 5424 | 5849 8bda | e906 0100 | 0048 8bd8 | e9fe 0000 | 004c 8bd0 
  0x000001c43e45e750: e90d 0500 | 004c 8bd0 | e992 0000 | 004c 8bd0 | e9fd 0400 | 004c 8bd0 | e9f5 0400 | 0048 8bd8 
  0x000001c43e45e770: e993 0500 | 0048 8bd8 | e98b 0500 | 0048 8bd8 | e983 0500 | 004c 8bd0 | e9d5 0400 | 004c 8bd0 
  0x000001c43e45e790: e9cd 0400 | 004c 8bd0 | e929 0400 | 0048 8bd8 | 448b 5808 | 49b8 0000 | 004d c401 | 0000 4d03 
  0x000001c43e45e7b0: c3e9 c004 | 0000 4c8b | d0eb 034c | 8bd0 498b | da45 8b5a | 0849 b800 | 0000 4dc4 | 0100 004d 
  0x000001c43e45e7d0: 03c3 e99f | 0400 004c | 8bd0 eb03 | 4c8b d049 | 8bda e921 | 0500 004c | 8bd0 eb03 | 4c8b d049 
  0x000001c43e45e7f0: 8bda e911 | 0500 004c | 8bd0 e9c7 | 0300 004c | 8bd0 e9bf | 0300 004c | 8bd0 e9b7 | 0300 0048 
  0x000001c43e45e810: 8bd8 448b | 5008 49b8 | 0000 004d | c401 0000 | 4d03 c24d | 8b50 504c | 3bd5 0f85 

  0x000001c43e45e82c: ;   {no_reloc}
  0x000001c43e45e82c: 4604 0000 | 4533 c9e9 | 0603 0000 | 4c8b d0e9 | 2204 0000 | 4c8b d0e9 | 1a04 0000 | 488b d84c 
  0x000001c43e45e84c: 8b5c 2468 | 488d 8424 | e000 0000 | 4883 3800 | 0f84 7900 | 0000 4d8b | 1341 f6c2 | 020f 8462 
  0x000001c43e45e86c: 0000 0049 | 83ba 8600 | 0000 0074 | 0949 ff8a | 8600 0000 | eb4b 498b | 8296 0000 | 0049 0b82 
  0x000001c43e45e88c: 8e00 0000 | 750a 49c7 | 423e 0000 | 0000 eb3d | 4983 ba9e | 0000 0000 | 7422 4833 | c049 c742 
  0x000001c43e45e8ac: 3e00 0000 | 00f0 8304 | 2400 4983 | ba9e 0000 | 0000 750d | f04d 0fb1 | 7a3e 7505 | 83c8 01eb 
  0x000001c43e45e8cc: 0ca8 00eb | 084c 8b10 | f04d 0fb1 | 1375 0a49 | ff8f 4805 | 0000 4533 | d20f 84de | 0200 0048 
  0x000001c43e45e8ec: 8b4c 2468 | 488d 9424 | e000 0000 | 4d8b c7c5 | f877 49ba | d041 b1fd | fa7f 0000 

  0x000001c43e45e908: ;   {other}
  0x000001c43e45e908: 41ff d20f | 1f84 0000 | 0000 00e9 | b102 0000 | 4c8b d0e9 | 1303 0000 | 4c8b d0e9 | 3a03 0000 
  0x000001c43e45e928: 488b d844 | 8b50 0849 | bb00 0000 | 4dc4 0100 | 004d 03da | 4d8b 5348 

  0x000001c43e45e940: ;   {metadata('java/io/IOException')}
  0x000001c43e45e940: 49bb 6869 | 044e c401 | 0000 4d3b | d30f 85f8 | feff ff4c | 8bd0 498b | 87b8 0100 | 004c 8bd8 
  0x000001c43e45e960: 4983 c328 | 4d3b 9fc8 | 0100 000f | 83c3 0300 | 004d 899f | b801 0000 | 410f 1883 | 0001 0000 
  0x000001c43e45e980: 48c7 0001 

  0x000001c43e45e984: ;   {metadata('java/lang/RuntimeException')}
  0x000001c43e45e984: 0000 00c7 | 4008 c0d0 | 0500 4489 | 600c 4c89 | 6010 4c89 | 6018 4c89 | 6020 488b | e84c 8b5c 
  0x000001c43e45e9a4: 2438 4c89 | 5c24 3044 | 8b44 2440 | 4489 4424 | 3848 8bd5 | 4d8b c290 

  0x000001c43e45e9bc: ;   {optimized virtual_call}
  0x000001c43e45e9bc: c5f8 77e8 

  0x000001c43e45e9c0: ; ImmutableOopMap {rbp=Oop [32]=Oop [40]=Oop [56]=NarrowOop [72]=Oop [80]=Oop [96]=Oop [104]=Oop [192]=Oop }
                      ;*invokespecial <init> {reexecute=0 rethrow=0 return_oop=0}
                      ; - java.util.jar.JarFile::ensureInitialization@13 (line 1066)
                      ; - java.util.jar.JavaUtilJarAccessImpl::ensureInitialization@1 (line 42)
                      ; - jdk.internal.loader.URLClassPath$JarLoader$2::getManifest@10 (line 852)
                      ; - java.net.URLClassLoader::defineClass@34 (line 491)
                      ; - java.net.URLClassLoader$1::run@43 (line 427)
  0x000001c43e45e9c0: bc00 5cff 

  0x000001c43e45e9c4: ;   {other}
  0x000001c43e45e9c4: 0f1f 8400 | 3487 00d2 | 4c8b 5c24 | 6848 8d84 | 24e0 0000 | 0048 8338 | 000f 8479 | 0000 004d 
  0x000001c43e45e9e4: 8b13 41f6 | c202 0f84 | 6200 0000 | 4983 ba86 | 0000 0000 | 7409 49ff | 8a86 0000 | 00eb 4b49 
  0x000001c43e45ea04: 8b82 9600 | 0000 490b | 828e 0000 | 0075 0a49 | c742 3e00 | 0000 00eb | 3d49 83ba | 9e00 0000 
  0x000001c43e45ea24: 0074 2248 | 33c0 49c7 | 423e 0000 | 0000 f083 | 0424 0049 | 83ba 9e00 | 0000 0075 | 0df0 4d0f 
  0x000001c43e45ea44: b17a 3e75 | 0583 c801 | eb0c a800 | eb08 4c8b | 10f0 4d0f | b113 750a | 49ff 8f48 | 0500 0045 
  0x000001c43e45ea64: 33d2 0f85 | 0803 0000 | 488b d5e9 | 9702 0000 | 4c8b d0e9 | e601 0000 | 4c8b d0e9 | de01 0000 
  0x000001c43e45ea84: 488b d844 | 8b58 0849 | b800 0000 | 4dc4 0100 | 004d 03c3 | 4d8b 5048 

  0x000001c43e45ea9c: ;   {metadata('java/io/IOException')}
  0x000001c43e45ea9c: 49bb 6869 | 044e c401 | 0000 4d3b | d30f 85c7 | 0100 0048 | 8be8 ba2a | 0000 004c | 8b54 2448 
  0x000001c43e45eabc: 4c89 5424 | 284c 8b54 | 2438 4c89 | 5424 3044 | 8b5c 2440 | 4489 5c24 | 3866 6690 

  0x000001c43e45ead8: ;   {runtime_call UncommonTrapBlob}
  0x000001c43e45ead8: c5f8 77e8 

  0x000001c43e45eadc: ; ImmutableOopMap {rbp=Oop [40]=Oop [56]=NarrowOop [80]=Oop [104]=Oop [144]=NarrowOop [148]=NarrowOop }
                      ;*new {reexecute=0 rethrow=0 return_oop=0}
                      ; - java.util.jar.JarFile$JarFileEntry::getCodeSigners@11 (line 672)
                      ; - jdk.internal.loader.URLClassPath$JarLoader$2::getCodeSigners@4 (line 858)
                      ; - java.net.URLClassLoader::defineClass@185 (line 521)
                      ; - java.net.URLClassLoader$1::run@43 (line 427)
  0x000001c43e45eadc: a058 5cff 

  0x000001c43e45eae0: ;   {other}
  0x000001c43e45eae0: 0f1f 8400 | 5088 00d3 | 4c8b d0e9 | d600 0000 | 4c8b d0e9 | ce00 0000 | 4c8b d0e9 | 6201 0000 
  0x000001c43e45eb00: 4c8b d0e9 | 5a01 0000 | 4c8b d0e9 | 5201 0000 | 4c8b d0e9 | 4a01 0000 | 488b d844 | 8b58 0849 
  0x000001c43e45eb20: b800 0000 | 4dc4 0100 | 004d 03c3 | 4d8b 5050 | 4c3b d50f | 853d 0100 | 004c 8b4c | 2460 488b 
  0x000001c43e45eb40: 5424 284c | 8b44 2458 | 488b 7c24 | 3066 6690 

  0x000001c43e45eb50: ;   {optimized virtual_call}
  0x000001c43e45eb50: c5f8 77e8 

  0x000001c43e45eb54: ; ImmutableOopMap {[32]=Oop [40]=Oop [48]=Oop [64]=NarrowOop [72]=Oop [80]=Oop [88]=Oop [144]=NarrowOop [148]=NarrowOop }
                      ;*invokevirtual getAndVerifyPackage {reexecute=0 rethrow=0 return_oop=1}
                      ; - java.net.URLClassLoader::defineClass@97 (line 502)
                      ; - java.net.URLClassLoader$1::run@43 (line 427)
  0x000001c43e45eb54: 28ff 5bff 

  0x000001c43e45eb58: ;   {other}
  0x000001c43e45eb58: 0f1f 8400 | c888 00d4 | 4885 c00f | 84f3 0100 | 0044 8b74 | 2440 488b | 5424 204c | 8b44 2428 
  0x000001c43e45eb78: e9c6 8dff | ff4c 8bd0 | e9dd 0000 | 004c 8bd0 | e9d5 0000 | 00eb 0048 | 8944 2478 | 4c8b 5424 
  0x000001c43e45eb98: 284d 85d2 | 741e 498b | d290 c5f8 | 7748 b8ff | ffff ffff 

  0x000001c43e45ebac: ;   {virtual_call}
  0x000001c43e45ebac: ffff ffe8 

  0x000001c43e45ebb0: ; ImmutableOopMap {[64]=NarrowOop [72]=Oop [80]=Oop [88]=Oop [120]=Oop [128]=Oop [136]=Oop [192]=Oop }
                      ;*invokevirtual close {reexecute=0 rethrow=0 return_oop=0}
                      ; - java.util.jar.JarFile::getManifestFromReference@165 (line 431)
                      ; - java.util.jar.JarFile::getManifest@1 (line 405)
                      ; - jdk.internal.loader.URLClassPath$JarLoader$2::getManifest@22 (line 853)
                      ; - java.net.URLClassLoader::defineClass@34 (line 491)
                      ; - java.net.URLClassLoader$1::run@43 (line 427)
  0x000001c43e45ebb0: cc01 5cff 

  0x000001c43e45ebb4: ;   {other}
  0x000001c43e45ebb4: 0f1f 8400 | 2489 00d5 | 4c8b 5424 | 78eb 034c | 8bd0 498b | da44 8b5b | 0849 b800 | 0000 4dc4 
  0x000001c43e45ebd4: 0100 004d | 03c3 e997 | 0000 004c | 8bd0 eb7e | 4c8b d0eb | 794c 8bd0 | eb74 488b | d844 8b58 
  0x000001c43e45ebf4: 0849 b800 | 0000 4dc4 | 0100 004d | 03c3 eb72 | 488b d844 | 8b58 0849 | b800 0000 | 4dc4 0100 
  0x000001c43e45ec14: 004d 03c3 | eb5c 488b | d844 8b58 | 0849 b800 | 0000 4dc4 | 0100 004d | 03c3 eb46 | 4c8b d049 
  0x000001c43e45ec34: 8bda 458b | 5a08 49b8 | 0000 004d | c401 0000 | 4d03 c3eb | 2d48 8bd8 | 448b 5808 | 49b8 0000 
  0x000001c43e45ec54: 004d c401 | 0000 4d03 | c3eb 174c | 8bd0 498b | da45 8b5a | 0849 b800 | 0000 4dc4 | 0100 004d 
  0x000001c43e45ec74: 03c3 4d8b 

  0x000001c43e45ec78: ;   {metadata('java/io/IOException')}
  0x000001c43e45ec78: 5048 49bb | 6869 044e | c401 0000 | 4d3b d30f | 848e 0000 | 004d 8b50 

  0x000001c43e45ec90: ;   {metadata('java/lang/ClassFormatError')}
  0x000001c43e45ec90: 5049 bbb8 | cf2e 4ec4 | 0100 004d | 3bd3 7568 | 488b eb48 | 8b54 2448 | 6690 c5f8 | 7748 b8ff 
  0x000001c43e45ecb0: ffff ffff 

  0x000001c43e45ecb4: ;   {virtual_call}
  0x000001c43e45ecb4: ffff ffe8 

  0x000001c43e45ecb8: ; ImmutableOopMap {rbp=Oop [72]=Oop }
                      ;*invokevirtual getDataError {reexecute=0 rethrow=0 return_oop=1}
                      ; - java.net.URLClassLoader$1::run@63 (line 431)
  0x000001c43e45ecb8: c400 5cff 

  0x000001c43e45ecbc: ;   {other}
  0x000001c43e45ecbc: 0f1f 8400 | 2c8a 00d6 | 4885 c074 | 3748 8b54 | 2448 c5f8 | 7748 b8ff | ffff ffff 

  0x000001c43e45ecd8: ;   {virtual_call}
  0x000001c43e45ecd8: ffff ffe8 

  0x000001c43e45ecdc: ; ImmutableOopMap {rbp=Oop }
                      ;*invokevirtual getDataError {reexecute=0 rethrow=0 return_oop=1}
                      ; - java.net.URLClassLoader$1::run@71 (line 432)
  0x000001c43e45ecdc: a000 5cff 

  0x000001c43e45ece0: ;   {other}
  0x000001c43e45ece0: 0f1f 8400 | 508a 00d7 | 488b d54c | 8bc0 6690 

  0x000001c43e45ecf0: ;   {optimized virtual_call}
  0x000001c43e45ecf0: c5f8 77e8 

  0x000001c43e45ecf4: ; ImmutableOopMap {rbp=Oop }
                      ;*invokevirtual addSuppressed {reexecute=0 rethrow=0 return_oop=0}
                      ; - java.net.URLClassLoader$1::run@74 (line 432)
  0x000001c43e45ecf4: 88fd 5bff 

  0x000001c43e45ecf8: ;   {other}
  0x000001c43e45ecf8: 0f1f 8400 | 688a 00d8 | 488b d5eb | 0648 8bd8 | 488b d3c5 | f877 4881 | c4f0 0000 

  0x000001c43e45ed14: ;   {runtime_call _rethrow_Java}
  0x000001c43e45ed14: 005d e965 | cd68 ff48 | 8beb ba2f | 0000 0090 

  0x000001c43e45ed24: ;   {runtime_call UncommonTrapBlob}
  0x000001c43e45ed24: c5f8 77e8 

  0x000001c43e45ed28: ; ImmutableOopMap {rbp=Oop [80]=Oop }
                      ;*new {reexecute=0 rethrow=0 return_oop=0}
                      ; - java.net.URLClassLoader$1::run@48 (line 429)
  0x000001c43e45ed28: 5456 5cff 

  0x000001c43e45ed2c: ;   {other}
  0x000001c43e45ed2c: 0f1f 8400 | 9c8a 00d9 

  0x000001c43e45ed34: ;   {metadata('java/lang/RuntimeException')}
  0x000001c43e45ed34: 498b ea48 | bac0 d005 | 4dc4 0100 | 0066 6690 

  0x000001c43e45ed44: ;   {runtime_call _new_instance_Java}
  0x000001c43e45ed44: c5f8 77e8 

  0x000001c43e45ed48: ; ImmutableOopMap {rbp=Oop [32]=Oop [40]=Oop [64]=NarrowOop [72]=Oop [80]=Oop [96]=Oop [104]=Oop [192]=Oop }
                      ;*new {reexecute=0 rethrow=0 return_oop=1}
                      ; - java.util.jar.JarFile::ensureInitialization@8 (line 1066)
                      ; - java.util.jar.JavaUtilJarAccessImpl::ensureInitialization@1 (line 42)
                      ; - jdk.internal.loader.URLClassPath$JarLoader$2::getManifest@10 (line 852)
                      ; - java.net.URLClassLoader::defineClass@34 (line 491)
                      ; - java.net.URLClassLoader$1::run@43 (line 427)
  0x000001c43e45ed48: 349c 68ff 

  0x000001c43e45ed4c: ;   {other}
  0x000001c43e45ed4c: 0f1f 8400 | bc8a 00da | 4c8b d5e9 | 42fc ffff | bafd 0000 | 0066 6690 

  0x000001c43e45ed64: ;   {runtime_call UncommonTrapBlob}
  0x000001c43e45ed64: c5f8 77e8 

  0x000001c43e45ed68: ; ImmutableOopMap {[72]=Oop [80]=Oop [88]=Oop }
                      ;*new {reexecute=0 rethrow=0 return_oop=0}
                      ; - java.net.URLClassLoader::defineClass@103 (line 504)
                      ; - java.net.URLClassLoader$1::run@43 (line 427)
  0x000001c43e45ed68: 1456 5cff 

  0x000001c43e45ed6c: ;   {other}
  0x000001c43e45ed6c: 0f1f 8400 | dc8a 00db | 498b cb48 | 8d94 24e0 | 0000 004d | 8bc7 c5f8 | 7749 bad0 | 41b1 fdfa 
  0x000001c43e45ed8c: 7f00 0041 

  0x000001c43e45ed90: ;   {other}
  0x000001c43e45ed90: ffd2 0f1f | 8400 0000 | 0000 e9cd 

  0x000001c43e45ed9c: ;   {internal_word}
  0x000001c43e45ed9c: fcff ff49 | ba97 7b45 | 3ec4 0100 | 004d 8997 | 6004 0000 

  0x000001c43e45edb0: ;   {runtime_call SafepointBlob}
  0x000001c43e45edb0: e9cb 665c 

  0x000001c43e45edb4: ;   {runtime_call StubRoutines (final stubs)}
  0x000001c43e45edb4: ffe8 2677 | 5aff e9bf | 7dff fff4 
[Stub Code]
  0x000001c43e45edc0: ;   {no_reloc}
  0x000001c43e45edc0: 48bb 0000 | 0000 0000 

  0x000001c43e45edc8: ;   {runtime_call nmethod}
  0x000001c43e45edc8: 0000 e9fb 

  0x000001c43e45edcc: ;   {static_stub}
  0x000001c43e45edcc: ffff ff48 | bb00 0000 | 0000 0000 

  0x000001c43e45edd8: ;   {runtime_call nmethod}
  0x000001c43e45edd8: 00e9 fbff 

  0x000001c43e45eddc: ;   {static_stub}
  0x000001c43e45eddc: ffff 48bb | 0000 0000 | 0000 0000 

  0x000001c43e45ede8: ;   {runtime_call nmethod}
  0x000001c43e45ede8: e9fb ffff 

  0x000001c43e45edec: ;   {static_stub}
  0x000001c43e45edec: ff48 bb00 | 0000 0000 

  0x000001c43e45edf4: ;   {runtime_call nmethod}
  0x000001c43e45edf4: 0000 00e9 | fbff ffff 

  0x000001c43e45edfc: ;   {static_stub}
  0x000001c43e45edfc: 48bb 0000 | 0000 0000 

  0x000001c43e45ee04: ;   {runtime_call nmethod}
  0x000001c43e45ee04: 0000 e9fb 

  0x000001c43e45ee08: ;   {static_stub}
  0x000001c43e45ee08: ffff ff48 | bb00 0000 | 0000 0000 

  0x000001c43e45ee14: ;   {runtime_call nmethod}
  0x000001c43e45ee14: 00e9 fbff 

  0x000001c43e45ee18: ;   {static_stub}
  0x000001c43e45ee18: ffff 48bb | 0000 0000 | 0000 0000 

  0x000001c43e45ee24: ;   {runtime_call nmethod}
  0x000001c43e45ee24: e9fb ffff 

  0x000001c43e45ee28: ;   {static_stub}
  0x000001c43e45ee28: ff48 bb00 | 0000 0000 

  0x000001c43e45ee30: ;   {runtime_call nmethod}
  0x000001c43e45ee30: 0000 00e9 | fbff ffff 

  0x000001c43e45ee38: ;   {static_stub}
  0x000001c43e45ee38: 48bb 0000 | 0000 0000 

  0x000001c43e45ee40: ;   {runtime_call nmethod}
  0x000001c43e45ee40: 0000 e9fb 

  0x000001c43e45ee44: ;   {static_stub}
  0x000001c43e45ee44: ffff ff48 | bb00 0000 | 0000 0000 

  0x000001c43e45ee50: ;   {runtime_call nmethod}
  0x000001c43e45ee50: 00e9 fbff 

  0x000001c43e45ee54: ;   {static_stub}
  0x000001c43e45ee54: ffff 48bb | 0000 0000 | 0000 0000 

  0x000001c43e45ee60: ;   {runtime_call nmethod}
  0x000001c43e45ee60: e9fb ffff 

  0x000001c43e45ee64: ;   {static_stub}
  0x000001c43e45ee64: ff48 bb00 | 0000 0000 

  0x000001c43e45ee6c: ;   {runtime_call nmethod}
  0x000001c43e45ee6c: 0000 00e9 | fbff ffff 

  0x000001c43e45ee74: ;   {static_stub}
  0x000001c43e45ee74: 48bb 0000 | 0000 0000 

  0x000001c43e45ee7c: ;   {runtime_call nmethod}
  0x000001c43e45ee7c: 0000 e9fb 

  0x000001c43e45ee80: ;   {static_stub}
  0x000001c43e45ee80: ffff ff48 | bb00 0000 | 0000 0000 

  0x000001c43e45ee8c: ;   {runtime_call nmethod}
  0x000001c43e45ee8c: 00e9 fbff 

  0x000001c43e45ee90: ;   {static_stub}
  0x000001c43e45ee90: ffff 48bb | 0000 0000 | 0000 0000 

  0x000001c43e45ee9c: ;   {runtime_call nmethod}
  0x000001c43e45ee9c: e9fb ffff 

  0x000001c43e45eea0: ;   {static_stub}
  0x000001c43e45eea0: ff48 bb00 | 0000 0000 

  0x000001c43e45eea8: ;   {runtime_call nmethod}
  0x000001c43e45eea8: 0000 00e9 | fbff ffff 

  0x000001c43e45eeb0: ;   {static_stub}
  0x000001c43e45eeb0: 48bb 0000 | 0000 0000 

  0x000001c43e45eeb8: ;   {runtime_call nmethod}
  0x000001c43e45eeb8: 0000 e9fb 

  0x000001c43e45eebc: ;   {static_stub}
  0x000001c43e45eebc: ffff ff48 | bb00 0000 | 0000 0000 

  0x000001c43e45eec8: ;   {runtime_call nmethod}
  0x000001c43e45eec8: 00e9 fbff 

  0x000001c43e45eecc: ;   {static_stub}
  0x000001c43e45eecc: ffff 48bb | 0000 0000 | 0000 0000 

  0x000001c43e45eed8: ;   {runtime_call nmethod}
  0x000001c43e45eed8: e9fb ffff 

  0x000001c43e45eedc: ;   {static_stub}
  0x000001c43e45eedc: ff48 bb00 | 0000 0000 

  0x000001c43e45eee4: ;   {runtime_call nmethod}
  0x000001c43e45eee4: 0000 00e9 | fbff ffff 

  0x000001c43e45eeec: ;   {static_stub}
  0x000001c43e45eeec: 48bb 0000 | 0000 0000 

  0x000001c43e45eef4: ;   {runtime_call nmethod}
  0x000001c43e45eef4: 0000 e9fb 

  0x000001c43e45eef8: ;   {static_stub}
  0x000001c43e45eef8: ffff ff48 | bb00 0000 | 0000 0000 

  0x000001c43e45ef04: ;   {runtime_call nmethod}
  0x000001c43e45ef04: 00e9 fbff 

  0x000001c43e45ef08: ;   {static_stub}
  0x000001c43e45ef08: ffff 48bb | 0000 0000 | 0000 0000 

  0x000001c43e45ef14: ;   {runtime_call nmethod}
  0x000001c43e45ef14: e9fb ffff 

  0x000001c43e45ef18: ;   {static_stub}
  0x000001c43e45ef18: ff48 bb00 | 0000 0000 

  0x000001c43e45ef20: ;   {runtime_call nmethod}
  0x000001c43e45ef20: 0000 00e9 | fbff ffff 

  0x000001c43e45ef28: ;   {static_stub}
  0x000001c43e45ef28: 48bb 000d | 054d c401 

  0x000001c43e45ef30: ;   {runtime_call I2C/C2I adapters}
  0x000001c43e45ef30: 0000 e934 

  0x000001c43e45ef34: ;   {static_stub}
  0x000001c43e45ef34: bf5b ff48 | bbf8 e40f | 4dc4 0100 

  0x000001c43e45ef40: ;   {runtime_call I2C/C2I adapters}
  0x000001c43e45ef40: 00e9 1c49 

  0x000001c43e45ef44: ;   {static_stub}
  0x000001c43e45ef44: 5cff 48bb | 0000 0000 | 0000 0000 

  0x000001c43e45ef50: ;   {runtime_call nmethod}
  0x000001c43e45ef50: e9fb ffff 

  0x000001c43e45ef54: ;   {static_stub}
  0x000001c43e45ef54: ff48 bb00 | 0000 0000 

  0x000001c43e45ef5c: ;   {runtime_call nmethod}
  0x000001c43e45ef5c: 0000 00e9 | fbff ffff 

  0x000001c43e45ef64: ;   {static_stub}
  0x000001c43e45ef64: 48bb 0000 | 0000 0000 

  0x000001c43e45ef6c: ;   {runtime_call nmethod}
  0x000001c43e45ef6c: 0000 e9fb 

  0x000001c43e45ef70: ;   {static_stub}
  0x000001c43e45ef70: ffff ff48 | bb00 0000 | 0000 0000 

  0x000001c43e45ef7c: ;   {runtime_call nmethod}
  0x000001c43e45ef7c: 00e9 fbff 

  0x000001c43e45ef80: ;   {static_stub}
  0x000001c43e45ef80: ffff 48bb | 0000 0000 | 0000 0000 

  0x000001c43e45ef8c: ;   {runtime_call nmethod}
  0x000001c43e45ef8c: e9fb ffff 

  0x000001c43e45ef90: ;   {static_stub}
  0x000001c43e45ef90: ff48 bb00 | 0000 0000 

  0x000001c43e45ef98: ;   {runtime_call nmethod}
  0x000001c43e45ef98: 0000 00e9 | fbff ffff 
[Exception Handler]
  0x000001c43e45efa0: ;   {runtime_call ExceptionBlob}
  0x000001c43e45efa0: e9db 5868 | ffe8 0000 | 0000 4883 

  0x000001c43e45efac: ;   {runtime_call DeoptimizationBlob}
  0x000001c43e45efac: 2c24 05e9 | 6c57 5cff | f4f4 f4f4 
[/MachCode]


---------------  P R O C E S S  ---------------

Threads class SMR info:
_java_thread_list=0x000001c48c15b020, length=90, elements={
0x000001c42bb58ba0, 0x000001c44c9a9e00, 0x000001c44c9ac860, 0x000001c44c9ae990,
0x000001c44c9b13f0, 0x000001c44c9b29b0, 0x000001c44c9b3400, 0x000001c44c9b4180,
0x000001c44c9b95d0, 0x000001c44cb6a560, 0x000001c44cbe1e50, 0x000001c4882046b0,
0x000001c4860e71b0, 0x000001c4874e2b80, 0x000001c4860ce4a0, 0x000001c44cdcfcd0,
0x000001c44ca49a80, 0x000001c44ca493f0, 0x000001c44ca4ae30, 0x000001c44ca4a110,
0x000001c44ca4a7a0, 0x000001c44ca4b4c0, 0x000001c44ca4bb50, 0x000001c44ca486d0,
0x000001c4880bd5e0, 0x000001c4880bc230, 0x000001c4880be300, 0x000001c4880be990,
0x000001c4880c03d0, 0x000001c4880bcf50, 0x000001c4880c0a60, 0x000001c4880c1780,
0x000001c4880bf020, 0x000001c4880c24a0, 0x000001c4880c2b30, 0x000001c4880bfd40,
0x000001c4880c3850, 0x000001c48ae370d0, 0x000001c48ae36a40, 0x000001c48ae39830,
0x000001c48ae39ec0, 0x000001c48a816560, 0x000001c48a815840, 0x000001c48a816bf0,
0x000001c48a815ed0, 0x000001c48a817280, 0x000001c48a817910, 0x000001c48a817fa0,
0x000001c48a818630, 0x000001c48a8151b0, 0x000001c48a81a070, 0x000001c48a818cc0,
0x000001c48958f590, 0x000001c48958c110, 0x000001c48958c7a0, 0x000001c489590940,
0x000001c489592380, 0x000001c489592a10, 0x000001c48a6f6680, 0x000001c48a6f7a30,
0x000001c48a6f52d0, 0x000001c48a6f8de0, 0x000001c48a6f5960, 0x000001c48a6fbbd0,
0x000001c48a6fc260, 0x000001c48a6f9470, 0x000001c48a6fa820, 0x000001c48a6fa190,
0x000001c48a6faeb0, 0x000001c48a6f9b00, 0x000001c48a6fc8f0, 0x000001c48a6fb540,
0x000001c489591cf0, 0x000001c48aa6dbe0, 0x000001c48aa6e270, 0x000001c48aa6e900,
0x000001c48bcb7620, 0x000001c48bcb41a0, 0x000001c48ab815d0, 0x000001c48cd9e7e0,
0x000001c48cd9d430, 0x000001c48cd9b360, 0x000001c48cd9c080, 0x000001c48cd9cda0,
0x000001c48cda22f0, 0x000001c48cda08b0, 0x000001c48cda0f40, 0x000001c48cda15d0,
0x000001c4880bf6b0, 0x000001c48d7bdaf0
}

Java Threads: ( => current thread )
  0x000001c42bb58ba0 JavaThread "main"                              [_thread_blocked, id=45356, stack(0x00000063b9300000,0x00000063b9400000) (1024K)]
  0x000001c44c9a9e00 JavaThread "Reference Handler"          daemon [_thread_blocked, id=25744, stack(0x00000063b9b00000,0x00000063b9c00000) (1024K)]
  0x000001c44c9ac860 JavaThread "Finalizer"                  daemon [_thread_blocked, id=40912, stack(0x00000063b9c00000,0x00000063b9d00000) (1024K)]
  0x000001c44c9ae990 JavaThread "Signal Dispatcher"          daemon [_thread_blocked, id=6644, stack(0x00000063b9d00000,0x00000063b9e00000) (1024K)]
  0x000001c44c9b13f0 JavaThread "Attach Listener"            daemon [_thread_blocked, id=28524, stack(0x00000063b9e00000,0x00000063b9f00000) (1024K)]
  0x000001c44c9b29b0 JavaThread "Service Thread"             daemon [_thread_blocked, id=27128, stack(0x00000063b9f00000,0x00000063ba000000) (1024K)]
  0x000001c44c9b3400 JavaThread "Monitor Deflation Thread"   daemon [_thread_blocked, id=44620, stack(0x00000063ba000000,0x00000063ba100000) (1024K)]
  0x000001c44c9b4180 JavaThread "C2 CompilerThread0"         daemon [_thread_blocked, id=2164, stack(0x00000063ba100000,0x00000063ba200000) (1024K)]
  0x000001c44c9b95d0 JavaThread "C1 CompilerThread0"         daemon [_thread_in_vm, id=31564, stack(0x00000063ba200000,0x00000063ba300000) (1024K)]
  0x000001c44cb6a560 JavaThread "Common-Cleaner"             daemon [_thread_blocked, id=3372, stack(0x00000063ba400000,0x00000063ba500000) (1024K)]
  0x000001c44cbe1e50 JavaThread "Notification Thread"        daemon [_thread_blocked, id=41696, stack(0x00000063ba500000,0x00000063ba600000) (1024K)]
  0x000001c4882046b0 JavaThread "Daemon health stats"               [_thread_blocked, id=30172, stack(0x00000063bad00000,0x00000063bae00000) (1024K)]
  0x000001c4860e71b0 JavaThread "Incoming local TCP Connector on port 63794"        [_thread_in_native, id=27920, stack(0x00000063ba600000,0x00000063ba700000) (1024K)]
  0x000001c4874e2b80 JavaThread "Daemon periodic checks"            [_thread_blocked, id=37532, stack(0x00000063ba800000,0x00000063ba900000) (1024K)]
  0x000001c4860ce4a0 JavaThread "Daemon"                            [_thread_blocked, id=40636, stack(0x00000063bae00000,0x00000063baf00000) (1024K)]
  0x000001c44cdcfcd0 JavaThread "Handler for socket connection from /127.0.0.1:63794 to /127.0.0.1:63796"        [_thread_in_native, id=17880, stack(0x00000063baf00000,0x00000063bb000000) (1024K)]
  0x000001c44ca49a80 JavaThread "Cancel handler"                    [_thread_blocked, id=24968, stack(0x00000063ba700000,0x00000063ba800000) (1024K)]
  0x000001c44ca493f0 JavaThread "Daemon worker"                     [_thread_blocked, id=41664, stack(0x00000063bb000000,0x00000063bb100000) (1024K)]
  0x000001c44ca4ae30 JavaThread "Asynchronous log dispatcher for DefaultDaemonConnection: socket connection from /127.0.0.1:63794 to /127.0.0.1:63796"        [_thread_blocked, id=30868, stack(0x00000063bb100000,0x00000063bb200000) (1024K)]
  0x000001c44ca4a110 JavaThread "Stdin handler"                     [_thread_blocked, id=32092, stack(0x00000063bb200000,0x00000063bb300000) (1024K)]
  0x000001c44ca4a7a0 JavaThread "Daemon client event forwarder"        [_thread_blocked, id=11868, stack(0x00000063bb300000,0x00000063bb400000) (1024K)]
  0x000001c44ca4b4c0 JavaThread "Cache worker for journal cache (C:\Users\lin17\.gradle\caches\journal-1)"        [_thread_blocked, id=48472, stack(0x00000063bb400000,0x00000063bb500000) (1024K)]
  0x000001c44ca4bb50 JavaThread "File lock request listener"        [_thread_in_native, id=43088, stack(0x00000063bb500000,0x00000063bb600000) (1024K)]
  0x000001c44ca486d0 JavaThread "Cache worker for file hash cache (C:\Users\lin17\.gradle\caches\9.4.0\fileHashes)"        [_thread_blocked, id=3048, stack(0x00000063bb600000,0x00000063bb700000) (1024K)]
  0x000001c4880bd5e0 JavaThread "Cache worker for file hash cache (D:\code\intellij\cangjie\.gradle\9.4.0\fileHashes)"        [_thread_blocked, id=8988, stack(0x00000063bb800000,0x00000063bb900000) (1024K)]
  0x000001c4880bc230 JavaThread "Cache worker for Build Output Cleanup Cache (D:\code\intellij\cangjie\.gradle\buildOutputCleanup)"        [_thread_blocked, id=35716, stack(0x00000063bc300000,0x00000063bc400000) (1024K)]
  0x000001c4880be300 JavaThread "File watcher server"        daemon [_thread_blocked, id=13468, stack(0x00000063bc400000,0x00000063bc500000) (1024K)]
  0x000001c4880be990 JavaThread "File watcher consumer"      daemon [_thread_blocked, id=30896, stack(0x00000063bb700000,0x00000063bb800000) (1024K)]
  0x000001c4880c03d0 JavaThread "Cache worker for file content cache (C:\Users\lin17\.gradle\caches\9.4.0\fileContent)"        [_thread_blocked, id=36728, stack(0x00000063bc500000,0x00000063bc600000) (1024K)]
  0x000001c4880bcf50 JavaThread "Cache worker for checksums cache (D:\code\intellij\cangjie\.gradle\9.4.0\checksums)"        [_thread_blocked, id=13536, stack(0x00000063bc600000,0x00000063bc700000) (1024K)]
  0x000001c4880c0a60 JavaThread "Cache worker for cache directory md-supplier (C:\Users\lin17\.gradle\caches\9.4.0\md-supplier)"        [_thread_blocked, id=41360, stack(0x00000063bc900000,0x00000063bca00000) (1024K)]
  0x000001c4880c1780 JavaThread "Cache worker for cache directory md-rule (C:\Users\lin17\.gradle\caches\9.4.0\md-rule)"        [_thread_blocked, id=45560, stack(0x00000063bca00000,0x00000063bcb00000) (1024K)]
  0x000001c4880bf020 JavaThread "Cache worker for Build Output Cleanup Cache (D:\code\intellij\cangjie\repo\gradle-settings-conventions\.gradle\buildOutputCleanup)"        [_thread_blocked, id=38584, stack(0x00000063bcb00000,0x00000063bcc00000) (1024K)]
  0x000001c4880c24a0 JavaThread "Build operations"                  [_thread_blocked, id=25356, stack(0x00000063bc700000,0x00000063bc800000) (1024K)]
  0x000001c4880c2b30 JavaThread "Build operations Thread 2"         [_thread_blocked, id=44468, stack(0x00000063bcc00000,0x00000063bcd00000) (1024K)]
  0x000001c4880bfd40 JavaThread "Build operations Thread 3"         [_thread_blocked, id=11716, stack(0x00000063bcd00000,0x00000063bce00000) (1024K)]
  0x000001c4880c3850 JavaThread "Build operations Thread 4"         [_thread_blocked, id=20468, stack(0x00000063bce00000,0x00000063bcf00000) (1024K)]
  0x000001c48ae370d0 JavaThread "Build operations Thread 5"         [_thread_blocked, id=36044, stack(0x00000063bcf00000,0x00000063bd000000) (1024K)]
  0x000001c48ae36a40 JavaThread "Build operations Thread 6"         [_thread_blocked, id=16152, stack(0x00000063bd000000,0x00000063bd100000) (1024K)]
  0x000001c48ae39830 JavaThread "Cache worker for Build Output Cleanup Cache (D:\code\intellij\cangjie\repo\gradle-build-conventions\.gradle\buildOutputCleanup)"        [_thread_blocked, id=21944, stack(0x00000063bd100000,0x00000063bd200000) (1024K)]
  0x000001c48ae39ec0 JavaThread "Build operations Thread 7"         [_thread_blocked, id=27112, stack(0x00000063bd400000,0x00000063bd500000) (1024K)]
  0x000001c48a816560 JavaThread "Build operations Thread 8"         [_thread_blocked, id=32160, stack(0x00000063bd500000,0x00000063bd600000) (1024K)]
  0x000001c48a815840 JavaThread "Build operations Thread 9"         [_thread_blocked, id=20732, stack(0x00000063bd600000,0x00000063bd700000) (1024K)]
  0x000001c48a816bf0 JavaThread "Build operations Thread 10"        [_thread_blocked, id=25228, stack(0x00000063bd700000,0x00000063bd800000) (1024K)]
  0x000001c48a815ed0 JavaThread "Build operations Thread 11"        [_thread_blocked, id=44824, stack(0x00000063bd800000,0x00000063bd900000) (1024K)]
  0x000001c48a817280 JavaThread "Build operations Thread 12"        [_thread_blocked, id=31380, stack(0x00000063bd900000,0x00000063bda00000) (1024K)]
  0x000001c48a817910 JavaThread "Build operations Thread 13"        [_thread_blocked, id=37328, stack(0x00000063bda00000,0x00000063bdb00000) (1024K)]
  0x000001c48a817fa0 JavaThread "Build operations Thread 14"        [_thread_blocked, id=37320, stack(0x00000063bdb00000,0x00000063bdc00000) (1024K)]
  0x000001c48a818630 JavaThread "Build operations Thread 15"        [_thread_blocked, id=21912, stack(0x00000063bdc00000,0x00000063bdd00000) (1024K)]
  0x000001c48a8151b0 JavaThread "Build operations Thread 16"        [_thread_blocked, id=28312, stack(0x00000063bdd00000,0x00000063bde00000) (1024K)]
  0x000001c48a81a070 JavaThread "Memory manager"                    [_thread_blocked, id=40548, stack(0x00000063bde00000,0x00000063bdf00000) (1024K)]
  0x000001c48a818cc0 JavaThread "build event listener"              [_thread_blocked, id=9468, stack(0x00000063bdf00000,0x00000063be000000) (1024K)]
  0x000001c48958f590 JavaThread "ForkJoinPool.commonPool-worker-1" daemon [_thread_blocked, id=38008, stack(0x00000063b9200000,0x00000063b9300000) (1024K)]
  0x000001c48958c110 JavaThread "ForkJoinPool.commonPool-worker-2" daemon [_thread_blocked, id=31812, stack(0x00000063bc800000,0x00000063bc900000) (1024K)]
  0x000001c48958c7a0 JavaThread "ForkJoinPool.commonPool-worker-4" daemon [_thread_blocked, id=43024, stack(0x00000063bd300000,0x00000063bd400000) (1024K)]
  0x000001c489590940 JavaThread "ForkJoinPool.commonPool-worker-6" daemon [_thread_blocked, id=42868, stack(0x00000063be100000,0x00000063be200000) (1024K)]
  0x000001c489592380 JavaThread "ForkJoinPool.commonPool-worker-10" daemon [_thread_blocked, id=21756, stack(0x00000063be500000,0x00000063be600000) (1024K)]
  0x000001c489592a10 JavaThread "ForkJoinPool.commonPool-worker-11" daemon [_thread_blocked, id=14700, stack(0x00000063be600000,0x00000063be700000) (1024K)]
  0x000001c48a6f6680 JavaThread "included builds"                   [_thread_blocked, id=40616, stack(0x00000063bea00000,0x00000063beb00000) (1024K)]
  0x000001c48a6f7a30 JavaThread "Execution worker"                  [_thread_blocked, id=25884, stack(0x00000063beb00000,0x00000063bec00000) (1024K)]
  0x000001c48a6f52d0 JavaThread "Execution worker Thread 2"         [_thread_blocked, id=42448, stack(0x00000063bec00000,0x00000063bed00000) (1024K)]
  0x000001c48a6f8de0 JavaThread "Execution worker Thread 3"         [_thread_blocked, id=29828, stack(0x00000063bed00000,0x00000063bee00000) (1024K)]
  0x000001c48a6f5960 JavaThread "Execution worker Thread 4"         [_thread_in_vm, id=29548, stack(0x00000063bee00000,0x00000063bef00000) (1024K)]
  0x000001c48a6fbbd0 JavaThread "Execution worker Thread 5"         [_thread_blocked, id=23464, stack(0x00000063bef00000,0x00000063bf000000) (1024K)]
  0x000001c48a6fc260 JavaThread "Execution worker Thread 6"         [_thread_blocked, id=44320, stack(0x00000063bf000000,0x00000063bf100000) (1024K)]
  0x000001c48a6f9470 JavaThread "Execution worker Thread 7"         [_thread_blocked, id=31824, stack(0x00000063bf100000,0x00000063bf200000) (1024K)]
  0x000001c48a6fa820 JavaThread "Execution worker Thread 8"         [_thread_blocked, id=18548, stack(0x00000063bf200000,0x00000063bf300000) (1024K)]
  0x000001c48a6fa190 JavaThread "Execution worker Thread 9"         [_thread_blocked, id=33680, stack(0x00000063bf300000,0x00000063bf400000) (1024K)]
  0x000001c48a6faeb0 JavaThread "Execution worker Thread 10"        [_thread_blocked, id=6124, stack(0x00000063bf400000,0x00000063bf500000) (1024K)]
  0x000001c48a6f9b00 JavaThread "Execution worker Thread 11"        [_thread_blocked, id=18192, stack(0x00000063bf500000,0x00000063bf600000) (1024K)]
  0x000001c48a6fc8f0 JavaThread "Execution worker Thread 12"        [_thread_blocked, id=49000, stack(0x00000063bf600000,0x00000063bf700000) (1024K)]
  0x000001c48a6fb540 JavaThread "Execution worker Thread 13"        [_thread_blocked, id=19840, stack(0x00000063bf700000,0x00000063bf800000) (1024K)]
  0x000001c489591cf0 JavaThread "Execution worker Thread 14"        [_thread_blocked, id=37468, stack(0x00000063bf800000,0x00000063bf900000) (1024K)]
  0x000001c48aa6dbe0 JavaThread "Execution worker Thread 15"        [_thread_blocked, id=19120, stack(0x00000063bf900000,0x00000063bfa00000) (1024K)]
  0x000001c48aa6e270 JavaThread "Cache worker for execution history cache (D:\code\intellij\cangjie\repo\gradle-settings-conventions\.gradle\9.4.0\executionHistory)"        [_thread_blocked, id=34072, stack(0x00000063bfa00000,0x00000063bfb00000) (1024K)]
  0x000001c48aa6e900 JavaThread "build event listener"              [_thread_blocked, id=45616, stack(0x00000063bfd00000,0x00000063bfe00000) (1024K)]
  0x000001c48bcb7620 JavaThread "Cache worker for execution history cache (D:\code\intellij\cangjie\repo\gradle-build-conventions\.gradle\9.4.0\executionHistory)"        [_thread_blocked, id=40116, stack(0x00000063bfe00000,0x00000063bff00000) (1024K)]
  0x000001c48bcb41a0 JavaThread "build event listener"              [_thread_blocked, id=42852, stack(0x00000063b9000000,0x00000063b9100000) (1024K)]
  0x000001c48ab815d0 JavaThread "Cache worker for execution history cache (D:\code\intellij\cangjie\.gradle\9.4.0\executionHistory)"        [_thread_blocked, id=2864, stack(0x00000063b9100000,0x00000063b9200000) (1024K)]
  0x000001c48cd9e7e0 JavaThread "WorkerExecutor Queue"              [_thread_blocked, id=39576, stack(0x00000063be800000,0x00000063be900000) (1024K)]
  0x000001c48cd9d430 JavaThread "WorkerExecutor Queue Thread 2"        [_thread_blocked, id=38540, stack(0x00000063bfb00000,0x00000063bfc00000) (1024K)]
  0x000001c48cd9b360 JavaThread "WorkerExecutor Queue Thread 3"        [_thread_blocked, id=26668, stack(0x00000063bfc00000,0x00000063bfd00000) (1024K)]
  0x000001c48cd9c080 JavaThread "WorkerExecutor Queue Thread 4"        [_thread_blocked, id=42336, stack(0x00000063bff00000,0x00000063c0000000) (1024K)]
  0x000001c48cd9cda0 JavaThread "pool-2-thread-1"                   [_thread_in_vm, id=42628, stack(0x00000063be700000,0x00000063be800000) (1024K)]
=>0x000001c48cda22f0 JavaThread "pool-3-thread-1"                   [_thread_in_vm, id=42020, stack(0x00000063be900000,0x00000063bea00000) (1024K)]
  0x000001c48cda08b0 JavaThread "WorkerExecutor Queue Thread 5"        [_thread_blocked, id=29008, stack(0x00000063c0000000,0x00000063c0100000) (1024K)]
  0x000001c48cda0f40 JavaThread "pool-4-thread-1"                   [_thread_in_vm, id=36184, stack(0x00000063c0100000,0x00000063c0200000) (1024K)]
  0x000001c48cda15d0 JavaThread "pool-5-thread-1"                   [_thread_in_vm, id=29024, stack(0x00000063c0200000,0x00000063c0300000) (1024K)]
  0x000001c4880bf6b0 JavaThread "File lock release action executor Thread 3"        [_thread_blocked, id=36400, stack(0x00000063ba300000,0x00000063ba400000) (1024K)]
  0x000001c48d7bdaf0 JavaThread "C2 CompilerThread1"         daemon [_thread_in_native, id=40144, stack(0x00000063bd200000,0x00000063bd300000) (1024K)]
Total: 90

Other Threads:
  0x000001c44c9870f0 VMThread "VM Thread"                           [id=16428, stack(0x00000063b9a00000,0x00000063b9b00000) (1024K)] _threads_hazard_ptr=0x000001c48c15b020
  0x000001c44c975240 WatcherThread "VM Periodic Task Thread"        [id=16352, stack(0x00000063b9900000,0x00000063b9a00000) (1024K)]
  0x000001c42dec5d20 WorkerThread "GC Thread#0"                     [id=35656, stack(0x00000063b9400000,0x00000063b9500000) (1024K)]
  0x000001c486a2ab70 WorkerThread "GC Thread#1"                     [id=45256, stack(0x00000063ba900000,0x00000063baa00000) (1024K)]
  0x000001c486e1d370 WorkerThread "GC Thread#2"                     [id=4424, stack(0x00000063baa00000,0x00000063bab00000) (1024K)]
  0x000001c486e1d710 WorkerThread "GC Thread#3"                     [id=7040, stack(0x00000063bab00000,0x00000063bac00000) (1024K)]
  0x000001c486be0040 WorkerThread "GC Thread#4"                     [id=11196, stack(0x00000063bac00000,0x00000063bad00000) (1024K)]
  0x000001c48a018fc0 WorkerThread "GC Thread#5"                     [id=14328, stack(0x00000063bb900000,0x00000063bba00000) (1024K)]
  0x000001c48a018000 WorkerThread "GC Thread#6"                     [id=10632, stack(0x00000063bba00000,0x00000063bbb00000) (1024K)]
  0x000001c48a018ae0 WorkerThread "GC Thread#7"                     [id=32560, stack(0x00000063bbb00000,0x00000063bbc00000) (1024K)]
  0x000001c48a018740 WorkerThread "GC Thread#8"                     [id=26240, stack(0x00000063bbc00000,0x00000063bbd00000) (1024K)]
  0x000001c48a0183a0 WorkerThread "GC Thread#9"                     [id=19788, stack(0x00000063bbd00000,0x00000063bbe00000) (1024K)]
  0x000001c488666500 WorkerThread "GC Thread#10"                    [id=7760, stack(0x00000063bbe00000,0x00000063bbf00000) (1024K)]
  0x000001c488665dc0 WorkerThread "GC Thread#11"                    [id=8248, stack(0x00000063bbf00000,0x00000063bc000000) (1024K)]
  0x000001c488666160 WorkerThread "GC Thread#12"                    [id=3024, stack(0x00000063bc000000,0x00000063bc100000) (1024K)]
  0x000001c42ded3a90 ConcurrentGCThread "G1 Main Marker"            [id=38728, stack(0x00000063b9500000,0x00000063b9600000) (1024K)]
  0x000001c42ded44a0 WorkerThread "G1 Conc#0"                       [id=20268, stack(0x00000063b9600000,0x00000063b9700000) (1024K)]
  0x000001c4886668a0 WorkerThread "G1 Conc#1"                       [id=47316, stack(0x00000063bc100000,0x00000063bc200000) (1024K)]
  0x000001c488665680 WorkerThread "G1 Conc#2"                       [id=31228, stack(0x00000063bc200000,0x00000063bc300000) (1024K)]
  0x000001c44c844590 ConcurrentGCThread "G1 Refine#0"               [id=4812, stack(0x00000063b9700000,0x00000063b9800000) (1024K)]
  0x000001c44c845010 ConcurrentGCThread "G1 Service"                [id=18584, stack(0x00000063b9800000,0x00000063b9900000) (1024K)]
Total: 21

Threads with active compile tasks:
C2 CompilerThread0  419809 68543       4       kotlin.collections.CollectionsKt__ReversedViewsKt::access$reversePositionIndex (6 bytes)
C1 CompilerThread0  419809 70986       2       org.jetbrains.kotlin.fir.backend.jvm.FirJvmSerializerExtension::serializeAnnotations (141 bytes)
C2 CompilerThread1  419809 69272       4       org.jetbrains.kotlin.load.kotlin.TypeSignatureMappingKt::mapBuiltInType (336 bytes)
Total: 3

VM state: synchronizing (normal execution)

VM Mutex/Monitor currently owned by a thread:  ([mutex/lock_event])
[0x00007ffafe0934f0] Metaspace_lock - owner thread: 0x000001c48cda22f0
[0x00007ffafe095570] Threads_lock - owner thread: 0x000001c44c9870f0

Heap address: 0x0000000740000000, size: 3072 MB, Compressed Oops mode: Zero based, Oop shift amount: 3

CDS archive(s) mapped at: [0x000001c44d000000-0x000001c44dc80000-0x000001c44dc80000), size 13107200, SharedBaseAddress: 0x000001c44d000000, ArchiveRelocationMode: 1.
Compressed class space mapped at: 0x000001c44e000000-0x000001c482000000, reserved size: 872415232
Narrow klass base: 0x000001c44d000000, Narrow klass shift: 0, Narrow klass range: 0x100000000

GC Precious Log:
 CardTable entry size: 512
 Card Set container configuration: InlinePtr #cards 4 size 8 Array Of Cards #cards 16 size 48 Howl #buckets 8 coarsen threshold 3686 Howl Bitmap #cards 512 size 80 coarsen threshold 460 Card regions per heap region 1 cards per card region 4096
 CPUs: 16 total, 16 available
 Memory: 15613M
 Large Page Support: Disabled
 NUMA Support: Disabled
 Compressed Oops: Enabled (Zero based)
 Heap Region Size: 2M
 Heap Min Capacity: 8M
 Heap Initial Capacity: 244M
 Heap Max Capacity: 3G
 Pre-touch: Disabled
 Parallel Workers: 13
 Concurrent Workers: 3
 Concurrent Refinement Workers: 13
 Periodic GC: Disabled

Heap:
 garbage-first heap   total 1105920K, used 833190K [0x0000000740000000, 0x0000000800000000)
  region size 2048K, 85 young (174080K), 11 survivors (22528K)
 Metaspace       used 396695K, committed 400320K, reserved 1245184K
  class space    used 47630K, committed 49344K, reserved 851968K

Heap Regions: E=young(eden), S=young(survivor), O=old, HS=humongous(starts), HC=humongous(continues), CS=collection set, F=free, TAMS=top-at-mark-start, PB=parsable bottom
|   0|0x0000000740000000, 0x0000000740200000, 0x0000000740200000|100%|HS|  |TAMS 0x0000000740000000| PB 0x0000000740000000| Complete 
|   1|0x0000000740200000, 0x0000000740400000, 0x0000000740400000|100%|HC|  |TAMS 0x0000000740200000| PB 0x0000000740200000| Complete 
|   2|0x0000000740400000, 0x0000000740600000, 0x0000000740600000|100%| O|  |TAMS 0x0000000740400000| PB 0x0000000740400000| Untracked 
|   3|0x0000000740600000, 0x0000000740800000, 0x0000000740800000|100%| O|  |TAMS 0x0000000740600000| PB 0x0000000740600000| Untracked 
|   4|0x0000000740800000, 0x0000000740a00000, 0x0000000740a00000|100%| O|  |TAMS 0x0000000740800000| PB 0x0000000740800000| Untracked 
|   5|0x0000000740a00000, 0x0000000740c00000, 0x0000000740c00000|100%| O|  |TAMS 0x0000000740a00000| PB 0x0000000740a00000| Untracked 
|   6|0x0000000740c00000, 0x0000000740e00000, 0x0000000740e00000|100%| O|  |TAMS 0x0000000740c00000| PB 0x0000000740c00000| Untracked 
|   7|0x0000000740e00000, 0x0000000741000000, 0x0000000741000000|100%| O|  |TAMS 0x0000000740e00000| PB 0x0000000740e00000| Untracked 
|   8|0x0000000741000000, 0x0000000741200000, 0x0000000741200000|100%| O|  |TAMS 0x0000000741000000| PB 0x0000000741000000| Untracked 
|   9|0x0000000741200000, 0x0000000741400000, 0x0000000741400000|100%| O|  |TAMS 0x0000000741200000| PB 0x0000000741200000| Untracked 
|  10|0x0000000741400000, 0x0000000741600000, 0x0000000741600000|100%| O|  |TAMS 0x0000000741400000| PB 0x0000000741400000| Untracked 
|  11|0x0000000741600000, 0x0000000741800000, 0x0000000741800000|100%| O|  |TAMS 0x0000000741600000| PB 0x0000000741600000| Untracked 
|  12|0x0000000741800000, 0x0000000741a00000, 0x0000000741a00000|100%| O|  |TAMS 0x0000000741800000| PB 0x0000000741800000| Untracked 
|  13|0x0000000741a00000, 0x0000000741c00000, 0x0000000741c00000|100%| O|  |TAMS 0x0000000741a00000| PB 0x0000000741a00000| Untracked 
|  14|0x0000000741c00000, 0x0000000741e00000, 0x0000000741e00000|100%| O|  |TAMS 0x0000000741c00000| PB 0x0000000741c00000| Untracked 
|  15|0x0000000741e00000, 0x0000000742000000, 0x0000000742000000|100%| O|  |TAMS 0x0000000741e00000| PB 0x0000000741e00000| Untracked 
|  16|0x0000000742000000, 0x0000000742200000, 0x0000000742200000|100%|HS|  |TAMS 0x0000000742000000| PB 0x0000000742000000| Complete 
|  17|0x0000000742200000, 0x0000000742400000, 0x0000000742400000|100%| O|  |TAMS 0x0000000742200000| PB 0x0000000742200000| Untracked 
|  18|0x0000000742400000, 0x0000000742600000, 0x0000000742600000|100%| O|  |TAMS 0x0000000742400000| PB 0x0000000742400000| Untracked 
|  19|0x0000000742600000, 0x0000000742800000, 0x0000000742800000|100%| O|  |TAMS 0x0000000742600000| PB 0x0000000742600000| Untracked 
|  20|0x0000000742800000, 0x0000000742a00000, 0x0000000742a00000|100%|HS|  |TAMS 0x0000000742800000| PB 0x0000000742800000| Complete 
|  21|0x0000000742a00000, 0x0000000742c00000, 0x0000000742c00000|100%|HS|  |TAMS 0x0000000742a00000| PB 0x0000000742a00000| Complete 
|  22|0x0000000742c00000, 0x0000000742e00000, 0x0000000742e00000|100%| O|  |TAMS 0x0000000742c00000| PB 0x0000000742c00000| Untracked 
|  23|0x0000000742e00000, 0x0000000743000000, 0x0000000743000000|100%| O|  |TAMS 0x0000000742e00000| PB 0x0000000742e00000| Untracked 
|  24|0x0000000743000000, 0x0000000743200000, 0x0000000743200000|100%| O|  |TAMS 0x0000000743000000| PB 0x0000000743000000| Untracked 
|  25|0x0000000743200000, 0x0000000743400000, 0x0000000743400000|100%| O|  |TAMS 0x0000000743200000| PB 0x0000000743200000| Untracked 
|  26|0x0000000743400000, 0x0000000743600000, 0x0000000743600000|100%| O|  |TAMS 0x0000000743400000| PB 0x0000000743400000| Untracked 
|  27|0x0000000743600000, 0x0000000743800000, 0x0000000743800000|100%| O|  |TAMS 0x0000000743600000| PB 0x0000000743600000| Untracked 
|  28|0x0000000743800000, 0x0000000743a00000, 0x0000000743a00000|100%| O|  |TAMS 0x0000000743800000| PB 0x0000000743800000| Untracked 
|  29|0x0000000743a00000, 0x0000000743c00000, 0x0000000743c00000|100%| O|  |TAMS 0x0000000743a00000| PB 0x0000000743a00000| Untracked 
|  30|0x0000000743c00000, 0x0000000743e00000, 0x0000000743e00000|100%| O|  |TAMS 0x0000000743c00000| PB 0x0000000743c00000| Untracked 
|  31|0x0000000743e00000, 0x0000000744000000, 0x0000000744000000|100%| O|  |TAMS 0x0000000743e00000| PB 0x0000000743e00000| Untracked 
|  32|0x0000000744000000, 0x0000000744200000, 0x0000000744200000|100%| O|  |TAMS 0x0000000744000000| PB 0x0000000744000000| Untracked 
|  33|0x0000000744200000, 0x0000000744400000, 0x0000000744400000|100%| O|  |TAMS 0x0000000744200000| PB 0x0000000744200000| Untracked 
|  34|0x0000000744400000, 0x0000000744600000, 0x0000000744600000|100%| O|  |TAMS 0x0000000744400000| PB 0x0000000744400000| Untracked 
|  35|0x0000000744600000, 0x0000000744800000, 0x0000000744800000|100%| O|  |TAMS 0x0000000744600000| PB 0x0000000744600000| Untracked 
|  36|0x0000000744800000, 0x0000000744a00000, 0x0000000744a00000|100%| O|  |TAMS 0x0000000744800000| PB 0x0000000744800000| Untracked 
|  37|0x0000000744a00000, 0x0000000744c00000, 0x0000000744c00000|100%| O|  |TAMS 0x0000000744a00000| PB 0x0000000744a00000| Untracked 
|  38|0x0000000744c00000, 0x0000000744e00000, 0x0000000744e00000|100%| O|  |TAMS 0x0000000744c00000| PB 0x0000000744c00000| Untracked 
|  39|0x0000000744e00000, 0x0000000745000000, 0x0000000745000000|100%| O|  |TAMS 0x0000000744e00000| PB 0x0000000744e00000| Untracked 
|  40|0x0000000745000000, 0x0000000745200000, 0x0000000745200000|100%| O|  |TAMS 0x0000000745000000| PB 0x0000000745000000| Untracked 
|  41|0x0000000745200000, 0x0000000745400000, 0x0000000745400000|100%| O|  |TAMS 0x0000000745200000| PB 0x0000000745200000| Untracked 
|  42|0x0000000745400000, 0x0000000745600000, 0x0000000745600000|100%| O|  |TAMS 0x0000000745400000| PB 0x0000000745400000| Untracked 
|  43|0x0000000745600000, 0x0000000745800000, 0x0000000745800000|100%| O|  |TAMS 0x0000000745600000| PB 0x0000000745600000| Untracked 
|  44|0x0000000745800000, 0x0000000745a00000, 0x0000000745a00000|100%| O|  |TAMS 0x0000000745800000| PB 0x0000000745800000| Untracked 
|  45|0x0000000745a00000, 0x0000000745c00000, 0x0000000745c00000|100%| O|  |TAMS 0x0000000745a00000| PB 0x0000000745a00000| Untracked 
|  46|0x0000000745c00000, 0x0000000745e00000, 0x0000000745e00000|100%| O|  |TAMS 0x0000000745c00000| PB 0x0000000745c00000| Untracked 
|  47|0x0000000745e00000, 0x0000000746000000, 0x0000000746000000|100%| O|  |TAMS 0x0000000745e00000| PB 0x0000000745e00000| Untracked 
|  48|0x0000000746000000, 0x0000000746200000, 0x0000000746200000|100%| O|  |TAMS 0x0000000746000000| PB 0x0000000746000000| Untracked 
|  49|0x0000000746200000, 0x0000000746400000, 0x0000000746400000|100%| O|  |TAMS 0x0000000746200000| PB 0x0000000746200000| Untracked 
|  50|0x0000000746400000, 0x0000000746600000, 0x0000000746600000|100%| O|  |TAMS 0x0000000746400000| PB 0x0000000746400000| Untracked 
|  51|0x0000000746600000, 0x0000000746800000, 0x0000000746800000|100%| O|  |TAMS 0x0000000746600000| PB 0x0000000746600000| Untracked 
|  52|0x0000000746800000, 0x0000000746a00000, 0x0000000746a00000|100%| O|  |TAMS 0x0000000746800000| PB 0x0000000746800000| Untracked 
|  53|0x0000000746a00000, 0x0000000746c00000, 0x0000000746c00000|100%| O|  |TAMS 0x0000000746a00000| PB 0x0000000746a00000| Untracked 
|  54|0x0000000746c00000, 0x0000000746e00000, 0x0000000746e00000|100%| O|  |TAMS 0x0000000746c00000| PB 0x0000000746c00000| Untracked 
|  55|0x0000000746e00000, 0x0000000747000000, 0x0000000747000000|100%| O|  |TAMS 0x0000000746e00000| PB 0x0000000746e00000| Untracked 
|  56|0x0000000747000000, 0x0000000747200000, 0x0000000747200000|100%| O|  |TAMS 0x0000000747000000| PB 0x0000000747000000| Untracked 
|  57|0x0000000747200000, 0x0000000747400000, 0x0000000747400000|100%| O|  |TAMS 0x0000000747200000| PB 0x0000000747200000| Untracked 
|  58|0x0000000747400000, 0x0000000747600000, 0x0000000747600000|100%| O|  |TAMS 0x0000000747400000| PB 0x0000000747400000| Untracked 
|  59|0x0000000747600000, 0x0000000747800000, 0x0000000747800000|100%| O|  |TAMS 0x0000000747600000| PB 0x0000000747600000| Untracked 
|  60|0x0000000747800000, 0x0000000747a00000, 0x0000000747a00000|100%| O|  |TAMS 0x0000000747800000| PB 0x0000000747800000| Untracked 
|  61|0x0000000747a00000, 0x0000000747c00000, 0x0000000747c00000|100%| O|  |TAMS 0x0000000747a00000| PB 0x0000000747a00000| Untracked 
|  62|0x0000000747c00000, 0x0000000747e00000, 0x0000000747e00000|100%| O|  |TAMS 0x0000000747c00000| PB 0x0000000747c00000| Untracked 
|  63|0x0000000747e00000, 0x0000000748000000, 0x0000000748000000|100%| O|  |TAMS 0x0000000747e00000| PB 0x0000000747e00000| Untracked 
|  64|0x0000000748000000, 0x0000000748200000, 0x0000000748200000|100%| O|  |TAMS 0x0000000748000000| PB 0x0000000748000000| Untracked 
|  65|0x0000000748200000, 0x0000000748400000, 0x0000000748400000|100%| O|  |TAMS 0x0000000748200000| PB 0x0000000748200000| Untracked 
|  66|0x0000000748400000, 0x0000000748600000, 0x0000000748600000|100%| O|  |TAMS 0x0000000748400000| PB 0x0000000748400000| Untracked 
|  67|0x0000000748600000, 0x0000000748800000, 0x0000000748800000|100%| O|  |TAMS 0x0000000748600000| PB 0x0000000748600000| Untracked 
|  68|0x0000000748800000, 0x0000000748a00000, 0x0000000748a00000|100%| O|  |TAMS 0x0000000748800000| PB 0x0000000748800000| Untracked 
|  69|0x0000000748a00000, 0x0000000748c00000, 0x0000000748c00000|100%| O|  |TAMS 0x0000000748a00000| PB 0x0000000748a00000| Untracked 
|  70|0x0000000748c00000, 0x0000000748e00000, 0x0000000748e00000|100%| O|  |TAMS 0x0000000748c00000| PB 0x0000000748c00000| Untracked 
|  71|0x0000000748e00000, 0x0000000749000000, 0x0000000749000000|100%| O|  |TAMS 0x0000000748e00000| PB 0x0000000748e00000| Untracked 
|  72|0x0000000749000000, 0x0000000749200000, 0x0000000749200000|100%| O|  |TAMS 0x0000000749000000| PB 0x0000000749000000| Untracked 
|  73|0x0000000749200000, 0x0000000749400000, 0x0000000749400000|100%| O|  |TAMS 0x0000000749200000| PB 0x0000000749200000| Untracked 
|  74|0x0000000749400000, 0x0000000749600000, 0x0000000749600000|100%| O|  |TAMS 0x0000000749400000| PB 0x0000000749400000| Untracked 
|  75|0x0000000749600000, 0x0000000749800000, 0x0000000749800000|100%| O|  |TAMS 0x0000000749600000| PB 0x0000000749600000| Untracked 
|  76|0x0000000749800000, 0x0000000749a00000, 0x0000000749a00000|100%| O|  |TAMS 0x0000000749800000| PB 0x0000000749800000| Untracked 
|  77|0x0000000749a00000, 0x0000000749c00000, 0x0000000749c00000|100%| O|  |TAMS 0x0000000749a00000| PB 0x0000000749a00000| Untracked 
|  78|0x0000000749c00000, 0x0000000749e00000, 0x0000000749e00000|100%| O|  |TAMS 0x0000000749c00000| PB 0x0000000749c00000| Untracked 
|  79|0x0000000749e00000, 0x000000074a000000, 0x000000074a000000|100%| O|  |TAMS 0x0000000749e00000| PB 0x0000000749e00000| Untracked 
|  80|0x000000074a000000, 0x000000074a200000, 0x000000074a200000|100%| O|  |TAMS 0x000000074a000000| PB 0x000000074a000000| Untracked 
|  81|0x000000074a200000, 0x000000074a400000, 0x000000074a400000|100%| O|  |TAMS 0x000000074a200000| PB 0x000000074a200000| Untracked 
|  82|0x000000074a400000, 0x000000074a600000, 0x000000074a600000|100%| O|  |TAMS 0x000000074a400000| PB 0x000000074a400000| Untracked 
|  83|0x000000074a600000, 0x000000074a800000, 0x000000074a800000|100%|HS|  |TAMS 0x000000074a600000| PB 0x000000074a600000| Complete 
|  84|0x000000074a800000, 0x000000074aa00000, 0x000000074aa00000|100%|HC|  |TAMS 0x000000074a800000| PB 0x000000074a800000| Complete 
|  85|0x000000074aa00000, 0x000000074ac00000, 0x000000074ac00000|100%| O|  |TAMS 0x000000074aa00000| PB 0x000000074aa00000| Untracked 
|  86|0x000000074ac00000, 0x000000074ae00000, 0x000000074ae00000|100%| O|  |TAMS 0x000000074ac00000| PB 0x000000074ac00000| Untracked 
|  87|0x000000074ae00000, 0x000000074b000000, 0x000000074b000000|100%| O|  |TAMS 0x000000074ae00000| PB 0x000000074ae00000| Untracked 
|  88|0x000000074b000000, 0x000000074b200000, 0x000000074b200000|100%| O|  |TAMS 0x000000074b000000| PB 0x000000074b000000| Untracked 
|  89|0x000000074b200000, 0x000000074b400000, 0x000000074b400000|100%| O|  |TAMS 0x000000074b200000| PB 0x000000074b200000| Untracked 
|  90|0x000000074b400000, 0x000000074b600000, 0x000000074b600000|100%| O|  |TAMS 0x000000074b400000| PB 0x000000074b400000| Untracked 
|  91|0x000000074b600000, 0x000000074b800000, 0x000000074b800000|100%| O|  |TAMS 0x000000074b600000| PB 0x000000074b600000| Untracked 
|  92|0x000000074b800000, 0x000000074ba00000, 0x000000074ba00000|100%| O|  |TAMS 0x000000074b800000| PB 0x000000074b800000| Untracked 
|  93|0x000000074ba00000, 0x000000074bc00000, 0x000000074bc00000|100%| O|  |TAMS 0x000000074ba00000| PB 0x000000074ba00000| Untracked 
|  94|0x000000074bc00000, 0x000000074be00000, 0x000000074be00000|100%| O|  |TAMS 0x000000074bc00000| PB 0x000000074bc00000| Untracked 
|  95|0x000000074be00000, 0x000000074c000000, 0x000000074c000000|100%| O|  |TAMS 0x000000074be00000| PB 0x000000074be00000| Untracked 
|  96|0x000000074c000000, 0x000000074c200000, 0x000000074c200000|100%| O|  |TAMS 0x000000074c000000| PB 0x000000074c000000| Untracked 
|  97|0x000000074c200000, 0x000000074c400000, 0x000000074c400000|100%| O|  |TAMS 0x000000074c200000| PB 0x000000074c200000| Untracked 
|  98|0x000000074c400000, 0x000000074c600000, 0x000000074c600000|100%| O|  |TAMS 0x000000074c400000| PB 0x000000074c400000| Untracked 
|  99|0x000000074c600000, 0x000000074c800000, 0x000000074c800000|100%| O|  |TAMS 0x000000074c600000| PB 0x000000074c600000| Untracked 
| 100|0x000000074c800000, 0x000000074ca00000, 0x000000074ca00000|100%| O|  |TAMS 0x000000074c800000| PB 0x000000074c800000| Untracked 
| 101|0x000000074ca00000, 0x000000074cc00000, 0x000000074cc00000|100%| O|  |TAMS 0x000000074ca00000| PB 0x000000074ca00000| Untracked 
| 102|0x000000074cc00000, 0x000000074ce00000, 0x000000074ce00000|100%| O|  |TAMS 0x000000074cc00000| PB 0x000000074cc00000| Untracked 
| 103|0x000000074ce00000, 0x000000074d000000, 0x000000074d000000|100%| O|  |TAMS 0x000000074ce00000| PB 0x000000074ce00000| Untracked 
| 104|0x000000074d000000, 0x000000074d200000, 0x000000074d200000|100%| O|  |TAMS 0x000000074d000000| PB 0x000000074d000000| Untracked 
| 105|0x000000074d200000, 0x000000074d400000, 0x000000074d400000|100%| O|  |TAMS 0x000000074d200000| PB 0x000000074d200000| Untracked 
| 106|0x000000074d400000, 0x000000074d600000, 0x000000074d600000|100%| O|  |TAMS 0x000000074d400000| PB 0x000000074d400000| Untracked 
| 107|0x000000074d600000, 0x000000074d800000, 0x000000074d800000|100%| O|  |TAMS 0x000000074d600000| PB 0x000000074d600000| Untracked 
| 108|0x000000074d800000, 0x000000074da00000, 0x000000074da00000|100%| O|  |TAMS 0x000000074d800000| PB 0x000000074d800000| Untracked 
| 109|0x000000074da00000, 0x000000074dc00000, 0x000000074dc00000|100%| O|  |TAMS 0x000000074da00000| PB 0x000000074da00000| Untracked 
| 110|0x000000074dc00000, 0x000000074de00000, 0x000000074de00000|100%| O|  |TAMS 0x000000074dc00000| PB 0x000000074dc00000| Untracked 
| 111|0x000000074de00000, 0x000000074e000000, 0x000000074e000000|100%| O|  |TAMS 0x000000074de00000| PB 0x000000074de00000| Untracked 
| 112|0x000000074e000000, 0x000000074e200000, 0x000000074e200000|100%| O|  |TAMS 0x000000074e000000| PB 0x000000074e000000| Untracked 
| 113|0x000000074e200000, 0x000000074e400000, 0x000000074e400000|100%| O|  |TAMS 0x000000074e200000| PB 0x000000074e200000| Untracked 
| 114|0x000000074e400000, 0x000000074e600000, 0x000000074e600000|100%| O|  |TAMS 0x000000074e400000| PB 0x000000074e400000| Untracked 
| 115|0x000000074e600000, 0x000000074e800000, 0x000000074e800000|100%| O|  |TAMS 0x000000074e600000| PB 0x000000074e600000| Untracked 
| 116|0x000000074e800000, 0x000000074ea00000, 0x000000074ea00000|100%| O|  |TAMS 0x000000074e800000| PB 0x000000074e800000| Untracked 
| 117|0x000000074ea00000, 0x000000074ec00000, 0x000000074ec00000|100%| O|  |TAMS 0x000000074ea00000| PB 0x000000074ea00000| Untracked 
| 118|0x000000074ec00000, 0x000000074ee00000, 0x000000074ee00000|100%| O|  |TAMS 0x000000074ec00000| PB 0x000000074ec00000| Untracked 
| 119|0x000000074ee00000, 0x000000074f000000, 0x000000074f000000|100%| O|  |TAMS 0x000000074ee00000| PB 0x000000074ee00000| Untracked 
| 120|0x000000074f000000, 0x000000074f200000, 0x000000074f200000|100%| O|  |TAMS 0x000000074f000000| PB 0x000000074f000000| Untracked 
| 121|0x000000074f200000, 0x000000074f400000, 0x000000074f400000|100%| O|  |TAMS 0x000000074f200000| PB 0x000000074f200000| Untracked 
| 122|0x000000074f400000, 0x000000074f600000, 0x000000074f600000|100%| O|  |TAMS 0x000000074f400000| PB 0x000000074f400000| Untracked 
| 123|0x000000074f600000, 0x000000074f800000, 0x000000074f800000|100%| O|  |TAMS 0x000000074f600000| PB 0x000000074f600000| Untracked 
| 124|0x000000074f800000, 0x000000074fa00000, 0x000000074fa00000|100%| O|  |TAMS 0x000000074f800000| PB 0x000000074f800000| Untracked 
| 125|0x000000074fa00000, 0x000000074fc00000, 0x000000074fc00000|100%| O|  |TAMS 0x000000074fa00000| PB 0x000000074fa00000| Untracked 
| 126|0x000000074fc00000, 0x000000074fe00000, 0x000000074fe00000|100%| O|  |TAMS 0x000000074fc00000| PB 0x000000074fc00000| Untracked 
| 127|0x000000074fe00000, 0x0000000750000000, 0x0000000750000000|100%| O|  |TAMS 0x000000074fe00000| PB 0x000000074fe00000| Untracked 
| 128|0x0000000750000000, 0x0000000750200000, 0x0000000750200000|100%| O|  |TAMS 0x0000000750000000| PB 0x0000000750000000| Untracked 
| 129|0x0000000750200000, 0x0000000750400000, 0x0000000750400000|100%| O|  |TAMS 0x0000000750200000| PB 0x0000000750200000| Untracked 
| 130|0x0000000750400000, 0x0000000750600000, 0x0000000750600000|100%| O|  |TAMS 0x0000000750400000| PB 0x0000000750400000| Untracked 
| 131|0x0000000750600000, 0x0000000750800000, 0x0000000750800000|100%| O|  |TAMS 0x0000000750600000| PB 0x0000000750600000| Untracked 
| 132|0x0000000750800000, 0x0000000750a00000, 0x0000000750a00000|100%| O|  |TAMS 0x0000000750800000| PB 0x0000000750800000| Untracked 
| 133|0x0000000750a00000, 0x0000000750c00000, 0x0000000750c00000|100%| O|  |TAMS 0x0000000750a00000| PB 0x0000000750a00000| Untracked 
| 134|0x0000000750c00000, 0x0000000750e00000, 0x0000000750e00000|100%| O|  |TAMS 0x0000000750c00000| PB 0x0000000750c00000| Untracked 
| 135|0x0000000750e00000, 0x0000000751000000, 0x0000000751000000|100%| O|  |TAMS 0x0000000750e00000| PB 0x0000000750e00000| Untracked 
| 136|0x0000000751000000, 0x0000000751200000, 0x0000000751200000|100%| O|  |TAMS 0x0000000751000000| PB 0x0000000751000000| Untracked 
| 137|0x0000000751200000, 0x0000000751400000, 0x0000000751400000|100%| O|  |TAMS 0x0000000751200000| PB 0x0000000751200000| Untracked 
| 138|0x0000000751400000, 0x0000000751600000, 0x0000000751600000|100%| O|  |TAMS 0x0000000751400000| PB 0x0000000751400000| Untracked 
| 139|0x0000000751600000, 0x0000000751800000, 0x0000000751800000|100%| O|  |TAMS 0x0000000751600000| PB 0x0000000751600000| Untracked 
| 140|0x0000000751800000, 0x0000000751a00000, 0x0000000751a00000|100%| O|  |TAMS 0x0000000751800000| PB 0x0000000751800000| Untracked 
| 141|0x0000000751a00000, 0x0000000751c00000, 0x0000000751c00000|100%| O|  |TAMS 0x0000000751a00000| PB 0x0000000751a00000| Untracked 
| 142|0x0000000751c00000, 0x0000000751e00000, 0x0000000751e00000|100%| O|  |TAMS 0x0000000751c00000| PB 0x0000000751c00000| Untracked 
| 143|0x0000000751e00000, 0x0000000752000000, 0x0000000752000000|100%| O|  |TAMS 0x0000000751e00000| PB 0x0000000751e00000| Untracked 
| 144|0x0000000752000000, 0x0000000752200000, 0x0000000752200000|100%| O|  |TAMS 0x0000000752000000| PB 0x0000000752000000| Untracked 
| 145|0x0000000752200000, 0x0000000752400000, 0x0000000752400000|100%| O|  |TAMS 0x0000000752200000| PB 0x0000000752200000| Untracked 
| 146|0x0000000752400000, 0x0000000752600000, 0x0000000752600000|100%| O|  |TAMS 0x0000000752400000| PB 0x0000000752400000| Untracked 
| 147|0x0000000752600000, 0x0000000752800000, 0x0000000752800000|100%| O|  |TAMS 0x0000000752600000| PB 0x0000000752600000| Untracked 
| 148|0x0000000752800000, 0x0000000752a00000, 0x0000000752a00000|100%| O|  |TAMS 0x0000000752800000| PB 0x0000000752800000| Untracked 
| 149|0x0000000752a00000, 0x0000000752c00000, 0x0000000752c00000|100%| O|  |TAMS 0x0000000752a00000| PB 0x0000000752a00000| Untracked 
| 150|0x0000000752c00000, 0x0000000752e00000, 0x0000000752e00000|100%| O|  |TAMS 0x0000000752c00000| PB 0x0000000752c00000| Untracked 
| 151|0x0000000752e00000, 0x0000000753000000, 0x0000000753000000|100%| O|  |TAMS 0x0000000752e00000| PB 0x0000000752e00000| Untracked 
| 152|0x0000000753000000, 0x0000000753200000, 0x0000000753200000|100%| O|  |TAMS 0x0000000753000000| PB 0x0000000753000000| Untracked 
| 153|0x0000000753200000, 0x0000000753400000, 0x0000000753400000|100%| O|  |TAMS 0x0000000753200000| PB 0x0000000753200000| Untracked 
| 154|0x0000000753400000, 0x0000000753600000, 0x0000000753600000|100%| O|  |TAMS 0x0000000753400000| PB 0x0000000753400000| Untracked 
| 155|0x0000000753600000, 0x0000000753800000, 0x0000000753800000|100%| O|  |TAMS 0x0000000753600000| PB 0x0000000753600000| Untracked 
| 156|0x0000000753800000, 0x0000000753a00000, 0x0000000753a00000|100%| O|  |TAMS 0x0000000753800000| PB 0x0000000753800000| Untracked 
| 157|0x0000000753a00000, 0x0000000753c00000, 0x0000000753c00000|100%| O|  |TAMS 0x0000000753a00000| PB 0x0000000753a00000| Untracked 
| 158|0x0000000753c00000, 0x0000000753e00000, 0x0000000753e00000|100%| O|  |TAMS 0x0000000753c00000| PB 0x0000000753c00000| Untracked 
| 159|0x0000000753e00000, 0x0000000754000000, 0x0000000754000000|100%| O|  |TAMS 0x0000000753e00000| PB 0x0000000753e00000| Untracked 
| 160|0x0000000754000000, 0x0000000754200000, 0x0000000754200000|100%| O|  |TAMS 0x0000000754000000| PB 0x0000000754000000| Untracked 
| 161|0x0000000754200000, 0x0000000754400000, 0x0000000754400000|100%| O|  |TAMS 0x0000000754200000| PB 0x0000000754200000| Untracked 
| 162|0x0000000754400000, 0x0000000754600000, 0x0000000754600000|100%| O|  |TAMS 0x0000000754400000| PB 0x0000000754400000| Untracked 
| 163|0x0000000754600000, 0x0000000754800000, 0x0000000754800000|100%| O|  |TAMS 0x0000000754600000| PB 0x0000000754600000| Untracked 
| 164|0x0000000754800000, 0x0000000754a00000, 0x0000000754a00000|100%| O|  |TAMS 0x0000000754800000| PB 0x0000000754800000| Untracked 
| 165|0x0000000754a00000, 0x0000000754c00000, 0x0000000754c00000|100%| O|  |TAMS 0x0000000754a00000| PB 0x0000000754a00000| Untracked 
| 166|0x0000000754c00000, 0x0000000754e00000, 0x0000000754e00000|100%| O|  |TAMS 0x0000000754c00000| PB 0x0000000754c00000| Untracked 
| 167|0x0000000754e00000, 0x0000000755000000, 0x0000000755000000|100%| O|  |TAMS 0x0000000754e00000| PB 0x0000000754e00000| Untracked 
| 168|0x0000000755000000, 0x0000000755200000, 0x0000000755200000|100%| O|  |TAMS 0x0000000755000000| PB 0x0000000755000000| Untracked 
| 169|0x0000000755200000, 0x0000000755400000, 0x0000000755400000|100%| O|  |TAMS 0x0000000755200000| PB 0x0000000755200000| Untracked 
| 170|0x0000000755400000, 0x0000000755600000, 0x0000000755600000|100%| O|  |TAMS 0x0000000755400000| PB 0x0000000755400000| Untracked 
| 171|0x0000000755600000, 0x0000000755800000, 0x0000000755800000|100%| O|  |TAMS 0x0000000755600000| PB 0x0000000755600000| Untracked 
| 172|0x0000000755800000, 0x0000000755a00000, 0x0000000755a00000|100%| O|  |TAMS 0x0000000755800000| PB 0x0000000755800000| Untracked 
| 173|0x0000000755a00000, 0x0000000755c00000, 0x0000000755c00000|100%| O|  |TAMS 0x0000000755a00000| PB 0x0000000755a00000| Untracked 
| 174|0x0000000755c00000, 0x0000000755e00000, 0x0000000755e00000|100%| O|  |TAMS 0x0000000755c00000| PB 0x0000000755c00000| Untracked 
| 175|0x0000000755e00000, 0x0000000756000000, 0x0000000756000000|100%| O|  |TAMS 0x0000000755e00000| PB 0x0000000755e00000| Untracked 
| 176|0x0000000756000000, 0x0000000756200000, 0x0000000756200000|100%| O|  |TAMS 0x0000000756000000| PB 0x0000000756000000| Untracked 
| 177|0x0000000756200000, 0x0000000756400000, 0x0000000756400000|100%| O|  |TAMS 0x0000000756200000| PB 0x0000000756200000| Untracked 
| 178|0x0000000756400000, 0x0000000756600000, 0x0000000756600000|100%| O|  |TAMS 0x0000000756400000| PB 0x0000000756400000| Untracked 
| 179|0x0000000756600000, 0x0000000756800000, 0x0000000756800000|100%| O|  |TAMS 0x0000000756600000| PB 0x0000000756600000| Untracked 
| 180|0x0000000756800000, 0x0000000756a00000, 0x0000000756a00000|100%| O|  |TAMS 0x0000000756800000| PB 0x0000000756800000| Untracked 
| 181|0x0000000756a00000, 0x0000000756c00000, 0x0000000756c00000|100%| O|  |TAMS 0x0000000756a00000| PB 0x0000000756a00000| Untracked 
| 182|0x0000000756c00000, 0x0000000756e00000, 0x0000000756e00000|100%| O|Cm|TAMS 0x0000000756c00000| PB 0x0000000756c00000| Complete 
| 183|0x0000000756e00000, 0x0000000757000000, 0x0000000757000000|100%| O|  |TAMS 0x0000000756e00000| PB 0x0000000756e00000| Untracked 
| 184|0x0000000757000000, 0x0000000757200000, 0x0000000757200000|100%| O|  |TAMS 0x0000000757000000| PB 0x0000000757000000| Untracked 
| 185|0x0000000757200000, 0x0000000757400000, 0x0000000757400000|100%| O|  |TAMS 0x0000000757200000| PB 0x0000000757200000| Untracked 
| 186|0x0000000757400000, 0x0000000757600000, 0x0000000757600000|100%| O|  |TAMS 0x0000000757400000| PB 0x0000000757400000| Untracked 
| 187|0x0000000757600000, 0x0000000757800000, 0x0000000757800000|100%| O|  |TAMS 0x0000000757600000| PB 0x0000000757600000| Untracked 
| 188|0x0000000757800000, 0x0000000757a00000, 0x0000000757a00000|100%| O|  |TAMS 0x0000000757800000| PB 0x0000000757800000| Untracked 
| 189|0x0000000757a00000, 0x0000000757c00000, 0x0000000757c00000|100%| O|  |TAMS 0x0000000757a00000| PB 0x0000000757a00000| Untracked 
| 190|0x0000000757c00000, 0x0000000757e00000, 0x0000000757e00000|100%| O|  |TAMS 0x0000000757c00000| PB 0x0000000757c00000| Untracked 
| 191|0x0000000757e00000, 0x0000000758000000, 0x0000000758000000|100%| O|  |TAMS 0x0000000757e00000| PB 0x0000000757e00000| Untracked 
| 192|0x0000000758000000, 0x0000000758200000, 0x0000000758200000|100%| O|  |TAMS 0x0000000758000000| PB 0x0000000758000000| Untracked 
| 193|0x0000000758200000, 0x0000000758400000, 0x0000000758400000|100%| O|  |TAMS 0x0000000758200000| PB 0x0000000758200000| Untracked 
| 194|0x0000000758400000, 0x0000000758600000, 0x0000000758600000|100%| O|  |TAMS 0x0000000758400000| PB 0x0000000758400000| Untracked 
| 195|0x0000000758600000, 0x0000000758800000, 0x0000000758800000|100%| O|  |TAMS 0x0000000758600000| PB 0x0000000758600000| Untracked 
| 196|0x0000000758800000, 0x0000000758a00000, 0x0000000758a00000|100%| O|  |TAMS 0x0000000758800000| PB 0x0000000758800000| Untracked 
| 197|0x0000000758a00000, 0x0000000758c00000, 0x0000000758c00000|100%| O|  |TAMS 0x0000000758a00000| PB 0x0000000758a00000| Untracked 
| 198|0x0000000758c00000, 0x0000000758e00000, 0x0000000758e00000|100%| O|  |TAMS 0x0000000758c00000| PB 0x0000000758c00000| Untracked 
| 199|0x0000000758e00000, 0x0000000759000000, 0x0000000759000000|100%| O|  |TAMS 0x0000000758e00000| PB 0x0000000758e00000| Untracked 
| 200|0x0000000759000000, 0x0000000759200000, 0x0000000759200000|100%| O|  |TAMS 0x0000000759000000| PB 0x0000000759000000| Untracked 
| 201|0x0000000759200000, 0x0000000759400000, 0x0000000759400000|100%| O|  |TAMS 0x0000000759200000| PB 0x0000000759200000| Untracked 
| 202|0x0000000759400000, 0x0000000759600000, 0x0000000759600000|100%| O|  |TAMS 0x0000000759400000| PB 0x0000000759400000| Untracked 
| 203|0x0000000759600000, 0x0000000759800000, 0x0000000759800000|100%| O|  |TAMS 0x0000000759600000| PB 0x0000000759600000| Untracked 
| 204|0x0000000759800000, 0x0000000759a00000, 0x0000000759a00000|100%| O|  |TAMS 0x0000000759800000| PB 0x0000000759800000| Untracked 
| 205|0x0000000759a00000, 0x0000000759c00000, 0x0000000759c00000|100%| O|Cm|TAMS 0x0000000759a00000| PB 0x0000000759a00000| Complete 
| 206|0x0000000759c00000, 0x0000000759e00000, 0x0000000759e00000|100%| O|  |TAMS 0x0000000759c00000| PB 0x0000000759c00000| Untracked 
| 207|0x0000000759e00000, 0x000000075a000000, 0x000000075a000000|100%| O|  |TAMS 0x0000000759e00000| PB 0x0000000759e00000| Untracked 
| 208|0x000000075a000000, 0x000000075a200000, 0x000000075a200000|100%| O|  |TAMS 0x000000075a000000| PB 0x000000075a000000| Untracked 
| 209|0x000000075a200000, 0x000000075a400000, 0x000000075a400000|100%| O|  |TAMS 0x000000075a200000| PB 0x000000075a200000| Untracked 
| 210|0x000000075a400000, 0x000000075a600000, 0x000000075a600000|100%| O|  |TAMS 0x000000075a400000| PB 0x000000075a400000| Untracked 
| 211|0x000000075a600000, 0x000000075a800000, 0x000000075a800000|100%| O|Cm|TAMS 0x000000075a600000| PB 0x000000075a600000| Complete 
| 212|0x000000075a800000, 0x000000075aa00000, 0x000000075aa00000|100%| O|  |TAMS 0x000000075a800000| PB 0x000000075a800000| Untracked 
| 213|0x000000075aa00000, 0x000000075ac00000, 0x000000075ac00000|100%| O|  |TAMS 0x000000075aa00000| PB 0x000000075aa00000| Untracked 
| 214|0x000000075ac00000, 0x000000075ae00000, 0x000000075ae00000|100%| O|  |TAMS 0x000000075ac00000| PB 0x000000075ac00000| Untracked 
| 215|0x000000075ae00000, 0x000000075b000000, 0x000000075b000000|100%| O|  |TAMS 0x000000075ae00000| PB 0x000000075ae00000| Untracked 
| 216|0x000000075b000000, 0x000000075b200000, 0x000000075b200000|100%| O|  |TAMS 0x000000075b000000| PB 0x000000075b000000| Untracked 
| 217|0x000000075b200000, 0x000000075b400000, 0x000000075b400000|100%| O|  |TAMS 0x000000075b200000| PB 0x000000075b200000| Untracked 
| 218|0x000000075b400000, 0x000000075b600000, 0x000000075b600000|100%| O|Cm|TAMS 0x000000075b400000| PB 0x000000075b400000| Complete 
| 219|0x000000075b600000, 0x000000075b800000, 0x000000075b800000|100%| O|  |TAMS 0x000000075b600000| PB 0x000000075b600000| Untracked 
| 220|0x000000075b800000, 0x000000075ba00000, 0x000000075ba00000|100%| O|  |TAMS 0x000000075b800000| PB 0x000000075b800000| Untracked 
| 221|0x000000075ba00000, 0x000000075bc00000, 0x000000075bc00000|100%| O|  |TAMS 0x000000075ba00000| PB 0x000000075ba00000| Untracked 
| 222|0x000000075bc00000, 0x000000075be00000, 0x000000075be00000|100%| O|  |TAMS 0x000000075bc00000| PB 0x000000075bc00000| Untracked 
| 223|0x000000075be00000, 0x000000075c000000, 0x000000075c000000|100%| O|  |TAMS 0x000000075be00000| PB 0x000000075be00000| Untracked 
| 224|0x000000075c000000, 0x000000075c200000, 0x000000075c200000|100%| O|  |TAMS 0x000000075c000000| PB 0x000000075c000000| Untracked 
| 225|0x000000075c200000, 0x000000075c400000, 0x000000075c400000|100%| O|  |TAMS 0x000000075c200000| PB 0x000000075c200000| Untracked 
| 226|0x000000075c400000, 0x000000075c600000, 0x000000075c600000|100%| O|  |TAMS 0x000000075c400000| PB 0x000000075c400000| Untracked 
| 227|0x000000075c600000, 0x000000075c800000, 0x000000075c800000|100%| O|  |TAMS 0x000000075c600000| PB 0x000000075c600000| Untracked 
| 228|0x000000075c800000, 0x000000075ca00000, 0x000000075ca00000|100%| O|  |TAMS 0x000000075c800000| PB 0x000000075c800000| Untracked 
| 229|0x000000075ca00000, 0x000000075cc00000, 0x000000075cc00000|100%| O|  |TAMS 0x000000075ca00000| PB 0x000000075ca00000| Untracked 
| 230|0x000000075cc00000, 0x000000075ce00000, 0x000000075ce00000|100%| O|  |TAMS 0x000000075cc00000| PB 0x000000075cc00000| Untracked 
| 231|0x000000075ce00000, 0x000000075d000000, 0x000000075d000000|100%| O|  |TAMS 0x000000075ce00000| PB 0x000000075ce00000| Untracked 
| 232|0x000000075d000000, 0x000000075d200000, 0x000000075d200000|100%| O|  |TAMS 0x000000075d000000| PB 0x000000075d000000| Untracked 
| 233|0x000000075d200000, 0x000000075d400000, 0x000000075d400000|100%| O|  |TAMS 0x000000075d200000| PB 0x000000075d200000| Untracked 
| 234|0x000000075d400000, 0x000000075d600000, 0x000000075d600000|100%| O|  |TAMS 0x000000075d400000| PB 0x000000075d400000| Untracked 
| 235|0x000000075d600000, 0x000000075d800000, 0x000000075d800000|100%| O|  |TAMS 0x000000075d600000| PB 0x000000075d600000| Untracked 
| 236|0x000000075d800000, 0x000000075da00000, 0x000000075da00000|100%| O|  |TAMS 0x000000075d800000| PB 0x000000075d800000| Untracked 
| 237|0x000000075da00000, 0x000000075dc00000, 0x000000075dc00000|100%| O|  |TAMS 0x000000075da00000| PB 0x000000075da00000| Untracked 
| 238|0x000000075dc00000, 0x000000075de00000, 0x000000075de00000|100%| O|  |TAMS 0x000000075dc00000| PB 0x000000075dc00000| Untracked 
| 239|0x000000075de00000, 0x000000075e000000, 0x000000075e000000|100%| O|  |TAMS 0x000000075de00000| PB 0x000000075de00000| Untracked 
| 240|0x000000075e000000, 0x000000075e200000, 0x000000075e200000|100%| O|Cm|TAMS 0x000000075e000000| PB 0x000000075e000000| Complete 
| 241|0x000000075e200000, 0x000000075e400000, 0x000000075e400000|100%| O|  |TAMS 0x000000075e200000| PB 0x000000075e200000| Untracked 
| 242|0x000000075e400000, 0x000000075e600000, 0x000000075e600000|100%| O|  |TAMS 0x000000075e400000| PB 0x000000075e400000| Untracked 
| 243|0x000000075e600000, 0x000000075e800000, 0x000000075e800000|100%| O|  |TAMS 0x000000075e600000| PB 0x000000075e600000| Untracked 
| 244|0x000000075e800000, 0x000000075ea00000, 0x000000075ea00000|100%| O|  |TAMS 0x000000075e800000| PB 0x000000075e800000| Untracked 
| 245|0x000000075ea00000, 0x000000075ec00000, 0x000000075ec00000|100%| O|  |TAMS 0x000000075ea00000| PB 0x000000075ea00000| Untracked 
| 246|0x000000075ec00000, 0x000000075ee00000, 0x000000075ee00000|100%| O|  |TAMS 0x000000075ec00000| PB 0x000000075ec00000| Untracked 
| 247|0x000000075ee00000, 0x000000075f000000, 0x000000075f000000|100%| O|  |TAMS 0x000000075ee00000| PB 0x000000075ee00000| Untracked 
| 248|0x000000075f000000, 0x000000075f200000, 0x000000075f200000|100%| O|  |TAMS 0x000000075f000000| PB 0x000000075f000000| Untracked 
| 249|0x000000075f200000, 0x000000075f400000, 0x000000075f400000|100%| O|  |TAMS 0x000000075f200000| PB 0x000000075f200000| Untracked 
| 250|0x000000075f400000, 0x000000075f600000, 0x000000075f600000|100%| O|  |TAMS 0x000000075f400000| PB 0x000000075f400000| Untracked 
| 251|0x000000075f600000, 0x000000075f800000, 0x000000075f800000|100%| O|  |TAMS 0x000000075f600000| PB 0x000000075f600000| Untracked 
| 252|0x000000075f800000, 0x000000075fa00000, 0x000000075fa00000|100%| O|  |TAMS 0x000000075f800000| PB 0x000000075f800000| Untracked 
| 253|0x000000075fa00000, 0x000000075fc00000, 0x000000075fc00000|100%| O|  |TAMS 0x000000075fa00000| PB 0x000000075fa00000| Untracked 
| 254|0x000000075fc00000, 0x000000075fe00000, 0x000000075fe00000|100%| O|  |TAMS 0x000000075fc00000| PB 0x000000075fc00000| Untracked 
| 255|0x000000075fe00000, 0x0000000760000000, 0x0000000760000000|100%| O|  |TAMS 0x000000075fe00000| PB 0x000000075fe00000| Untracked 
| 256|0x0000000760000000, 0x0000000760200000, 0x0000000760200000|100%| O|  |TAMS 0x0000000760000000| PB 0x0000000760000000| Untracked 
| 257|0x0000000760200000, 0x0000000760400000, 0x0000000760400000|100%| O|  |TAMS 0x0000000760200000| PB 0x0000000760200000| Untracked 
| 258|0x0000000760400000, 0x0000000760600000, 0x0000000760600000|100%| O|  |TAMS 0x0000000760400000| PB 0x0000000760400000| Untracked 
| 259|0x0000000760600000, 0x0000000760800000, 0x0000000760800000|100%| O|Cm|TAMS 0x0000000760600000| PB 0x0000000760600000| Complete 
| 260|0x0000000760800000, 0x0000000760a00000, 0x0000000760a00000|100%| O|Cm|TAMS 0x0000000760800000| PB 0x0000000760800000| Complete 
| 261|0x0000000760a00000, 0x0000000760c00000, 0x0000000760c00000|100%| O|Cm|TAMS 0x0000000760a00000| PB 0x0000000760a00000| Complete 
| 262|0x0000000760c00000, 0x0000000760e00000, 0x0000000760e00000|100%| O|  |TAMS 0x0000000760c00000| PB 0x0000000760c00000| Untracked 
| 263|0x0000000760e00000, 0x0000000761000000, 0x0000000761000000|100%| O|  |TAMS 0x0000000760e00000| PB 0x0000000760e00000| Untracked 
| 264|0x0000000761000000, 0x0000000761200000, 0x0000000761200000|100%| O|  |TAMS 0x0000000761000000| PB 0x0000000761000000| Untracked 
| 265|0x0000000761200000, 0x0000000761400000, 0x0000000761400000|100%| O|  |TAMS 0x0000000761200000| PB 0x0000000761200000| Untracked 
| 266|0x0000000761400000, 0x0000000761600000, 0x0000000761600000|100%| O|  |TAMS 0x0000000761400000| PB 0x0000000761400000| Untracked 
| 267|0x0000000761600000, 0x0000000761800000, 0x0000000761800000|100%| O|  |TAMS 0x0000000761600000| PB 0x0000000761600000| Untracked 
| 268|0x0000000761800000, 0x0000000761a00000, 0x0000000761a00000|100%| O|  |TAMS 0x0000000761800000| PB 0x0000000761800000| Untracked 
| 269|0x0000000761a00000, 0x0000000761c00000, 0x0000000761c00000|100%| O|  |TAMS 0x0000000761a00000| PB 0x0000000761a00000| Untracked 
| 270|0x0000000761c00000, 0x0000000761e00000, 0x0000000761e00000|100%| O|  |TAMS 0x0000000761c00000| PB 0x0000000761c00000| Untracked 
| 271|0x0000000761e00000, 0x0000000762000000, 0x0000000762000000|100%| O|  |TAMS 0x0000000761e00000| PB 0x0000000761e00000| Untracked 
| 272|0x0000000762000000, 0x0000000762200000, 0x0000000762200000|100%| O|  |TAMS 0x0000000762000000| PB 0x0000000762000000| Untracked 
| 273|0x0000000762200000, 0x0000000762400000, 0x0000000762400000|100%| O|  |TAMS 0x0000000762200000| PB 0x0000000762200000| Untracked 
| 274|0x0000000762400000, 0x0000000762600000, 0x0000000762600000|100%| O|  |TAMS 0x0000000762400000| PB 0x0000000762400000| Untracked 
| 275|0x0000000762600000, 0x0000000762800000, 0x0000000762800000|100%| O|Cm|TAMS 0x0000000762600000| PB 0x0000000762600000| Complete 
| 276|0x0000000762800000, 0x0000000762a00000, 0x0000000762a00000|100%| O|  |TAMS 0x0000000762800000| PB 0x0000000762800000| Untracked 
| 277|0x0000000762a00000, 0x0000000762c00000, 0x0000000762c00000|100%| O|  |TAMS 0x0000000762a00000| PB 0x0000000762a00000| Untracked 
| 278|0x0000000762c00000, 0x0000000762e00000, 0x0000000762e00000|100%| O|  |TAMS 0x0000000762c00000| PB 0x0000000762c00000| Untracked 
| 279|0x0000000762e00000, 0x0000000763000000, 0x0000000763000000|100%| O|  |TAMS 0x0000000762e00000| PB 0x0000000762e00000| Untracked 
| 280|0x0000000763000000, 0x0000000763200000, 0x0000000763200000|100%| O|Cm|TAMS 0x0000000763000000| PB 0x0000000763000000| Complete 
| 281|0x0000000763200000, 0x0000000763400000, 0x0000000763400000|100%| O|  |TAMS 0x0000000763200000| PB 0x0000000763200000| Untracked 
| 282|0x0000000763400000, 0x0000000763600000, 0x0000000763600000|100%| O|  |TAMS 0x0000000763400000| PB 0x0000000763400000| Untracked 
| 283|0x0000000763600000, 0x0000000763800000, 0x0000000763800000|100%| O|  |TAMS 0x0000000763600000| PB 0x0000000763600000| Untracked 
| 284|0x0000000763800000, 0x0000000763a00000, 0x0000000763a00000|100%| O|  |TAMS 0x0000000763800000| PB 0x0000000763800000| Untracked 
| 285|0x0000000763a00000, 0x0000000763c00000, 0x0000000763c00000|100%| O|  |TAMS 0x0000000763a00000| PB 0x0000000763a00000| Untracked 
| 286|0x0000000763c00000, 0x0000000763e00000, 0x0000000763e00000|100%| O|  |TAMS 0x0000000763c00000| PB 0x0000000763c00000| Untracked 
| 287|0x0000000763e00000, 0x0000000764000000, 0x0000000764000000|100%| O|  |TAMS 0x0000000763e00000| PB 0x0000000763e00000| Untracked 
| 288|0x0000000764000000, 0x0000000764200000, 0x0000000764200000|100%| O|  |TAMS 0x0000000764000000| PB 0x0000000764000000| Untracked 
| 289|0x0000000764200000, 0x0000000764400000, 0x0000000764400000|100%| O|  |TAMS 0x0000000764200000| PB 0x0000000764200000| Untracked 
| 290|0x0000000764400000, 0x0000000764600000, 0x0000000764600000|100%| O|  |TAMS 0x0000000764400000| PB 0x0000000764400000| Untracked 
| 291|0x0000000764600000, 0x0000000764800000, 0x0000000764800000|100%| O|  |TAMS 0x0000000764600000| PB 0x0000000764600000| Untracked 
| 292|0x0000000764800000, 0x0000000764a00000, 0x0000000764a00000|100%| O|  |TAMS 0x0000000764800000| PB 0x0000000764800000| Untracked 
| 293|0x0000000764a00000, 0x0000000764c00000, 0x0000000764c00000|100%| O|  |TAMS 0x0000000764a00000| PB 0x0000000764a00000| Untracked 
| 294|0x0000000764c00000, 0x0000000764e00000, 0x0000000764e00000|100%| O|  |TAMS 0x0000000764c00000| PB 0x0000000764c00000| Untracked 
| 295|0x0000000764e00000, 0x0000000765000000, 0x0000000765000000|100%| O|  |TAMS 0x0000000764e00000| PB 0x0000000764e00000| Untracked 
| 296|0x0000000765000000, 0x0000000765200000, 0x0000000765200000|100%| O|  |TAMS 0x0000000765000000| PB 0x0000000765000000| Untracked 
| 297|0x0000000765200000, 0x0000000765400000, 0x0000000765400000|100%| O|  |TAMS 0x0000000765200000| PB 0x0000000765200000| Untracked 
| 298|0x0000000765400000, 0x0000000765600000, 0x0000000765600000|100%| O|  |TAMS 0x0000000765400000| PB 0x0000000765400000| Untracked 
| 299|0x0000000765600000, 0x0000000765800000, 0x0000000765800000|100%| O|  |TAMS 0x0000000765600000| PB 0x0000000765600000| Untracked 
| 300|0x0000000765800000, 0x0000000765a00000, 0x0000000765a00000|100%| O|  |TAMS 0x0000000765800000| PB 0x0000000765800000| Untracked 
| 301|0x0000000765a00000, 0x0000000765c00000, 0x0000000765c00000|100%| O|  |TAMS 0x0000000765a00000| PB 0x0000000765a00000| Untracked 
| 302|0x0000000765c00000, 0x0000000765e00000, 0x0000000765e00000|100%| O|  |TAMS 0x0000000765c00000| PB 0x0000000765c00000| Untracked 
| 303|0x0000000765e00000, 0x0000000766000000, 0x0000000766000000|100%| O|  |TAMS 0x0000000765e00000| PB 0x0000000765e00000| Untracked 
| 304|0x0000000766000000, 0x0000000766200000, 0x0000000766200000|100%| O|  |TAMS 0x0000000766000000| PB 0x0000000766000000| Untracked 
| 305|0x0000000766200000, 0x0000000766400000, 0x0000000766400000|100%| O|  |TAMS 0x0000000766200000| PB 0x0000000766200000| Untracked 
| 306|0x0000000766400000, 0x0000000766600000, 0x0000000766600000|100%| O|  |TAMS 0x0000000766400000| PB 0x0000000766400000| Untracked 
| 307|0x0000000766600000, 0x0000000766800000, 0x0000000766800000|100%| O|  |TAMS 0x0000000766600000| PB 0x0000000766600000| Untracked 
| 308|0x0000000766800000, 0x00000007669a9800, 0x0000000766a00000| 83%| O|  |TAMS 0x0000000766800000| PB 0x0000000766800000| Untracked 
| 309|0x0000000766a00000, 0x0000000766a00000, 0x0000000766c00000|  0%| F|  |TAMS 0x0000000766a00000| PB 0x0000000766a00000| Untracked 
| 310|0x0000000766c00000, 0x0000000766c00000, 0x0000000766e00000|  0%| F|  |TAMS 0x0000000766c00000| PB 0x0000000766c00000| Untracked 
| 311|0x0000000766e00000, 0x0000000766e00000, 0x0000000767000000|  0%| F|  |TAMS 0x0000000766e00000| PB 0x0000000766e00000| Untracked 
| 312|0x0000000767000000, 0x0000000767000000, 0x0000000767200000|  0%| F|  |TAMS 0x0000000767000000| PB 0x0000000767000000| Untracked 
| 313|0x0000000767200000, 0x0000000767200000, 0x0000000767400000|  0%| F|  |TAMS 0x0000000767200000| PB 0x0000000767200000| Untracked 
| 314|0x0000000767400000, 0x0000000767400000, 0x0000000767600000|  0%| F|  |TAMS 0x0000000767400000| PB 0x0000000767400000| Untracked 
| 315|0x0000000767600000, 0x0000000767600000, 0x0000000767800000|  0%| F|  |TAMS 0x0000000767600000| PB 0x0000000767600000| Untracked 
| 316|0x0000000767800000, 0x0000000767800000, 0x0000000767a00000|  0%| F|  |TAMS 0x0000000767800000| PB 0x0000000767800000| Untracked 
| 317|0x0000000767a00000, 0x0000000767a00000, 0x0000000767c00000|  0%| F|  |TAMS 0x0000000767a00000| PB 0x0000000767a00000| Untracked 
| 318|0x0000000767c00000, 0x0000000767c00000, 0x0000000767e00000|  0%| F|  |TAMS 0x0000000767c00000| PB 0x0000000767c00000| Untracked 
| 319|0x0000000767e00000, 0x0000000767e00000, 0x0000000768000000|  0%| F|  |TAMS 0x0000000767e00000| PB 0x0000000767e00000| Untracked 
| 320|0x0000000768000000, 0x0000000768000000, 0x0000000768200000|  0%| F|  |TAMS 0x0000000768000000| PB 0x0000000768000000| Untracked 
| 321|0x0000000768200000, 0x0000000768200000, 0x0000000768400000|  0%| F|  |TAMS 0x0000000768200000| PB 0x0000000768200000| Untracked 
| 322|0x0000000768400000, 0x0000000768400000, 0x0000000768600000|  0%| F|  |TAMS 0x0000000768400000| PB 0x0000000768400000| Untracked 
| 323|0x0000000768600000, 0x0000000768600000, 0x0000000768800000|  0%| F|  |TAMS 0x0000000768600000| PB 0x0000000768600000| Untracked 
| 324|0x0000000768800000, 0x0000000768800000, 0x0000000768a00000|  0%| F|  |TAMS 0x0000000768800000| PB 0x0000000768800000| Untracked 
| 325|0x0000000768a00000, 0x0000000768a00000, 0x0000000768c00000|  0%| F|  |TAMS 0x0000000768a00000| PB 0x0000000768a00000| Untracked 
| 326|0x0000000768c00000, 0x0000000768c00000, 0x0000000768e00000|  0%| F|  |TAMS 0x0000000768c00000| PB 0x0000000768c00000| Untracked 
| 327|0x0000000768e00000, 0x0000000768e00000, 0x0000000769000000|  0%| F|  |TAMS 0x0000000768e00000| PB 0x0000000768e00000| Untracked 
| 328|0x0000000769000000, 0x0000000769000000, 0x0000000769200000|  0%| F|  |TAMS 0x0000000769000000| PB 0x0000000769000000| Untracked 
| 329|0x0000000769200000, 0x0000000769200000, 0x0000000769400000|  0%| F|  |TAMS 0x0000000769200000| PB 0x0000000769200000| Untracked 
| 330|0x0000000769400000, 0x0000000769400000, 0x0000000769600000|  0%| F|  |TAMS 0x0000000769400000| PB 0x0000000769400000| Untracked 
| 331|0x0000000769600000, 0x0000000769600000, 0x0000000769800000|  0%| F|  |TAMS 0x0000000769600000| PB 0x0000000769600000| Untracked 
| 332|0x0000000769800000, 0x0000000769800000, 0x0000000769a00000|  0%| F|  |TAMS 0x0000000769800000| PB 0x0000000769800000| Untracked 
| 333|0x0000000769a00000, 0x0000000769a00000, 0x0000000769c00000|  0%| F|  |TAMS 0x0000000769a00000| PB 0x0000000769a00000| Untracked 
| 334|0x0000000769c00000, 0x0000000769c00000, 0x0000000769e00000|  0%| F|  |TAMS 0x0000000769c00000| PB 0x0000000769c00000| Untracked 
| 335|0x0000000769e00000, 0x0000000769e00000, 0x000000076a000000|  0%| F|  |TAMS 0x0000000769e00000| PB 0x0000000769e00000| Untracked 
| 336|0x000000076a000000, 0x000000076a000000, 0x000000076a200000|  0%| F|  |TAMS 0x000000076a000000| PB 0x000000076a000000| Untracked 
| 337|0x000000076a200000, 0x000000076a200000, 0x000000076a400000|  0%| F|  |TAMS 0x000000076a200000| PB 0x000000076a200000| Untracked 
| 338|0x000000076a400000, 0x000000076a400000, 0x000000076a600000|  0%| F|  |TAMS 0x000000076a400000| PB 0x000000076a400000| Untracked 
| 339|0x000000076a600000, 0x000000076a600000, 0x000000076a800000|  0%| F|  |TAMS 0x000000076a600000| PB 0x000000076a600000| Untracked 
| 340|0x000000076a800000, 0x000000076a800000, 0x000000076aa00000|  0%| F|  |TAMS 0x000000076a800000| PB 0x000000076a800000| Untracked 
| 341|0x000000076aa00000, 0x000000076aa00000, 0x000000076ac00000|  0%| F|  |TAMS 0x000000076aa00000| PB 0x000000076aa00000| Untracked 
| 342|0x000000076ac00000, 0x000000076ac00000, 0x000000076ae00000|  0%| F|  |TAMS 0x000000076ac00000| PB 0x000000076ac00000| Untracked 
| 343|0x000000076ae00000, 0x000000076ae00000, 0x000000076b000000|  0%| F|  |TAMS 0x000000076ae00000| PB 0x000000076ae00000| Untracked 
| 344|0x000000076b000000, 0x000000076b000000, 0x000000076b200000|  0%| F|  |TAMS 0x000000076b000000| PB 0x000000076b000000| Untracked 
| 345|0x000000076b200000, 0x000000076b200000, 0x000000076b400000|  0%| F|  |TAMS 0x000000076b200000| PB 0x000000076b200000| Untracked 
| 346|0x000000076b400000, 0x000000076b400000, 0x000000076b600000|  0%| F|  |TAMS 0x000000076b400000| PB 0x000000076b400000| Untracked 
| 347|0x000000076b600000, 0x000000076b600000, 0x000000076b800000|  0%| F|  |TAMS 0x000000076b600000| PB 0x000000076b600000| Untracked 
| 348|0x000000076b800000, 0x000000076b800000, 0x000000076ba00000|  0%| F|  |TAMS 0x000000076b800000| PB 0x000000076b800000| Untracked 
| 349|0x000000076ba00000, 0x000000076ba00000, 0x000000076bc00000|  0%| F|  |TAMS 0x000000076ba00000| PB 0x000000076ba00000| Untracked 
| 350|0x000000076bc00000, 0x000000076bc00000, 0x000000076be00000|  0%| F|  |TAMS 0x000000076bc00000| PB 0x000000076bc00000| Untracked 
| 351|0x000000076be00000, 0x000000076be00000, 0x000000076c000000|  0%| F|  |TAMS 0x000000076be00000| PB 0x000000076be00000| Untracked 
| 352|0x000000076c000000, 0x000000076c000000, 0x000000076c200000|  0%| F|  |TAMS 0x000000076c000000| PB 0x000000076c000000| Untracked 
| 353|0x000000076c200000, 0x000000076c200000, 0x000000076c400000|  0%| F|  |TAMS 0x000000076c200000| PB 0x000000076c200000| Untracked 
| 354|0x000000076c400000, 0x000000076c400000, 0x000000076c600000|  0%| F|  |TAMS 0x000000076c400000| PB 0x000000076c400000| Untracked 
| 355|0x000000076c600000, 0x000000076c600000, 0x000000076c800000|  0%| F|  |TAMS 0x000000076c600000| PB 0x000000076c600000| Untracked 
| 356|0x000000076c800000, 0x000000076c800000, 0x000000076ca00000|  0%| F|  |TAMS 0x000000076c800000| PB 0x000000076c800000| Untracked 
| 357|0x000000076ca00000, 0x000000076ca00000, 0x000000076cc00000|  0%| F|  |TAMS 0x000000076ca00000| PB 0x000000076ca00000| Untracked 
| 358|0x000000076cc00000, 0x000000076cc00000, 0x000000076ce00000|  0%| F|  |TAMS 0x000000076cc00000| PB 0x000000076cc00000| Untracked 
| 359|0x000000076ce00000, 0x000000076ce00000, 0x000000076d000000|  0%| F|  |TAMS 0x000000076ce00000| PB 0x000000076ce00000| Untracked 
| 360|0x000000076d000000, 0x000000076d000000, 0x000000076d200000|  0%| F|  |TAMS 0x000000076d000000| PB 0x000000076d000000| Untracked 
| 361|0x000000076d200000, 0x000000076d200000, 0x000000076d400000|  0%| F|  |TAMS 0x000000076d200000| PB 0x000000076d200000| Untracked 
| 362|0x000000076d400000, 0x000000076d400000, 0x000000076d600000|  0%| F|  |TAMS 0x000000076d400000| PB 0x000000076d400000| Untracked 
| 363|0x000000076d600000, 0x000000076d600000, 0x000000076d800000|  0%| F|  |TAMS 0x000000076d600000| PB 0x000000076d600000| Untracked 
| 364|0x000000076d800000, 0x000000076d800000, 0x000000076da00000|  0%| F|  |TAMS 0x000000076d800000| PB 0x000000076d800000| Untracked 
| 365|0x000000076da00000, 0x000000076da00000, 0x000000076dc00000|  0%| F|  |TAMS 0x000000076da00000| PB 0x000000076da00000| Untracked 
| 366|0x000000076dc00000, 0x000000076dc00000, 0x000000076de00000|  0%| F|  |TAMS 0x000000076dc00000| PB 0x000000076dc00000| Untracked 
| 367|0x000000076de00000, 0x000000076de00000, 0x000000076e000000|  0%| F|  |TAMS 0x000000076de00000| PB 0x000000076de00000| Untracked 
| 368|0x000000076e000000, 0x000000076e000000, 0x000000076e200000|  0%| F|  |TAMS 0x000000076e000000| PB 0x000000076e000000| Untracked 
| 369|0x000000076e200000, 0x000000076e200000, 0x000000076e400000|  0%| F|  |TAMS 0x000000076e200000| PB 0x000000076e200000| Untracked 
| 370|0x000000076e400000, 0x000000076e400000, 0x000000076e600000|  0%| F|  |TAMS 0x000000076e400000| PB 0x000000076e400000| Untracked 
| 371|0x000000076e600000, 0x000000076e600000, 0x000000076e800000|  0%| F|  |TAMS 0x000000076e600000| PB 0x000000076e600000| Untracked 
| 372|0x000000076e800000, 0x000000076e800000, 0x000000076ea00000|  0%| F|  |TAMS 0x000000076e800000| PB 0x000000076e800000| Untracked 
| 373|0x000000076ea00000, 0x000000076ea00000, 0x000000076ec00000|  0%| F|  |TAMS 0x000000076ea00000| PB 0x000000076ea00000| Untracked 
| 374|0x000000076ec00000, 0x000000076ec00000, 0x000000076ee00000|  0%| F|  |TAMS 0x000000076ec00000| PB 0x000000076ec00000| Untracked 
| 375|0x000000076ee00000, 0x000000076ee00000, 0x000000076f000000|  0%| F|  |TAMS 0x000000076ee00000| PB 0x000000076ee00000| Untracked 
| 376|0x000000076f000000, 0x000000076f000000, 0x000000076f200000|  0%| F|  |TAMS 0x000000076f000000| PB 0x000000076f000000| Untracked 
| 377|0x000000076f200000, 0x000000076f200000, 0x000000076f400000|  0%| F|  |TAMS 0x000000076f200000| PB 0x000000076f200000| Untracked 
| 378|0x000000076f400000, 0x000000076f400000, 0x000000076f600000|  0%| F|  |TAMS 0x000000076f400000| PB 0x000000076f400000| Untracked 
| 379|0x000000076f600000, 0x000000076f600000, 0x000000076f800000|  0%| F|  |TAMS 0x000000076f600000| PB 0x000000076f600000| Untracked 
| 380|0x000000076f800000, 0x000000076f800000, 0x000000076fa00000|  0%| F|  |TAMS 0x000000076f800000| PB 0x000000076f800000| Untracked 
| 381|0x000000076fa00000, 0x000000076fa00000, 0x000000076fc00000|  0%| F|  |TAMS 0x000000076fa00000| PB 0x000000076fa00000| Untracked 
| 382|0x000000076fc00000, 0x000000076fc00000, 0x000000076fe00000|  0%| F|  |TAMS 0x000000076fc00000| PB 0x000000076fc00000| Untracked 
| 383|0x000000076fe00000, 0x000000076fe00000, 0x0000000770000000|  0%| F|  |TAMS 0x000000076fe00000| PB 0x000000076fe00000| Untracked 
| 384|0x0000000770000000, 0x0000000770000000, 0x0000000770200000|  0%| F|  |TAMS 0x0000000770000000| PB 0x0000000770000000| Untracked 
| 385|0x0000000770200000, 0x0000000770200000, 0x0000000770400000|  0%| F|  |TAMS 0x0000000770200000| PB 0x0000000770200000| Untracked 
| 386|0x0000000770400000, 0x0000000770400000, 0x0000000770600000|  0%| F|  |TAMS 0x0000000770400000| PB 0x0000000770400000| Untracked 
| 387|0x0000000770600000, 0x0000000770600000, 0x0000000770800000|  0%| F|  |TAMS 0x0000000770600000| PB 0x0000000770600000| Untracked 
| 388|0x0000000770800000, 0x0000000770800000, 0x0000000770a00000|  0%| F|  |TAMS 0x0000000770800000| PB 0x0000000770800000| Untracked 
| 389|0x0000000770a00000, 0x0000000770a00000, 0x0000000770c00000|  0%| F|  |TAMS 0x0000000770a00000| PB 0x0000000770a00000| Untracked 
| 390|0x0000000770c00000, 0x0000000770c00000, 0x0000000770e00000|  0%| F|  |TAMS 0x0000000770c00000| PB 0x0000000770c00000| Untracked 
| 391|0x0000000770e00000, 0x0000000770e00000, 0x0000000771000000|  0%| F|  |TAMS 0x0000000770e00000| PB 0x0000000770e00000| Untracked 
| 392|0x0000000771000000, 0x0000000771000000, 0x0000000771200000|  0%| F|  |TAMS 0x0000000771000000| PB 0x0000000771000000| Untracked 
| 393|0x0000000771200000, 0x0000000771200000, 0x0000000771400000|  0%| F|  |TAMS 0x0000000771200000| PB 0x0000000771200000| Untracked 
| 394|0x0000000771400000, 0x0000000771400000, 0x0000000771600000|  0%| F|  |TAMS 0x0000000771400000| PB 0x0000000771400000| Untracked 
| 395|0x0000000771600000, 0x0000000771600000, 0x0000000771800000|  0%| F|  |TAMS 0x0000000771600000| PB 0x0000000771600000| Untracked 
| 396|0x0000000771800000, 0x0000000771800000, 0x0000000771a00000|  0%| F|  |TAMS 0x0000000771800000| PB 0x0000000771800000| Untracked 
| 397|0x0000000771a00000, 0x0000000771a00000, 0x0000000771c00000|  0%| F|  |TAMS 0x0000000771a00000| PB 0x0000000771a00000| Untracked 
| 398|0x0000000771c00000, 0x0000000771c00000, 0x0000000771e00000|  0%| F|  |TAMS 0x0000000771c00000| PB 0x0000000771c00000| Untracked 
| 399|0x0000000771e00000, 0x0000000771e00000, 0x0000000772000000|  0%| F|  |TAMS 0x0000000771e00000| PB 0x0000000771e00000| Untracked 
| 400|0x0000000772000000, 0x0000000772000000, 0x0000000772200000|  0%| F|  |TAMS 0x0000000772000000| PB 0x0000000772000000| Untracked 
| 401|0x0000000772200000, 0x0000000772200000, 0x0000000772400000|  0%| F|  |TAMS 0x0000000772200000| PB 0x0000000772200000| Untracked 
| 402|0x0000000772400000, 0x0000000772400000, 0x0000000772600000|  0%| F|  |TAMS 0x0000000772400000| PB 0x0000000772400000| Untracked 
| 403|0x0000000772600000, 0x0000000772600000, 0x0000000772800000|  0%| F|  |TAMS 0x0000000772600000| PB 0x0000000772600000| Untracked 
| 404|0x0000000772800000, 0x0000000772800000, 0x0000000772a00000|  0%| F|  |TAMS 0x0000000772800000| PB 0x0000000772800000| Untracked 
| 405|0x0000000772a00000, 0x0000000772a00000, 0x0000000772c00000|  0%| F|  |TAMS 0x0000000772a00000| PB 0x0000000772a00000| Untracked 
| 406|0x0000000772c00000, 0x0000000772c00000, 0x0000000772e00000|  0%| F|  |TAMS 0x0000000772c00000| PB 0x0000000772c00000| Untracked 
| 407|0x0000000772e00000, 0x0000000772e00000, 0x0000000773000000|  0%| F|  |TAMS 0x0000000772e00000| PB 0x0000000772e00000| Untracked 
| 408|0x0000000773000000, 0x0000000773000000, 0x0000000773200000|  0%| F|  |TAMS 0x0000000773000000| PB 0x0000000773000000| Untracked 
| 409|0x0000000773200000, 0x0000000773200000, 0x0000000773400000|  0%| F|  |TAMS 0x0000000773200000| PB 0x0000000773200000| Untracked 
| 410|0x0000000773400000, 0x0000000773400000, 0x0000000773600000|  0%| F|  |TAMS 0x0000000773400000| PB 0x0000000773400000| Untracked 
| 411|0x0000000773600000, 0x0000000773600000, 0x0000000773800000|  0%| F|  |TAMS 0x0000000773600000| PB 0x0000000773600000| Untracked 
| 412|0x0000000773800000, 0x0000000773800000, 0x0000000773a00000|  0%| F|  |TAMS 0x0000000773800000| PB 0x0000000773800000| Untracked 
| 413|0x0000000773a00000, 0x0000000773a00000, 0x0000000773c00000|  0%| F|  |TAMS 0x0000000773a00000| PB 0x0000000773a00000| Untracked 
| 414|0x0000000773c00000, 0x0000000773c00000, 0x0000000773e00000|  0%| F|  |TAMS 0x0000000773c00000| PB 0x0000000773c00000| Untracked 
| 415|0x0000000773e00000, 0x0000000773e00000, 0x0000000774000000|  0%| F|  |TAMS 0x0000000773e00000| PB 0x0000000773e00000| Untracked 
| 416|0x0000000774000000, 0x0000000774000000, 0x0000000774200000|  0%| F|  |TAMS 0x0000000774000000| PB 0x0000000774000000| Untracked 
| 417|0x0000000774200000, 0x0000000774200000, 0x0000000774400000|  0%| F|  |TAMS 0x0000000774200000| PB 0x0000000774200000| Untracked 
| 418|0x0000000774400000, 0x0000000774400000, 0x0000000774600000|  0%| F|  |TAMS 0x0000000774400000| PB 0x0000000774400000| Untracked 
| 419|0x0000000774600000, 0x0000000774600000, 0x0000000774800000|  0%| F|  |TAMS 0x0000000774600000| PB 0x0000000774600000| Untracked 
| 420|0x0000000774800000, 0x0000000774800000, 0x0000000774a00000|  0%| F|  |TAMS 0x0000000774800000| PB 0x0000000774800000| Untracked 
| 421|0x0000000774a00000, 0x0000000774a00000, 0x0000000774c00000|  0%| F|  |TAMS 0x0000000774a00000| PB 0x0000000774a00000| Untracked 
| 422|0x0000000774c00000, 0x0000000774c00000, 0x0000000774e00000|  0%| F|  |TAMS 0x0000000774c00000| PB 0x0000000774c00000| Untracked 
| 423|0x0000000774e00000, 0x0000000774e00000, 0x0000000775000000|  0%| F|  |TAMS 0x0000000774e00000| PB 0x0000000774e00000| Untracked 
| 424|0x0000000775000000, 0x0000000775000000, 0x0000000775200000|  0%| F|  |TAMS 0x0000000775000000| PB 0x0000000775000000| Untracked 
| 425|0x0000000775200000, 0x0000000775200000, 0x0000000775400000|  0%| F|  |TAMS 0x0000000775200000| PB 0x0000000775200000| Untracked 
| 426|0x0000000775400000, 0x0000000775400000, 0x0000000775600000|  0%| F|  |TAMS 0x0000000775400000| PB 0x0000000775400000| Untracked 
| 427|0x0000000775600000, 0x0000000775600000, 0x0000000775800000|  0%| F|  |TAMS 0x0000000775600000| PB 0x0000000775600000| Untracked 
| 428|0x0000000775800000, 0x0000000775a00000, 0x0000000775a00000|100%| S|CS|TAMS 0x0000000775800000| PB 0x0000000775800000| Complete 
| 429|0x0000000775a00000, 0x0000000775c00000, 0x0000000775c00000|100%| S|CS|TAMS 0x0000000775a00000| PB 0x0000000775a00000| Complete 
| 430|0x0000000775c00000, 0x0000000775e00000, 0x0000000775e00000|100%| S|CS|TAMS 0x0000000775c00000| PB 0x0000000775c00000| Complete 
| 431|0x0000000775e00000, 0x0000000776000000, 0x0000000776000000|100%| S|CS|TAMS 0x0000000775e00000| PB 0x0000000775e00000| Complete 
| 432|0x0000000776000000, 0x0000000776200000, 0x0000000776200000|100%| S|CS|TAMS 0x0000000776000000| PB 0x0000000776000000| Complete 
| 433|0x0000000776200000, 0x0000000776400000, 0x0000000776400000|100%| S|CS|TAMS 0x0000000776200000| PB 0x0000000776200000| Complete 
| 434|0x0000000776400000, 0x0000000776600000, 0x0000000776600000|100%| S|CS|TAMS 0x0000000776400000| PB 0x0000000776400000| Complete 
| 435|0x0000000776600000, 0x0000000776800000, 0x0000000776800000|100%| S|CS|TAMS 0x0000000776600000| PB 0x0000000776600000| Complete 
| 436|0x0000000776800000, 0x0000000776a00000, 0x0000000776a00000|100%| S|CS|TAMS 0x0000000776800000| PB 0x0000000776800000| Complete 
| 437|0x0000000776a00000, 0x0000000776c00000, 0x0000000776c00000|100%| S|CS|TAMS 0x0000000776a00000| PB 0x0000000776a00000| Complete 
| 438|0x0000000776c00000, 0x0000000776e00000, 0x0000000776e00000|100%| S|CS|TAMS 0x0000000776c00000| PB 0x0000000776c00000| Complete 
| 439|0x0000000776e00000, 0x0000000776e00000, 0x0000000777000000|  0%| F|  |TAMS 0x0000000776e00000| PB 0x0000000776e00000| Untracked 
| 440|0x0000000777000000, 0x0000000777000000, 0x0000000777200000|  0%| F|  |TAMS 0x0000000777000000| PB 0x0000000777000000| Untracked 
| 441|0x0000000777200000, 0x0000000777200000, 0x0000000777400000|  0%| F|  |TAMS 0x0000000777200000| PB 0x0000000777200000| Untracked 
| 442|0x0000000777400000, 0x0000000777400000, 0x0000000777600000|  0%| F|  |TAMS 0x0000000777400000| PB 0x0000000777400000| Untracked 
| 443|0x0000000777600000, 0x0000000777600000, 0x0000000777800000|  0%| F|  |TAMS 0x0000000777600000| PB 0x0000000777600000| Untracked 
| 444|0x0000000777800000, 0x0000000777800000, 0x0000000777a00000|  0%| F|  |TAMS 0x0000000777800000| PB 0x0000000777800000| Untracked 
| 445|0x0000000777a00000, 0x0000000777a00000, 0x0000000777c00000|  0%| F|  |TAMS 0x0000000777a00000| PB 0x0000000777a00000| Untracked 
| 446|0x0000000777c00000, 0x0000000777c00000, 0x0000000777e00000|  0%| F|  |TAMS 0x0000000777c00000| PB 0x0000000777c00000| Untracked 
| 447|0x0000000777e00000, 0x0000000777e00000, 0x0000000778000000|  0%| F|  |TAMS 0x0000000777e00000| PB 0x0000000777e00000| Untracked 
| 448|0x0000000778000000, 0x0000000778000000, 0x0000000778200000|  0%| F|  |TAMS 0x0000000778000000| PB 0x0000000778000000| Untracked 
| 449|0x0000000778200000, 0x0000000778200000, 0x0000000778400000|  0%| F|  |TAMS 0x0000000778200000| PB 0x0000000778200000| Untracked 
| 450|0x0000000778400000, 0x0000000778400000, 0x0000000778600000|  0%| F|  |TAMS 0x0000000778400000| PB 0x0000000778400000| Untracked 
| 451|0x0000000778600000, 0x0000000778600000, 0x0000000778800000|  0%| F|  |TAMS 0x0000000778600000| PB 0x0000000778600000| Untracked 
| 452|0x0000000778800000, 0x00000007789c0af0, 0x0000000778a00000| 87%| E|  |TAMS 0x0000000778800000| PB 0x0000000778800000| Complete 
| 453|0x0000000778a00000, 0x0000000778c00000, 0x0000000778c00000|100%| E|CS|TAMS 0x0000000778a00000| PB 0x0000000778a00000| Complete 
| 454|0x0000000778c00000, 0x0000000778e00000, 0x0000000778e00000|100%| E|CS|TAMS 0x0000000778c00000| PB 0x0000000778c00000| Complete 
| 455|0x0000000778e00000, 0x0000000779000000, 0x0000000779000000|100%| E|CS|TAMS 0x0000000778e00000| PB 0x0000000778e00000| Complete 
| 456|0x0000000779000000, 0x0000000779200000, 0x0000000779200000|100%| E|CS|TAMS 0x0000000779000000| PB 0x0000000779000000| Complete 
| 457|0x0000000779200000, 0x0000000779400000, 0x0000000779400000|100%| E|CS|TAMS 0x0000000779200000| PB 0x0000000779200000| Complete 
| 458|0x0000000779400000, 0x0000000779600000, 0x0000000779600000|100%| E|CS|TAMS 0x0000000779400000| PB 0x0000000779400000| Complete 
| 459|0x0000000779600000, 0x0000000779800000, 0x0000000779800000|100%| E|CS|TAMS 0x0000000779600000| PB 0x0000000779600000| Complete 
| 460|0x0000000779800000, 0x0000000779a00000, 0x0000000779a00000|100%| E|CS|TAMS 0x0000000779800000| PB 0x0000000779800000| Complete 
| 461|0x0000000779a00000, 0x0000000779c00000, 0x0000000779c00000|100%| E|CS|TAMS 0x0000000779a00000| PB 0x0000000779a00000| Complete 
| 462|0x0000000779c00000, 0x0000000779e00000, 0x0000000779e00000|100%| E|CS|TAMS 0x0000000779c00000| PB 0x0000000779c00000| Complete 
| 463|0x0000000779e00000, 0x000000077a000000, 0x000000077a000000|100%| E|CS|TAMS 0x0000000779e00000| PB 0x0000000779e00000| Complete 
| 464|0x000000077a000000, 0x000000077a200000, 0x000000077a200000|100%| E|CS|TAMS 0x000000077a000000| PB 0x000000077a000000| Complete 
| 465|0x000000077a200000, 0x000000077a400000, 0x000000077a400000|100%| E|CS|TAMS 0x000000077a200000| PB 0x000000077a200000| Complete 
| 466|0x000000077a400000, 0x000000077a600000, 0x000000077a600000|100%| E|CS|TAMS 0x000000077a400000| PB 0x000000077a400000| Complete 
| 467|0x000000077a600000, 0x000000077a800000, 0x000000077a800000|100%| E|CS|TAMS 0x000000077a600000| PB 0x000000077a600000| Complete 
| 468|0x000000077a800000, 0x000000077aa00000, 0x000000077aa00000|100%| E|CS|TAMS 0x000000077a800000| PB 0x000000077a800000| Complete 
| 469|0x000000077aa00000, 0x000000077ac00000, 0x000000077ac00000|100%| E|CS|TAMS 0x000000077aa00000| PB 0x000000077aa00000| Complete 
| 470|0x000000077ac00000, 0x000000077ae00000, 0x000000077ae00000|100%| E|CS|TAMS 0x000000077ac00000| PB 0x000000077ac00000| Complete 
| 471|0x000000077ae00000, 0x000000077b000000, 0x000000077b000000|100%| E|CS|TAMS 0x000000077ae00000| PB 0x000000077ae00000| Complete 
| 472|0x000000077b000000, 0x000000077b200000, 0x000000077b200000|100%| E|CS|TAMS 0x000000077b000000| PB 0x000000077b000000| Complete 
| 473|0x000000077b200000, 0x000000077b400000, 0x000000077b400000|100%| E|CS|TAMS 0x000000077b200000| PB 0x000000077b200000| Complete 
| 474|0x000000077b400000, 0x000000077b600000, 0x000000077b600000|100%| E|CS|TAMS 0x000000077b400000| PB 0x000000077b400000| Complete 
| 475|0x000000077b600000, 0x000000077b800000, 0x000000077b800000|100%| E|CS|TAMS 0x000000077b600000| PB 0x000000077b600000| Complete 
| 476|0x000000077b800000, 0x000000077ba00000, 0x000000077ba00000|100%| E|CS|TAMS 0x000000077b800000| PB 0x000000077b800000| Complete 
| 477|0x000000077ba00000, 0x000000077bc00000, 0x000000077bc00000|100%| E|CS|TAMS 0x000000077ba00000| PB 0x000000077ba00000| Complete 
| 478|0x000000077bc00000, 0x000000077be00000, 0x000000077be00000|100%| E|CS|TAMS 0x000000077bc00000| PB 0x000000077bc00000| Complete 
| 479|0x000000077be00000, 0x000000077c000000, 0x000000077c000000|100%| E|CS|TAMS 0x000000077be00000| PB 0x000000077be00000| Complete 
| 480|0x000000077c000000, 0x000000077c200000, 0x000000077c200000|100%| E|CS|TAMS 0x000000077c000000| PB 0x000000077c000000| Complete 
| 481|0x000000077c200000, 0x000000077c400000, 0x000000077c400000|100%| E|CS|TAMS 0x000000077c200000| PB 0x000000077c200000| Complete 
| 482|0x000000077c400000, 0x000000077c600000, 0x000000077c600000|100%| E|CS|TAMS 0x000000077c400000| PB 0x000000077c400000| Complete 
| 483|0x000000077c600000, 0x000000077c800000, 0x000000077c800000|100%| E|CS|TAMS 0x000000077c600000| PB 0x000000077c600000| Complete 
| 484|0x000000077c800000, 0x000000077ca00000, 0x000000077ca00000|100%| E|CS|TAMS 0x000000077c800000| PB 0x000000077c800000| Complete 
| 485|0x000000077ca00000, 0x000000077cc00000, 0x000000077cc00000|100%| E|CS|TAMS 0x000000077ca00000| PB 0x000000077ca00000| Complete 
| 486|0x000000077cc00000, 0x000000077ce00000, 0x000000077ce00000|100%| E|CS|TAMS 0x000000077cc00000| PB 0x000000077cc00000| Complete 
| 487|0x000000077ce00000, 0x000000077d000000, 0x000000077d000000|100%| E|CS|TAMS 0x000000077ce00000| PB 0x000000077ce00000| Complete 
| 488|0x000000077d000000, 0x000000077d200000, 0x000000077d200000|100%| E|CS|TAMS 0x000000077d000000| PB 0x000000077d000000| Complete 
| 489|0x000000077d200000, 0x000000077d400000, 0x000000077d400000|100%| E|CS|TAMS 0x000000077d200000| PB 0x000000077d200000| Complete 
| 490|0x000000077d400000, 0x000000077d600000, 0x000000077d600000|100%| E|CS|TAMS 0x000000077d400000| PB 0x000000077d400000| Complete 
| 491|0x000000077d600000, 0x000000077d800000, 0x000000077d800000|100%| E|CS|TAMS 0x000000077d600000| PB 0x000000077d600000| Complete 
| 492|0x000000077d800000, 0x000000077da00000, 0x000000077da00000|100%| E|CS|TAMS 0x000000077d800000| PB 0x000000077d800000| Complete 
| 493|0x000000077da00000, 0x000000077dc00000, 0x000000077dc00000|100%| E|CS|TAMS 0x000000077da00000| PB 0x000000077da00000| Complete 
| 494|0x000000077dc00000, 0x000000077de00000, 0x000000077de00000|100%| E|CS|TAMS 0x000000077dc00000| PB 0x000000077dc00000| Complete 
| 495|0x000000077de00000, 0x000000077e000000, 0x000000077e000000|100%| E|CS|TAMS 0x000000077de00000| PB 0x000000077de00000| Complete 
| 496|0x000000077e000000, 0x000000077e200000, 0x000000077e200000|100%| E|CS|TAMS 0x000000077e000000| PB 0x000000077e000000| Complete 
| 497|0x000000077e200000, 0x000000077e400000, 0x000000077e400000|100%| E|CS|TAMS 0x000000077e200000| PB 0x000000077e200000| Complete 
| 498|0x000000077e400000, 0x000000077e600000, 0x000000077e600000|100%| E|CS|TAMS 0x000000077e400000| PB 0x000000077e400000| Complete 
| 499|0x000000077e600000, 0x000000077e800000, 0x000000077e800000|100%| E|CS|TAMS 0x000000077e600000| PB 0x000000077e600000| Complete 
| 500|0x000000077e800000, 0x000000077ea00000, 0x000000077ea00000|100%| E|CS|TAMS 0x000000077e800000| PB 0x000000077e800000| Complete 
| 501|0x000000077ea00000, 0x000000077ec00000, 0x000000077ec00000|100%| E|CS|TAMS 0x000000077ea00000| PB 0x000000077ea00000| Complete 
| 502|0x000000077ec00000, 0x000000077ee00000, 0x000000077ee00000|100%| E|CS|TAMS 0x000000077ec00000| PB 0x000000077ec00000| Complete 
| 503|0x000000077ee00000, 0x000000077f000000, 0x000000077f000000|100%| E|CS|TAMS 0x000000077ee00000| PB 0x000000077ee00000| Complete 
| 504|0x000000077f000000, 0x000000077f200000, 0x000000077f200000|100%| E|CS|TAMS 0x000000077f000000| PB 0x000000077f000000| Complete 
| 505|0x000000077f200000, 0x000000077f400000, 0x000000077f400000|100%| E|CS|TAMS 0x000000077f200000| PB 0x000000077f200000| Complete 
| 506|0x000000077f400000, 0x000000077f600000, 0x000000077f600000|100%| E|CS|TAMS 0x000000077f400000| PB 0x000000077f400000| Complete 
| 507|0x000000077f600000, 0x000000077f800000, 0x000000077f800000|100%| E|CS|TAMS 0x000000077f600000| PB 0x000000077f600000| Complete 
| 508|0x000000077f800000, 0x000000077fa00000, 0x000000077fa00000|100%| E|CS|TAMS 0x000000077f800000| PB 0x000000077f800000| Complete 
| 509|0x000000077fa00000, 0x000000077fc00000, 0x000000077fc00000|100%| E|CS|TAMS 0x000000077fa00000| PB 0x000000077fa00000| Complete 
| 510|0x000000077fc00000, 0x000000077fe00000, 0x000000077fe00000|100%| E|CS|TAMS 0x000000077fc00000| PB 0x000000077fc00000| Complete 
| 511|0x000000077fe00000, 0x0000000780000000, 0x0000000780000000|100%| E|CS|TAMS 0x000000077fe00000| PB 0x000000077fe00000| Complete 
| 512|0x0000000780000000, 0x0000000780200000, 0x0000000780200000|100%| E|CS|TAMS 0x0000000780000000| PB 0x0000000780000000| Complete 
| 513|0x0000000780200000, 0x0000000780400000, 0x0000000780400000|100%| E|CS|TAMS 0x0000000780200000| PB 0x0000000780200000| Complete 
| 514|0x0000000780400000, 0x0000000780600000, 0x0000000780600000|100%| E|CS|TAMS 0x0000000780400000| PB 0x0000000780400000| Complete 
| 515|0x0000000780600000, 0x0000000780800000, 0x0000000780800000|100%| E|CS|TAMS 0x0000000780600000| PB 0x0000000780600000| Complete 
| 516|0x0000000780800000, 0x0000000780a00000, 0x0000000780a00000|100%| E|CS|TAMS 0x0000000780800000| PB 0x0000000780800000| Complete 
| 517|0x0000000780a00000, 0x0000000780c00000, 0x0000000780c00000|100%| E|CS|TAMS 0x0000000780a00000| PB 0x0000000780a00000| Complete 
| 518|0x0000000780c00000, 0x0000000780e00000, 0x0000000780e00000|100%| E|CS|TAMS 0x0000000780c00000| PB 0x0000000780c00000| Complete 
| 519|0x0000000780e00000, 0x0000000781000000, 0x0000000781000000|100%| E|CS|TAMS 0x0000000780e00000| PB 0x0000000780e00000| Complete 
| 520|0x0000000781000000, 0x0000000781200000, 0x0000000781200000|100%| E|CS|TAMS 0x0000000781000000| PB 0x0000000781000000| Complete 
| 521|0x0000000781200000, 0x0000000781400000, 0x0000000781400000|100%| E|CS|TAMS 0x0000000781200000| PB 0x0000000781200000| Complete 
| 522|0x0000000781400000, 0x0000000781600000, 0x0000000781600000|100%| E|CS|TAMS 0x0000000781400000| PB 0x0000000781400000| Complete 
| 523|0x0000000781600000, 0x0000000781800000, 0x0000000781800000|100%| E|CS|TAMS 0x0000000781600000| PB 0x0000000781600000| Complete 
|1520|0x00000007fe000000, 0x00000007fe200000, 0x00000007fe200000|100%| E|CS|TAMS 0x00000007fe000000| PB 0x00000007fe000000| Complete 
|1521|0x00000007fe200000, 0x00000007fe400000, 0x00000007fe400000|100%| E|CS|TAMS 0x00000007fe200000| PB 0x00000007fe200000| Complete 
|1522|0x00000007fe400000, 0x00000007fe600000, 0x00000007fe600000|100%| O|  |TAMS 0x00000007fe400000| PB 0x00000007fe400000| Untracked 
|1523|0x00000007fe600000, 0x00000007fe800000, 0x00000007fe800000|100%| O|  |TAMS 0x00000007fe600000| PB 0x00000007fe600000| Untracked 
|1524|0x00000007fe800000, 0x00000007fea00000, 0x00000007fea00000|100%| O|  |TAMS 0x00000007fe800000| PB 0x00000007fe800000| Untracked 
|1525|0x00000007fea00000, 0x00000007fec00000, 0x00000007fec00000|100%| O|  |TAMS 0x00000007fea00000| PB 0x00000007fea00000| Untracked 
|1526|0x00000007fec00000, 0x00000007fee00000, 0x00000007fee00000|100%| O|  |TAMS 0x00000007fec00000| PB 0x00000007fec00000| Untracked 
|1527|0x00000007fee00000, 0x00000007ff000000, 0x00000007ff000000|100%| O|  |TAMS 0x00000007fee00000| PB 0x00000007fee00000| Untracked 
|1528|0x00000007ff000000, 0x00000007ff200000, 0x00000007ff200000|100%| O|  |TAMS 0x00000007ff000000| PB 0x00000007ff000000| Untracked 
|1529|0x00000007ff200000, 0x00000007ff400000, 0x00000007ff400000|100%| O|  |TAMS 0x00000007ff200000| PB 0x00000007ff200000| Untracked 
|1530|0x00000007ff400000, 0x00000007ff600000, 0x00000007ff600000|100%| O|  |TAMS 0x00000007ff400000| PB 0x00000007ff400000| Untracked 
|1531|0x00000007ff600000, 0x00000007ff800000, 0x00000007ff800000|100%| O|  |TAMS 0x00000007ff600000| PB 0x00000007ff600000| Untracked 
|1532|0x00000007ff800000, 0x00000007ffa00000, 0x00000007ffa00000|100%| O|  |TAMS 0x00000007ff800000| PB 0x00000007ff800000| Untracked 
|1533|0x00000007ffa00000, 0x00000007ffc00000, 0x00000007ffc00000|100%| O|  |TAMS 0x00000007ffa00000| PB 0x00000007ffa00000| Untracked 
|1534|0x00000007ffc00000, 0x00000007ffe00000, 0x00000007ffe00000|100%| O|  |TAMS 0x00000007ffc00000| PB 0x00000007ffc00000| Untracked 
|1535|0x00000007ffe00000, 0x0000000800000000, 0x0000000800000000|100%| O|  |TAMS 0x00000007ffe00000| PB 0x00000007ffe00000| Untracked 

Card table byte_map: [0x000001c446410000,0x000001c446a10000] _byte_map_base: 0x000001c442a10000

Marking Bits: (CMBitMap*) 0x000001c42dec6330
 Bits: [0x000001c446a10000, 0x000001c449a10000)

Polling page: 0x000001c42bfe0000

Metaspace:

Usage:
  Non-class:    340.88 MB used.
      Class:     46.51 MB used.
       Both:    387.40 MB used.

Virtual space:
  Non-class space:      384.00 MB reserved,     342.75 MB ( 89%) committed,  6 nodes.
      Class space:      832.00 MB reserved,      48.19 MB (  6%) committed,  1 nodes.
             Both:        1.19 GB reserved,     390.94 MB ( 32%) committed. 

Chunk freelists:
   Non-Class:  8.67 MB
       Class:  15.64 MB
        Both:  24.31 MB

MaxMetaspaceSize: 1.00 GB
CompressedClassSpaceSize: 832.00 MB
Initial GC threshold: 21.00 MB
Current GC threshold: 640.56 MB
CDS: on
 - commit_granule_bytes: 65536.
 - commit_granule_words: 8192.
 - virtual_space_node_default_size: 8388608.
 - enlarge_chunks_in_place: 1.
 - use_allocation_guard: 0.


Internal statistics:

num_allocs_failed_limit: 9.
num_arena_births: 5292.
num_arena_deaths: 24.
num_vsnodes_births: 7.
num_vsnodes_deaths: 0.
num_space_committed: 6246.
num_space_uncommitted: 0.
num_chunks_returned_to_freelist: 45.
num_chunks_taken_from_freelist: 26478.
num_chunk_merges: 9.
num_chunk_splits: 15893.
num_chunks_enlarged: 6815.
num_inconsistent_stats: 0.

CodeHeap 'non-profiled nmethods': size=119168Kb used=19122Kb max_used=19337Kb free=100045Kb
 bounds [0x000001c43e120000, 0x000001c43f440000, 0x000001c445580000]
CodeHeap 'profiled nmethods': size=119104Kb used=119067Kb max_used=119067Kb free=37Kb
 bounds [0x000001c436580000, 0x000001c43d9d0000, 0x000001c43d9d0000]
CodeHeap 'non-nmethods': size=7488Kb used=2317Kb max_used=3710Kb free=5170Kb
 bounds [0x000001c43d9d0000, 0x000001c43de00000, 0x000001c43e120000]
CodeCache: size=245760Kb, used=140506Kb, max_used=142114Kb, free=105252Kb
 total_blobs=35090, nmethods=33947, adapters=1041, full_count=0
Compilation: enabled, stopped_count=0, restarted_count=0

Compilation events (20 events):
Event: 415.411 Thread 0x000001c44c9b4180 nmethod 70860 0x000001c43e6a2210 code [0x000001c43e6a23a0, 0x000001c43e6a2428]
Event: 415.411 Thread 0x000001c44c9b4180 69029       4       org.jetbrains.kotlin.utils.SmartSet$ArrayIterator::hasNext (10 bytes)
Event: 415.422 Thread 0x000001c44c9b4180 nmethod 69029 0x000001c43e6a1f10 code [0x000001c43e6a20a0, 0x000001c43e6a2158]
Event: 415.422 Thread 0x000001c44c9b4180 69119       4       org.jetbrains.kotlin.utils.SmartSet$ArrayIterator::next (10 bytes)
Event: 415.423 Thread 0x000001c44c9b4180 nmethod 69119 0x000001c43e6a1c10 code [0x000001c43e6a1da0, 0x000001c43e6a1e58]
Event: 415.423 Thread 0x000001c44c9b4180 68903       4       org.jetbrains.kotlin.descriptors.Visibility::normalize (2 bytes)
Event: 415.423 Thread 0x000001c44c9b4180 nmethod 68903 0x000001c43e6a1910 code [0x000001c43e6a1aa0, 0x000001c43e6a1b28]
Event: 415.423 Thread 0x000001c44c9b4180 69674       4       org.jetbrains.kotlin.codegen.optimization.common.OptimizationBasicInterpreter::newOperation (6 bytes)
Event: 415.423 Thread 0x000001c44c9b4180 nmethod 69674 0x000001c43e6a1610 code [0x000001c43e6a17a0, 0x000001c43e6a1850]
Event: 415.423 Thread 0x000001c44c9b4180 70962       4       kotlin.collections.AbstractMutableSet::size (5 bytes)
Event: 415.423 Thread 0x000001c44c9b4180 nmethod 70962 0x000001c43e6a1310 code [0x000001c43e6a14a0, 0x000001c43e6a1550]
Event: 415.423 Thread 0x000001c44c9b4180 70225       4       kotlin.collections.ReversedListReadOnly::getSize (10 bytes)
Event: 415.424 Thread 0x000001c44c9b4180 nmethod 70225 0x000001c43e6a1010 code [0x000001c43e6a11a0, 0x000001c43e6a1258]
Event: 415.424 Thread 0x000001c44c9b4180 70830       4       org.jetbrains.kotlin.ir.descriptors.IrBasedSimpleFunctionDescriptor::getOriginal (2 bytes)
Event: 415.424 Thread 0x000001c44c9b4180 nmethod 70830 0x000001c43e6a0d10 code [0x000001c43e6a0ea0, 0x000001c43e6a0f28]
Event: 415.424 Thread 0x000001c44c9b4180 70871       4       org.jetbrains.kotlin.backend.jvm.codegen.IrCallGenerator::beforeCallStart (1 bytes)
Event: 415.424 Thread 0x000001c44c9b4180 nmethod 70871 0x000001c43e6a0a10 code [0x000001c43e6a0ba0, 0x000001c43e6a0c28]
Event: 415.424 Thread 0x000001c44c9b4180 70873       4       org.jetbrains.kotlin.backend.jvm.codegen.IrCallGenerator::afterCallEnd (1 bytes)
Event: 415.424 Thread 0x000001c44c9b4180 nmethod 70873 0x000001c43e6a0710 code [0x000001c43e6a08a0, 0x000001c43e6a0928]
Event: 415.424 Thread 0x000001c44c9b4180 68543       4       kotlin.collections.CollectionsKt__ReversedViewsKt::access$reversePositionIndex (6 bytes)

GC Heap History (20 events):
Event: 327.864 GC heap before
{Heap before GC invocations=103 (full 0):
 garbage-first heap   total 860160K, used 721790K [0x0000000740000000, 0x0000000800000000)
  region size 2048K, 117 young (239616K), 15 survivors (30720K)
 Metaspace       used 333484K, committed 337088K, reserved 1179648K
  class space    used 42011K, committed 43712K, reserved 851968K
}
Event: 328.269 GC heap after
{Heap after GC invocations=104 (full 0):
 garbage-first heap   total 860160K, used 558703K [0x0000000740000000, 0x0000000800000000)
  region size 2048K, 15 young (30720K), 15 survivors (30720K)
 Metaspace       used 333484K, committed 337088K, reserved 1179648K
  class space    used 42011K, committed 43712K, reserved 851968K
}
Event: 334.728 GC heap before
{Heap before GC invocations=104 (full 0):
 garbage-first heap   total 860160K, used 665199K [0x0000000740000000, 0x0000000800000000)
  region size 2048K, 68 young (139264K), 15 survivors (30720K)
 Metaspace       used 342050K, committed 345728K, reserved 1179648K
  class space    used 42847K, committed 44608K, reserved 851968K
}
Event: 334.827 GC heap after
{Heap after GC invocations=105 (full 0):
 garbage-first heap   total 860160K, used 576709K [0x0000000740000000, 0x0000000800000000)
  region size 2048K, 8 young (16384K), 8 survivors (16384K)
 Metaspace       used 342050K, committed 345728K, reserved 1179648K
  class space    used 42847K, committed 44608K, reserved 851968K
}
Event: 358.968 GC heap before
{Heap before GC invocations=106 (full 0):
 garbage-first heap   total 962560K, used 726213K [0x0000000740000000, 0x0000000800000000)
  region size 2048K, 83 young (169984K), 8 survivors (16384K)
 Metaspace       used 358003K, committed 361664K, reserved 1179648K
  class space    used 44244K, committed 45952K, reserved 851968K
}
Event: 359.297 GC heap after
{Heap after GC invocations=107 (full 0):
 garbage-first heap   total 962560K, used 592343K [0x0000000740000000, 0x0000000800000000)
  region size 2048K, 13 young (26624K), 13 survivors (26624K)
 Metaspace       used 358003K, committed 361664K, reserved 1179648K
  class space    used 44244K, committed 45952K, reserved 851968K
}
Event: 362.848 GC heap before
{Heap before GC invocations=107 (full 0):
 garbage-first heap   total 962560K, used 612823K [0x0000000740000000, 0x0000000800000000)
  region size 2048K, 23 young (47104K), 13 survivors (26624K)
 Metaspace       used 359745K, committed 363456K, reserved 1179648K
  class space    used 44404K, committed 46144K, reserved 851968K
}
Event: 363.004 GC heap after
{Heap after GC invocations=108 (full 0):
 garbage-first heap   total 962560K, used 600355K [0x0000000740000000, 0x0000000800000000)
  region size 2048K, 3 young (6144K), 3 survivors (6144K)
 Metaspace       used 359745K, committed 363456K, reserved 1179648K
  class space    used 44404K, committed 46144K, reserved 851968K
}
Event: 378.245 GC heap before
{Heap before GC invocations=109 (full 0):
 garbage-first heap   total 1003520K, used 721187K [0x0000000740000000, 0x0000000800000000)
  region size 2048K, 63 young (129024K), 3 survivors (6144K)
 Metaspace       used 369565K, committed 373312K, reserved 1179648K
  class space    used 45327K, committed 47104K, reserved 851968K
}
Event: 378.350 GC heap after
{Heap after GC invocations=110 (full 0):
 garbage-first heap   total 1003520K, used 621207K [0x0000000740000000, 0x0000000800000000)
  region size 2048K, 8 young (16384K), 8 survivors (16384K)
 Metaspace       used 369565K, committed 373312K, reserved 1179648K
  class space    used 45327K, committed 47104K, reserved 851968K
}
Event: 381.318 GC heap before
{Heap before GC invocations=110 (full 0):
 garbage-first heap   total 1003520K, used 729751K [0x0000000740000000, 0x0000000800000000)
  region size 2048K, 62 young (126976K), 8 survivors (16384K)
 Metaspace       used 372636K, committed 376320K, reserved 1245184K
  class space    used 45559K, committed 47296K, reserved 851968K
}
Event: 381.338 GC heap after
{Heap after GC invocations=111 (full 0):
 garbage-first heap   total 1003520K, used 633920K [0x0000000740000000, 0x0000000800000000)
  region size 2048K, 15 young (30720K), 15 survivors (30720K)
 Metaspace       used 372636K, committed 376320K, reserved 1245184K
  class space    used 45559K, committed 47296K, reserved 851968K
}
Event: 385.352 GC heap before
{Heap before GC invocations=111 (full 0):
 garbage-first heap   total 1062912K, used 701504K [0x0000000740000000, 0x0000000800000000)
  region size 2048K, 48 young (98304K), 15 survivors (30720K)
 Metaspace       used 374997K, committed 378752K, reserved 1245184K
  class space    used 45776K, committed 47552K, reserved 851968K
}
Event: 385.561 GC heap after
{Heap after GC invocations=112 (full 0):
 garbage-first heap   total 1062912K, used 639824K [0x0000000740000000, 0x0000000800000000)
  region size 2048K, 5 young (10240K), 5 survivors (10240K)
 Metaspace       used 374997K, committed 378752K, reserved 1245184K
  class space    used 45776K, committed 47552K, reserved 851968K
}
Event: 389.090 GC heap before
{Heap before GC invocations=113 (full 0):
 garbage-first heap   total 1062912K, used 770896K [0x0000000740000000, 0x0000000800000000)
  region size 2048K, 70 young (143360K), 5 survivors (10240K)
 Metaspace       used 377596K, committed 381312K, reserved 1245184K
  class space    used 45973K, committed 47744K, reserved 851968K
}
Event: 389.122 GC heap after
{Heap after GC invocations=114 (full 0):
 garbage-first heap   total 1062912K, used 649397K [0x0000000740000000, 0x0000000800000000)
  region size 2048K, 9 young (18432K), 9 survivors (18432K)
 Metaspace       used 377596K, committed 381312K, reserved 1245184K
  class space    used 45973K, committed 47744K, reserved 851968K
}
Event: 398.202 GC heap before
{Heap before GC invocations=114 (full 0):
 garbage-first heap   total 1062912K, used 747701K [0x0000000740000000, 0x0000000800000000)
  region size 2048K, 59 young (120832K), 9 survivors (18432K)
 Metaspace       used 387331K, committed 391040K, reserved 1245184K
  class space    used 46905K, committed 48640K, reserved 851968K
}
Event: 398.242 GC heap after
{Heap after GC invocations=115 (full 0):
 garbage-first heap   total 1062912K, used 661973K [0x0000000740000000, 0x0000000800000000)
  region size 2048K, 15 young (30720K), 15 survivors (30720K)
 Metaspace       used 387331K, committed 391040K, reserved 1245184K
  class space    used 46905K, committed 48640K, reserved 851968K
}
Event: 409.328 GC heap before
{Heap before GC invocations=116 (full 0):
 garbage-first heap   total 1105920K, used 807381K [0x0000000740000000, 0x0000000800000000)
  region size 2048K, 87 young (178176K), 15 survivors (30720K)
 Metaspace       used 394457K, committed 398144K, reserved 1245184K
  class space    used 47477K, committed 49216K, reserved 851968K
}
Event: 409.474 GC heap after
{Heap after GC invocations=117 (full 0):
 garbage-first heap   total 1105920K, used 683686K [0x0000000740000000, 0x0000000800000000)
  region size 2048K, 11 young (22528K), 11 survivors (22528K)
 Metaspace       used 394457K, committed 398144K, reserved 1245184K
  class space    used 47477K, committed 49216K, reserved 851968K
}

Dll operation events (15 events):
Event: 0.035 Loaded shared library C:\Users\lin17\.jdks\corretto-21.0.9\bin\java.dll
Event: 0.103 Loaded shared library C:\Users\lin17\.jdks\corretto-21.0.9\bin\jsvml.dll
Event: 0.249 Loaded shared library C:\Users\lin17\.jdks\corretto-21.0.9\bin\zip.dll
Event: 0.260 Loaded shared library C:\Users\lin17\.jdks\corretto-21.0.9\bin\instrument.dll
Event: 0.268 Loaded shared library C:\Users\lin17\.jdks\corretto-21.0.9\bin\net.dll
Event: 0.273 Loaded shared library C:\Users\lin17\.jdks\corretto-21.0.9\bin\nio.dll
Event: 0.278 Loaded shared library C:\Users\lin17\.jdks\corretto-21.0.9\bin\zip.dll
Event: 0.625 Loaded shared library C:\Users\lin17\.jdks\corretto-21.0.9\bin\jimage.dll
Event: 1.101 Loaded shared library C:\Users\lin17\.jdks\corretto-21.0.9\bin\verify.dll
Event: 1.154 Loaded shared library C:\Users\lin17\.gradle\native\660c5614fbf4a5f2a75b1949f50a0caf5cd603558e7d8a26e50b933a0cfb79d1\windows-amd64\native-platform.dll
Event: 1.189 Loaded shared library C:\Users\lin17\.gradle\native\0.2.8\x86_64-windows-gnu\gradle-fileevents.dll
Event: 2.993 Loaded shared library C:\Users\lin17\.jdks\corretto-21.0.9\bin\management.dll
Event: 3.002 Loaded shared library C:\Users\lin17\.jdks\corretto-21.0.9\bin\management_ext.dll
Event: 5.728 Loaded shared library C:\Users\lin17\.jdks\corretto-21.0.9\bin\extnet.dll
Event: 7.334 Loaded shared library C:\Users\lin17\.jdks\corretto-21.0.9\bin\sunmscapi.dll

Deoptimization events (20 events):
Event: 414.872 Thread 0x000001c48cda15d0 Uncommon trap: trap_request=0xffffffc6 fr.pc=0x000001c43ea17b40 relative=0x0000000000000ce0
Event: 414.872 Thread 0x000001c48cda15d0 Uncommon trap: reason=bimorphic_or_optimized_type_check action=maybe_recompile pc=0x000001c43ea17b40 method=org.jetbrains.org.objectweb.asm.tree.analysis.Frame.execute(Lorg/jetbrains/org/objectweb/asm/tree/AbstractInsnNode;Lorg/jetbrains/org/objectweb/asm
Event: 414.872 Thread 0x000001c48cda15d0 DEOPT PACKING pc=0x000001c43ea17b40 sp=0x00000063c02fd890
Event: 414.872 Thread 0x000001c48cda15d0 DEOPT UNPACKING pc=0x000001c43da24422 sp=0x00000063c02fd800 mode 2
Event: 414.873 Thread 0x000001c48cda15d0 Uncommon trap: trap_request=0xffffff45 fr.pc=0x000001c43f3c9b58 relative=0x00000000000059b8
Event: 414.873 Thread 0x000001c48cda15d0 Uncommon trap: reason=unstable_if action=reinterpret pc=0x000001c43f3c9b58 method=org.jetbrains.kotlin.codegen.optimization.temporaryVals.TemporaryValsAnalyzer.analyze(Ljava/lang/String;Lorg/jetbrains/org/objectweb/asm/tree/MethodNode;)Ljava/util/List; @ 
Event: 414.873 Thread 0x000001c48cda15d0 DEOPT PACKING pc=0x000001c43f3c9b58 sp=0x00000063c02fdd10
Event: 414.873 Thread 0x000001c48cda15d0 DEOPT UNPACKING pc=0x000001c43da24422 sp=0x00000063c02fdc78 mode 2
Event: 414.977 Thread 0x000001c48cda22f0 Uncommon trap: trap_request=0xffffffde fr.pc=0x000001c43e5ab9c4 relative=0x0000000000000ae4
Event: 414.977 Thread 0x000001c48cda22f0 Uncommon trap: reason=class_check action=maybe_recompile pc=0x000001c43e5ab9c4 method=org.jetbrains.kotlin.fir.types.ConeTypeContext.asRigidType(Lorg/jetbrains/kotlin/types/model/KotlinTypeMarker;)Lorg/jetbrains/kotlin/types/model/RigidTypeMarker; @ 73 c2
Event: 414.977 Thread 0x000001c48cda22f0 DEOPT PACKING pc=0x000001c43e5ab9c4 sp=0x00000063be9fae10
Event: 414.977 Thread 0x000001c48cda22f0 DEOPT UNPACKING pc=0x000001c43da24422 sp=0x00000063be9fad20 mode 2
Event: 414.978 Thread 0x000001c48cda22f0 Uncommon trap: trap_request=0xffffffde fr.pc=0x000001c43f111270 relative=0x00000000000008d0
Event: 414.978 Thread 0x000001c48cda22f0 Uncommon trap: reason=class_check action=maybe_recompile pc=0x000001c43f111270 method=org.jetbrains.kotlin.fir.types.ConeTypeContext.asRigidType(Lorg/jetbrains/kotlin/types/model/KotlinTypeMarker;)Lorg/jetbrains/kotlin/types/model/RigidTypeMarker; @ 73 c2
Event: 414.978 Thread 0x000001c48cda22f0 DEOPT PACKING pc=0x000001c43f111270 sp=0x00000063be9fae30
Event: 414.978 Thread 0x000001c48cda22f0 DEOPT UNPACKING pc=0x000001c43da24422 sp=0x00000063be9fada0 mode 2
Event: 414.978 Thread 0x000001c48cda22f0 Uncommon trap: trap_request=0xffffff45 fr.pc=0x000001c43f1413a0 relative=0x0000000000000080
Event: 414.978 Thread 0x000001c48cda22f0 Uncommon trap: reason=unstable_if action=reinterpret pc=0x000001c43f1413a0 method=org.jetbrains.kotlin.fir.types.ConeTypeUtilsKt.isMarkedNullable(Lorg/jetbrains/kotlin/fir/types/ConeKotlinType;)Z @ 12 c2
Event: 414.978 Thread 0x000001c48cda22f0 DEOPT PACKING pc=0x000001c43f1413a0 sp=0x00000063be9fae80
Event: 414.978 Thread 0x000001c48cda22f0 DEOPT UNPACKING pc=0x000001c43da24422 sp=0x00000063be9fae18 mode 2

Classes loaded (20 events):
Event: 390.216 Loading class com/sun/xml/internal/stream/util/ThreadLocalBufferAllocator
Event: 390.217 Loading class com/sun/xml/internal/stream/util/ThreadLocalBufferAllocator done
Event: 390.217 Loading class com/sun/xml/internal/stream/util/BufferAllocator
Event: 390.218 Loading class com/sun/xml/internal/stream/util/BufferAllocator done
Event: 390.237 Loading class com/sun/org/apache/xerces/internal/util/XMLSymbols
Event: 390.238 Loading class com/sun/org/apache/xerces/internal/util/XMLSymbols done
Event: 390.238 Loading class com/sun/org/apache/xerces/internal/parsers/AbstractSAXParser$LocatorProxy
Event: 390.239 Loading class org/xml/sax/ext/Locator2
Event: 390.239 Loading class org/xml/sax/ext/Locator2 done
Event: 390.239 Loading class com/sun/org/apache/xerces/internal/parsers/AbstractSAXParser$LocatorProxy done
Event: 390.239 Loading class com/sun/org/apache/xerces/internal/util/XMLChar
Event: 390.240 Loading class com/sun/org/apache/xerces/internal/util/XMLChar done
Event: 390.242 Loading class com/sun/org/apache/xerces/internal/impl/XMLScanner$NameType
Event: 390.243 Loading class com/sun/org/apache/xerces/internal/impl/XMLScanner$NameType done
Event: 390.245 Loading class com/sun/org/apache/xerces/internal/impl/Constants
Event: 390.257 Loading class com/sun/org/apache/xerces/internal/impl/Constants done
Event: 390.258 Loading class com/sun/org/apache/xerces/internal/impl/Constants$ArrayEnumeration
Event: 390.258 Loading class com/sun/org/apache/xerces/internal/impl/Constants$ArrayEnumeration done
Event: 390.282 Loading class com/sun/org/apache/xerces/internal/impl/io/MalformedByteSequenceException
Event: 390.283 Loading class com/sun/org/apache/xerces/internal/impl/io/MalformedByteSequenceException done

Classes unloaded (12 events):
Event: 188.141 Thread 0x000001c44c9870f0 Unloading class 0x000001c44f0e3400 'jdk/internal/reflect/GeneratedSerializationConstructorAccessor111'
Event: 188.141 Thread 0x000001c44c9870f0 Unloading class 0x000001c44f0e3000 'jdk/internal/reflect/GeneratedSerializationConstructorAccessor110'
Event: 188.142 Thread 0x000001c44c9870f0 Unloading class 0x000001c44f0e2400 'jdk/internal/reflect/GeneratedSerializationConstructorAccessor108'
Event: 188.142 Thread 0x000001c44c9870f0 Unloading class 0x000001c44f0e0c00 'jdk/internal/reflect/GeneratedSerializationConstructorAccessor102'
Event: 188.142 Thread 0x000001c44c9870f0 Unloading class 0x000001c44f0e0000 'jdk/internal/reflect/GeneratedSerializationConstructorAccessor98'
Event: 188.142 Thread 0x000001c44c9870f0 Unloading class 0x000001c44f0db400 'jdk/internal/reflect/GeneratedSerializationConstructorAccessor96'
Event: 188.142 Thread 0x000001c44c9870f0 Unloading class 0x000001c44f0dac00 'jdk/internal/reflect/GeneratedSerializationConstructorAccessor94'
Event: 188.142 Thread 0x000001c44c9870f0 Unloading class 0x000001c44f0da800 'jdk/internal/reflect/GeneratedSerializationConstructorAccessor93'
Event: 188.142 Thread 0x000001c44c9870f0 Unloading class 0x000001c44f0da000 'jdk/internal/reflect/GeneratedSerializationConstructorAccessor90'
Event: 188.142 Thread 0x000001c44c9870f0 Unloading class 0x000001c44f0d9400 'jdk/internal/reflect/GeneratedSerializationConstructorAccessor88'
Event: 188.142 Thread 0x000001c44c9870f0 Unloading class 0x000001c44f0d9000 'jdk/internal/reflect/GeneratedSerializationConstructorAccessor86'
Event: 188.142 Thread 0x000001c44c9870f0 Unloading class 0x000001c44f0d8400 'jdk/internal/reflect/GeneratedSerializationConstructorAccessor84'

Classes redefined (0 events):
No events

Internal exceptions (20 events):
Event: 333.739 Thread 0x000001c48cda15d0 Implicit null exception at 0x000001c43e5e1413 to 0x000001c43e5e1426
Event: 338.115 Thread 0x000001c48cda0220 Exception <a 'java/lang/NoSuchMethodError'{0x0000000771fc48b0}: 'java.lang.Object java.lang.invoke.DirectMethodHandle$Holder.invokeStatic(java.lang.Object, java.lang.Object, int, java.lang.Object)'> (0x0000000771fc48b0) 
thrown [s\src\hotspot\share\interpreter\linkResolver.cpp, line 773]
Event: 338.229 Thread 0x000001c48cda0220 Exception <a 'java/lang/NoSuchMethodError'{0x0000000771fda3e0}: 'java.lang.Object java.lang.invoke.DirectMethodHandle$Holder.newInvokeSpecial(java.lang.Object, java.lang.Object, java.lang.Object, java.lang.Object, java.lang.Object, int, int)'> (0x0000000771fda3e0) 
thrown [s\src\hotspot\share\interpreter\linkResolver.cpp, line 773]
Event: 338.296 Thread 0x000001c48cda0220 Exception <a 'java/lang/NoSuchMethodError'{0x0000000771fde718}: 'java.lang.Object java.lang.invoke.DirectMethodHandle$Holder.invokeSpecial(java.lang.Object, java.lang.Object, java.lang.Object, java.lang.Object, java.lang.Object, java.lang.Object, int, int)'> (0x0000000771fde718) 
thrown [s\src\hotspot\share\interpreter\linkResolver.cpp, line 773]
Event: 338.297 Thread 0x000001c48cda0220 Exception <a 'java/lang/NoSuchMethodError'{0x0000000771fe22d0}: 'java.lang.Object java.lang.invoke.Invokers$Holder.linkToTargetMethod(java.lang.Object, java.lang.Object, java.lang.Object, java.lang.Object, int, int, java.lang.Object)'> (0x0000000771fe22d0) 
thrown [s\src\hotspot\share\interpreter\linkResolver.cpp, line 773]
Event: 343.900 Thread 0x000001c48cda0220 Exception <a 'java/lang/NoSuchMethodError'{0x00000007762eb3f0}: 'java.lang.Object java.lang.invoke.DirectMethodHandle$Holder.invokeStaticInit(java.lang.Object, java.lang.Object, int, java.lang.Object)'> (0x00000007762eb3f0) 
thrown [s\src\hotspot\share\interpreter\linkResolver.cpp, line 773]
Event: 344.559 Thread 0x000001c48cda0220 Exception <a 'java/lang/NoSuchMethodError'{0x0000000775e7cf70}: 'java.lang.Object java.lang.invoke.DirectMethodHandle$Holder.invokeStatic(java.lang.Object, java.lang.Object, java.lang.Object, java.lang.Object, int, int, int, java.lang.Object)'> (0x0000000775e7cf70) 
thrown [s\src\hotspot\share\interpreter\linkResolver.cpp, line 773]
Event: 352.671 Thread 0x000001c48cda0220 Implicit null exception at 0x000001c43f2ed189 to 0x000001c43f2ed6e0
Event: 356.705 Thread 0x000001c48cda0220 Exception <a 'java/lang/NoSuchMethodError'{0x0000000770696b20}: 'java.lang.Object java.lang.invoke.DirectMethodHandle$Holder.invokeStatic(java.lang.Object, java.lang.Object, java.lang.Object, int, java.lang.Object, java.lang.Object, java.lang.Object, java.lang.Object)'> (0x0000000770696b20) 
thrown [s\src\hotspot\share\interpreter\linkResolver.cpp, line 773]
Event: 357.635 Thread 0x000001c48cda0220 Exception <a 'java/lang/NoSuchMethodError'{0x000000076fc485a8}: 'java.lang.Object java.lang.invoke.DirectMethodHandle$Holder.invokeStatic(java.lang.Object, int, int)'> (0x000000076fc485a8) 
thrown [s\src\hotspot\share\interpreter\linkResolver.cpp, line 773]
Event: 371.438 Thread 0x000001c48cda0220 Exception <a 'java/lang/NoSuchMethodError'{0x0000000777495210}: 'java.lang.Object java.lang.invoke.DirectMethodHandle$Holder.invokeStatic(java.lang.Object, java.lang.Object, java.lang.Object, java.lang.Object, java.lang.Object, int, java.lang.Object, java.lang.Object)'> (0x0000000777495210) 
thrown [s\src\hotspot\share\interpreter\linkResolver.cpp, line 773]
Event: 371.442 Thread 0x000001c48cda0220 Exception <a 'java/lang/NoSuchMethodError'{0x000000077749da10}: 'java.lang.Object java.lang.invoke.DirectMethodHandle$Holder.newInvokeSpecial(java.lang.Object, java.lang.Object, java.lang.Object, java.lang.Object, java.lang.Object, int, java.lang.Object)'> (0x000000077749da10) 
thrown [s\src\hotspot\share\interpreter\linkResolver.cpp, line 773]
Event: 371.445 Thread 0x000001c48cda0220 Exception <a 'java/lang/NoSuchMethodError'{0x00000007774a1888}: 'java.lang.Object java.lang.invoke.DirectMethodHandle$Holder.invokeSpecial(java.lang.Object, java.lang.Object, java.lang.Object, java.lang.Object, java.lang.Object, java.lang.Object, int, java.lang.Object)'> (0x00000007774a1888) 
thrown [s\src\hotspot\share\interpreter\linkResolver.cpp, line 773]
Event: 371.446 Thread 0x000001c48cda0220 Exception <a 'java/lang/NoSuchMethodError'{0x00000007774a4f70}: 'java.lang.Object java.lang.invoke.Invokers$Holder.linkToTargetMethod(java.lang.Object, java.lang.Object, java.lang.Object, java.lang.Object, int, java.lang.Object, java.lang.Object)'> (0x00000007774a4f70) 
thrown [s\src\hotspot\share\interpreter\linkResolver.cpp, line 773]
Event: 382.233 Thread 0x000001c48cda0220 Exception <a 'java/lang/NoSuchMethodError'{0x00000007797ab9c8}: 'java.lang.Object java.lang.invoke.DirectMethodHandle$Holder.newInvokeSpecial(java.lang.Object, int, int, java.lang.Object)'> (0x00000007797ab9c8) 
thrown [s\src\hotspot\share\interpreter\linkResolver.cpp, line 773]
Event: 382.239 Thread 0x000001c48cda0220 Exception <a 'java/lang/NoSuchMethodError'{0x00000007797b2898}: 'java.lang.Object java.lang.invoke.Invokers$Holder.linkToTargetMethod(int, int, java.lang.Object, java.lang.Object)'> (0x00000007797b2898) 
thrown [s\src\hotspot\share\interpreter\linkResolver.cpp, line 773]
Event: 382.780 Thread 0x000001c48cda0220 Exception <a 'java/lang/NoSuchMethodError'{0x00000007797bf750}: 'java.lang.Object java.lang.invoke.DirectMethodHandle$Holder.invokeStatic(java.lang.Object, java.lang.Object, int, int, java.lang.Object)'> (0x00000007797bf750) 
thrown [s\src\hotspot\share\interpreter\linkResolver.cpp, line 773]
Event: 387.808 Thread 0x000001c48cda0220 Exception <a 'java/lang/NoSuchMethodError'{0x0000000777f3bfa0}: 'java.lang.Object java.lang.invoke.DirectMethodHandle$Holder.invokeStatic(java.lang.Object, java.lang.Object, int, java.lang.Object, java.lang.Object)'> (0x0000000777f3bfa0) 
thrown [s\src\hotspot\share\interpreter\linkResolver.cpp, line 773]
Event: 390.683 Thread 0x000001c48cda0220 Exception <a 'java/lang/NoSuchMethodError'{0x000000077e0652e8}: 'void java.lang.invoke.Invokers$Holder.invokeExact_MT(java.lang.Object, java.lang.Object, java.lang.Object)'> (0x000000077e0652e8) 
thrown [s\src\hotspot\share\interpreter\linkResolver.cpp, line 773]
Event: 394.430 Thread 0x000001c48cda15d0 Implicit null exception at 0x000001c43e2116ef to 0x000001c43e2118e4

ZGC Phase Switch (0 events):
No events

VM Operations (20 events):
Event: 409.474 Executing VM operation: G1CollectForAllocation (G1 Evacuation Pause) done
Event: 410.481 Executing VM operation: Cleanup
Event: 410.605 Executing VM operation: Cleanup done
Event: 410.913 Executing VM operation: HandshakeAllThreads (Deoptimize)
Event: 411.354 Executing VM operation: HandshakeAllThreads (Deoptimize) done
Event: 412.356 Executing VM operation: Cleanup
Event: 412.388 Executing VM operation: Cleanup done
Event: 413.043 Executing VM operation: ICBufferFull
Event: 413.107 Executing VM operation: ICBufferFull done
Event: 413.314 Executing VM operation: HandshakeAllThreads (Deoptimize)
Event: 413.371 Executing VM operation: HandshakeAllThreads (Deoptimize) done
Event: 413.925 Executing VM operation: HandshakeAllThreads (Deoptimize)
Event: 413.991 Executing VM operation: HandshakeAllThreads (Deoptimize) done
Event: 414.514 Executing VM operation: ICBufferFull
Event: 414.535 Executing VM operation: ICBufferFull done
Event: 414.661 Executing VM operation: HandshakeAllThreads (Deoptimize)
Event: 414.879 Executing VM operation: HandshakeAllThreads (Deoptimize) done
Event: 415.171 Executing VM operation: ICBufferFull
Event: 415.189 Executing VM operation: ICBufferFull done
Event: 416.189 Executing VM operation: Cleanup

Memory protections (0 events):
No events

Nmethod flushes (20 events):
Event: 400.962 Thread 0x000001c44c9870f0 flushing  nmethod 0x000001c437b7c790
Event: 400.962 Thread 0x000001c44c9870f0 flushing  nmethod 0x000001c437c64a90
Event: 400.962 Thread 0x000001c44c9870f0 flushing  nmethod 0x000001c438570690
Event: 400.962 Thread 0x000001c44c9870f0 flushing  nmethod 0x000001c43869ce10
Event: 400.962 Thread 0x000001c44c9870f0 flushing  nmethod 0x000001c438ca4610
Event: 400.962 Thread 0x000001c44c9870f0 flushing  nmethod 0x000001c438cb6510
Event: 400.962 Thread 0x000001c44c9870f0 flushing  nmethod 0x000001c439130790
Event: 400.962 Thread 0x000001c44c9870f0 flushing  nmethod 0x000001c4391ecf90
Event: 400.962 Thread 0x000001c44c9870f0 flushing  nmethod 0x000001c439984890
Event: 400.962 Thread 0x000001c44c9870f0 flushing  nmethod 0x000001c43a052d10
Event: 400.962 Thread 0x000001c44c9870f0 flushing  nmethod 0x000001c43a9d4610
Event: 400.962 Thread 0x000001c44c9870f0 flushing  nmethod 0x000001c43ae49610
Event: 400.962 Thread 0x000001c44c9870f0 flushing  nmethod 0x000001c43b403c10
Event: 400.962 Thread 0x000001c44c9870f0 flushing  nmethod 0x000001c43bbb0d10
Event: 400.962 Thread 0x000001c44c9870f0 flushing  nmethod 0x000001c43bbef390
Event: 400.962 Thread 0x000001c44c9870f0 flushing  nmethod 0x000001c43bf1d310
Event: 400.962 Thread 0x000001c44c9870f0 flushing  nmethod 0x000001c43c105090
Event: 400.962 Thread 0x000001c44c9870f0 flushing  nmethod 0x000001c43c20dc90
Event: 400.962 Thread 0x000001c44c9870f0 flushing  nmethod 0x000001c43c7f2790
Event: 400.962 Thread 0x000001c44c9870f0 flushing  nmethod 0x000001c43cc6af90

Events (20 events):
Event: 156.145 Thread 0x000001c48cd9b360 Thread added: 0x000001c48cda22f0
Event: 156.217 Thread 0x000001c48a6fc260 Thread added: 0x000001c48cda08b0
Event: 156.583 Thread 0x000001c48cd9e7e0 Thread added: 0x000001c48cda0f40
Event: 156.774 Thread 0x000001c48cda08b0 Thread added: 0x000001c48cda15d0
Event: 157.339 Thread 0x000001c44c9b95d0 Thread added: 0x000001c48a5b9760
Event: 158.790 Thread 0x000001c48a5b9760 Thread exited: 0x000001c48a5b9760
Event: 166.334 Thread 0x000001c44ca4bb50 Thread added: 0x000001c48a858b90
Event: 171.868 Thread 0x000001c48958d4c0 Thread exited: 0x000001c48958d4c0
Event: 227.619 Thread 0x000001c48a858b90 Thread exited: 0x000001c48a858b90
Event: 232.400 Thread 0x000001c489590fd0 Thread exited: 0x000001c489590fd0
Event: 292.505 Thread 0x000001c48958fc20 Thread exited: 0x000001c48958fc20
Event: 324.666 Thread 0x000001c44c9b95d0 Thread added: 0x000001c493cae8c0
Event: 328.289 Thread 0x000001c493cae8c0 Thread exited: 0x000001c493cae8c0
Event: 354.382 Thread 0x000001c489591660 Thread exited: 0x000001c489591660
Event: 378.662 Thread 0x000001c44c9b95d0 Thread added: 0x000001c48a82b620
Event: 384.263 Thread 0x000001c48a82b620 Thread exited: 0x000001c48a82b620
Event: 391.108 Thread 0x000001c48cda0220 Thread exited: 0x000001c48cda0220
Event: 404.247 Thread 0x000001c44ca4bb50 Thread added: 0x000001c4880bf6b0
Event: 413.877 Thread 0x000001c4895902b0 Thread exited: 0x000001c4895902b0
Event: 415.263 Thread 0x000001c44c9b4180 Thread added: 0x000001c48d7bdaf0


Dynamic libraries:
0x00007ff7a5f40000 - 0x00007ff7a5f4e000 	C:\Users\lin17\.jdks\corretto-21.0.9\bin\java.exe
0x00007ffbe8960000 - 0x00007ffbe8bc7000 	C:\WINDOWS\SYSTEM32\ntdll.dll
0x00007ffbe6e20000 - 0x00007ffbe6ee9000 	C:\WINDOWS\System32\KERNEL32.DLL
0x00007ffbe5440000 - 0x00007ffbe5837000 	C:\WINDOWS\System32\KERNELBASE.dll
0x00007ffbe6590000 - 0x00007ffbe66db000 	C:\WINDOWS\System32\ucrtbase.dll
0x00007ffb69420000 - 0x00007ffb69438000 	C:\Users\lin17\.jdks\corretto-21.0.9\bin\jli.dll
0x00007ffb69590000 - 0x00007ffb695ae000 	C:\Users\lin17\.jdks\corretto-21.0.9\bin\VCRUNTIME140.dll
0x00007ffbe8650000 - 0x00007ffbe8816000 	C:\WINDOWS\System32\USER32.dll
0x00007ffbc8de0000 - 0x00007ffbc9072000 	C:\WINDOWS\WinSxS\amd64_microsoft.windows.common-controls_6595b64144ccf1df_6.0.26100.8457_none_3e0b2faee331e92d\COMCTL32.dll
0x00007ffbe58f0000 - 0x00007ffbe5917000 	C:\WINDOWS\System32\win32u.dll
0x00007ffbe6850000 - 0x00007ffbe68f9000 	C:\WINDOWS\System32\msvcrt.dll
0x00007ffbe7300000 - 0x00007ffbe732b000 	C:\WINDOWS\System32\GDI32.dll
0x00007ffbe59e0000 - 0x00007ffbe5b0c000 	C:\WINDOWS\System32\gdi32full.dll
0x00007ffbe5390000 - 0x00007ffbe5433000 	C:\WINDOWS\System32\msvcp_win.dll
0x00007ffbe66e0000 - 0x00007ffbe6712000 	C:\WINDOWS\System32\IMM32.DLL
0x00007ffbae8f0000 - 0x00007ffbae8fc000 	C:\Users\lin17\.jdks\corretto-21.0.9\bin\vcruntime140_1.dll
0x00007ffb0b190000 - 0x00007ffb0b219000 	C:\Users\lin17\.jdks\corretto-21.0.9\bin\msvcp140.dll
0x00007ffafd3d0000 - 0x00007ffafe177000 	C:\Users\lin17\.jdks\corretto-21.0.9\bin\server\jvm.dll
0x00007ffbe75d0000 - 0x00007ffbe7686000 	C:\WINDOWS\System32\ADVAPI32.dll
0x00007ffbe6ce0000 - 0x00007ffbe6d87000 	C:\WINDOWS\System32\sechost.dll
0x00007ffbe71e0000 - 0x00007ffbe72f8000 	C:\WINDOWS\System32\RPCRT4.dll
0x00007ffbe6d90000 - 0x00007ffbe6e10000 	C:\WINDOWS\System32\WS2_32.dll
0x00007ffbe5040000 - 0x00007ffbe509e000 	C:\WINDOWS\SYSTEM32\POWRPROF.dll
0x00007ffbd6ad0000 - 0x00007ffbd6b06000 	C:\WINDOWS\SYSTEM32\WINMM.dll
0x00007ffbdee60000 - 0x00007ffbdee6b000 	C:\WINDOWS\SYSTEM32\VERSION.dll
0x00007ffbe5020000 - 0x00007ffbe5034000 	C:\WINDOWS\SYSTEM32\UMPDC.dll
0x00007ffbe40e0000 - 0x00007ffbe40fb000 	C:\WINDOWS\SYSTEM32\kernel.appcore.dll
0x00007ffbad0a0000 - 0x00007ffbad0aa000 	C:\Users\lin17\.jdks\corretto-21.0.9\bin\jimage.dll
0x00007ffbe2dd0000 - 0x00007ffbe3012000 	C:\WINDOWS\SYSTEM32\DBGHELP.DLL
0x00007ffbe6900000 - 0x00007ffbe6c83000 	C:\WINDOWS\System32\combase.dll
0x00007ffbe7490000 - 0x00007ffbe7569000 	C:\WINDOWS\System32\OLEAUT32.dll
0x00007ffbcf690000 - 0x00007ffbcf6cb000 	C:\WINDOWS\SYSTEM32\dbgcore.DLL
0x00007ffbe5840000 - 0x00007ffbe58e8000 	C:\WINDOWS\System32\bcryptPrimitives.dll
0x00007ffb79580000 - 0x00007ffb79590000 	C:\Users\lin17\.jdks\corretto-21.0.9\bin\instrument.dll
0x00007ffb68dd0000 - 0x00007ffb68df1000 	C:\Users\lin17\.jdks\corretto-21.0.9\bin\java.dll
0x00007ffbe7d90000 - 0x00007ffbe84fe000 	C:\WINDOWS\System32\SHELL32.dll
0x00007ffbe5ba0000 - 0x00007ffbe640c000 	C:\WINDOWS\System32\windows.storage.dll
0x00007ffbe70d0000 - 0x00007ffbe71c6000 	C:\WINDOWS\System32\SHCORE.dll
0x00007ffbe6750000 - 0x00007ffbe67b6000 	C:\WINDOWS\System32\shlwapi.dll
0x00007ffbe52b0000 - 0x00007ffbe52d9000 	C:\WINDOWS\SYSTEM32\profapi.dll
0x00007ffb05f90000 - 0x00007ffb06067000 	C:\Users\lin17\.jdks\corretto-21.0.9\bin\jsvml.dll
0x00007ffb5a730000 - 0x00007ffb5a748000 	C:\Users\lin17\.jdks\corretto-21.0.9\bin\zip.dll
0x00007ffb68d50000 - 0x00007ffb68d61000 	C:\Users\lin17\.jdks\corretto-21.0.9\bin\net.dll
0x00007ffbdf5c0000 - 0x00007ffbdf6e9000 	C:\WINDOWS\SYSTEM32\WINHTTP.dll
0x00007ffbe4630000 - 0x00007ffbe469c000 	C:\WINDOWS\system32\mswsock.dll
0x00007ffb5c0d0000 - 0x00007ffb5c0e6000 	C:\Users\lin17\.jdks\corretto-21.0.9\bin\nio.dll
0x00007ffbacf20000 - 0x00007ffbacf30000 	C:\Users\lin17\.jdks\corretto-21.0.9\bin\verify.dll
0x00007ffb5a700000 - 0x00007ffb5a727000 	C:\Users\lin17\.gradle\native\660c5614fbf4a5f2a75b1949f50a0caf5cd603558e7d8a26e50b933a0cfb79d1\windows-amd64\native-platform.dll
0x00007ffba73e0000 - 0x00007ffba7457000 	C:\Users\lin17\.gradle\native\0.2.8\x86_64-windows-gnu\gradle-fileevents.dll
0x00007ffba7b40000 - 0x00007ffba7b4a000 	C:\Users\lin17\.jdks\corretto-21.0.9\bin\management.dll
0x00007ffba7240000 - 0x00007ffba724c000 	C:\Users\lin17\.jdks\corretto-21.0.9\bin\management_ext.dll
0x00007ffbe71d0000 - 0x00007ffbe71d8000 	C:\WINDOWS\System32\PSAPI.DLL
0x00007ffbe3ad0000 - 0x00007ffbe3b02000 	C:\WINDOWS\SYSTEM32\IPHLPAPI.DLL
0x00007ffbe6720000 - 0x00007ffbe672a000 	C:\WINDOWS\System32\NSI.dll
0x00007ffb974d0000 - 0x00007ffb974d9000 	C:\Users\lin17\.jdks\corretto-21.0.9\bin\extnet.dll
0x00007ffbe4a30000 - 0x00007ffbe4a4b000 	C:\WINDOWS\SYSTEM32\CRYPTSP.dll
0x00007ffbe4040000 - 0x00007ffbe4079000 	C:\WINDOWS\system32\rsaenh.dll
0x00007ffbe46e0000 - 0x00007ffbe4713000 	C:\WINDOWS\SYSTEM32\USERENV.dll
0x00007ffbe5280000 - 0x00007ffbe52aa000 	C:\WINDOWS\SYSTEM32\bcrypt.dll
0x00007ffbe4890000 - 0x00007ffbe489c000 	C:\WINDOWS\SYSTEM32\CRYPTBASE.dll
0x00007ffb710f0000 - 0x00007ffb710fe000 	C:\Users\lin17\.jdks\corretto-21.0.9\bin\sunmscapi.dll
0x00007ffbe6410000 - 0x00007ffbe6588000 	C:\WINDOWS\System32\CRYPT32.dll
0x00007ffbe4b90000 - 0x00007ffbe4bc0000 	C:\WINDOWS\SYSTEM32\ncrypt.dll
0x00007ffbe4b40000 - 0x00007ffbe4b7f000 	C:\WINDOWS\SYSTEM32\NTASN1.dll
0x00007ffbb3a60000 - 0x00007ffbb3a68000 	C:\WINDOWS\system32\wshunix.dll

JVMTI agents:
C:\Users\lin17\.gradle\wrapper\dists\gradle-9.4.0-bin\lcvyxq3t37f6mx9miaydrrgs\gradle-9.4.0\lib\agents\gradle-instrumentation-agent-9.4.0.jar path:C:\Users\lin17\.jdks\corretto-21.0.9\bin\instrument.dll, loaded, initialized, instrumentlib options:none

dbghelp: loaded successfully - version: 4.0.5 - missing functions: none
symbol engine: initialized successfully - sym options: 0x614 - pdb path: .;C:\Users\lin17\.jdks\corretto-21.0.9\bin;C:\WINDOWS\SYSTEM32;C:\WINDOWS\WinSxS\amd64_microsoft.windows.common-controls_6595b64144ccf1df_6.0.26100.8457_none_3e0b2faee331e92d;C:\Users\lin17\.jdks\corretto-21.0.9\bin\server;C:\Users\lin17\.gradle\native\660c5614fbf4a5f2a75b1949f50a0caf5cd603558e7d8a26e50b933a0cfb79d1\windows-amd64;C:\Users\lin17\.gradle\native\0.2.8\x86_64-windows-gnu

VM Arguments:
jvm_args: --add-opens=java.base/java.lang=ALL-UNNAMED --add-opens=java.base/java.lang.invoke=ALL-UNNAMED --add-opens=java.base/java.util=ALL-UNNAMED --add-opens=java.prefs/java.util.prefs=ALL-UNNAMED --add-exports=jdk.compiler/com.sun.tools.javac.api=ALL-UNNAMED --add-exports=jdk.compiler/com.sun.tools.javac.util=ALL-UNNAMED --add-opens=java.base/java.util=ALL-UNNAMED --add-opens=java.prefs/java.util.prefs=ALL-UNNAMED --add-opens=java.base/java.nio.charset=ALL-UNNAMED --add-opens=java.base/java.net=ALL-UNNAMED --add-opens=java.base/java.util.concurrent=ALL-UNNAMED --add-opens=java.base/java.util.concurrent.atomic=ALL-UNNAMED --add-opens=java.xml/javax.xml.namespace=ALL-UNNAMED --add-opens=java.base/java.time=ALL-UNNAMED -XX:MaxMetaspaceSize=1g -Xmx3g -Dfile.encoding=UTF-8 -Duser.country=CN -Duser.language=zh -Duser.variant -javaagent:C:\Users\lin17\.gradle\wrapper\dists\gradle-9.4.0-bin\lcvyxq3t37f6mx9miaydrrgs\gradle-9.4.0\lib\agents\gradle-instrumentation-agent-9.4.0.jar 
java_command: org.gradle.launcher.daemon.bootstrap.GradleDaemon 9.4.0
java_class_path (initial): C:\Users\lin17\.gradle\wrapper\dists\gradle-9.4.0-bin\lcvyxq3t37f6mx9miaydrrgs\gradle-9.4.0\lib\gradle-daemon-main-9.4.0.jar
Launcher Type: SUN_STANDARD

[Global flags]
     intx CICompilerCount                          = 12                                        {product} {ergonomic}
   size_t CompressedClassSpaceSize                 = 872415232                                 {product} {ergonomic}
     uint ConcGCThreads                            = 3                                         {product} {ergonomic}
     uint G1ConcRefinementThreads                  = 13                                        {product} {ergonomic}
   size_t G1HeapRegionSize                         = 2097152                                   {product} {ergonomic}
    uintx GCDrainStackTargetSize                   = 64                                        {product} {ergonomic}
   size_t InitialHeapSize                          = 255852544                                 {product} {ergonomic}
   size_t MarkStackSize                            = 4194304                                   {product} {ergonomic}
   size_t MaxHeapSize                              = 3221225472                                {product} {command line}
   size_t MaxMetaspaceSize                         = 1073741824                                {product} {command line}
   size_t MaxNewSize                               = 1931476992                                {product} {ergonomic}
   size_t MinHeapDeltaBytes                        = 2097152                                   {product} {ergonomic}
   size_t MinHeapSize                              = 8388608                                   {product} {ergonomic}
    uintx NonNMethodCodeHeapSize                   = 7602480                                {pd product} {ergonomic}
    uintx NonProfiledCodeHeapSize                  = 122027880                              {pd product} {ergonomic}
    uintx ProfiledCodeHeapSize                     = 122027880                              {pd product} {ergonomic}
    uintx ReservedCodeCacheSize                    = 251658240                              {pd product} {ergonomic}
     bool SegmentedCodeCache                       = true                                      {product} {ergonomic}
   size_t SoftMaxHeapSize                          = 3221225472                             {manageable} {ergonomic}
     bool UseCompressedOops                        = true                           {product lp64_product} {ergonomic}
     bool UseG1GC                                  = true                                      {product} {ergonomic}
     bool UseLargePagesIndividualAllocation        = false                                  {pd product} {ergonomic}

Logging:
Log output configuration:
 #0: stdout all=warning uptime,level,tags foldmultilines=false
 #1: stderr all=off uptime,level,tags foldmultilines=false

Release file:
IMPLEMENTOR="Amazon.com Inc." 
IMPLEMENTOR_VERSION="Corretto-21.0.9.10.1" 
JAVA_RUNTIME_VERSION="21.0.9+10-LTS" 
JAVA_VERSION="21.0.9" 
JAVA_VERSION_DATE="2025-10-21" 
LIBC="default" 
MODULES="java.base java.compiler java.datatransfer java.xml java.prefs java.desktop java.instrument java.logging java.management java.security.sasl java.naming java.rmi java.management.rmi java.net.http java.scripting java.security.jgss java.transaction.xa java.sql java.sql.rowset java.xml.crypto java.se java.smartcardio jdk.accessibility jdk.internal.jvmstat jdk.attach jdk.charsets jdk.internal.opt jdk.zipfs jdk.compiler jdk.crypto.ec jdk.crypto.cryptoki jdk.crypto.mscapi jdk.dynalink jdk.internal.ed jdk.editpad jdk.hotspot.agent jdk.httpserver jdk.incubator.vector jdk.internal.le jdk.internal.vm.ci jdk.internal.vm.compiler jdk.internal.vm.compiler.management jdk.jartool jdk.javadoc jdk.jcmd jdk.management jdk.management.agent jdk.jconsole jdk.jdeps jdk.jdwp.agent jdk.jdi jdk.jfr jdk.jlink jdk.jpackage jdk.jshell jdk.jsobject jdk.jstatd jdk.localedata jdk.management.jfr jdk.naming.dns jdk.naming.rmi jdk.net jdk.nio.mapmode jdk.random jdk.sctp jdk.security.auth jdk.security.jgss jdk.unsupported jdk.unsupported.desktop jdk.xml.dom" 
OS_ARCH="x86_64" 
OS_NAME="Windows" 
SOURCE="" 

Environment Variables:
JAVA_HOME=C:\Users\lin17\.jdks\corretto-21.0.9
CLASSPATH=D:\code\intellij\cangjie\\gradle\wrapper\gradle-wrapper.jar
PATH=C:\Users\lin17\.codex\tmp\arg0\codex-arg0XwL25B;C:\WINDOWS\system32;C:\WINDOWS;C:\WINDOWS\System32\Wbem;C:\WINDOWS\System32\WindowsPowerShell\v1.0\;C:\WINDOWS\System32\OpenSSH\;C:\Program Files\Git\cmd;C:\Program Files\dotnet\;C:\Program Files (x86)\Windows Kits\10\Windows Performance Toolkit\;C:\Program Files (x86)\NetSarang\Xshell 8\;C:\Program Files (x86)\NetSarang\Xftp 8\;C:\Program Files (x86)\Tencent\微信web开发者工具\dll;C:\Users\lin17\AppData\Local\nvm;C:\nvm4w\nodejs;C:\Program Files\CMake\bin;C:\Program Files\GitHub CLI\;C:\Program Files\Docker\Docker\resources\bin;C:\Users\lin17\.bun\bin;C:\Users\lin17\AppData\Local\AtomCode;C:\Users\lin17\AppData\Local\Programs\Python\Launcher\;C:\Users\lin17\.cargo\bin;C:\Users\lin17\.local\bin;C:\Users\lin17\AppData\Local\Microsoft\WindowsApps;C:\Users\lin17\AppData\Local\JetBrains\Toolbox\scripts;C:\Users\lin17\AppData\Local\Programs\Microsoft VS Code\bin;C:\Users\lin17\.cangjie\sdks\cangjie-1.0.5\runtime\lib\windows_x86_64_llvm;C:\Users\lin17\AppData\Local\Microsoft\WinGet\Packages\Google.Protobuf_Microsoft.Winget.Source_8wekyb3d8bbwe\bin;C:\Program Files\OpenSSL-Win64\bin;C:\Users\lin17\.jdks\corretto-21.0.9\bin;C:\Users\lin17\AppData\Local\Programs\cursor\resources\app\bin;C:\Users\lin17\.cangjie\sdks\cangjie-1.0.5\bin;C:\Users\lin17\AppData\Local\Programs\Kiro\bin;C:\Users\lin17\.cangjie\sdks\cangjie-1.0.5\tools\bin;C:\Users\lin17\.cangjie\sdks\cangjie-1.0.5\runtime\lib\windows_x86_64_cjnative;C:\Users\lin17\AppData\Local\pnpm;C:\Users\lin17\AppData\Roaming\npm;C:\Users\lin17\AppData\Local\OpenAI\Codex\bin\ada252862d154cdd;C:\Program Files\WindowsApps\OpenAI.Codex_26.519.11010.0_x64__2p2nqsd0c76g0\app\resources
USERNAME=lin17
SHELL=C:\WINDOWS\System32\WindowsPowerShell\v1.0\powershell.exe
OS=Windows_NT
PROCESSOR_IDENTIFIER=AMD64 Family 25 Model 68 Stepping 1, AuthenticAMD
TMP=C:\Users\lin17\AppData\Local\Temp
TEMP=C:\Users\lin17\AppData\Local\Temp




Periodic native trim disabled

---------------  S Y S T E M  ---------------

OS:
 Windows 11 , 64 bit Build 26100 (10.0.26100.8328)
OS uptime: 0 days 1:30 hours
Hyper-V role detected

CPU: total 16 (initial active 16) (16 cores per cpu, 2 threads per core) family 25 model 68 stepping 1 microcode 0xa404101, cx8, cmov, fxsr, ht, mmx, 3dnowpref, sse, sse2, sse3, ssse3, sse4a, sse4.1, sse4.2, popcnt, lzcnt, tsc, tscinvbit, avx, avx2, aes, clmul, bmi1, bmi2, adx, sha, fma, vzeroupper, clflush, clflushopt, hv, rdtscp, rdpid, f16c, cet_ss
Processor Information for the first 16 processors :
  Max Mhz: 3201, Current Mhz: 3201, Mhz Limit: 3201

Memory: 4k page, system-wide physical 15613M (1071M free)
TotalPageFile size 62717M (AvailPageFile size 0M)
current process WorkingSet (physical memory assigned to process): 340M, peak: 1036M
current process commit charge ("private bytes"): 1920M, peak: 1925M

vm_info: OpenJDK 64-Bit Server VM (21.0.9+10-LTS) for windows-amd64 JRE (21.0.9+10-LTS), built on 2025-10-16T09:41:28Z by "Administrator" with unknown MS VC++:1944

END.
