#
# There is insufficient memory for the Java Runtime Environment to continue.
# Native memory allocation (mmap) failed to map 65536 bytes. Error detail: Failed to commit metaspace.
# Possible reasons:
#   The system is out of physical RAM or swap space
#   This process is running with CompressedOops enabled, and the Java Heap may be blocking the growth of the native heap
# Possible solutions:
#   Reduce memory load on the system
#   Increase physical memory or swap space
#   Check if swap backing store is full
#   Decrease Java heap size (-Xmx/-Xms)
#   Decrease number of Java threads
#   Decrease Java thread stack sizes (-Xss)
#   Set larger code cache with -XX:ReservedCodeCacheSize=
#   JVM is running with Zero Based Compressed Oops mode in which the Java heap is
#     placed in the first 32GB address space. The Java Heap base address is the
#     maximum limit for the native heap growth. Please use -XX:HeapBaseMinAddress
#     to set the Java Heap base and to place the Java Heap above 32GB virtual address.
# This output file may be truncated or incomplete.
#
#  Out of Memory Error (virtualSpaceNode.cpp:113), pid=41332, tid=40224
#
# JRE version: OpenJDK Runtime Environment Corretto-21.0.9.10.1 (21.0.9+10) (build 21.0.9+10-LTS)
# Java VM: OpenJDK 64-Bit Server VM Corretto-21.0.9.10.1 (21.0.9+10-LTS, mixed mode, sharing, tiered, compressed oops, compressed class ptrs, g1 gc, windows-amd64)
# No core dump will be written. Minidumps are not enabled by default on client versions of Windows
#

---------------  S U M M A R Y ------------

Command Line: --add-opens=java.base/java.lang=ALL-UNNAMED --add-opens=java.base/java.lang.invoke=ALL-UNNAMED --add-opens=java.base/java.util=ALL-UNNAMED --add-opens=java.prefs/java.util.prefs=ALL-UNNAMED --add-exports=jdk.compiler/com.sun.tools.javac.api=ALL-UNNAMED --add-exports=jdk.compiler/com.sun.tools.javac.util=ALL-UNNAMED --add-opens=java.base/java.util=ALL-UNNAMED --add-opens=java.prefs/java.util.prefs=ALL-UNNAMED --add-opens=java.base/java.nio.charset=ALL-UNNAMED --add-opens=java.base/java.net=ALL-UNNAMED --add-opens=java.base/java.util.concurrent=ALL-UNNAMED --add-opens=java.base/java.util.concurrent.atomic=ALL-UNNAMED --add-opens=java.xml/javax.xml.namespace=ALL-UNNAMED --add-opens=java.base/java.time=ALL-UNNAMED -XX:MaxMetaspaceSize=1g -Xmx3g -Dfile.encoding=UTF-8 -Duser.country=CN -Duser.language=zh -Duser.variant -javaagent:C:\Users\lin17\.gradle\wrapper\dists\gradle-9.4.0-bin\lcvyxq3t37f6mx9miaydrrgs\gradle-9.4.0\lib\agents\gradle-instrumentation-agent-9.4.0.jar org.gradle.launcher.daemon.bootstrap.GradleDaemon 9.4.0

Host: AMD Ryzen 7 6800H with Radeon Graphics         , 16 cores, 15G,  Windows 11 , 64 bit Build 26100 (10.0.26100.8328)
Time: Wed May 27 16:27:22 2026 elapsed time: 538.204435 seconds (0d 0h 8m 58s)

---------------  T H R E A D  ---------------

Current thread (0x0000016140f13ec0):  JavaThread "pool-3-thread-1"        [_thread_in_vm, id=40224, stack(0x000000184aa00000,0x000000184ab00000) (1024K)]

Stack: [0x000000184aa00000,0x000000184ab00000]
Native frames: (J=compiled Java code, j=interpreted, Vv=VM code, C=native code)
V  [jvm.dll+0x6de6a9]
V  [jvm.dll+0x8bbdeb]
V  [jvm.dll+0x8be37a]
V  [jvm.dll+0x8bea53]
V  [jvm.dll+0x28a1d6]
V  [jvm.dll+0x8b7b58]
V  [jvm.dll+0x680164]
V  [jvm.dll+0x1ee7d7]
V  [jvm.dll+0x1ee59e]
V  [jvm.dll+0x682a6f]
V  [jvm.dll+0x6828a2]
V  [jvm.dll+0x680b3e]
V  [jvm.dll+0x3cd8ca]
V  [jvm.dll+0x217c2b]
V  [jvm.dll+0x5bd589]
V  [jvm.dll+0x835405]
V  [jvm.dll+0x47f6a7]
V  [jvm.dll+0x4856f8]
C  [java.dll+0x1818]

Java frames: (J=compiled Java code, j=interpreted, Vv=VM code)
J 781  java.lang.ClassLoader.defineClass1(Ljava/lang/ClassLoader;Ljava/lang/String;[BIILjava/security/ProtectionDomain;Ljava/lang/String;)Ljava/lang/Class; java.base@21.0.9 (0 bytes) @ 0x0000016172a7a291 [0x0000016172a7a1c0+0x00000000000000d1]
J 5740 c2 java.security.SecureClassLoader.defineClass(Ljava/lang/String;[BIILjava/security/CodeSource;)Ljava/lang/Class; java.base@21.0.9 (16 bytes) @ 0x0000016172cfe93c [0x0000016172cfe7a0+0x000000000000019c]
J 7213 c2 java.net.URLClassLoader.findClass(Ljava/lang/String;)Ljava/lang/Class; java.base@21.0.9 (47 bytes) @ 0x0000016172e2d9f0 [0x0000016172e2cda0+0x0000000000000c50]
J 26492 c2 java.lang.ClassLoader.loadClass(Ljava/lang/String;Z)Ljava/lang/Class; java.base@21.0.9 (121 bytes) @ 0x0000016173432670 [0x0000016173432320+0x0000000000000350]
J 3574 c2 java.lang.ClassLoader.loadClass(Ljava/lang/String;)Ljava/lang/Class; java.base@21.0.9 (7 bytes) @ 0x0000016172c0f16c [0x0000016172c0f120+0x000000000000004c]
v  ~StubRoutines::call_stub 0x00000161722e100d
j  org.jetbrains.kotlin.backend.jvm.lower.JvmInlineFunctionResolver.needsInlining(Lorg/jetbrains/kotlin/ir/symbols/IrFunctionSymbol;)Z+16
j  org.jetbrains.kotlin.ir.inline.InlineFunctionResolver.needsInlining(Lorg/jetbrains/kotlin/ir/expressions/IrFunctionAccessExpression;)Z+14
j  org.jetbrains.kotlin.ir.inline.InlineCallableReferenceToLambdaPhase.visitFunctionAccess(Lorg/jetbrains/kotlin/ir/expressions/IrFunctionAccessExpression;Lorg/jetbrains/kotlin/ir/declarations/IrDeclarationParent;)Lorg/jetbrains/kotlin/ir/IrElement;+20
j  org.jetbrains.kotlin.ir.inline.InlineCallableReferenceToLambdaPhase.visitFunctionAccess(Lorg/jetbrains/kotlin/ir/expressions/IrFunctionAccessExpression;Ljava/lang/Object;)Lorg/jetbrains/kotlin/ir/IrElement;+6
J 95898 c1 org.jetbrains.kotlin.ir.visitors.IrTransformer.visitDelegatingConstructorCall(Lorg/jetbrains/kotlin/ir/expressions/IrDelegatingConstructorCall;Ljava/lang/Object;)Lorg/jetbrains/kotlin/ir/IrElement; (17 bytes) @ 0x000001616c8aaaec [0x000001616c8aa740+0x00000000000003ac]
J 95897 c1 org.jetbrains.kotlin.ir.visitors.IrTransformer.visitDelegatingConstructorCall(Lorg/jetbrains/kotlin/ir/expressions/IrDelegatingConstructorCall;Ljava/lang/Object;)Ljava/lang/Object; (7 bytes) @ 0x000001616bf0d744 [0x000001616bf0d640+0x0000000000000104]
J 88272 c1 org.jetbrains.kotlin.ir.expressions.IrDelegatingConstructorCall.accept(Lorg/jetbrains/kotlin/ir/visitors/IrVisitor;Ljava/lang/Object;)Ljava/lang/Object; (13 bytes) @ 0x0000016170943b6c [0x00000161709437c0+0x00000000000003ac]
J 89931 c2 org.jetbrains.kotlin.ir.expressions.IrExpression.transform(Lorg/jetbrains/kotlin/ir/visitors/IrTransformer;Ljava/lang/Object;)Lorg/jetbrains/kotlin/ir/IrElement; (10 bytes) @ 0x00000161739c48f0 [0x00000161739c48a0+0x0000000000000050]
J 90114 c2 org.jetbrains.kotlin.ir.util.TransformKt.transformInPlace(Ljava/util/List;Lorg/jetbrains/kotlin/ir/visitors/IrTransformer;Ljava/lang/Object;)V (70 bytes) @ 0x00000161735a9374 [0x00000161735a9260+0x0000000000000114]
J 96583 c2 org.jetbrains.kotlin.ir.expressions.IrBlockBody.transformChildren(Lorg/jetbrains/kotlin/ir/visitors/IrTransformer;Ljava/lang/Object;)V (16 bytes) @ 0x0000016173c0f6f0 [0x0000016173c0f6a0+0x0000000000000050]
J 96635 c2 org.jetbrains.kotlin.ir.visitors.IrTransformer.visitBody(Lorg/jetbrains/kotlin/ir/expressions/IrBody;Ljava/lang/Object;)Lorg/jetbrains/kotlin/ir/expressions/IrBody; (15 bytes) @ 0x0000016173d1ec7c [0x0000016173d1ec20+0x000000000000005c]
J 96855 c2 org.jetbrains.kotlin.ir.visitors.IrTransformer.visitBlockBody(Lorg/jetbrains/kotlin/ir/expressions/IrBlockBody;Ljava/lang/Object;)Lorg/jetbrains/kotlin/ir/expressions/IrBody; (17 bytes) @ 0x0000016173712770 [0x0000016173712720+0x0000000000000050]
J 96765 c2 org.jetbrains.kotlin.ir.visitors.IrTransformer.visitBlockBody(Lorg/jetbrains/kotlin/ir/expressions/IrBlockBody;Ljava/lang/Object;)Ljava/lang/Object; (7 bytes) @ 0x000001617308feec [0x000001617308fea0+0x000000000000004c]
J 94764 c2 org.jetbrains.kotlin.ir.declarations.IrFunction.transformChildren(Lorg/jetbrains/kotlin/ir/visitors/IrTransformer;Ljava/lang/Object;)V (52 bytes) @ 0x000001617482082c [0x0000016174820660+0x00000000000001cc]
J 89935 c2 org.jetbrains.kotlin.ir.visitors.IrTransformer.visitDeclaration(Lorg/jetbrains/kotlin/ir/declarations/IrDeclarationBase;Ljava/lang/Object;)Lorg/jetbrains/kotlin/ir/IrStatement; (18 bytes) @ 0x00000161739a2cfc [0x00000161739a2ca0+0x000000000000005c]
j  org.jetbrains.kotlin.ir.inline.InlineCallableReferenceToLambdaPhase.visitDeclaration(Lorg/jetbrains/kotlin/ir/declarations/IrDeclarationBase;Lorg/jetbrains/kotlin/ir/declarations/IrDeclarationParent;)Lorg/jetbrains/kotlin/ir/IrStatement;+29
j  org.jetbrains.kotlin.ir.inline.InlineCallableReferenceToLambdaPhase.visitDeclaration(Lorg/jetbrains/kotlin/ir/declarations/IrDeclarationBase;Ljava/lang/Object;)Lorg/jetbrains/kotlin/ir/IrStatement;+6
J 96593 c2 org.jetbrains.kotlin.ir.visitors.IrTransformer.visitFunction(Lorg/jetbrains/kotlin/ir/declarations/IrFunction;Ljava/lang/Object;)Lorg/jetbrains/kotlin/ir/IrStatement; (17 bytes) @ 0x0000016173cff970 [0x0000016173cff920+0x0000000000000050]
J 96617 c1 org.jetbrains.kotlin.ir.visitors.IrTransformer.visitConstructor(Lorg/jetbrains/kotlin/ir/declarations/IrConstructor;Ljava/lang/Object;)Lorg/jetbrains/kotlin/ir/IrStatement; (17 bytes) @ 0x000001616e0921ec [0x000001616e091e40+0x00000000000003ac]
J 96616 c1 org.jetbrains.kotlin.ir.visitors.IrTransformer.visitConstructor(Lorg/jetbrains/kotlin/ir/declarations/IrConstructor;Ljava/lang/Object;)Ljava/lang/Object; (7 bytes) @ 0x000001616cd81744 [0x000001616cd81640+0x0000000000000104]
J 87849 c1 org.jetbrains.kotlin.ir.declarations.IrConstructor.accept(Lorg/jetbrains/kotlin/ir/visitors/IrVisitor;Ljava/lang/Object;)Ljava/lang/Object; (13 bytes) @ 0x000001616e60e1ec [0x000001616e60de40+0x00000000000003ac]
J 94730 c2 org.jetbrains.kotlin.ir.IrElementBase.transform(Lorg/jetbrains/kotlin/ir/visitors/IrTransformer;Ljava/lang/Object;)Lorg/jetbrains/kotlin/ir/IrElement; (19 bytes) @ 0x00000161747fe674 [0x00000161747fe620+0x0000000000000054]
J 90114 c2 org.jetbrains.kotlin.ir.util.TransformKt.transformInPlace(Ljava/util/List;Lorg/jetbrains/kotlin/ir/visitors/IrTransformer;Ljava/lang/Object;)V (70 bytes) @ 0x00000161735a9374 [0x00000161735a9260+0x0000000000000114]
J 95270 c1 org.jetbrains.kotlin.ir.declarations.IrClass.transformChildren(Lorg/jetbrains/kotlin/ir/visitors/IrTransformer;Ljava/lang/Object;)V (51 bytes) @ 0x000001616aefbfb4 [0x000001616aefba20+0x0000000000000594]
J 89935 c2 org.jetbrains.kotlin.ir.visitors.IrTransformer.visitDeclaration(Lorg/jetbrains/kotlin/ir/declarations/IrDeclarationBase;Ljava/lang/Object;)Lorg/jetbrains/kotlin/ir/IrStatement; (18 bytes) @ 0x00000161739a2cfc [0x00000161739a2ca0+0x000000000000005c]
j  org.jetbrains.kotlin.ir.inline.InlineCallableReferenceToLambdaPhase.visitDeclaration(Lorg/jetbrains/kotlin/ir/declarations/IrDeclarationBase;Lorg/jetbrains/kotlin/ir/declarations/IrDeclarationParent;)Lorg/jetbrains/kotlin/ir/IrStatement;+29
j  org.jetbrains.kotlin.ir.inline.InlineCallableReferenceToLambdaPhase.visitDeclaration(Lorg/jetbrains/kotlin/ir/declarations/IrDeclarationBase;Ljava/lang/Object;)Lorg/jetbrains/kotlin/ir/IrStatement;+6
J 96613 c1 org.jetbrains.kotlin.ir.visitors.IrTransformer.visitClass(Lorg/jetbrains/kotlin/ir/declarations/IrClass;Ljava/lang/Object;)Lorg/jetbrains/kotlin/ir/IrStatement; (17 bytes) @ 0x000001616e00576c [0x000001616e0053c0+0x00000000000003ac]
J 96612 c1 org.jetbrains.kotlin.ir.visitors.IrTransformer.visitClass(Lorg/jetbrains/kotlin/ir/declarations/IrClass;Ljava/lang/Object;)Ljava/lang/Object; (7 bytes) @ 0x000001616ca64fc4 [0x000001616ca64ec0+0x0000000000000104]
J 87844 c1 org.jetbrains.kotlin.ir.declarations.IrClass.accept(Lorg/jetbrains/kotlin/ir/visitors/IrVisitor;Ljava/lang/Object;)Ljava/lang/Object; (13 bytes) @ 0x000001616e118cec [0x000001616e118940+0x00000000000003ac]
J 94730 c2 org.jetbrains.kotlin.ir.IrElementBase.transform(Lorg/jetbrains/kotlin/ir/visitors/IrTransformer;Ljava/lang/Object;)Lorg/jetbrains/kotlin/ir/IrElement; (19 bytes) @ 0x00000161747fe674 [0x00000161747fe620+0x0000000000000054]
J 90114 c2 org.jetbrains.kotlin.ir.util.TransformKt.transformInPlace(Ljava/util/List;Lorg/jetbrains/kotlin/ir/visitors/IrTransformer;Ljava/lang/Object;)V (70 bytes) @ 0x00000161735a9374 [0x00000161735a9260+0x0000000000000114]
J 96759 c1 org.jetbrains.kotlin.ir.visitors.IrTransformer.visitFile(Lorg/jetbrains/kotlin/ir/declarations/IrFile;Ljava/lang/Object;)Lorg/jetbrains/kotlin/ir/declarations/IrFile; (15 bytes) @ 0x000001616c5d1b24 [0x000001616c5d16e0+0x0000000000000444]
J 96758 c1 org.jetbrains.kotlin.ir.visitors.IrTransformer.visitFile(Lorg/jetbrains/kotlin/ir/declarations/IrFile;Ljava/lang/Object;)Ljava/lang/Object; (7 bytes) @ 0x000001616d596344 [0x000001616d596240+0x0000000000000104]
J 96757 c1 org.jetbrains.kotlin.ir.declarations.IrFile.transform(Lorg/jetbrains/kotlin/ir/visitors/IrTransformer;Ljava/lang/Object;)Lorg/jetbrains/kotlin/ir/declarations/IrFile; (25 bytes) @ 0x000001617058891c [0x0000016170588220+0x00000000000006fc]
j  org.jetbrains.kotlin.ir.inline.InlineCallableReferenceToLambdaPhase.lower(Lorg/jetbrains/kotlin/ir/declarations/IrFile;)V+12
j  org.jetbrains.kotlin.backend.common.phaser.PhaseFactoriesKt.createFilePhase$lambda$4(Lkotlin/jvm/functions/Function1;Lorg/jetbrains/kotlin/backend/common/LoweringContext;Lorg/jetbrains/kotlin/ir/declarations/IrFile;)Lorg/jetbrains/kotlin/ir/declarations/IrFile;+25
j  org.jetbrains.kotlin.backend.common.phaser.PhaseFactoriesKt$$Lambda+0x00000161049775e8.invoke(Ljava/lang/Object;Ljava/lang/Object;)Ljava/lang/Object;+12
j  org.jetbrains.kotlin.backend.common.phaser.PhaseBuildersKt$createSimpleNamedCompilerPhase$1.phaseBody(Lorg/jetbrains/kotlin/config/LoggingContext;Ljava/lang/Object;)Ljava/lang/Object;+12
j  org.jetbrains.kotlin.config.phaser.NamedCompilerPhase.invoke(Lorg/jetbrains/kotlin/config/phaser/PhaseConfig;Lorg/jetbrains/kotlin/config/phaser/PhaserState;Lorg/jetbrains/kotlin/config/LoggingContext;Ljava/lang/Object;)Ljava/lang/Object;+304
j  org.jetbrains.kotlin.backend.common.phaser.PerformByIrFilePhase.invoke(Lorg/jetbrains/kotlin/config/phaser/PhaseConfig;Lorg/jetbrains/kotlin/config/phaser/PhaserState;Lorg/jetbrains/kotlin/backend/common/LoweringContext;Lorg/jetbrains/kotlin/ir/declarations/IrModuleFragment;)Lorg/jetbrains/kotlin/ir/declarations/IrModuleFragment;+103
j  org.jetbrains.kotlin.backend.common.phaser.PerformByIrFilePhase.invoke(Lorg/jetbrains/kotlin/config/phaser/PhaseConfig;Lorg/jetbrains/kotlin/config/phaser/PhaserState;Lorg/jetbrains/kotlin/config/LoggingContext;Ljava/lang/Object;)Ljava/lang/Object;+12
j  org.jetbrains.kotlin.backend.common.phaser.PhaseEngine.runPhase(Lorg/jetbrains/kotlin/config/phaser/NamedCompilerPhase;Ljava/lang/Object;Z)Ljava/lang/Object;+42
j  org.jetbrains.kotlin.backend.common.phaser.PhaseEngine.runPhase$default(Lorg/jetbrains/kotlin/backend/common/phaser/PhaseEngine;Lorg/jetbrains/kotlin/config/phaser/NamedCompilerPhase;Ljava/lang/Object;ZILjava/lang/Object;)Ljava/lang/Object;+13
j  org.jetbrains.kotlin.backend.jvm.JvmIrCodegenFactory.invokeLowerings(Lorg/jetbrains/kotlin/codegen/state/GenerationState;Lorg/jetbrains/kotlin/backend/jvm/JvmIrCodegenFactory$BackendInput;)Lorg/jetbrains/kotlin/backend/jvm/JvmIrCodegenFactory$CodegenInput;+717
j  org.jetbrains.kotlin.cli.jvm.compiler.KotlinToJVMBytecodeCompiler.runLowerings$cli(Lorg/jetbrains/kotlin/com/intellij/openapi/project/Project;Lorg/jetbrains/kotlin/config/CompilerConfiguration;Lorg/jetbrains/kotlin/descriptors/ModuleDescriptor;Lorg/jetbrains/kotlin/modules/Module;Lorg/jetbrains/kotlin/backend/jvm/JvmIrCodegenFactory;Lorg/jetbrains/kotlin/backend/jvm/JvmIrCodegenFactory$BackendInput;Lorg/jetbrains/kotlin/diagnostics/impl/BaseDiagnosticsCollector;Lorg/jetbrains/kotlin/fir/backend/jvm/FirJvmBackendClassResolver;)Lorg/jetbrains/kotlin/backend/jvm/JvmIrCodegenFactory$CodegenInput;+248
j  org.jetbrains.kotlin.cli.pipeline.jvm.JvmBackendPipelinePhase.executePhase(Lorg/jetbrains/kotlin/cli/pipeline/jvm/JvmFir2IrPipelineArtifact;Z)Lorg/jetbrains/kotlin/cli/pipeline/jvm/JvmBinaryPipelineArtifact;+524
j  org.jetbrains.kotlin.cli.pipeline.jvm.JvmBackendPipelinePhase.executePhase(Lorg/jetbrains/kotlin/cli/pipeline/jvm/JvmFir2IrPipelineArtifact;)Lorg/jetbrains/kotlin/cli/pipeline/jvm/JvmBinaryPipelineArtifact;+9
j  org.jetbrains.kotlin.cli.pipeline.jvm.JvmBackendPipelinePhase.executePhase(Lorg/jetbrains/kotlin/cli/pipeline/PipelineArtifact;)Lorg/jetbrains/kotlin/cli/pipeline/PipelineArtifact;+5
j  org.jetbrains.kotlin.cli.pipeline.PipelinePhase.phaseBody(Lorg/jetbrains/kotlin/cli/pipeline/PipelineContext;Lorg/jetbrains/kotlin/cli/pipeline/PipelineArtifact;)Lorg/jetbrains/kotlin/cli/pipeline/PipelineArtifact;+14
j  org.jetbrains.kotlin.cli.pipeline.PipelinePhase.phaseBody(Lorg/jetbrains/kotlin/config/LoggingContext;Ljava/lang/Object;)Ljava/lang/Object;+9
j  org.jetbrains.kotlin.config.phaser.NamedCompilerPhase.invoke(Lorg/jetbrains/kotlin/config/phaser/PhaseConfig;Lorg/jetbrains/kotlin/config/phaser/PhaserState;Lorg/jetbrains/kotlin/config/LoggingContext;Ljava/lang/Object;)Ljava/lang/Object;+304
j  org.jetbrains.kotlin.backend.common.phaser.CompositePhase.invoke(Lorg/jetbrains/kotlin/config/phaser/PhaseConfig;Lorg/jetbrains/kotlin/config/phaser/PhaserState;Lorg/jetbrains/kotlin/config/LoggingContext;Ljava/lang/Object;)Ljava/lang/Object;+87
j  org.jetbrains.kotlin.config.phaser.CompilerPhaseKt.invokeToplevel(Lorg/jetbrains/kotlin/config/phaser/CompilerPhase;Lorg/jetbrains/kotlin/config/phaser/PhaseConfig;Lorg/jetbrains/kotlin/config/LoggingContext;Ljava/lang/Object;)Ljava/lang/Object;+35
j  org.jetbrains.kotlin.cli.pipeline.AbstractCliPipeline.runPhasedPipeline(Lorg/jetbrains/kotlin/cli/pipeline/ArgumentsPipelineArtifact;)Lorg/jetbrains/kotlin/cli/common/ExitCode;+79
j  org.jetbrains.kotlin.cli.pipeline.AbstractCliPipeline.execute(Lorg/jetbrains/kotlin/cli/common/arguments/CommonCompilerArguments;Lorg/jetbrains/kotlin/config/Services;Lorg/jetbrains/kotlin/cli/common/messages/MessageCollector;)Lorg/jetbrains/kotlin/cli/common/ExitCode;+169
j  org.jetbrains.kotlin.cli.jvm.K2JVMCompiler.doExecutePhased(Lorg/jetbrains/kotlin/cli/common/arguments/K2JVMCompilerArguments;Lorg/jetbrains/kotlin/config/Services;Lorg/jetbrains/kotlin/cli/common/messages/MessageCollector;)Lorg/jetbrains/kotlin/cli/common/ExitCode;+35
j  org.jetbrains.kotlin.cli.jvm.K2JVMCompiler.doExecutePhased(Lorg/jetbrains/kotlin/cli/common/arguments/CommonCompilerArguments;Lorg/jetbrains/kotlin/config/Services;Lorg/jetbrains/kotlin/cli/common/messages/MessageCollector;)Lorg/jetbrains/kotlin/cli/common/ExitCode;+7
j  org.jetbrains.kotlin.cli.common.CLICompiler.execImpl(Lorg/jetbrains/kotlin/cli/common/messages/MessageCollector;Lorg/jetbrains/kotlin/config/Services;Lorg/jetbrains/kotlin/cli/common/arguments/CommonCompilerArguments;)Lorg/jetbrains/kotlin/cli/common/ExitCode;+17
j  org.jetbrains.kotlin.cli.common.CLICompiler.exec(Lorg/jetbrains/kotlin/cli/common/messages/MessageCollector;Lorg/jetbrains/kotlin/config/Services;Lorg/jetbrains/kotlin/cli/common/arguments/CommonCompilerArguments;)Lorg/jetbrains/kotlin/cli/common/ExitCode;+88
j  org.jetbrains.kotlin.cli.common.CLICompiler.exec(Ljava/io/PrintStream;Lorg/jetbrains/kotlin/config/Services;Lorg/jetbrains/kotlin/cli/common/messages/MessageRenderer;[Ljava/lang/String;)Lorg/jetbrains/kotlin/cli/common/ExitCode;+259
j  org.jetbrains.kotlin.cli.common.CLICompiler.execAndOutputXml(Ljava/io/PrintStream;Lorg/jetbrains/kotlin/config/Services;[Ljava/lang/String;)Lorg/jetbrains/kotlin/cli/common/ExitCode;+31
j  java.lang.invoke.DirectMethodHandle$Holder.invokeSpecial(Ljava/lang/Object;Ljava/lang/Object;Ljava/lang/Object;Ljava/lang/Object;Ljava/lang/Object;)Ljava/lang/Object;+16 java.base@21.0.9
j  java.lang.invoke.LambdaForm$MH+0x00000161032ca400.invoke(Ljava/lang/Object;Ljava/lang/Object;Ljava/lang/Object;Ljava/lang/Object;Ljava/lang/Object;)Ljava/lang/Object;+93 java.base@21.0.9
J 11826 c2 jdk.internal.reflect.DirectMethodHandleAccessor.invoke(Ljava/lang/Object;[Ljava/lang/Object;)Ljava/lang/Object; java.base@21.0.9 (92 bytes) @ 0x0000016172fd6a0c [0x0000016172fd67c0+0x000000000000024c]
J 24220 c1 java.lang.reflect.Method.invoke(Ljava/lang/Object;[Ljava/lang/Object;)Ljava/lang/Object; java.base@21.0.9 (108 bytes) @ 0x000001616badbbdc [0x000001616badb6c0+0x000000000000051c]
j  org.jetbrains.kotlin.compilerRunner.GradleKotlinCompilerWork.compileInProcessImpl(Lorg/jetbrains/kotlin/cli/common/messages/MessageCollector;)Lorg/jetbrains/kotlin/cli/common/ExitCode;+324
j  org.jetbrains.kotlin.compilerRunner.GradleKotlinCompilerWork.access$compileInProcessImpl(Lorg/jetbrains/kotlin/compilerRunner/GradleKotlinCompilerWork;Lorg/jetbrains/kotlin/cli/common/messages/MessageCollector;)Lorg/jetbrains/kotlin/cli/common/ExitCode;+2
j  org.jetbrains.kotlin.compilerRunner.GradleKotlinCompilerWork$compileInProcess$future$1.call()Lorg/jetbrains/kotlin/cli/common/ExitCode;+11
j  org.jetbrains.kotlin.compilerRunner.GradleKotlinCompilerWork$compileInProcess$future$1.call()Ljava/lang/Object;+1
J 24533 c2 java.util.concurrent.FutureTask.run()V java.base@21.0.9 (123 bytes) @ 0x0000016172e722d4 [0x0000016172e72200+0x00000000000000d4]
j  java.util.concurrent.ThreadPoolExecutor.runWorker(Ljava/util/concurrent/ThreadPoolExecutor$Worker;)V+92 java.base@21.0.9
j  java.util.concurrent.ThreadPoolExecutor$Worker.run()V+5 java.base@21.0.9
j  java.lang.Thread.runWith(Ljava/lang/Object;Ljava/lang/Runnable;)V+5 java.base@21.0.9
j  java.lang.Thread.run()V+19 java.base@21.0.9
v  ~StubRoutines::call_stub 0x00000161722e100d

Compiled method (n/a) 538228  781     n 0       java.lang.ClassLoader::defineClass1 (native)
 total in heap  [0x0000016172a7a010,0x0000016172a7a5a8] = 1432
 relocation     [0x0000016172a7a170,0x0000016172a7a1a8] = 56
 main code      [0x0000016172a7a1c0,0x0000016172a7a5a1] = 993
 stub code      [0x0000016172a7a5a1,0x0000016172a7a5a8] = 7

[Constant Pool (empty)]

[MachCode]
[Entry Point]
  # {method} {0x00000161024368f8} 'defineClass1' '(Ljava/lang/ClassLoader;Ljava/lang/String;[BIILjava/security/ProtectionDomain;Ljava/lang/String;)Ljava/lang/Class;' in 'java/lang/ClassLoader'
  # parm0:    rdx:rdx   = 'java/lang/ClassLoader'
  # parm1:    r8:r8     = 'java/lang/String'
  # parm2:    r9:r9     = '[B'
  # parm3:    rdi       = int
  # parm4:    rsi       = int
  # parm5:    rcx:rcx   = 'java/security/ProtectionDomain'
  # parm6:    [sp+0xa0]   = 'java/lang/String'  (sp of caller)
  0x0000016172a7a1c0: 448b 5208 | 49bb 0000 | 0002 6101 | 0000 4d03 | d349 3bc2 | 0f84 0600 

  0x0000016172a7a1d8: ;   {runtime_call ic_miss_stub}
  0x0000016172a7a1d8: 0000 e9a1 | 458b ff90 
[Verified Entry Point]
  0x0000016172a7a1e0: 8984 2400 | 80ff ff55 | 488b ec48 | 81ec 9000 | 0000 6690 | 4181 7f20 | 4b00 0000 

  0x0000016172a7a1fc: ;   {runtime_call StubRoutines (final stubs)}
  0x0000016172a7a1fc: 7405 e8dd | c289 ff48 | 837d 1000 | 488d 4510 | 480f 4445 | 1048 8944 | 2440 4889 | 4c24 7048 
  0x0000016172a7a21c: 83f9 0048 | 8d44 2470 | 480f 4444 | 2470 4889 | 4424 3848 | 8974 2430 | 4889 7c24 | 284c 894c 
  0x0000016172a7a23c: 2458 4983 | f900 488d | 4424 5848 | 0f44 4424 | 5848 8944 | 2420 4c89 | 4424 5049 | 83f8 004c 
  0x0000016172a7a25c: 8d4c 2450 | 4c0f 444c | 2450 4889 | 5424 4848 | 83fa 004c | 8d44 2448 | 4c0f 4444 

  0x0000016172a7a278: ;   {oop(a 'java/lang/Class'{0x0000000742b8cff8} = 'java/lang/ClassLoader')}
  0x0000016172a7a278: 2448 49be | f8cf b842 | 0700 0000 | 4c89 7424 | 784c 8d74 | 2478 498b | d6c5 f877 

  0x0000016172a7a294: ;   {internal_word}
  0x0000016172a7a294: 49ba 91a2 | a772 6101 | 0000 4d89 | 97a0 0300 | 0049 89a7 | 9803 0000 

  0x0000016172a7a2ac: ;   {external_word}
  0x0000016172a7a2ac: 49ba e9cb | 07fe fa7f | 0000 4180 | 3a00 0f84 | 4e00 0000 | 5241 5041 

  0x0000016172a7a2c4: ;   {metadata({method} {0x00000161024368f8} 'defineClass1' '(Ljava/lang/ClassLoader;Ljava/lang/String;[BIILjava/security/ProtectionDomain;Ljava/lang/String;)Ljava/lang/Class;' in 'java/lang/ClassLoader')}
  0x0000016172a7a2c4: 5148 baf0 | 6843 0261 | 0100 0049 | 8bcf 4883 | ec20 40f6 | c40f 0f84 | 1900 0000 | 4883 ec08 
  0x0000016172a7a2e4: ;   {runtime_call}
  0x0000016172a7a2e4: 48b8 6053 | b1fd fa7f | 0000 ffd0 | 4883 c408 | e90c 0000 

  0x0000016172a7a2f8: ;   {runtime_call}
  0x0000016172a7a2f8: 0048 b860 | 53b1 fdfa | 7f00 00ff | d048 83c4 | 2041 5941 | 585a 498d | 8fb8 0300 | 0041 c787 
  0x0000016172a7a318: 4404 0000 | 0400 0000 

  0x0000016172a7a320: ;   {runtime_call}
  0x0000016172a7a320: 48b8 d016 | dd68 fb7f | 0000 ffd0 | c5f8 7741 | c787 4404 | 0000 0500 | 0000 f083 | 4424 c000 
  0x0000016172a7a340: 493b af48 | 0400 000f | 870e 0000 | 0041 83bf | 4004 0000 | 000f 842b | 0000 00c5 | f877 4889 
  0x0000016172a7a360: 45f8 498b | cf4c 8be4 | 4883 ec20 | 4883 e4f0 

  0x0000016172a7a370: ;   {runtime_call}
  0x0000016172a7a370: 48b8 40bc | 7cfd fa7f | 0000 ffd0 | 498b e44d | 33e4 488b | 45f8 41c7 | 8744 0400 | 0008 0000 
  0x0000016172a7a390: 0041 83bf | c004 0000 | 020f 84d5 

  0x0000016172a7a39c: ;   {external_word}
  0x0000016172a7a39c: 0100 0049 | bae9 cb07 | fefa 7f00 | 0041 803a | 000f 844c | 0000 0048 

  0x0000016172a7a3b4: ;   {metadata({method} {0x00000161024368f8} 'defineClass1' '(Ljava/lang/ClassLoader;Ljava/lang/String;[BIILjava/security/ProtectionDomain;Ljava/lang/String;)Ljava/lang/Class;' in 'java/lang/ClassLoader')}
  0x0000016172a7a3b4: 8945 f848 | baf0 6843 | 0261 0100 | 0049 8bcf | 4883 ec20 | 40f6 c40f | 0f84 1900 | 0000 4883 
  0x0000016172a7a3d4: ;   {runtime_call}
  0x0000016172a7a3d4: ec08 48b8 | 6053 b1fd | fa7f 0000 | ffd0 4883 | c408 e90c 

  0x0000016172a7a3e8: ;   {runtime_call}
  0x0000016172a7a3e8: 0000 0048 | b860 53b1 | fdfa 7f00 | 00ff d048 | 83c4 2048 | 8b45 f849 | c787 9803 | 0000 0000 
  0x0000016172a7a408: 0000 49c7 | 87a0 0300 | 0000 0000 | 00c5 f877 | 4885 c00f | 8430 0100 | 00a8 030f | 8508 0000 
  0x0000016172a7a428: 0048 8b00 | e920 0100 | 00a8 010f | 8509 0000 | 0048 8b40 | fee9 0f01 | 0000 488b | 40ff 4180 
  0x0000016172a7a448: 7f40 000f | 8400 0100 | 0048 83f8 | 000f 84f6 | 0000 0049 | 8b4f 2848 | 83f9 000f | 8414 0000 
  0x0000016172a7a468: 0048 83e9 | 0849 894f | 2849 034f | 3848 8901 | e9d4 0000 | 0048 83ec | 7048 8904 | 2448 894c 
  0x0000016172a7a488: 2408 4889 | 5424 104c | 8944 2418 | 4c89 4c24 | 204c 8954 | 2428 4c89 | 5c24 30c5 | fb11 4424 
  0x0000016172a7a4a8: 40c5 fb11 | 4c24 48c5 | fb11 5424 | 50c5 fb11 | 5c24 58c5 | fb11 6424 | 60c5 fb11 | 6c24 6849 
  0x0000016172a7a4c8: 8bd7 488b | c848 83ec | 2040 f6c4 | 0f0f 8419 | 0000 0048 

  0x0000016172a7a4dc: ;   {runtime_call}
  0x0000016172a7a4dc: 83ec 0848 | b8f0 fc6f | fdfa 7f00 | 00ff d048 | 83c4 08e9 | 0c00 0000 

  0x0000016172a7a4f4: ;   {runtime_call}
  0x0000016172a7a4f4: 48b8 f0fc | 6ffd fa7f | 0000 ffd0 | 4883 c420 | c5fb 106c | 2468 c5fb | 1064 2460 | c5fb 105c 
  0x0000016172a7a514: 2458 c5fb | 1054 2450 | c5fb 104c | 2448 c5fb | 1044 2440 | 4c8b 5c24 | 304c 8b54 | 2428 4c8b 
  0x0000016172a7a534: 4c24 204c | 8b44 2418 | 488b 5424 | 1048 8b4c | 2408 488b | 0424 4883 | c470 c5f8 | 7749 8b8f 
  0x0000016172a7a554: 2804 0000 | c781 0001 | 0000 0000 | 0000 c949 | 837f 0800 | 0f85 0100 

  0x0000016172a7a56c: ;   {runtime_call StubRoutines (initial stubs)}
  0x0000016172a7a56c: 0000 c3e9 | 8c69 86ff | c5f8 7748 | 8945 f84c | 8be4 4883 | ec20 4883 

  0x0000016172a7a584: ;   {runtime_call}
  0x0000016172a7a584: e4f0 48b8 | 908a b1fd | fa7f 0000 | ffd0 498b | e44d 33e4 | 488b 45f8 | e9fe fdff | fff4 f4f4 
  0x0000016172a7a5a4: f4f4 f4f4 
[/MachCode]


Compiled method (c2) 538233 5740       4       java.security.SecureClassLoader::defineClass (16 bytes)
 total in heap  [0x0000016172cfe590,0x0000016172cfeff0] = 2656
 relocation     [0x0000016172cfe6f0,0x0000016172cfe790] = 160
 main code      [0x0000016172cfe7a0,0x0000016172cfeb48] = 936
 stub code      [0x0000016172cfeb48,0x0000016172cfeba8] = 96
 metadata       [0x0000016172cfeba8,0x0000016172cfec08] = 96
 scopes data    [0x0000016172cfec08,0x0000016172cfedf0] = 488
 scopes pcs     [0x0000016172cfedf0,0x0000016172cfef10] = 288
 dependencies   [0x0000016172cfef10,0x0000016172cfef18] = 8
 handler table  [0x0000016172cfef18,0x0000016172cfefc0] = 168
 nul chk table  [0x0000016172cfefc0,0x0000016172cfeff0] = 48

[Constant Pool (empty)]

[MachCode]
[Entry Point]
  # {method} {0x000001610204ddb0} 'defineClass' '(Ljava/lang/String;[BIILjava/security/CodeSource;)Ljava/lang/Class;' in 'java/security/SecureClassLoader'
  # this:     rdx:rdx   = 'java/security/SecureClassLoader'
  # parm0:    r8:r8     = 'java/lang/String'
  # parm1:    r9:r9     = '[B'
  # parm2:    rdi       = int
  # parm3:    rsi       = int
  # parm4:    rcx:rcx   = 'java/security/CodeSource'
  #           [sp+0x60]  (sp of caller)
  0x0000016172cfe7a0: 448b 5208 | 49bb 0000 | 0002 6101 | 0000 4d03 | d349 3bc2 

  0x0000016172cfe7b4: ;   {runtime_call ic_miss_stub}
  0x0000016172cfe7b4: 0f85 c6ff | 62ff 6690 | 0f1f 4000 
[Verified Entry Point]
  0x0000016172cfe7c0: 8984 2400 | 80ff ff55 | 4883 ec50 | 4181 7f20 | 4b00 0000 | 0f85 6003 | 0000 8974 | 2424 897c 
  0x0000016172cfe7e0: 2420 4c89 | 4c24 184c | 8944 2410 | 4889 5424 | 0848 8be9 | 4885 c90f | 84f7 0100 | 004d 8b87 
  0x0000016172cfe800: b801 0000 | 4d8b d049 | 83c2 104d | 3b97 c801 | 0000 0f83 | 8d01 0000 | 4d89 97b8 | 0100 0041 
  0x0000016172cfe820: 0f18 8200 | 0100 0049 | c700 0100 

  0x0000016172cfe82c: ;   {metadata('java/security/SecureClassLoader$CodeSourceKey')}
  0x0000016172cfe82c: 0000 41c7 | 4008 38ce | 1100 4c8b | d549 c1ea | 0345 8950 | 0c4d 8b8f | b801 0000 | 4c8b 5424 
  0x0000016172cfe84c: 0841 8b6a | 504d 8bd1 | 4983 c210 | 4d3b 97c8 | 0100 000f | 8315 0100 | 004d 8997 | b801 0000 
  0x0000016172cfe86c: 410f 1882 | 0001 0000 | 49c7 0101 

  0x0000016172cfe878: ;   {metadata('java/security/SecureClassLoader$1')}
  0x0000016172cfe878: 0000 0041 | c741 08d0 | d311 004c | 8b54 2408 | 49c1 ea03 | 4589 510c 

  0x0000016172cfe890: ; implicit exception: dispatches to 0x0000016172cfea4c
  0x0000016172cfe890: 458b 54ec 

  0x0000016172cfe894: ;   {metadata('java/util/concurrent/ConcurrentHashMap')}
  0x0000016172cfe894: 0841 81fa | 9840 0600 | 0f85 3601 | 0000 498d 

  0x0000016172cfe8a4: ;   {optimized virtual_call}
  0x0000016172cfe8a4: 14ec 90e8 

  0x0000016172cfe8a8: ; ImmutableOopMap {[8]=Oop [16]=Oop [24]=Oop }
                      ;*invokeinterface computeIfAbsent {reexecute=0 rethrow=0 return_oop=1}
                      ; - java.security.SecureClassLoader::getProtectionDomain@28 (line 222)
                      ; - java.security.SecureClassLoader::defineClass@9 (line 150)
  0x0000016172cfe8a8: d4f1 5400 

  0x0000016172cfe8ac: ;   {other}
  0x0000016172cfe8ac: 0f1f 8400 | 1c03 0000 

  0x0000016172cfe8b4: ; implicit exception: dispatches to 0x0000016172cfea68
  0x0000016172cfe8b4: 448b 5808 

  0x0000016172cfe8b8: ;   {metadata('java/security/ProtectionDomain')}
  0x0000016172cfe8b8: 4181 fbe8 | 5800 000f | 8543 0100 | 004c 8bc8 | 488b 5424 | 084c 8b44 

  0x0000016172cfe8d0: ;   {optimized virtual_call}
  0x0000016172cfe8d0: 2410 90e8 

  0x0000016172cfe8d4: ; ImmutableOopMap {[8]=Oop [16]=Oop [24]=Oop }
                      ;*invokevirtual preDefineClass {reexecute=0 rethrow=0 return_oop=1}
                      ; - java.lang.ClassLoader::defineClass@4 (line 1025)
                      ; - java.security.SecureClassLoader::defineClass@12 (line 150)
  0x0000016172cfe8d4: 482e 1b00 

  0x0000016172cfe8d8: ;   {other}
  0x0000016172cfe8d8: 0f1f 8400 | 4803 0001 | 4889 4424 | 2844 8b58 | 1043 8b6c | dc0c 458b | 5cec 3845 | 85db 0f84 
  0x0000016172cfe8f8: c800 0000 | 4b8d 14dc | 4d8d 04ec 

  0x0000016172cfe904: ;   {optimized virtual_call}
  0x0000016172cfe904: 6666 90e8 

  0x0000016172cfe908: ; ImmutableOopMap {[8]=Oop [16]=Oop [24]=Oop [40]=Oop }
                      ;*invokevirtual toExternalForm {reexecute=0 rethrow=0 return_oop=1}
                      ; - java.net.URL::toExternalForm@5 (line 1203)
                      ; - java.net.URL::toString@1 (line 1189)
                      ; - java.lang.ClassLoader::defineClassSourceLocation@22 (line 927)
                      ; - java.lang.ClassLoader::defineClass@12 (line 1026)
                      ; - java.security.SecureClassLoader::defineClass@12 (line 150)
  0x0000016172cfe908: 145a f4ff 

  0x0000016172cfe90c: ;   {other}
  0x0000016172cfe90c: 0f1f 8400 | 7c03 0002 | 488b 5424 | 084c 8b44 | 2410 4c8b | 4c24 188b | 7c24 208b | 7424 2448 
  0x0000016172cfe92c: 8b4c 2428 | 4889 0424 

  0x0000016172cfe934: ;   {static_call}
  0x0000016172cfe934: 6666 90e8 

  0x0000016172cfe938: ; ImmutableOopMap {[8]=Oop [40]=Oop }
                      ;*invokestatic defineClass1 {reexecute=0 rethrow=0 return_oop=1}
                      ; - java.lang.ClassLoader::defineClass@27 (line 1027)
                      ; - java.security.SecureClassLoader::defineClass@12 (line 150)
  0x0000016172cfe938: a4b8 d7ff 

  0x0000016172cfe93c: ;   {other}
  0x0000016172cfe93c: 0f1f 8400 | ac03 0003 | 488b e848 | 8b54 2408 | 4c8b c04c | 8b4c 2428 

  0x0000016172cfe954: ;   {optimized virtual_call}
  0x0000016172cfe954: 6666 90e8 

  0x0000016172cfe958: ; ImmutableOopMap {rbp=Oop }
                      ;*invokevirtual postDefineClass {reexecute=0 rethrow=0 return_oop=0}
                      ; - java.lang.ClassLoader::defineClass@37 (line 1028)
                      ; - java.security.SecureClassLoader::defineClass@12 (line 150)
  0x0000016172cfe958: 8484 2900 

  0x0000016172cfe95c: ;   {other}
  0x0000016172cfe95c: 0f1f 8400 | cc03 0004 | 488b c548 | 83c4 505d 

  0x0000016172cfe96c: ;   {poll_return}
  0x0000016172cfe96c: 493b a748 | 0400 000f | 87ab 0100 

  0x0000016172cfe978: ;   {metadata('java/security/SecureClassLoader$1')}
  0x0000016172cfe978: 00c3 48ba | d0d3 1102 | 6101 0000 | 4c89 4424 

  0x0000016172cfe988: ;   {runtime_call _new_instance_Java}
  0x0000016172cfe988: 3866 90e8 

  0x0000016172cfe98c: ; ImmutableOopMap {rbp=NarrowOop [8]=Oop [16]=Oop [24]=Oop [56]=Oop }
                      ;*new {reexecute=0 rethrow=0 return_oop=1}
                      ; - java.security.SecureClassLoader::getProtectionDomain@20 (line 222)
                      ; - java.security.SecureClassLoader::defineClass@9 (line 150)
  0x0000016172cfe98c: 7065 6fff 

  0x0000016172cfe990: ;   {other}
  0x0000016172cfe990: 0f1f 8400 | 0004 0005 | 4c8b c84c | 8b44 2438 | e9de feff 

  0x0000016172cfe9a4: ;   {metadata('java/security/SecureClassLoader$CodeSourceKey')}
  0x0000016172cfe9a4: ff48 ba38 | ce11 0261 

  0x0000016172cfe9ac: ;   {runtime_call _new_instance_Java}
  0x0000016172cfe9ac: 0100 00e8 

  0x0000016172cfe9b0: ; ImmutableOopMap {rbp=Oop [8]=Oop [16]=Oop [24]=Oop }
                      ;*new {reexecute=0 rethrow=0 return_oop=1}
                      ; - java.security.SecureClassLoader::getProtectionDomain@6 (line 221)
                      ; - java.security.SecureClassLoader::defineClass@9 (line 150)
  0x0000016172cfe9b0: 4c65 6fff 

  0x0000016172cfe9b4: ;   {other}
  0x0000016172cfe9b4: 0f1f 8400 | 2404 0006 | 4c8b c0e9 | 72fe ffff | baf6 ffff 

  0x0000016172cfe9c8: ;   {runtime_call UncommonTrapBlob}
  0x0000016172cfe9c8: ff66 90e8 

  0x0000016172cfe9cc: ; ImmutableOopMap {rbp=NarrowOop }
                      ;*invokevirtual toExternalForm {reexecute=0 rethrow=0 return_oop=0}
                      ; - java.net.URL::toExternalForm@5 (line 1203)
                      ; - java.net.URL::toString@1 (line 1189)
                      ; - java.lang.ClassLoader::defineClassSourceLocation@22 (line 927)
                      ; - java.lang.ClassLoader::defineClass@12 (line 1026)
                      ; - java.security.SecureClassLoader::defineClass@12 (line 150)
  0x0000016172cfe9cc: b059 63ff 

  0x0000016172cfe9d0: ;   {other}
  0x0000016172cfe9d0: 0f1f 8400 | 4004 0007 | bade ffff | ff4c 8944 | 2428 4c89 

  0x0000016172cfe9e4: ;   {runtime_call UncommonTrapBlob}
  0x0000016172cfe9e4: 4c24 30e8 

  0x0000016172cfe9e8: ; ImmutableOopMap {rbp=NarrowOop [8]=Oop [16]=Oop [24]=Oop [40]=Oop [48]=Oop }
                      ;*invokeinterface computeIfAbsent {reexecute=0 rethrow=0 return_oop=0}
                      ; - java.security.SecureClassLoader::getProtectionDomain@28 (line 222)
                      ; - java.security.SecureClassLoader::defineClass@9 (line 150)
  0x0000016172cfe9e8: 9459 63ff 

  0x0000016172cfe9ec: ;   {other}
  0x0000016172cfe9ec: 0f1f 8400 | 5c04 0008 | ba45 ffff 

  0x0000016172cfe9f8: ;   {runtime_call UncommonTrapBlob}
  0x0000016172cfe9f8: ff66 90e8 

  0x0000016172cfe9fc: ; ImmutableOopMap {rbp=Oop [8]=Oop [16]=Oop [24]=Oop }
                      ;*ifnonnull {reexecute=1 rethrow=0 return_oop=0}
                      ; - (reexecute) java.security.SecureClassLoader::getProtectionDomain@1 (line 213)
                      ; - java.security.SecureClassLoader::defineClass@9 (line 150)
  0x0000016172cfe9fc: 8059 63ff 

  0x0000016172cfea00: ;   {other}
  0x0000016172cfea00: 0f1f 8400 | 7004 0009 | bade ffff | ff48 8b6c | 2408 4c8b | 5424 104c | 8954 2408 | 4c8b 5424 
  0x0000016172cfea20: 184c 8954 | 2410 448b | 5424 2044 | 8954 2418 | 448b 5c24 | 2444 895c | 241c 4889 

  0x0000016172cfea3c: ;   {runtime_call UncommonTrapBlob}
  0x0000016172cfea3c: 4424 20e8 

  0x0000016172cfea40: ; ImmutableOopMap {rbp=Oop [8]=Oop [16]=Oop [32]=Oop }
                      ;*checkcast {reexecute=0 rethrow=0 return_oop=0}
                      ; - java.security.SecureClassLoader::getProtectionDomain@33 (line 222)
                      ; - java.security.SecureClassLoader::defineClass@9 (line 150)
  0x0000016172cfea40: 3c59 63ff 

  0x0000016172cfea44: ;   {other}
  0x0000016172cfea44: 0f1f 8400 | b404 000a | baf6 ffff | ff49 8be8 | 4c89 4c24 

  0x0000016172cfea58: ;   {runtime_call UncommonTrapBlob}
  0x0000016172cfea58: 0866 90e8 

  0x0000016172cfea5c: ; ImmutableOopMap {rbp=Oop [8]=Oop }
                      ;*invokeinterface computeIfAbsent {reexecute=0 rethrow=0 return_oop=0}
                      ; - java.security.SecureClassLoader::getProtectionDomain@28 (line 222)
                      ; - java.security.SecureClassLoader::defineClass@9 (line 150)
  0x0000016172cfea5c: 2059 63ff 

  0x0000016172cfea60: ;   {other}
  0x0000016172cfea60: 0f1f 8400 | d004 000b | baf4 ffff | ff48 8b6c | 2408 4c8b | 5424 104c | 8954 2408 | 4c8b 5424 
  0x0000016172cfea80: 184c 8954 

  0x0000016172cfea84: ;   {runtime_call UncommonTrapBlob}
  0x0000016172cfea84: 2410 90e8 

  0x0000016172cfea88: ; ImmutableOopMap {rbp=Oop [8]=Oop [16]=Oop }
                      ;*checkcast {reexecute=0 rethrow=0 return_oop=0}
                      ; - java.security.SecureClassLoader::getProtectionDomain@33 (line 222)
                      ; - java.security.SecureClassLoader::defineClass@9 (line 150)
  0x0000016172cfea88: f458 63ff 

  0x0000016172cfea8c: ;   {other}
  0x0000016172cfea8c: 0f1f 8400 | fc04 000c | baf6 ffff 

  0x0000016172cfea98: ;   {runtime_call UncommonTrapBlob}
  0x0000016172cfea98: ff66 90e8 

  0x0000016172cfea9c: ; ImmutableOopMap {}
                      ;*invokevirtual getCodeSource {reexecute=0 rethrow=0 return_oop=0}
                      ; - java.lang.ClassLoader::defineClassSourceLocation@1 (line 924)
                      ; - java.lang.ClassLoader::defineClass@12 (line 1026)
                      ; - java.security.SecureClassLoader::defineClass@12 (line 150)
  0x0000016172cfea9c: e058 63ff 

  0x0000016172cfeaa0: ;   {other}
  0x0000016172cfeaa0: 0f1f 8400 | 1005 000d | ba45 ffff | ff48 8b6c | 2408 4c8b | 5424 104c | 8954 2408 | 4c8b 5424 
  0x0000016172cfeac0: 184c 8954 | 2410 448b | 5424 2044 | 8954 2418 | 448b 4424 | 2444 8944 | 241c 4889 | 4424 2044 
  0x0000016172cfeae0: 895c 242c 

  0x0000016172cfeae4: ;   {runtime_call UncommonTrapBlob}
  0x0000016172cfeae4: 6666 90e8 

  0x0000016172cfeae8: ; ImmutableOopMap {rbp=Oop [8]=Oop [16]=Oop [32]=Oop [44]=NarrowOop }
                      ;*ifnull {reexecute=1 rethrow=0 return_oop=0}
                      ; - (reexecute) java.lang.ClassLoader::defineClassSourceLocation@8 (line 926)
                      ; - java.lang.ClassLoader::defineClass@12 (line 1026)
                      ; - java.security.SecureClassLoader::defineClass@12 (line 150)
  0x0000016172cfeae8: 9458 63ff 

  0x0000016172cfeaec: ;   {other}
  0x0000016172cfeaec: 0f1f 8400 | 5c05 000e | ba45 ffff 

  0x0000016172cfeaf8: ;   {runtime_call UncommonTrapBlob}
  0x0000016172cfeaf8: ff66 90e8 

  0x0000016172cfeafc: ; ImmutableOopMap {rbp=NarrowOop [8]=Oop [16]=Oop [24]=Oop [40]=Oop }
                      ;*ifnull {reexecute=1 rethrow=0 return_oop=0}
                      ; - (reexecute) java.lang.ClassLoader::defineClassSourceLocation@15 (line 926)
                      ; - java.lang.ClassLoader::defineClass@12 (line 1026)
                      ; - java.security.SecureClassLoader::defineClass@12 (line 150)
  0x0000016172cfeafc: 8058 63ff 

  0x0000016172cfeb00: ;   {other}
  0x0000016172cfeb00: 0f1f 8400 | 7005 000f | eb0d eb0b | eb04 eb02 | eb00 488b | d0eb 0348 | 8bd0 4883 

  0x0000016172cfeb1c: ;   {runtime_call _rethrow_Java}
  0x0000016172cfeb1c: c450 5de9 | 5cdb 6fff 

  0x0000016172cfeb24: ;   {internal_word}
  0x0000016172cfeb24: 49ba 6ce9 | cf72 6101 | 0000 4d89 | 9760 0400 

  0x0000016172cfeb34: ;   {runtime_call SafepointBlob}
  0x0000016172cfeb34: 00e9 4669 

  0x0000016172cfeb38: ;   {runtime_call StubRoutines (final stubs)}
  0x0000016172cfeb38: 63ff e8a1 | 7961 ffe9 | 96fc ffff | f4f4 f4f4 
[Stub Code]
  0x0000016172cfeb48: ;   {no_reloc}
  0x0000016172cfeb48: 48bb 2852 | 0602 6101 

  0x0000016172cfeb50: ;   {runtime_call I2C/C2I adapters}
  0x0000016172cfeb50: 0000 e914 

  0x0000016172cfeb54: ;   {static_stub}
  0x0000016172cfeb54: c362 ff48 | bb00 0000 | 0000 0000 

  0x0000016172cfeb60: ;   {runtime_call nmethod}
  0x0000016172cfeb60: 00e9 fbff 

  0x0000016172cfeb64: ;   {static_stub}
  0x0000016172cfeb64: ffff 48bb | b069 4302 | 6101 0000 

  0x0000016172cfeb70: ;   {runtime_call I2C/C2I adapters}
  0x0000016172cfeb70: e9f6 c262 

  0x0000016172cfeb74: ;   {static_stub}
  0x0000016172cfeb74: ff48 bb00 | 0000 0000 

  0x0000016172cfeb7c: ;   {runtime_call nmethod}
  0x0000016172cfeb7c: 0000 00e9 | fbff ffff 

  0x0000016172cfeb84: ;   {static_stub}
  0x0000016172cfeb84: 48bb 9868 | 4302 6101 

  0x0000016172cfeb8c: ;   {runtime_call I2C/C2I adapters}
  0x0000016172cfeb8c: 0000 e9d8 

  0x0000016172cfeb90: ;   {runtime_call ExceptionBlob}
  0x0000016172cfeb90: c262 ffe9 | e86c 6fff 
[Deopt Handler Code]
  0x0000016172cfeb98: e800 0000 | 0048 832c 

  0x0000016172cfeba0: ;   {runtime_call DeoptimizationBlob}
  0x0000016172cfeba0: 2405 e979 | 5b63 fff4 
[/MachCode]


Compiled method (c2) 538242 7213   !   4       java.net.URLClassLoader::findClass (47 bytes)
 total in heap  [0x0000016172e2c410,0x0000016172e3ddf0] = 72160
 relocation     [0x0000016172e2c570,0x0000016172e2cd80] = 2064
 constants      [0x0000016172e2cd80,0x0000016172e2cda0] = 32
 main code      [0x0000016172e2cda0,0x0000016172e364b0] = 38672
 stub code      [0x0000016172e364b0,0x0000016172e36750] = 672
 oops           [0x0000016172e36750,0x0000016172e367a8] = 88
 metadata       [0x0000016172e367a8,0x0000016172e36c18] = 1136
 scopes data    [0x0000016172e36c18,0x0000016172e3c4a8] = 22672
 scopes pcs     [0x0000016172e3c4a8,0x0000016172e3d318] = 3696
 dependencies   [0x0000016172e3d318,0x0000016172e3d3a8] = 144
 handler table  [0x0000016172e3d3a8,0x0000016172e3dd08] = 2400
 nul chk table  [0x0000016172e3dd08,0x0000016172e3ddf0] = 232


[Constant Pool]
             Address          hex4                    hex8      
  0x0000016172e2cd80:   0x3f400000      0xf4f4f4f43f400000      
  0x0000016172e2cd84:   0xf4f4f4f4                              
  0x0000016172e2cd88:   0xf4f4f4f4      0xf4f4f4f4f4f4f4f4      
  0x0000016172e2cd8c:   0xf4f4f4f4                              
  0x0000016172e2cd90:   0xf4f4f4f4      0xf4f4f4f4f4f4f4f4      
  0x0000016172e2cd94:   0xf4f4f4f4                              
  0x0000016172e2cd98:   0xf4f4f4f4      0xf4f4f4f4f4f4f4f4      
  0x0000016172e2cd9c:   0xf4f4f4f4                              

[MachCode]
[Entry Point]
  # {method} {0x000001610204f3c8} 'findClass' '(Ljava/lang/String;)Ljava/lang/Class;' in 'java/net/URLClassLoader'
  # this:     rdx:rdx   = 'java/net/URLClassLoader'
  # parm0:    r8:r8     = 'java/lang/String'
  #           [sp+0x120]  (sp of caller)
  0x0000016172e2cda0: ;   {no_reloc}
  0x0000016172e2cda0: 448b 5208 | 49bb 0000 | 0002 6101 | 0000 4d03 | d349 3bc2 

  0x0000016172e2cdb4: ;   {runtime_call ic_miss_stub}
  0x0000016172e2cdb4: 0f85 c619 | 50ff 6690 | 0f1f 4000 
[Verified Entry Point]
  0x0000016172e2cdc0: 8984 2400 | 80ff ff55 | 4881 ec10 | 0100 0090 | 4181 7f20 | 4b00 0000 | 0f85 c396 | 0000 4c89 
  0x0000016172e2cde0: 8424 a800 | 0000 4889 | 9424 b000 | 0000 448b | 5258 4585 | d20f 8427 | 2700 004b | 8d2c d448 
  0x0000016172e2ce00: 8bd5 4c89 | 4424 2090 

  0x0000016172e2ce08: ;   {static_call}
  0x0000016172e2ce08: c5f8 77e8 

  0x0000016172e2ce0c: ; ImmutableOopMap {rbp=Oop [32]=Oop [168]=Oop [176]=Oop }
                      ;*invokestatic ensureMaterializedForStackWalk {reexecute=0 rethrow=0 return_oop=0}
                      ; - java.security.AccessController::executePrivileged@5 (line 805)
                      ; - java.security.AccessController::doPrivileged@13 (line 714)
                      ; - java.net.URLClassLoader::findClass@13 (line 420)
  0x0000016172e2ce0c: d0e0 c3ff 

  0x0000016172e2ce10: ;   {other}
  0x0000016172e2ce10: 0f1f 8400 | 000a 0000 | 488b dd4c | 8bac 24a8 | 0000 0045 | 0fbe 5d10 | 4585 db0f | 85f3 5500 
  0x0000016172e2ce30: 0041 8b4d | 1441 8b7c | cc0c 85ff | 0f86 a60e | 0000 448d | 4fff 443b | cf0f 83f9 | 4f00 0044 
  0x0000016172e2ce50: 8d77 fd49 | 8d04 cc41 | 807c cc10 | 2e0f 84e0 | 2b00 0041 | 83fe 010f | 8ee4 3200 | 00bd 0100 
  0x0000016172e2ce70: 0000 4533 | d24c 8954 | 2458 448b | d744 2bd5 | 4183 c2fd | 4533 db44 | 3bf5 450f | 4cd3 4181 
  0x0000016172e2ce90: faa0 0f00 | 0041 bba0 | 0f00 0045 | 0f47 d344 | 03d5 eb0f | 660f 1f44 | 0000 660f | 1f44 0000 
  0x0000016172e2ceb0: 418b e848 | 63d5 440f | be5c 1010 | 4183 fb2e | 0f84 6d0b | 0000 440f | be44 1011 | 4183 f82e 
  0x0000016172e2ced0: 0f84 560b | 0000 440f | be5c 1012 | 4183 fb2e | 0f84 4a0b | 0000 0fbe | 5410 1383 | fa2e 0f84 
  0x0000016172e2cef0: 350b 0000 | 448d 4504 | 453b c27c | b34d 8b97 | 5004 0000 | 83c5 034d | 8bdd c5fb 

  0x0000016172e2cf0c: ;   {no_reloc}
  0x0000016172e2cf0c: 1084 24b0 

  0x0000016172e2cf10: ; ImmutableOopMap {r11=Oop rcx=NarrowOop rbx=Oop rax=Oop r13=Oop xmm0=Oop [176]=Oop }
                      ;*if_icmpne {reexecute=1 rethrow=0 return_oop=0}
                      ; - (reexecute) java.lang.StringLatin1::replace@28 (line 298)
                      ; - java.lang.String::replace@18 (line 2933)
                      ; - java.net.URLClassLoader$1::run@8 (line 423)
                      ; - java.net.URLClassLoader$1::run@1 (line 421)
                      ; - java.security.AccessController::executePrivileged@29 (line 809)
                      ; - java.security.AccessController::doPrivileged@13 (line 714)
                      ; - java.net.URLClassLoader::findClass@13 (line 420)
                      ;   {poll}
  0x0000016172e2cf10: 0000 0041 | 8502 453b | c60f 8d40 | 3200 0041 | 8be8 e953 | ffff ff4c | 63d5 4c8b | 5c24 7047 
  0x0000016172e2cf30: 0fbe 4c13 | 1041 83f9 | 2e0f 84f9 | 2a00 004d | 8be8 4788 | 4c10 10ff | c53b ac24 | a400 0000 
  0x0000016172e2cf50: 7cd5 eb0f | 418b e93b | ac24 a400 | 0000 7cc7 | 4d8b e849 | 8bbf b801 | 0000 4c8b | d749 83c2 
  0x0000016172e2cf70: 184d 3b97 | c801 0000 | 0f83 ea48 | 0000 4d89 | 97b8 0100 | 0041 0f18 | 8200 0100 | 0048 c707 
  0x0000016172e2cf90: 0100 0000 

  0x0000016172e2cf94: ;   {metadata('java/lang/String')}
  0x0000016172e2cf94: c747 0878 | e800 0044 | 8967 0c4c | 8967 104d | 8bdd 49c1 | eb03 4489 | 5f14 4c8b | 5c24 284c 
  0x0000016172e2cfb4: 8b4c 2460 | 4c8b 7424 | 684c 8b54 | 2478 448b | 8424 b800 | 0000 8b54 | 2438 488b | 6c24 40eb 
  0x0000016172e2cfd4: 364c 8b5c | 2428 4c8b | 4c24 604c | 8b74 2468 | 4c8b 5424 | 7844 8b84 | 24b8 0000 | 008b 5424 
  0x0000016172e2cff4: 388b 8c24 | bc00 0000 | 488b 6c24 | 4048 c1e1 | 034c 8be9 | 498b f941 | 8b5d 0c85 | db0f 860a 
  0x0000016172e2d014: 3a00 000f | be77 10c4 | e24a f7cb | 4863 c183 | fe01 0f84 | 6462 0000 | 85c9 0f8c | f85f 0000 
  0x0000016172e2d034: 4889 8424 | c800 0000 | 898c 24c0 | 0000 0089 | 7424 3c89 | 9c24 a400 | 0000 4889 | bc24 b800 
  0x0000016172e2d054: 0000 4c89 | ac24 9800 | 0000 4889 | 6c24 4089 | 5424 3844 | 8984 24a0 | 0000 004c | 8954 2478 
  0x0000016172e2d074: 4c89 b424 | 9000 0000 | 4c89 4c24 | 704c 895c | 2428 4c8d | 5001 4d8b | ca41 8bea 

  0x0000016172e2d090: ;   {no_reloc}
  0x0000016172e2d090: 85ed 0f8c | 1860 0000 | 49c1 fa20 | 458b dac4 | e221 f7ed | 89ac 24c4 | 0000 0085 | ed0f 8c69 
  0x0000016172e2d0b0: 6200 0081 | fd00 0010 | 000f 87f1 | 5700 004c | 63d5 81fd | 0000 1000 | 0f87 ea46 | 0000 4d8b 
  0x0000016172e2d0d0: 87b8 0100 | 0049 83c2 | 1749 83e2 | f84d 8bd8 | 4d03 da4d | 3b9f c801 | 0000 0f83 | c846 0000 
  0x0000016172e2d0f0: 4d89 9fb8 | 0100 0041 | 0f18 8300 | 0100 0049 | c700 0100 | 0000 410f | 1883 4001 

  0x0000016172e2d10c: ;   {metadata({type array byte})}
  0x0000016172e2d10c: 0000 41c7 | 4008 1823 | 0000 4189 | 680c 410f | 1883 8001 | 0000 448b | 9c24 c000 | 0000 41ff 
  0x0000016172e2d12c: c38b 8c24 | c400 0000 | 413b cb0f | 82d7 5900 | 0044 8b94 | 24c0 0000 | 0043 c644 | 1010 2f44 
  0x0000016172e2d14c: 8b4c 243c | 4585 c90f | 85bf 5f00 | 003b 8c24 | a400 0000 | 0f82 4e5a | 0000 448b | 9c24 a400 
  0x0000016172e2d16c: 0000 4585 | db76 3449 | 8bd8 498b | d048 83c2 | 1048 8b8c | 2498 0000 | 0048 83c1 | 104d 63c3 
  0x0000016172e2d18c: c5f8 7749 | bac0 4431 | 7261 0100 | 0041 ffd2 

  0x0000016172e2d19c: ;   {other}
  0x0000016172e2d19c: 0f1f 8400 | 0000 0000 | 4c8b c349 | 8b87 b801 | 0000 4c8b | d049 83c2 | 184d 3b97 | c801 0000 
  0x0000016172e2d1bc: 0f83 2e46 | 0000 4d89 | 97b8 0100 | 0041 0f18 | 8200 0100 | 0048 c700 | 0100 0000 

  0x0000016172e2d1d8: ;   {metadata('java/lang/String')}
  0x0000016172e2d1d8: c740 0878 | e800 0044 | 8960 0c44 | 8960 104d | 8bd8 49c1 | eb03 4489 | 5814 4c8b | 5c24 284c 
  0x0000016172e2d1f8: 8b4c 2470 | 4c8b b424 | 9000 0000 | 4c8b 5424 | 7844 8b84 | 24a0 0000 | 008b 5424 

  0x0000016172e2d214: ;   {metadata('java/util/jar/JavaUtilJarAccessImpl')}
  0x0000016172e2d214: 3881 fa88 | 7431 000f | 859b 5700 | 0041 8b6e | 1045 8b44 

  0x0000016172e2d228: ;   {metadata('java/util/HashMap')}
  0x0000016172e2d228: ec08 4181 | f880 c208 | 000f 8501 | 5800 004d | 8d04 ec41 | 8b70 2485 | f60f 84ba | 0100 0045 
  0x0000016172e2d248: 8b44 f40c | 4585 c00f | 863b 6200 | 0048 8bc8 | 8b58 0c49 | 8d04 f441 | ffc8 85db | 0f84 fc1f 
  0x0000016172e2d268: 0000 8bfb | c1ef 1033 | fb44 23c7 | 8bdf 428b | 7480 1085 | f60f 847e | 0100 0041 | 8b54 f40c 
  0x0000016172e2d288: 498d 2cf4 | 3bd3 0f85 | a720 0000 | 418b 54f4 | 104c 8bc2 | 49c1 e003 | 4c3b c174 | 6489 7424 
  0x0000016172e2d2a8: 6c89 5c24 | 6848 894c | 2460 4c89 | 5424 484c | 8974 2440 | 4c89 4c24 | 384c 895c | 2428 488b 
  0x0000016172e2d2c8: d14c 8b94 | 24a8 0000 | 004c 8954 | 2470 6690 

  0x0000016172e2d2d8: ;   {optimized virtual_call}
  0x0000016172e2d2d8: c5f8 77e8 

  0x0000016172e2d2dc: ; ImmutableOopMap {rbp=Oop [32]=Oop [48]=Oop [56]=Oop [64]=Oop [72]=Oop [96]=Oop [108]=NarrowOop [112]=Oop [128]=Oop [136]=NarrowOop [168]=Oop [176]=Oop }
                      ;*invokevirtual equals {reexecute=0 rethrow=0 return_oop=0}
                      ; - java.util.HashMap::getNode@63 (line 578)
                      ; - java.util.HashMap::get@2 (line 564)
                      ; - java.util.jar.Manifest::getAttributes@5 (line 160)
                      ; - java.util.jar.Manifest::getTrustedAttributes@2 (line 177)
                      ; - java.util.jar.JavaUtilJarAccessImpl::getTrustedAttributes@2 (line 38)
                      ; - java.net.URLClassLoader::isSealed@18 (line 601)
                      ; - java.net.URLClassLoader::getAndVerifyPackage@68 (line 469)
                      ; - java.net.URLClassLoader::defineClass@46 (line 492)
                      ; - java.net.URLClassLoader$1::run@43 (line 427)
                      ; - java.net.URLClassLoader$1::run@1 (line 421)
                      ; - java.security.AccessController::executePrivileged@29 (line 809)
                      ; - java.security.AccessController::doPrivileged@13 (line 714)
                      ; - java.net.URLClassLoader::findClass@13 (line 420)
  0x0000016172e2d2dc: a017 50ff 

  0x0000016172e2d2e0: ;   {other}
  0x0000016172e2d2e0: 0f1f 8400 | d00e 0002 | 85c0 0f84 | 2a20 0000 | 4c8b 5c24 | 284c 8b4c | 2438 4c8b | 7424 404c 
  0x0000016172e2d300: 8b54 2448 | 488b 4c24 | 608b 6d14 | 85ed 0f84 | ed00 0000 | 418b 5cec 

  0x0000016172e2d318: ;   {metadata('java/util/jar/Attributes')}
  0x0000016172e2d318: 0881 fb88 | d216 000f | 855b 7c00 | 0041 8b5e | 144d 8d04 | ec85 db0f | 841d 2700 | 004c 8944 
  0x0000016172e2d338: 2438 4889 | 8c24 9000 | 0000 4c89 | 5424 704c | 8974 2460 | 4c89 4c24 | 684c 895c | 2428 498d 
  0x0000016172e2d358: 14dc 4c8b | c14c 8b94 | 24a8 0000 | 004c 8954 | 2440 488b | ac24 b000 | 0000 6690 

  0x0000016172e2d374: ;   {optimized virtual_call}
  0x0000016172e2d374: c5f8 77e8 

  0x0000016172e2d378: ; ImmutableOopMap {rbp=Oop [32]=Oop [48]=Oop [56]=Oop [64]=Oop [96]=Oop [104]=Oop [112]=Oop [128]=Oop [136]=NarrowOop [144]=Oop [168]=Oop [176]=Oop }
                      ;*invokevirtual isTrustedManifestEntry {reexecute=0 rethrow=0 return_oop=0}
                      ; - java.util.jar.Manifest::getTrustedAttributes@22 (line 178)
                      ; - java.util.jar.JavaUtilJarAccessImpl::getTrustedAttributes@2 (line 38)
                      ; - java.net.URLClassLoader::isSealed@18 (line 601)
                      ; - java.net.URLClassLoader::getAndVerifyPackage@68 (line 469)
                      ; - java.net.URLClassLoader::defineClass@46 (line 492)
                      ; - java.net.URLClassLoader$1::run@43 (line 427)
                      ; - java.net.URLClassLoader$1::run@1 (line 421)
                      ; - java.security.AccessController::executePrivileged@29 (line 809)
                      ; - java.security.AccessController::doPrivileged@13 (line 714)
                      ; - java.net.URLClassLoader::findClass@13 (line 420)
  0x0000016172e2d378: 0417 50ff 

  0x0000016172e2d37c: ;   {other}
  0x0000016172e2d37c: 0f1f 8400 | 6c0f 0003 | 85c0 0f84 | 5c63 0000 | 4c8b 4c24 | 684c 8b74 | 2460 4c8b | 5424 704c 
  0x0000016172e2d39c: 8b44 2438 | 4c89 5424 | 704c 8974 | 2460 4c89 | 4c24 6849 

  0x0000016172e2d3b0: ;   {oop(a 'java/util/jar/Attributes$Name'{0x0000000740a64048})}
  0x0000016172e2d3b0: 8bd0 49b8 | 4840 a640 | 0700 0000 | 4c8b 9424 | a800 0000 | 498b ea4c | 8b94 24b0 | 0000 004c 
  0x0000016172e2d3d0: 8954 2440 

  0x0000016172e2d3d4: ;   {optimized virtual_call}
  0x0000016172e2d3d4: c5f8 77e8 

  0x0000016172e2d3d8: ; ImmutableOopMap {rbp=Oop [32]=Oop [48]=Oop [64]=Oop [96]=Oop [104]=Oop [112]=Oop [128]=Oop [136]=NarrowOop [168]=Oop [176]=Oop }
                      ;*invokevirtual getValue {reexecute=0 rethrow=0 return_oop=1}
                      ; - java.net.URLClassLoader::isSealed@35 (line 604)
                      ; - java.net.URLClassLoader::getAndVerifyPackage@68 (line 469)
                      ; - java.net.URLClassLoader::defineClass@46 (line 492)
                      ; - java.net.URLClassLoader$1::run@43 (line 427)
                      ; - java.net.URLClassLoader$1::run@1 (line 421)
                      ; - java.security.AccessController::executePrivileged@29 (line 809)
                      ; - java.security.AccessController::doPrivileged@13 (line 714)
                      ; - java.net.URLClassLoader::findClass@13 (line 420)
  0x0000016172e2d3d8: a416 50ff 

  0x0000016172e2d3dc: ;   {other}
  0x0000016172e2d3dc: 0f1f 8400 | cc0f 0004 | 4885 c00f | 8587 6400 | 004c 8b5c | 2428 4c8b | 4c24 684c | 8b74 2460 
  0x0000016172e2d3fc: 4c8b 5424 | 7041 8b4e | 0c41 8b6c | cc0c 458b 

  0x0000016172e2d40c: ;   {metadata('java/util/LinkedHashMap')}
  0x0000016172e2d40c: 44ec 0841 | 81f8 68bb | 0f00 0f85 | 9456 0000 | 498d 1cec | 8b4b 2485 | c90f 846a | 0100 0041 
  0x0000016172e2d42c: 8b6c cc0c | 85ed 0f86 | d460 0000 

  0x0000016172e2d438: ;   {oop(a 'java/util/jar/Attributes$Name'{0x0000000740a64048})}
  0x0000016172e2d438: 49b8 4840 | a640 0700 | 0000 418b | 780c 498d | 14cc 448b | c741 c1e8 | 1041 8bc8 | 33cf ffcd 
  0x0000016172e2d458: 23e9 8b54 | aa10 85d2 | 0f84 2f01 | 0000 458b | 44d4 0c49 | 8d3c d444 | 3bc1 0f85 | de1f 0000 
  0x0000016172e2d478: 458b 44d4 

  0x0000016172e2d47c: ;   {oop(a 'java/util/jar/Attributes$Name'{0x0000000740a64048})}
  0x0000016172e2d47c: 1041 81f8 | 09c8 14e8 | 0f84 b300 | 0000 4889 | 7c24 7889 | 5424 7489 | 4c24 7048 | 895c 2468 
  0x0000016172e2d49c: 4c89 5424 | 604c 8974 | 2448 4c89 | 4c24 404c | 895c 2438 | 4c8b 5424 | 204c 8954 | 2428 448b 
  0x0000016172e2d4bc: 9c24 8800 | 0000 4489 | 5c24 2049 

  0x0000016172e2d4c8: ;   {oop(a 'java/util/jar/Attributes$Name'{0x0000000740a64048})}
  0x0000016172e2d4c8: c1e0 0348 | ba48 40a6 | 4007 0000 | 004c 8b94 | 24a8 0000 | 004c 8994 | 2488 0000 | 0048 8bac 
  0x0000016172e2d4e8: 24b0 0000 | 0066 6690 

  0x0000016172e2d4f0: ;   {optimized virtual_call}
  0x0000016172e2d4f0: c5f8 77e8 

  0x0000016172e2d4f4: ; ImmutableOopMap {rbp=Oop [32]=NarrowOop [40]=Oop [48]=Oop [64]=Oop [72]=Oop [96]=Oop [104]=Oop [116]=NarrowOop [120]=Oop [128]=Oop [136]=Oop [168]=Oop [176]=Oop }
                      ;*invokevirtual equals {reexecute=0 rethrow=0 return_oop=0}
                      ; - java.util.HashMap::getNode@63 (line 578)
                      ; - java.util.LinkedHashMap::get@2 (line 536)
                      ; - java.util.jar.Attributes::get@5 (line 106)
                      ; - java.util.jar.Attributes::getValue@2 (line 142)
                      ; - java.net.URLClassLoader::isSealed@58 (line 608)
                      ; - java.net.URLClassLoader::getAndVerifyPackage@68 (line 469)
                      ; - java.net.URLClassLoader::defineClass@46 (line 492)
                      ; - java.net.URLClassLoader$1::run@43 (line 427)
                      ; - java.net.URLClassLoader$1::run@1 (line 421)
                      ; - java.security.AccessController::executePrivileged@29 (line 809)
                      ; - java.security.AccessController::doPrivileged@13 (line 714)
                      ; - java.net.URLClassLoader::findClass@13 (line 420)
  0x0000016172e2d4f4: 8815 50ff 

  0x0000016172e2d4f8: ;   {other}
  0x0000016172e2d4f8: 0f1f 8400 | e810 0005 | 85c0 0f84 | 111f 0000 | 448b 5424 | 2044 8994 | 2488 0000 | 004c 8b54 
  0x0000016172e2d518: 2428 4c89 | 5424 204c | 8b5c 2438 | 4c8b 4c24 | 404c 8b74 | 2448 4c8b | 5424 6048 | 8b5c 2468 
  0x0000016172e2d538: 488b 7c24 | 780f b66b | 3085 ed0f | 8583 6300 | 008b 6f14 | 85ed 7445 | 458b 44ec 

  0x0000016172e2d554: ;   {metadata('java/lang/String')}
  0x0000016172e2d554: 0841 81f8 | 78e8 0000 | 0f85 ba79 | 0000 498d 

  0x0000016172e2d564: ;   {oop("true"{0x00000007408a7a30})}
  0x0000016172e2d564: 3cec 48ba | 307a 8a40 | 0700 0000 | 483b fa0f | 8416 6000 | 0044 8b47 | 1443 8b4c | c40c 440f 
  0x0000016172e2d584: be47 10c4 | e23a f7c9 | 83f9 040f | 84c7 2400 | 004c 8b6c | 2420 eb6e | 49bb 0000 | 3177 6101 
  0x0000016172e2d5a4: ;   {metadata('java/lang/IllegalArgumentException')}
  0x0000016172e2d5a4: 0000 48bd | d8b3 0602 | 6101 0000 | 4d85 f60f | 8423 2b00 | 004c 8974 | 2440 4c89 | 4c24 384c 
  0x0000016172e2d5c4: 895c 2428 | 4c89 6c24 | 2048 8b94 | 24b0 0000 | 004d 8bc1 | 4d8b ce49 | 8bfd 4c8b | 9424 a800 
  0x0000016172e2d5e4: 0000 4c89 | 5424 4848 | 8954 2470 

  0x0000016172e2d5f0: ;   {optimized virtual_call}
  0x0000016172e2d5f0: c5f8 77e8 

  0x0000016172e2d5f4: ; ImmutableOopMap {[32]=Oop [48]=Oop [56]=Oop [64]=Oop [72]=Oop [112]=Oop [128]=Oop [136]=NarrowOop [168]=Oop [176]=Oop }
                      ;*invokevirtual definePackage {reexecute=0 rethrow=0 return_oop=1}
                      ; - java.net.URLClassLoader::defineClass@64 (line 495)
                      ; - java.net.URLClassLoader$1::run@43 (line 427)
                      ; - java.net.URLClassLoader$1::run@1 (line 421)
                      ; - java.security.AccessController::executePrivileged@29 (line 809)
                      ; - java.security.AccessController::doPrivileged@13 (line 714)
                      ; - java.net.URLClassLoader::findClass@13 (line 420)
  0x0000016172e2d5f4: 286b 58f8 

  0x0000016172e2d5f8: ;   {other}
  0x0000016172e2d5f8: 0f1f 8400 | e811 0006 | 4c8b 5c24 | 284c 8b6c | 2420 488d | 9c24 0001 | 0000 4c8b | 8424 8000 
  0x0000016172e2d618: 0000 498b | 00a8 020f | 8523 0000 | 0048 83c8 | 0148 8903 | f049 0fb1 | 180f 8437 | 0000 0048 
  0x0000016172e2d638: 2bc4 4825 | 07f0 ffff | 4889 03e9 | 2400 0000 | 4c8b d048 | 33c0 f04d | 0fb1 7a3e | 48c7 0303 
  0x0000016172e2d658: 0000 0074 | 114c 3bf8 | 7515 49ff | 8286 0000 | 0048 33c0 | 7509 49ff | 8748 0500 | 0033 c00f 
  0x0000016172e2d678: 8553 4b00 | 004c 8b94 | 2480 0000 | 0045 8b72 | 0845 3b62 | 0c0f 85d2 

  0x0000016172e2d690: ;   {metadata('jdk/internal/loader/URLClassPath$JarLoader$2')}
  0x0000016172e2d690: 0000 0041 | 81fe b03b | 2100 0f85 | 4527 0000 | 4c8b 8c24 | 8000 0000 | 458b 5120 

  0x0000016172e2d6ac: ; implicit exception: dispatches to 0x0000016172e3547c
  0x0000016172e2d6ac: 478b 44d4 | 1841 8b69 | 1c45 85c0 | 0f84 9655 | 0000 4489 | 7424 384c | 895c 2428 | 4c89 6c24 
  0x0000016172e2d6cc: 204b 8d14 | c44c 8bc5 | 49c1 e003 | 4c89 4c24 | 604c 894c | 2468 4c8b | 9424 a800 | 0000 4c89 
  0x0000016172e2d6ec: 5424 7048 | 8bac 24b0 | 0000 0090 

  0x0000016172e2d6f8: ;   {optimized virtual_call}
  0x0000016172e2d6f8: c5f8 77e8 

  0x0000016172e2d6fc: ; ImmutableOopMap {rbp=Oop [32]=Oop [48]=Oop [96]=Oop [104]=Oop [112]=Oop [128]=Oop [136]=NarrowOop [168]=Oop [176]=Oop }
                      ;*invokevirtual getInputStream {reexecute=0 rethrow=0 return_oop=1}
                      ; - jdk.internal.loader.URLClassPath$JarLoader$2::getInputStream@11 (line 848)
                      ; - jdk.internal.loader.Resource::cachedInputStream@9 (line 77)
                      ; - jdk.internal.loader.Resource::getByteBuffer@1 (line 163)
                      ; - java.net.URLClassLoader::defineClass@132 (line 511)
                      ; - java.net.URLClassLoader$1::run@43 (line 427)
                      ; - java.net.URLClassLoader$1::run@1 (line 421)
                      ; - java.security.AccessController::executePrivileged@29 (line 809)
                      ; - java.security.AccessController::doPrivileged@13 (line 714)
                      ; - java.net.URLClassLoader::findClass@13 (line 420)
  0x0000016172e2d6fc: 4025 e2ff 

  0x0000016172e2d700: ;   {other}
  0x0000016172e2d700: 0f1f 8400 | f012 0007 | 488b d841 | 807f 4000 | 0f85 7a2f | 0000 4c8b | 9424 8000 | 0000 4c8b 
  0x0000016172e2d720: db49 c1eb | 034c 8b84 | 2480 0000 | 0045 8958 | 0c4c 8bdb | 4d33 da49 | c1eb 154d | 85db 741b 
  0x0000016172e2d740: 4885 db74 | 1649 c1ea | 094c 8b44 | 2428 4d03 | c241 8038 | 020f 8574 | 2f00 0044 | 8b74 2438 
  0x0000016172e2d760: 4c8b 6c24 | 204c 8b94 | 2480 0000 | 0041 8b6a | 0c48 8d84 | 2400 0100 | 004c 8b9c | 2480 0000 
  0x0000016172e2d780: 0048 8338 | 000f 8479 | 0000 004d | 8b13 41f6 | c202 0f84 | 6200 0000 | 4983 ba86 | 0000 0000 
  0x0000016172e2d7a0: 7409 49ff | 8a86 0000 | 00eb 4b49 | 8b82 9600 | 0000 490b | 828e 0000 | 0075 0a49 | c742 3e00 
  0x0000016172e2d7c0: 0000 00eb | 3d49 83ba | 9e00 0000 | 0074 2248 | 33c0 49c7 | 423e 0000 | 0000 f083 | 0424 0049 
  0x0000016172e2d7e0: 83ba 9e00 | 0000 0075 | 0df0 4d0f | b17a 3e75 | 0583 c801 | eb0c a800 | eb08 4c8b 

  0x0000016172e2d7fc: ;   {no_reloc}
  0x0000016172e2d7fc: 10f0 4d0f | b113 750a | 49ff 8f48 | 0500 0045 | 33d2 0f85 | 394a 0000 

  0x0000016172e2d814: ; implicit exception: dispatches to 0x0000016172e3513c
  0x0000016172e2d814: 458b 5cec 

  0x0000016172e2d818: ;   {metadata('sun/nio/ByteBuffered')}
  0x0000016172e2d818: 0848 b860 | 4c36 0261 | 0100 0048 | be00 0000 | 0261 0100 | 0049 03f3 | 4c8b 5620 | 4c3b d00f 
  0x0000016172e2d838: 847f 4800 | 0048 33ff | 4c8b 9ea0 | 0000 0049 | 8bd3 48c1 | e230 0f89 | 2100 0000 | f348 0fb8 
  0x0000016172e2d858: d248 8b5e | 2848 3b04 | d374 1549 | 0fba e310 | 730b 49c1 

  0x0000016172e2d86c: ;   {runtime_call StubRoutines (compiler stubs)}
  0x0000016172e2d86c: cb0f e824 | 8c52 ffeb | 0348 ffc7 | 4885 ff0f | 843b 4800 

  0x0000016172e2d880: ;   {metadata('jdk/internal/loader/URLClassPath$JarLoader$2')}
  0x0000016172e2d880: 0041 81fe | b03b 2100 | 0f85 6222 | 0000 4c89 | 6c24 2048 | 8b94 2480 | 0000 004c | 8b94 24a8 
  0x0000016172e2d8a0: 0000 004c | 8954 2428 | 4889 5424 | 384c 8954 | 2440 488b | ac24 b000 | 0000 6690 

  0x0000016172e2d8bc: ;   {optimized virtual_call}
  0x0000016172e2d8bc: c5f8 77e8 

  0x0000016172e2d8c0: ; ImmutableOopMap {rbp=Oop [32]=Oop [40]=Oop [48]=Oop [56]=Oop [64]=Oop [128]=Oop [136]=NarrowOop [168]=Oop [176]=Oop }
                      ;*invokevirtual getBytes {reexecute=0 rethrow=0 return_oop=1}
                      ; - java.net.URLClassLoader::defineClass@179 (line 519)
                      ; - java.net.URLClassLoader$1::run@43 (line 427)
                      ; - java.net.URLClassLoader$1::run@1 (line 421)
                      ; - java.security.AccessController::executePrivileged@29 (line 809)
                      ; - java.security.AccessController::doPrivileged@13 (line 714)
                      ; - java.net.URLClassLoader::findClass@13 (line 420)
  0x0000016172e2d8c0: 1ce6 5400 

  0x0000016172e2d8c4: ;   {other}
  0x0000016172e2d8c4: 0f1f 8400 | b414 0008 | 4889 4424 | 684c 8b84 | 2480 0000 | 0045 8b58 

  0x0000016172e2d8dc: ;   {metadata('jdk/internal/loader/URLClassPath$JarLoader$2')}
  0x0000016172e2d8dc: 0841 81fb | b03b 2100 | 0f85 5022 | 0000 488b | 9424 8000 | 0000 4c8b | 9424 a800 | 0000 4c89 
  0x0000016172e2d8fc: 5424 384c | 8954 2440 | 488b ac24 | b000 0000 

  0x0000016172e2d90c: ;   {optimized virtual_call}
  0x0000016172e2d90c: c5f8 77e8 

  0x0000016172e2d910: ; ImmutableOopMap {rbp=Oop [32]=Oop [48]=Oop [56]=Oop [64]=Oop [104]=Oop [128]=Oop [136]=NarrowOop [168]=Oop [176]=Oop }
                      ;*invokevirtual getCodeSigners {reexecute=0 rethrow=0 return_oop=1}
                      ; - java.net.URLClassLoader::defineClass@185 (line 521)
                      ; - java.net.URLClassLoader$1::run@43 (line 427)
                      ; - java.net.URLClassLoader$1::run@1 (line 421)
                      ; - java.security.AccessController::executePrivileged@29 (line 809)
                      ; - java.security.AccessController::doPrivileged@13 (line 714)
                      ; - java.net.URLClassLoader::findClass@13 (line 420)
  0x0000016172e2d910: cc1d edff 

  0x0000016172e2d914: ;   {other}
  0x0000016172e2d914: 0f1f 8400 | 0415 0009 | 4889 4424 | 584c 8b84 | 2480 0000 | 0049 8b87 | b801 0000 | 4c8b d049 
  0x0000016172e2d934: 83c2 284d | 3b97 c801 | 0000 0f83 | 7832 0000 | 4d89 97b8 | 0100 0041 | 0f18 8200 | 0100 0048 
  0x0000016172e2d954: c700 0100 

  0x0000016172e2d958: ;   {metadata('java/security/CodeSource')}
  0x0000016172e2d958: 0000 c740 | 0828 5c00 | 0044 8960 | 0c4c 8960 | 104c 8960 | 184c 8960 | 204c 8944 | 2428 4889 
  0x0000016172e2d978: 4424 6048 | 8bd0 4c8b | 4424 204c | 8b4c 2458 | 4c8b 9424 | a800 0000 | 4c89 5424 | 2048 8bac 
  0x0000016172e2d998: 24b0 0000 | 0066 6690 

  0x0000016172e2d9a0: ;   {optimized virtual_call}
  0x0000016172e2d9a0: c5f8 77e8 

  0x0000016172e2d9a4: ; ImmutableOopMap {rbp=Oop [32]=Oop [40]=Oop [48]=Oop [96]=Oop [104]=Oop [168]=Oop [176]=Oop }
                      ;*invokespecial <init> {reexecute=0 rethrow=0 return_oop=0}
                      ; - java.net.URLClassLoader::defineClass@198 (line 522)
                      ; - java.net.URLClassLoader$1::run@43 (line 427)
                      ; - java.net.URLClassLoader$1::run@1 (line 421)
                      ; - java.security.AccessController::executePrivileged@29 (line 809)
                      ; - java.security.AccessController::doPrivileged@13 (line 714)
                      ; - java.net.URLClassLoader::findClass@13 (line 420)
  0x0000016172e2d9a4: 5822 e5ff 

  0x0000016172e2d9a8: ;   {other}
  0x0000016172e2d9a8: 0f1f 8400 | 9815 000a 

  0x0000016172e2d9b0: ;   {oop(a 'jdk/internal/perf/PerfCounter'{0x00000007409e9ea0})}
  0x0000016172e2d9b0: 48ba a09e | 9e40 0700 | 0000 4c8b | 4424 5090 

  0x0000016172e2d9c0: ;   {optimized virtual_call}
  0x0000016172e2d9c0: c5f8 77e8 

  0x0000016172e2d9c4: ; ImmutableOopMap {rbp=Oop [32]=Oop [40]=Oop [48]=Oop [96]=Oop [104]=Oop [168]=Oop [176]=Oop }
                      ;*invokevirtual addElapsedTimeFrom {reexecute=0 rethrow=0 return_oop=0}
                      ; - java.net.URLClassLoader::defineClass@207 (line 523)
                      ; - java.net.URLClassLoader$1::run@43 (line 427)
                      ; - java.net.URLClassLoader$1::run@1 (line 421)
                      ; - java.security.AccessController::executePrivileged@29 (line 809)
                      ; - java.security.AccessController::doPrivileged@13 (line 714)
                      ; - java.net.URLClassLoader::findClass@13 (line 420)
  0x0000016172e2d9c4: f801 d7ff 

  0x0000016172e2d9c8: ;   {other}
  0x0000016172e2d9c8: 0f1f 8400 | b815 000b | 4c8b 4c24 | 6841 8b71 | 0c48 8bd5 | 4c8b 4424 | 2033 ff48 | 8b4c 2460 
  0x0000016172e2d9e8: ;   {optimized virtual_call}
  0x0000016172e2d9e8: c5f8 77e8 

  0x0000016172e2d9ec: ; ImmutableOopMap {rbp=Oop [32]=Oop [40]=Oop [48]=Oop [168]=Oop [176]=Oop }
                      ;*invokevirtual defineClass {reexecute=0 rethrow=0 return_oop=1}
                      ; - java.net.URLClassLoader::defineClass@220 (line 524)
                      ; - java.net.URLClassLoader$1::run@43 (line 427)
                      ; - java.net.URLClassLoader$1::run@1 (line 421)
                      ; - java.security.AccessController::executePrivileged@29 (line 809)
                      ; - java.security.AccessController::doPrivileged@13 (line 714)
                      ; - java.net.URLClassLoader::findClass@13 (line 420)
  0x0000016172e2d9ec: d00d edff 

  0x0000016172e2d9f0: ;   {other}
  0x0000016172e2d9f0: 0f1f 8400 | e015 000c | 4885 c00f | 84c0 0400 | 00c5 f877 | 4881 c410 | 0100 005d 

  0x0000016172e2da0c: ;   {poll_return}
  0x0000016172e2da0c: 493b a748 | 0400 000f | 8772 8a00 | 00c3 c4e1 | f97e c0c4 | c1f9 7ecb | e9a9 0000 | 0083 c502 
  0x0000016172e2da2c: ffc5 eb03 | 83c5 023b | ef0f 8db5 | 0200 0081 | ff00 0010 | 000f 873c | 3000 004d | 8b9f b801 
  0x0000016172e2da4c: 0000 4c63 | d749 83c2 | 1749 83e2 | f84d 8bc3 | 4d03 c24d | 3b87 c801 | 0000 0f83 | 1730 0000 
  0x0000016172e2da6c: 4d89 87b8 | 0100 0041 | 0f18 8000 | 0100 0049 | c703 0100 | 0000 410f | 1880 4001 

  0x0000016172e2da88: ;   {metadata({type array byte})}
  0x0000016172e2da88: 0000 41c7 | 4308 1823 | 0000 4189 | 7b0c 410f | 1880 8001 | 0000 85ed | 0f8e c800 | 0000 8d55 
  0x0000016172e2daa8: ff3b d70f | 83a3 4900 | 0085 ff0f | 869b 4900 | 0045 0fbe | 54cc 1045 | 8853 1083 | fa01 0f8e 
  0x0000016172e2dac8: bc49 0000 | 41b8 0100 | 0000 8bf5 | 412b f0ff | ce45 33d2 | 413b d041 | 0f4c f281 | fed0 0700 
  0x0000016172e2dae8: 0041 bad0 | 0700 0041 | 0f47 f241 | 03f0 c4e1 | f96e c0c4 | c1f9 6ecb | 4963 c0c4 | c1f9 7ec2 
  0x0000016172e2db08: 450f be54 | 0210 c4c1 | f97e cb45 | 8854 0310 | c4c1 f97e | c245 0fbe | 5c02 11c4 | c1f9 7eca 
  0x0000016172e2db28: 4588 5c02 | 1141 83c0 | 0244 3bc6 | 7cca 4d8b | 9750 0400 

  0x0000016172e2db3c: ; ImmutableOopMap {rcx=NarrowOop rbx=Oop r13=Oop xmm0=Oop xmm1=Oop [176]=Oop }
                      ;*goto {reexecute=1 rethrow=0 return_oop=0}
                      ; - (reexecute) java.lang.StringLatin1::replace@76 (line 305)
                      ; - java.lang.String::replace@18 (line 2933)
                      ; - java.net.URLClassLoader$1::run@8 (line 423)
                      ; - java.net.URLClassLoader$1::run@1 (line 421)
                      ; - java.security.AccessController::executePrivileged@29 (line 809)
                      ; - java.security.AccessController::doPrivileged@13 (line 714)
                      ; - java.net.URLClassLoader::findClass@13 (line 420)
                      ;   {poll}
  0x0000016172e2db3c: 0041 8502 | 443b c20f | 8cd1 feff | ffc4 e1f9 | 7ec0 c4c1 | f97e cb44 | 3bc5 7d16 | 4963 d044 
  0x0000016172e2db5c: 0fbe 5410 | 1045 8854 | 1310 41ff | c044 3bc5 | 7cea 3bef | 0f8d 2401 | 0000 3bef | 0f83 0a45 
  0x0000016172e2db7c: 0000 443b | cf0f 8301 | 4500 0044 | 3bcf 0f83 | f844 0000 | 448d 4501 | 4c63 d546 | 0fbe 4c10 
  0x0000016172e2db9c: 1041 83f9 | 2e0f 84c7 | 1200 0047 | 884c 1310 | 448d 5501 | 453b d07d | 0541 8bea | ebda 453b 
  0x0000016172e2dbbc: d60f 8db2 | 0000 00ff | c5e9 7e00 | 0000 41ba | 2f00 0000 | 4588 540b | 1244 0fbe | 4c08 1341 
  0x0000016172e2dbdc: 83f9 2e74 | 4045 884c | 0b13 83c5 | 0441 3be8 | 7d4b 4863 | cd44 0fbe | 5408 1041 | 83fa 2e74 
  0x0000016172e2dbfc: 2c45 8854 | 0b10 440f | be4c 0811 | 4183 f92e | 7423 4588 | 4c0b 1144 | 0fbe 5408 | 1241 83fa 
  0x0000016172e2dc1c: 2e75 b1eb | a941 b92f | 0000 00eb | b841 ba2f | 0000 00eb | cc41 b92f | 0000 00eb | d54d 8b87 
  0x0000016172e2dc3c: ; ImmutableOopMap {r11=Oop rbx=Oop rax=Oop r13=Oop [176]=Oop }
                      ;*goto {reexecute=1 rethrow=0 return_oop=0}
                      ; - (reexecute) java.lang.StringLatin1::replace@113 (line 312)
                      ; - java.lang.String::replace@18 (line 2933)
                      ; - java.net.URLClassLoader$1::run@8 (line 423)
                      ; - java.net.URLClassLoader$1::run@1 (line 421)
                      ; - java.security.AccessController::executePrivileged@29 (line 809)
                      ; - java.security.AccessController::doPrivileged@13 (line 714)
                      ; - java.net.URLClassLoader::findClass@13 (line 420)
                      ;   {no_reloc}
  0x0000016172e2dc3c: 5004 0000 

  0x0000016172e2dc40: ;   {poll}
  0x0000016172e2dc40: 4185 0041 | 3bee 7d30 | 448b c744 | 2bc5 4183 | c0fd 4533 | d244 3bf5 | 450f 4cc2 | 4181 f8a0 
  0x0000016172e2dc60: 0f00 0041 | b9a0 0f00 | 0045 0f47 | c144 03c5 | e979 ffff | ff41 8bea | 3bef 7d1e | 4c63 d546 
  0x0000016172e2dc80: 0fbe 4410 | 1041 83f8 | 2e0f 8418 | 1500 0047 | 8844 1310 | ffc5 3bef | 7ce2 4d8b | 97b8 0100 
  0x0000016172e2dca0: 004d 8bc2 | 4983 c018 | 4d3b 87c8 | 0100 000f | 8369 2e00 | 004d 8987 | b801 0000 | 410f 1880 
  0x0000016172e2dcc0: 0001 0000 | 49c7 0201 

  0x0000016172e2dcc8: ;   {metadata('java/lang/String')}
  0x0000016172e2dcc8: 0000 0041 | c742 0878 | e800 0045 | 8962 0c4d | 8962 104d | 8bcb 49c1 | e903 4589 | 4a14 eb12 
  0x0000016172e2dce8: 4533 d24c | 8954 2458 | 4c8b d949 | c1e3 034d | 8bd5 418b | 4b0c 85c9 | 0f86 bd03 | 0000 450f 
  0x0000016172e2dd08: be42 10c4 | 623a f7c9 | 4963 f141 | 83f8 010f | 84f3 4700 | 0045 85c9 | 0f8c 6d47 | 0000 488d 
  0x0000016172e2dd28: 4606 8be8 | 85ed 0f8c | 8847 0000 | 488b f848 | c1ff 208b | d7c4 e269 | f7ed 85ed | 0f8c f647 
  0x0000016172e2dd48: 0000 81fd | 0000 1000 | 0f87 c542 | 0000 4863 | d581 fd00 | 0010 000f | 8763 2b00 | 0049 8bbf 
  0x0000016172e2dd68: b801 0000 | 4883 c217 | 4883 e2f8 | 4c8b f74c | 03f2 4d3b | b7c8 0100 | 000f 8341 | 2b00 004d 
  0x0000016172e2dd88: 89b7 b801 | 0000 410f | 1886 0001 | 0000 48c7 | 0701 0000 | 0041 0f18 | 8640 0100 

  0x0000016172e2dda4: ;   {metadata({type array byte})}
  0x0000016172e2dda4: 00c7 4708 | 1823 0000 | 896f 0c41 | 0f18 8680 | 0100 0041 | 8d51 063b | ea0f 8260 | 4200 0049 
  0x0000016172e2ddc4: 63d1 4585 | c90f 8fd1 | 0200 00c6 | 4417 102e | c644 1711 | 63c6 4417 | 126c c644 | 1713 61c6 
  0x0000016172e2dde4: 4417 1473 | c644 1715 | 7345 85c0 | 0f85 ea46 | 0000 3be9 | 0f82 5a42 | 0000 85c9 | 7629 4983 
  0x0000016172e2de04: c310 488b | d748 83c2 | 104c 63c1 | 498b cbc5 | f877 49ba | c044 3172 | 6101 0000 

  0x0000016172e2de20: ;   {other}
  0x0000016172e2de20: 41ff d20f | 1f84 0000 | 0000 0049 | 8b87 b801 | 0000 4c8b | d049 83c2 | 184d 3b97 | c801 0000 
  0x0000016172e2de40: 0f83 2b2b | 0000 4d89 | 97b8 0100 | 0041 0f18 | 8200 0100 | 0048 c700 | 0100 0000 

  0x0000016172e2de5c: ;   {metadata('java/lang/String')}
  0x0000016172e2de5c: c740 0878 | e800 0044 | 8960 0c44 | 8960 104c | 8bdf 49c1 | eb03 4489 | 5814 4c8b | 9424 b000 
  0x0000016172e2de7c: 0000 458b | 5a54 4585 | db0f 8499 | 3f00 0048 | 895c 2430 | 4c89 ac24 | a800 0000 | 4b8d 14dc 
  0x0000016172e2de9c: 4c8b c045 | 33c9 6690 

  0x0000016172e2dea4: ;   {optimized virtual_call}
  0x0000016172e2dea4: c5f8 77e8 

  0x0000016172e2dea8: ; ImmutableOopMap {[48]=Oop [168]=Oop [176]=Oop }
                      ;*invokevirtual getResource {reexecute=0 rethrow=0 return_oop=1}
                      ; - java.net.URLClassLoader$1::run@26 (line 424)
                      ; - java.net.URLClassLoader$1::run@1 (line 421)
                      ; - java.security.AccessController::executePrivileged@29 (line 809)
                      ; - java.security.AccessController::doPrivileged@13 (line 714)
                      ; - java.net.URLClassLoader::findClass@13 (line 420)
  0x0000016172e2dea8: b490 f0ff 

  0x0000016172e2deac: ;   {other}
  0x0000016172e2deac: 0f1f 8400 | 9c1a 000f | 4889 8424 | 8000 0000 | 4885 c075 | 7a49 8b87 | b801 0000 | 4c8b d049 
  0x0000016172e2decc: 83c2 284d | 3b97 c801 | 0000 0f83 | 1c2b 0000 | 4d89 97b8 | 0100 0041 | 0f18 8200 | 0100 0048 
  0x0000016172e2deec: c700 0100 

  0x0000016172e2def0: ;   {metadata('java/lang/ClassNotFoundException')}
  0x0000016172e2def0: 0000 c740 | 08a0 ac06 | 0044 8960 | 0c4c 8960 | 104c 8960 | 184c 8960 | 2048 8be8 | 488b d54c 
  0x0000016172e2df10: 8b84 24a8 | 0000 0090 

  0x0000016172e2df18: ;   {optimized virtual_call}
  0x0000016172e2df18: c5f8 77e8 

  0x0000016172e2df1c: ; ImmutableOopMap {rbp=Oop }
                      ;*invokespecial <init> {reexecute=0 rethrow=0 return_oop=0}
                      ; - java.net.URLClassLoader::findClass@41 (line 445)
  0x0000016172e2df1c: 6060 d7ff 

  0x0000016172e2df20: ;   {other}
  0x0000016172e2df20: 0f1f 8400 | 101b 0010 | 488b d5c5 | f877 4881 | c410 0100 

  0x0000016172e2df34: ;   {runtime_call _rethrow_Java}
  0x0000016172e2df34: 005d e945 | e75c ffc5 | f877 49ba | 1094 aafd | fa7f 0000 

  0x0000016172e2df48: ;   {other}
  0x0000016172e2df48: 41ff d20f | 1f84 0000 | 0000 0048 | 8944 2450 | 4c8b 9424 | a800 0000 | 418b 4a14 

  0x0000016172e2df64: ; implicit exception: dispatches to 0x0000016172e350f8
  0x0000016172e2df64: 458b 5ccc | 0c41 0fbe | 5a10 c442 | 62f7 cb45 | 8d51 ff85 | db0f 8515 | 4d00 0045 | 8d43 ff45 
  0x0000016172e2df84: 3bc2 450f | 4fc2 498d | 1ccc 4585 | c00f 8cfe | 0000 0045 | 85db 0f86 | 9c41 0000 | 453b c30f 
  0x0000016172e2dfa4: 8393 4100 | 0045 85c0 | 0f8e cb42 | 0000 458d | 50ff 420f | be6c 0310 | 83fd 2e0f | 8464 1500 
  0x0000016172e2dfc4: 0041 ffc8 | 453b c27f | e941 83f8 | 020f 8e9e | 0000 0045 | 8d50 fe33 | d241 83f8 | 0244 0f4c 
  0x0000016172e2dfe4: d241 81fa | a00f 0000 | bfa0 0f00 | 0044 0f47 | d741 8bf8 | 412b fa0f | 1f44 0000 | 4963 d044 
  0x0000016172e2e004: 0fbe 5413 | 1041 83fa | 2e0f 8417 | 0100 0044 | 0fbe 5413 | 0f41 83fa | 2e0f 840c | 0100 0045 
  0x0000016172e2e024: 8d50 fe42 | 0fbe 7413 | 1083 fe2e | 0f84 fd00 | 0000 458d | 50fd 420f | be54 1310 | 83fa 2e0f 
  0x0000016172e2e044: 84ea 0000 

  0x0000016172e2e048: ;   {no_reloc}
  0x0000016172e2e048: 0041 83c0 | fc44 3bc7 | 7fae 498b | 8750 0400 | 004c 8b94 | 24a8 0000 | 0048 8bbc | 2480 0000 
  0x0000016172e2e068: ; ImmutableOopMap {r10=Oop rcx=NarrowOop rbx=Oop rdi=Oop [48]=Oop [128]=Oop [168]=Oop [176]=Oop }
                      ;*goto {reexecute=1 rethrow=0 return_oop=0}
                      ; - (reexecute) java.lang.StringLatin1::lastIndexOf@35 (line 285)
                      ; - java.lang.String::lastIndexOf@13 (line 2573)
                      ; - java.lang.String::lastIndexOf@8 (line 2535)
                      ; - java.net.URLClassLoader::defineClass@7 (line 486)
                      ; - java.net.URLClassLoader$1::run@43 (line 427)
                      ; - java.net.URLClassLoader$1::run@1 (line 421)
                      ; - java.security.AccessController::executePrivileged@29 (line 809)
                      ; - java.security.AccessController::doPrivileged@13 (line 714)
                      ; - java.net.URLClassLoader::findClass@13 (line 420)
                      ;   {poll}
  0x0000016172e2e068: 0085 0041 | 83f8 020f | 8f62 ffff | ff41 83f8 | ff7e 1a90 | 460f be54 | 0310 4183 | fa2e 0f84 
  0x0000016172e2e088: 903d 0000 | 41ff c841 | 83f8 ff7f | e741 baff | ffff ffe9 | 9300 0000 | c644 1715 | 73c6 4417 
  0x0000016172e2e0a8: 1473 c644 | 1713 61c6 | 4417 126c | c644 1711 | 63c6 4417 | 102e e92a | fdff ff49 | 8b87 b801 
  0x0000016172e2e0c8: 0000 4c8b | d049 83c2 | 184d 3b97 | c801 0000 | 0f83 083b | 0000 4d89 | 97b8 0100 | 0041 0f18 
  0x0000016172e2e0e8: 8200 0100 | 0048 c700 | 0100 0000 

  0x0000016172e2e0f4: ;   {metadata('java/lang/String')}
  0x0000016172e2e0f4: c740 0878 | e800 0044 | 8960 0c44 

  0x0000016172e2e100: ;   {oop([B{0x00000007408ac670})}
  0x0000016172e2e100: 8960 10c7 | 4014 ce58 

  0x0000016172e2e108: ;   {oop(".class"{0x00000007408ac658})}
  0x0000016172e2e108: 11e8 49ba | 58c6 8a40 | 0700 0000 | 458b 420c | 4489 400c | 450f b652 | 1144 8850 | 11e9 4cfd 
  0x0000016172e2e128: ffff 458b | d0eb 0445 | 8d50 ff4c | 8b84 2480 | 0000 0041 

  0x0000016172e2e13c: ;   {metadata('jdk/internal/loader/URLClassPath$JarLoader$2')}
  0x0000016172e2e13c: 8b78 0881 | ffb0 3b21 | 000f 8562 | 1c00 0041 | 8b50 2041 | 8b7c d41c | 89bc 2488 | 0000 008b 
  0x0000016172e2e15c: bc24 8800 | 0000 4c8b | ef49 c1e5 | 0341 83fa | ff0f 84e6 | 2000 0045 | 85d2 0f8c | 6c4b 0000 
  0x0000016172e2e17c: 453b d10f | 8f53 4c00 | 0045 3bd1 | 0f84 0410 | 0000 4585 | d20f 843f | 1c00 0049 | 8bb7 b801 
  0x0000016172e2e19c: 0000 4c8b | c649 83c0 | 184d 3b87 | c801 0000 | 0f83 4b2a | 0000 4d89 | 87b8 0100 | 0041 0f18 
  0x0000016172e2e1bc: 8000 0100 | 0048 c706 | 0100 0000 

  0x0000016172e2e1c8: ;   {metadata('java/lang/String')}
  0x0000016172e2e1c8: c746 0878 | e800 0044 | 8966 0c4c | 8966 1049 | 8d7c cc10 | 453b d30f | 85bf 0000 | 004d 63d3 
  0x0000016172e2e1e8: 4181 fb00 | 0010 000f | 8748 3a00 | 0048 897c | 2428 4889 | 7424 704c | 896c 2420 | 488b eb89 
  0x0000016172e2e208: 4c24 684d | 8bb7 b801 | 0000 4c89 | 5424 3849 | 83c2 1749 | 83e2 f84d | 8bc6 4d03 | c24d 3b87 
  0x0000016172e2e228: c801 0000 | 0f83 263a | 0000 4d89 | 87b8 0100 | 0041 0f18 | 8000 0100 | 0049 c706 | 0100 0000 
  0x0000016172e2e248: 410f 1880 | 4001 0000 

  0x0000016172e2e250: ;   {metadata({type array byte})}
  0x0000016172e2e250: 41c7 4608 | 1823 0000 | 4589 5e0c | 410f 1880 | 8001 0000 | 498b d648 | 83c2 104c | 8b44 2438 
  0x0000016172e2e270: 4983 c007 | 49c1 e803 | 488b 4c24 | 28c5 f877 | 49ba 604b | 3172 6101 | 0000 41ff 

  0x0000016172e2e28c: ;   {other}
  0x0000016172e2e28c: d20f 1f84 | 0000 0000 | 0048 8b74 | 2470 4c8b | 6c24 20e9 | cf00 0000 | 4181 fa00 | 0010 000f 
  0x0000016172e2e2ac: 87f6 4400 | 004d 63ca | 453b da41 | 8beb 410f | 4fea 443b | dd0f 8254 | 4500 0044 | 3bd5 0f82 
  0x0000016172e2e2cc: 4b45 0000 | 4983 c117 | 4d8b c149 | 83e0 f841 | 81fa 0000 | 1000 0f87 | 0234 0000 | 4d8b b7b8 
  0x0000016172e2e2ec: 0100 004d | 8bde 4d03 | d84d 3b9f | c801 0000 | 0f83 e833 | 0000 4d89 | 9fb8 0100 | 0041 0f18 
  0x0000016172e2e30c: 8300 0100 | 0049 c706 | 0100 0000 | 410f 1883 | 4001 0000 

  0x0000016172e2e320: ;   {metadata({type array byte})}
  0x0000016172e2e320: 41c7 4608 | 1823 0000 | 4589 560c | 410f 1883 | 8001 0000 | 498b d648 | 83c2 1049 | c1e9 0385 
  0x0000016172e2e340: ed0f 8468 | 4400 0041 | 3bea 0f8c | 8422 0000 | 488b cf49 | 83c0 f049 | c1e8 03c5 | f877 49ba 
  0x0000016172e2e360: 604b 3172 | 6101 0000 

  0x0000016172e2e368: ;   {other}
  0x0000016172e2e368: 41ff d20f | 1f84 0000 | 0000 0041 | 807f 4000 | 0f85 4d1e | 0000 4c8b | d64d 8bde | 49c1 eb03 
  0x0000016172e2e388: 4489 5e14 | 4d8b de4d | 33da 49c1 | eb15 4d85 | db74 1a49 | c1ea 0948 | b900 0031 | 7761 0100 
  0x0000016172e2e3a8: 0049 03ca | 8039 020f | 854d 1e00 | 0044 8866 | 1048 89b4 | 24d8 0000 | 004c 8b94 | 2480 0000 
  0x0000016172e2e3c8: 0045 8b5a 

  0x0000016172e2e3cc: ;   {metadata('jdk/internal/loader/URLClassPath$JarLoader$2')}
  0x0000016172e2e3cc: 0841 81fb | b03b 2100 | 0f85 ae17 | 0000 4c8b | 9c24 8000 

  0x0000016172e2e3e0: ;   {oop(a 'java/lang/Class'{0x00000007409e9cf0} = 'jdk/internal/access/SharedSecrets')}
  0x0000016172e2e3e0: 0000 49ba | f09c 9e40 | 0700 0000 | 458b 92d4 | 0000 0047 | 8b44 d408 | 458b 4b20 

  0x0000016172e2e3fc: ; implicit exception: dispatches to 0x0000016172e351f8
  0x0000016172e2e3fc: 438b 6ccc 

  0x0000016172e2e400: ;   {metadata('java/util/jar/JavaUtilJarAccessImpl')}
  0x0000016172e2e400: 1841 81f8 | 8874 3100 | 0f85 be3e | 0000 85ed | 0f84 763d | 0000 4d8d | 0cec 488d | 9c24 0001 
  0x0000016172e2e420: 0000 498b | 01a8 020f | 8523 0000 | 0048 83c8 | 0148 8903 | f049 0fb1 | 190f 8437 | 0000 0048 
  0x0000016172e2e440: 2bc4 4825 | 07f0 ffff | 4889 03e9 | 2400 0000 | 4c8b d048 | 33c0 f04d | 0fb1 7a3e | 48c7 0303 
  0x0000016172e2e460: 0000 0074 | 114c 3bf8 | 7515 49ff | 8286 0000 | 0048 33c0 | 7509 49ff | 8748 0500 | 0033 c00f 
  0x0000016172e2e480: 8597 3e00 | 0045 3b64 | ec30 0f85 | 5623 0000 | 450f b654 | ec12 4585 | d20f 85a1 | 1000 0048 
  0x0000016172e2e4a0: 8d84 2400 | 0100 0048 | 8338 000f | 8479 0000 | 004d 8b11 | 41f6 c202 | 0f84 6200 | 0000 4983 
  0x0000016172e2e4c0: ba86 0000 | 0000 7409 | 49ff 8a86 | 0000 00eb | 4b49 8b82 | 9600 0000 | 490b 828e | 0000 0075 
  0x0000016172e2e4e0: 0a49 c742 | 3e00 0000 | 00eb 3d49 | 83ba 9e00 | 0000 0074 | 2248 33c0 | 49c7 423e | 0000 0000 
  0x0000016172e2e500: ;   {no_reloc}
  0x0000016172e2e500: f083 0424 | 0049 83ba | 9e00 0000 | 0075 0df0 | 4d0f b17a | 3e75 0583 | c801 eb0c | a800 eb08 
  0x0000016172e2e520: 4c8b 10f0 | 4d0f b111 | 750a 49ff | 8f48 0500 | 0045 33d2 | 0f85 703e | 0000 458b | 5320 438b 
  0x0000016172e2e540: 6cd4 1845 | 8b44 ec08 

  0x0000016172e2e548: ;   {metadata('java/util/jar/JarFile')}
  0x0000016172e2e548: 4181 f8c0 | e816 000f | 8586 3e00 | 0049 8d0c | ec8b 5928 | 85db 0f84 | 6910 0000 | 418b 6cdc 
  0x0000016172e2e568: 0c41 807f | 4000 0f85 | 111c 0000 

  0x0000016172e2e574: ; implicit exception: dispatches to 0x0000016172e35508
  0x0000016172e2e574: 458b 4cec | 084c 8bc1 | 4d8b d34c | 896c 2420 | 4d8b 5cdc 

  0x0000016172e2e588: ;   {oop(a 'java/lang/Class'{0x00000007408ac3a8} = 'java/lang/ref/SoftReference')}
  0x0000016172e2e588: 2048 b9a8 | c38a 4007 | 0000 0048 | 8b49 704c | 3bd9 0f85 | 780f 0000 

  0x0000016172e2e5a0: ;   {metadata('java/util/jar/Manifest')}
  0x0000016172e2e5a0: 4181 f9b8 | fa04 000f | 85bb 6a00 | 0048 c1e5 | 034c 8bf5 | 4c8b 6c24 | 204c 8b94 | 24b0 0000 
  0x0000016172e2e5c0: 0045 8b52 | 3845 85d2 | 0f84 2a3b | 0000 4c8b | 8c24 d800 | 0000 418b | 410c 85c0 | 0f84 9708 
  0x0000016172e2e5e0: 0000 438b | 4cd4 2885 | c90f 8442 | 0f00 0045 | 8b5c cc0c | 4585 db0f | 8647 4700 | 0044 8bd0 
  0x0000016172e2e600: 41c1 ea10 | 4433 d04d | 8d04 cc41 | 81e2 ffff | ff7f 41ff | cb45 23da | 4d63 db47 | 8b5c 9810 
  0x0000016172e2e620: 4585 db0f | 8473 efff | ff43 8b4c | dc0c 413b | ca0f 8421 | 0100 0085 | c90f 8c59 | 3100 004b 
  0x0000016172e2e640: 8d0c dc49 | bb00 0031 | 7761 0100 | 008b 4918 | 85c9 0f84 | 4eef ffff | 48c1 e103 | 448b 410c 
  0x0000016172e2e660: 498b af50 | 0400 0048 | 8b9c 24a8 | 0000 0048 | 8b94 24b0 

  0x0000016172e2e674: ; ImmutableOopMap {r9=Oop rcx=Oop rbx=Oop rdx=Oop r13=Oop r14=Oop [48]=Oop [128]=Oop [136]=NarrowOop [168]=Oop [176]=Oop }
                      ;*if_icmpne {reexecute=1 rethrow=0 return_oop=0}
                      ; - (reexecute) java.util.concurrent.ConcurrentHashMap::get@127 (line 946)
                      ; - java.lang.ClassLoader::getDefinedPackage@13 (line 2263)
                      ; - java.net.URLClassLoader::getAndVerifyPackage@2 (line 457)
                      ; - java.net.URLClassLoader::defineClass@46 (line 492)
                      ; - java.net.URLClassLoader$1::run@43 (line 427)
                      ; - java.net.URLClassLoader$1::run@1 (line 421)
                      ; - java.security.AccessController::executePrivileged@29 (line 809)
                      ; - java.security.AccessController::doPrivileged@13 (line 714)
                      ; - java.net.URLClassLoader::findClass@13 (line 420)
                      ;   {poll}
  0x0000016172e2e674: 0000 0085 | 4500 453b | c274 1344 | 8b41 1845 | 85c0 0f84 | 1aef ffff | 4b8d 0cc4 | ebca 8b69 
  0x0000016172e2e694: 104c 8bc5 | 49c1 e003 | 4d3b c10f | 849a 0000 | 0085 ed0f | 845b 5500 | 0048 894c | 2460 4489 
  0x0000016172e2e6b4: 5424 244c | 8974 2448 | 4c89 4c24 | 404c 895c | 2438 4c89 | 6c24 2844 | 8b94 2488 | 0000 0044 
  0x0000016172e2e6d4: 8954 2420 | 4d8d 04ec | 498b d14c | 8b94 24b0 | 0000 004c | 8954 2470 | 4889 5c24 | 7866 6690 
  0x0000016172e2e6f4: ;   {optimized virtual_call}
  0x0000016172e2e6f4: c5f8 77e8 

  0x0000016172e2e6f8: ; ImmutableOopMap {[32]=NarrowOop [40]=Oop [48]=Oop [64]=Oop [72]=Oop [96]=Oop [112]=Oop [120]=Oop [128]=Oop [168]=Oop [176]=Oop }
                      ;*invokevirtual equals {reexecute=0 rethrow=0 return_oop=0}
                      ; - java.util.concurrent.ConcurrentHashMap::get@149 (line 947)
                      ; - java.lang.ClassLoader::getDefinedPackage@13 (line 2263)
                      ; - java.net.URLClassLoader::getAndVerifyPackage@2 (line 457)
                      ; - java.net.URLClassLoader::defineClass@46 (line 492)
                      ; - java.net.URLClassLoader$1::run@43 (line 427)
                      ; - java.net.URLClassLoader$1::run@1 (line 421)
                      ; - java.security.AccessController::executePrivileged@29 (line 809)
                      ; - java.security.AccessController::doPrivileged@13 (line 714)
                      ; - java.net.URLClassLoader::findClass@13 (line 420)
  0x0000016172e2e6f8: c482 d300 

  0x0000016172e2e6fc: ;   {other}
  0x0000016172e2e6fc: 0f1f 8400 | ec22 0013 | 4d8b 9750 

  0x0000016172e2e708: ; ImmutableOopMap {[32]=NarrowOop [40]=Oop [48]=Oop [64]=Oop [72]=Oop [96]=Oop [112]=Oop [120]=Oop [128]=Oop [168]=Oop [176]=Oop }
                      ;*ifeq {reexecute=1 rethrow=0 return_oop=0}
                      ; - (reexecute) java.util.concurrent.ConcurrentHashMap::get@152 (line 947)
                      ; - java.lang.ClassLoader::getDefinedPackage@13 (line 2263)
                      ; - java.net.URLClassLoader::getAndVerifyPackage@2 (line 457)
                      ; - java.net.URLClassLoader::defineClass@46 (line 492)
                      ; - java.net.URLClassLoader$1::run@43 (line 427)
                      ; - java.net.URLClassLoader$1::run@1 (line 421)
                      ; - java.security.AccessController::executePrivileged@29 (line 809)
                      ; - java.security.AccessController::doPrivileged@13 (line 714)
                      ; - java.net.URLClassLoader::findClass@13 (line 420)
                      ;   {poll}
  0x0000016172e2e708: 0400 0041 | 8502 85c0 | 0f84 7324 | 0000 448b | 5c24 2044 | 899c 2488 | 0000 004c | 8b54 2428 
  0x0000016172e2e728: 4c8b 5c24 | 384c 8b4c | 2440 4c8b | 7424 4848 | 8b4c 2460 | 4d8b ea8b | 6914 85ed | 0f84 5cee 
  0x0000016172e2e748: ffff 410f | b651 1141 | 8b41 0ce9 | 4f01 0000 | 438b 6cdc | 104c 8bc5 | 49c1 e003 | 4d3b c10f 
  0x0000016172e2e768: 841a 0100 | 0041 8b4c | ec08 4d8d | 04ec 4d3b | c80f 8408 

  0x0000016172e2e77c: ;   {metadata('java/lang/String')}
  0x0000016172e2e77c: 0100 0081 | f978 e800 | 000f 8531 | 4700 0041 | 0fbe 7910 | 410f be68 | 103b fd0f | 8557 5000 
  0x0000016172e2e79c: 0041 8b78 | 1445 8b41 | 1441 8b5c | fc0c 438b | 4cc4 0c3b | cb0f 8505 | 4700 0049 | 8d1c fc49 
  0x0000016172e2e7bc: 8d74 fc10 | 4b8d 1cc4 | 4b8d 7cc4 | 1085 c90f | 849d 0000 | 008b c183 | e01f 83e1 | e00f 844b 
  0x0000016172e2e7dc: 0000 0048 | 8d3c 0f48 | 8d34 0e48 | f7d9 c5fe | 6f0c 0fc5 | fe6f 040e | c5f5 efc8 | c4e2 7d17 
  0x0000016172e2e7fc: c90f 8572 | 0000 0048 | 83c1 2075 | e185 c00f | 845d 0000 | 00c5 fe6f | 4c07 e0c5 | fe6f 4406 
  0x0000016172e2e81c: e0c5 f5ef | c8c4 e27d | 17c9 754d | eb44 8bc8 | 83e1 fc74 | 1948 8d3c | 0f48 8d34 | 0e48 f7d9 
  0x0000016172e2e83c: 8b1c 0f3b | 1c0e 7531 | 4883 c104 | 75f2 a802 | 7412 0fb7 | 1f0f b70e | 3bd9 751d | 488d 7f02 
  0x0000016172e2e85c: 488d 7602 | a801 740a | 0fb6 1f0f | b60e 3bd9 | 7507 b801 | 0000 00eb | 0233 c0c5 | f5ef c9c5 
  0x0000016172e2e87c: ;   {no_reloc}
  0x0000016172e2e87c: fdef c085 | c00f 8435 | 4600 0043 | 8b6c dc14 | 85ed 0f84 | 901e 0000 | 418b 410c | 410f b651 
  0x0000016172e2e89c: 1149 bb00 | 0031 7761 | 0100 0045 | 8b54 ec08 

  0x0000016172e2e8ac: ;   {metadata('java/lang/Package')}
  0x0000016172e2e8ac: 4181 fae8 | bd01 000f | 859b 6500 | 0045 8b41 | 1443 8b4c | c40c 4d8d | 14ec 458b | 5210 85c9 
  0x0000016172e2e8cc: 0f86 e63f | 0000 488b | 8c24 b000 | 0000 8b49 | 3885 c90f | 8483 3f00 | 0085 c00f | 84c5 0800 
  0x0000016172e2e8ec: 0041 8b7c | cc28 85ff | 0f84 f902 | 0000 458b | 44fc 0c45 | 85c0 0f86 | a848 0000 | 8bc8 c1e9 
  0x0000016172e2e90c: 1033 c849 | 8d1c fc81 | e1ff ffff | 7f41 ffc8 | 4423 c14d | 63c0 468b | 4483 1045 | 85c0 0f84 
  0x0000016172e2e92c: c302 0000 | 438b 7cc4 | 0c3b f90f | 85a7 0100 | 0043 8b6c | c410 488b | dd48 c1e3 | 0349 3bd9 
  0x0000016172e2e94c: 0f84 6b01 | 0000 418b | 5cec 0849 | 8d3c ec4c | 3bcf 0f84 | 5901 0000 

  0x0000016172e2e964: ;   {metadata('java/lang/String')}
  0x0000016172e2e964: 81fb 78e8 | 0000 0f85 | 024e 0000 | c4c1 796e | f0c5 f96e | e1c4 c179 | 6eda c4c1 | f96e d64d 
  0x0000016172e2e984: 8bf3 498b | d54c 8b84 | 24a8 0000 | 004c 8b9c | 24b0 0000 | 0045 0fbe | 5110 418b | cac4 c1f9 
  0x0000016172e2e9a4: 6ec9 0fbe | 6f10 443b | d50f 85f9 | 4f00 0044 | 8b57 14c4 | c1f9 7ec9 | 418b 5914 | 478b 4cd4 
  0x0000016172e2e9c4: 0c41 8b4c | dc0c 413b | c90f 8587 | 4d00 004f | 8d0c d44b | 8d74 d410 | 4d8d 14dc | 498d 7cdc 
  0x0000016172e2e9e4: 1085 c90f | 849d 0000 | 008b c183 | e01f 83e1 | e00f 844b | 0000 0048 | 8d3c 0f48 | 8d34 0e48 
  0x0000016172e2ea04: f7d9 c5fe | 6f3c 0fc5 | fe6f 2c0e | c5c5 effd | c4e2 7d17 | ff0f 8572 | 0000 0048 | 83c1 2075 
  0x0000016172e2ea24: e185 c00f | 845d 0000 | 00c5 fe6f | 7c07 e0c5 | fe6f 6c06 | e0c5 c5ef | fdc4 e27d | 17ff 754d 
  0x0000016172e2ea44: eb44 8bc8 | 83e1 fc74 | 1948 8d3c | 0f48 8d34 | 0e48 f7d9 | 8b1c 0f3b | 1c0e 7531 

  0x0000016172e2ea60: ;   {no_reloc}
  0x0000016172e2ea60: 4883 c104 | 75f2 a802 | 7412 0fb7 | 1f0f b70e | 3bd9 751d | 488d 7f02 | 488d 7602 | a801 740a 
  0x0000016172e2ea80: 0fb6 1f0f | b60e 3bd9 | 7507 b801 | 0000 00eb | 0233 c0c5 | c5ef ffc5 | d5ef ed85 | c00f 849d 
  0x0000016172e2eaa0: 4c00 004d | 8bde c4c1 | f97e c9c4 | c1f9 7ed6 | c4c1 797e | dac4 c179 | 7ef0 4c8b | ea43 8b6c 
  0x0000016172e2eac0: c414 85ed | 0f84 2901 | 0000 418b 

  0x0000016172e2eacc: ;   {metadata('java/lang/Package')}
  0x0000016172e2eacc: 4cec 0881 | f9e8 bd01 | 000f 851d | 6500 004d | 8d14 ece9 | f401 0000 | 85ff 0f8c | b32d 0000 
  0x0000016172e2eaec: 4b8d 1cc4 | 448b 4318 | 4585 c00f | 84f6 0000 | 004b 8d1c | c48b 7b0c | 498b af50 | 0400 004c 
  0x0000016172e2eb0c: 8b84 24a8 | 0000 0048 | 8bb4 24b0 

  0x0000016172e2eb18: ; ImmutableOopMap {r10=NarrowOop r8=Oop r9=Oop rbx=Oop rsi=Oop r13=Oop r14=Oop [48]=Oop [128]=Oop [136]=NarrowOop [168]=Oop [176]=Oop }
                      ;*if_icmpne {reexecute=1 rethrow=0 return_oop=0}
                      ; - (reexecute) java.util.concurrent.ConcurrentHashMap::get@127 (line 946)
                      ; - java.lang.ClassLoader::definePackage@47 (line 2125)
                      ; - java.lang.ClassLoader::getDefinedPackage@32 (line 2267)
                      ; - java.net.URLClassLoader::getAndVerifyPackage@2 (line 457)
                      ; - java.net.URLClassLoader::defineClass@46 (line 492)
                      ; - java.net.URLClassLoader$1::run@43 (line 427)
                      ; - java.net.URLClassLoader$1::run@1 (line 421)
                      ; - java.security.AccessController::executePrivileged@29 (line 809)
                      ; - java.security.AccessController::doPrivileged@13 (line 714)
                      ; - java.net.URLClassLoader::findClass@13 (line 420)
                      ;   {poll}
  0x0000016172e2eb18: 0000 0085 | 4500 3bf9 | 7413 448b | 4318 4585 | c00f 84c4 | 0000 004b | 8d1c c4eb | cc8b 6b10 
  0x0000016172e2eb38: 4c8b c549 | c1e0 034d | 3bc1 0f84 | a000 0000 | 85ed 0f84 | 9851 0000 | 4889 5c24 | 6889 4c24 
  0x0000016172e2eb58: 6044 8954 | 2424 4c89 | 7424 484c | 894c 2440 | 4c89 5c24 | 384c 896c | 2428 448b | 9424 8800 
  0x0000016172e2eb78: 0000 4489 | 5424 204d | 8d04 ec49 | 8bd1 488b | ac24 a800 | 0000 4889 | b424 9800 | 0000 6690 
  0x0000016172e2eb98: ;   {optimized virtual_call}
  0x0000016172e2eb98: c5f8 77e8 

  0x0000016172e2eb9c: ; ImmutableOopMap {rbp=Oop [32]=NarrowOop [36]=NarrowOop [40]=Oop [48]=Oop [64]=Oop [72]=Oop [104]=Oop [128]=Oop [152]=Oop [168]=Oop [176]=Oop }
                      ;*invokevirtual equals {reexecute=0 rethrow=0 return_oop=0}
                      ; - java.util.concurrent.ConcurrentHashMap::get@149 (line 947)
                      ; - java.lang.ClassLoader::definePackage@47 (line 2125)
                      ; - java.lang.ClassLoader::getDefinedPackage@32 (line 2267)
                      ; - java.net.URLClassLoader::getAndVerifyPackage@2 (line 457)
                      ; - java.net.URLClassLoader::defineClass@46 (line 492)
                      ; - java.net.URLClassLoader$1::run@43 (line 427)
                      ; - java.net.URLClassLoader$1::run@1 (line 421)
                      ; - java.security.AccessController::executePrivileged@29 (line 809)
                      ; - java.security.AccessController::doPrivileged@13 (line 714)
                      ; - java.net.URLClassLoader::findClass@13 (line 420)
  0x0000016172e2eb9c: 207e d300 

  0x0000016172e2eba0: ;   {other}
  0x0000016172e2eba0: 0f1f 8400 | 9027 0016 | 4d8b 9750 

  0x0000016172e2ebac: ; ImmutableOopMap {rbp=Oop [32]=NarrowOop [36]=NarrowOop [40]=Oop [48]=Oop [64]=Oop [72]=Oop [104]=Oop [128]=Oop [152]=Oop [168]=Oop [176]=Oop }
                      ;*ifeq {reexecute=1 rethrow=0 return_oop=0}
                      ; - (reexecute) java.util.concurrent.ConcurrentHashMap::get@152 (line 947)
                      ; - java.lang.ClassLoader::definePackage@47 (line 2125)
                      ; - java.lang.ClassLoader::getDefinedPackage@32 (line 2267)
                      ; - java.net.URLClassLoader::getAndVerifyPackage@2 (line 457)
                      ; - java.net.URLClassLoader::defineClass@46 (line 492)
                      ; - java.net.URLClassLoader$1::run@43 (line 427)
                      ; - java.net.URLClassLoader$1::run@1 (line 421)
                      ; - java.security.AccessController::executePrivileged@29 (line 809)
                      ; - java.security.AccessController::doPrivileged@13 (line 714)
                      ; - java.net.URLClassLoader::findClass@13 (line 420)
                      ;   {poll}
  0x0000016172e2ebac: 0400 0041 | 8502 85c0 | 0f84 c62a | 0000 448b | 5424 2044 | 8994 2488 | 0000 004c | 8b44 2428 
  0x0000016172e2ebcc: 4c8b 5c24 | 384c 8b4c | 2440 4c8b | 7424 4844 | 8b54 2424 | 488b 5c24 | 684d 8be8 | 8b6b 1485 
  0x0000016172e2ebec: ed0f 85d7 | feff ff4c | 8b84 24b0 | 0000 0041 | 8b68 3849 | 8b8f b801 | 0000 4c8b | c149 83c0 
  0x0000016172e2ec0c: 184d 3b87 | c801 0000 | 0f83 7e30 | 0000 4d89 | 87b8 0100 | 0041 0f18 | 8000 0100 | 0048 c701 
  0x0000016172e2ec2c: 0100 0000 

  0x0000016172e2ec30: ;   {metadata('java/lang/ClassLoader$$Lambda+0x0000016103066d58')}
  0x0000016172e2ec30: c741 0858 | 6d06 014c | 8961 104c | 8b84 24b0 | 0000 0049 | 8bd8 48c1 | eb03 8959 | 0c44 8951 
  0x0000016172e2ec50: 1085 ed0f | 84e1 4700 | 004c 8974 | 2460 4c89 | 4c24 704c | 895c 2428 | 4c89 6c24 | 2049 8d14 
  0x0000016172e2ec70: ec4d 8bc1 | 4c8b c94c | 8b94 24b0 | 0000 004c | 8954 2440 | 4c89 4424 | 484c 8b94 | 24a8 0000 
  0x0000016172e2ec90: 004c 8994 | 2490 0000 | 0048 8b6c | 2440 6690 

  0x0000016172e2eca0: ;   {optimized virtual_call}
  0x0000016172e2eca0: c5f8 77e8 

  0x0000016172e2eca4: ; ImmutableOopMap {rbp=Oop [32]=Oop [48]=Oop [64]=Oop [72]=Oop [96]=Oop [112]=Oop [128]=Oop [136]=NarrowOop [144]=Oop [168]=Oop [176]=Oop }
                      ;*invokevirtual compute {reexecute=0 rethrow=0 return_oop=1}
                      ; - java.lang.ClassLoader::definePackage@78 (line 2129)
                      ; - java.lang.ClassLoader::getDefinedPackage@32 (line 2267)
                      ; - java.net.URLClassLoader::getAndVerifyPackage@2 (line 457)
                      ; - java.net.URLClassLoader::defineClass@46 (line 492)
                      ; - java.net.URLClassLoader$1::run@43 (line 427)
                      ; - java.net.URLClassLoader$1::run@1 (line 421)
                      ; - java.security.AccessController::executePrivileged@29 (line 809)
                      ; - java.security.AccessController::doPrivileged@13 (line 714)
                      ; - java.net.URLClassLoader::findClass@13 (line 420)
  0x0000016172e2eca4: d8fd 4fff 

  0x0000016172e2eca8: ;   {other}
  0x0000016172e2eca8: 0f1f 8400 | 9828 0018 

  0x0000016172e2ecb0: ; implicit exception: dispatches to 0x0000016172e35640
  0x0000016172e2ecb0: 448b 5808 

  0x0000016172e2ecb4: ;   {metadata('java/lang/Package')}
  0x0000016172e2ecb4: 4181 fbe8 | bd01 000f | 85fb 6100 | 004c 8bd0 | 4c8b 5c24 | 284c 8b4c | 2448 4c8b | 7424 604c 
  0x0000016172e2ecd4: 8b6c 2420 | 418b 4a10 

  0x0000016172e2ecdc: ; implicit exception: dispatches to 0x0000016172e3530c
  0x0000016172e2ecdc: 458b 44cc | 1c45 85c0 | 0f85 4a42 | 0000 458b | 4214 438b | 6cc4 2485 | ed0f 852d | 4500 004d 
  0x0000016172e2ecfc: 85f6 0f84 | 06e9 ffff 

  0x0000016172e2ed04: ;   {oop(a 'java/lang/Class'{0x00000007409e9cf0} = 'jdk/internal/access/SharedSecrets')}
  0x0000016172e2ed04: 49b8 f09c | 9e40 0700 | 0000 458b | 80d4 0000 | 0043 8b54 | c408 410f | be49 1085 | c90f 8581 
  0x0000016172e2ed24: 4200 0041 | 8b49 1441 | 8b5c cc0c | 4c89 6c24 | 204b 8d2c | c485 db0f | 86c0 e2ff | ff8d 73ff 
  0x0000016172e2ed44: 3bf3 0f83 | e03b 0000 | 8974 243c | 4889 6c24 | 4089 9c24 | a400 0000 | 898c 24bc | 0000 0089 
  0x0000016172e2ed64: 5424 3844 | 8984 24b8 | 0000 004c | 8954 2478 | 4c89 7424 | 684c 894c | 2460 4c89 | 5c24 2844 
  0x0000016172e2ed84: 8d5b fd44 | 895c 2448 | 4d8d 14cc | 4c89 5424 | 7041 807c | cc10 2e0f | 8448 0d00 | 0044 8b54 
  0x0000016172e2eda4: 2448 4183 | fa01 0f8e | 8a19 0000 | bd01 0000 | 0044 8b8c | 24a4 0000 | 0044 2bcd | 4183 c1fd 
  0x0000016172e2edc4: 448b 5424 | 4845 33c0 | 443b d545 | 0f4c c841 | 81f9 a00f | 0000 41bb | a00f 0000 | 450f 47cb 
  0x0000016172e2ede4: 4403 cdeb | 0a0f 1f80 | 0000 0000 | 418b e84c | 63c5 4c8b | 5424 7047 | 0fbe 5402 

  0x0000016172e2ee00: ;   {no_reloc}
  0x0000016172e2ee00: 1041 83fa | 2e0f 8407 | 0100 004c | 8b54 2470 | 470f be5c | 0211 4183 | fb2e 0f84 | eb00 0000 
  0x0000016172e2ee20: 470f be54 | 0212 4183 | fa2e 0f84 | df00 0000 | 4c8b 5424 | 7047 0fbe | 5402 1341 | 83fa 2e0f 
  0x0000016172e2ee40: 84c3 0000 | 0044 8d45 | 0445 3bc1 | 7ca2 4d8b | 9f50 0400 

  0x0000016172e2ee54: ; ImmutableOopMap {[32]=Oop [48]=Oop [64]=Oop [96]=Oop [104]=Oop [112]=Oop [120]=Oop [128]=Oop [136]=NarrowOop [168]=Oop [176]=Oop [184]=NarrowOop [188]=NarrowOop }
                      ;*if_icmpne {reexecute=1 rethrow=0 return_oop=0}
                      ; - (reexecute) java.lang.StringLatin1::replace@28 (line 298)
                      ; - java.lang.String::replace@18 (line 2933)
                      ; - java.net.URLClassLoader::isSealed@9 (line 601)
                      ; - java.net.URLClassLoader::getAndVerifyPackage@68 (line 469)
                      ; - java.net.URLClassLoader::defineClass@46 (line 492)
                      ; - java.net.URLClassLoader$1::run@43 (line 427)
                      ; - java.net.URLClassLoader$1::run@1 (line 421)
                      ; - java.security.AccessController::executePrivileged@29 (line 809)
                      ; - java.security.AccessController::doPrivileged@13 (line 714)
                      ; - java.net.URLClassLoader::findClass@13 (line 420)
  0x0000016172e2ee54: 0083 c503 

  0x0000016172e2ee58: ;   {poll}
  0x0000016172e2ee58: 4185 0344 | 3b44 2448 | 0f8d da18 | 0000 418b | e8e9 47ff | ffff 41b9 | 2f00 0000 | e92e edff 
  0x0000016172e2ee78: ff45 0fb6 | 4111 4585 | c00f 85ac | 1800 0045 | 0fbe 4110 | 4585 c00f | 85ab 4a00 | 004c 8974 
  0x0000016172e2ee98: 2438 4c89 | 6c24 2045 | 8b41 144b | 8d2c d444 | 8954 2440 | 498b d048 | c1e2 034c | 8b94 24a8 
  0x0000016172e2eeb8: 0000 004c | 8954 2448 | 4c8b 9424 | b000 0000 | 4c89 5424 | 6866 6690 

  0x0000016172e2eed0: ;   {static_call}
  0x0000016172e2eed0: c5f8 77e8 

  0x0000016172e2eed4: ; ImmutableOopMap {rbp=Oop [32]=Oop [48]=Oop [56]=Oop [64]=NarrowOop [72]=Oop [104]=Oop [128]=Oop [136]=NarrowOop [168]=Oop [176]=Oop [216]=Oop }
                      ;*invokestatic hashCode {reexecute=0 rethrow=0 return_oop=0}
                      ; - java.lang.String::hashCode@27 (line 2369)
                      ; - java.util.concurrent.ConcurrentHashMap::get@1 (line 936)
                      ; - java.lang.ClassLoader::getDefinedPackage@13 (line 2263)
                      ; - java.net.URLClassLoader::getAndVerifyPackage@2 (line 457)
                      ; - java.net.URLClassLoader::defineClass@46 (line 492)
                      ; - java.net.URLClassLoader$1::run@43 (line 427)
                      ; - java.net.URLClassLoader$1::run@1 (line 421)
                      ; - java.security.AccessController::executePrivileged@29 (line 809)
                      ; - java.security.AccessController::doPrivileged@13 (line 714)
                      ; - java.net.URLClassLoader::findClass@13 (line 420)
  0x0000016172e2eed4: e8cb c2ff 

  0x0000016172e2eed8: ;   {other}
  0x0000016172e2eed8: 0f1f 8400 | c82a 001a | 85c0 0f84 | ea1a 0000 | 4c8b 8c24 | d800 0000 | 4189 410c | 4c8b 7424 
  0x0000016172e2eef8: 3844 8b54 | 2440 4c8b | 6c24 20e9 | daf6 ffff | 83c5 02ff | c5eb 0383 | c502 3bac | 24a4 0000 
  0x0000016172e2ef18: 000f 8db6 | e0ff ff44 | 8b94 24a4 | 0000 0041 | 81fa 0000 | 1000 0f87 | fa28 0000 | 4d8b 87b8 
  0x0000016172e2ef38: 0100 004d | 63da 4983 | c317 4983 | e3f8 4d8b | d04d 03d3 | 4d3b 97c8 | 0100 000f | 83d5 2800 
  0x0000016172e2ef58: 004d 8997 | b801 0000 | 410f 1882 | 0001 0000 | 49c7 0001 | 0000 0041 | 0f18 8240 

  0x0000016172e2ef74: ;   {metadata({type array byte})}
  0x0000016172e2ef74: 0100 0041 | c740 0818 | 2300 0044 | 8b9c 24a4 | 0000 0045 | 8958 0c41 | 0f18 8280 | 0100 0085 
  0x0000016172e2ef94: ed0f 8eba | 0000 008d | 5dff 3b9c | 24a4 0000 | 000f 8319 | 4400 0044 | 8b9c 24a4 | 0000 0045 
  0x0000016172e2efb4: 85db 0f86 | 0844 0000 | 448b 9424 | bc00 0000 | 470f be54 | d410 4588 | 5010 83fb | 010f 8e59 
  0x0000016172e2efd4: 4400 00b9 | 0100 0000 | 8bfd 2bf9 | ffcf 4533 | c93b d941 | 0f4c f981 | ffd0 0700 | 0041 bbd0 
  0x0000016172e2eff4: 0700 0041 | 0f47 fb03 | f966 6690 | 4c63 d14c | 8b5c 2470 | 470f be5c | 1310 4788 | 5c10 104c 
  0x0000016172e2f014: 8b5c 2470 | 470f be4c | 1311 4788 | 4c10 1183 | c102 3bcf | 7cd6 4d8b | 9750 0400 

  0x0000016172e2f030: ; ImmutableOopMap {r11=Oop r8=Oop [32]=Oop [48]=Oop [64]=Oop [96]=Oop [104]=Oop [112]=Oop [120]=Oop [128]=Oop [136]=NarrowOop [168]=Oop [176]=Oop [184]=NarrowOop [188]=NarrowOop }
                      ;*goto {reexecute=1 rethrow=0 return_oop=0}
                      ; - (reexecute) java.lang.StringLatin1::replace@76 (line 305)
                      ; - java.lang.String::replace@18 (line 2933)
                      ; - java.net.URLClassLoader::isSealed@9 (line 601)
                      ; - java.net.URLClassLoader::getAndVerifyPackage@68 (line 469)
                      ; - java.net.URLClassLoader::defineClass@46 (line 492)
                      ; - java.net.URLClassLoader$1::run@43 (line 427)
                      ; - java.net.URLClassLoader$1::run@1 (line 421)
                      ; - java.security.AccessController::executePrivileged@29 (line 809)
                      ; - java.security.AccessController::doPrivileged@13 (line 714)
                      ; - java.net.URLClassLoader::findClass@13 (line 420)
                      ;   {poll}
  0x0000016172e2f030: 0041 8502 | 3bcb 7ca4 | 3bcd 7d19 | 4c63 d14c | 8b5c 2470 | 470f be4c | 1310 4788 | 4c10 10ff 
  0x0000016172e2f050: c13b cd7c | e73b ac24 | a400 0000 | 0f8d 6c0d | 0000 3bac | 24a4 0000 | 000f 83fd | 3d00 0044 
  0x0000016172e2f070: 8b5c 243c | 443b 9c24 | a400 0000 | 0f83 ea3d | 0000 448d | 5d01 4c63 | d54c 8b4c | 2470 430f 
  0x0000016172e2f090: be4c 1110 | 83f9 2e0f | 8471 0400 | 0043 884c | 1010 448d | 4d01 453b | cb7d 0541 | 8be9 ebd6 
  0x0000016172e2f0b0: 443b 4c24 | 480f 8d99 | deff ffff | c5e9 9e00 | 0000 41ba | 2f00 0000 | 0f1f 8400 | 0000 0000 
  0x0000016172e2f0d0: 4788 5418 | 114c 8b54 | 2470 470f | be54 1a12 | 4183 fa2e | 744e 4788 | 5418 124c | 8b54 2470 
  0x0000016172e2f0f0: 470f be54 | 1a13 4183 | fa2e 7448 | 4788 5418 | 1383 c504 | 3be9 7d44 | 4c63 dd4c | 8b54 2470 
  0x0000016172e2f110: 470f be54 | 1a10 4183 | fa2e 7420 | 4788 5418 | 104c 8b54 | 2470 470f | be54 1a11 | 4183 fa2e 
  0x0000016172e2f130: ;   {no_reloc}
  0x0000016172e2f130: 759e eb8e | 41ba 2f00 | 0000 ebaa | 41ba 2f00 | 0000 ebd8 | 41ba 2f00 | 0000 ebb0 | 4d8b 9750 
  0x0000016172e2f150: ; ImmutableOopMap {r8=Oop [32]=Oop [48]=Oop [64]=Oop [96]=Oop [104]=Oop [112]=Oop [120]=Oop [128]=Oop [136]=NarrowOop [168]=Oop [176]=Oop [184]=NarrowOop }
                      ;*goto {reexecute=1 rethrow=0 return_oop=0}
                      ; - (reexecute) java.lang.StringLatin1::replace@113 (line 312)
                      ; - java.lang.String::replace@18 (line 2933)
                      ; - java.net.URLClassLoader::isSealed@9 (line 601)
                      ; - java.net.URLClassLoader::getAndVerifyPackage@68 (line 469)
                      ; - java.net.URLClassLoader::defineClass@46 (line 492)
                      ; - java.net.URLClassLoader$1::run@43 (line 427)
                      ; - java.net.URLClassLoader$1::run@1 (line 421)
                      ; - java.security.AccessController::executePrivileged@29 (line 809)
                      ; - java.security.AccessController::doPrivileged@13 (line 714)
                      ; - java.net.URLClassLoader::findClass@13 (line 420)
                      ;   {poll}
  0x0000016172e2f150: 0400 0041 | 8502 3b6c | 2448 0f8d | f7dd ffff | 8b8c 24a4 | 0000 002b | cd83 c1fd | 448b 5424 
  0x0000016172e2f170: 4845 33c9 | 443b d541 | 0f4c c981 | f9a0 0f00 | 0041 bba0 | 0f00 0041 | 0f47 cb03 | cde9 76ff 
  0x0000016172e2f190: ffff 4c8b | 9424 a800 | 0000 4c89 | 9424 d800 | 0000 e91a | f2ff ff41 | b82f 0000 | 00e9 ddea 
  0x0000016172e2f1b0: ffff 85d2 | 0f85 1b16 | 0000 410f | be79 1085 | ff0f 852d | 4900 0044 | 8954 2424 | 4c89 7424 
  0x0000016172e2f1d0: 484c 894c | 2440 4c89 | 5c24 384c | 896c 2428 | 448b 9c24 | 8800 0000 | 4489 5c24 | 2049 8bd0 
  0x0000016172e2f1f0: 48c1 e203 | 498d 2ccc | 894c 2460 | 4c8b 9424 | a800 0000 | 4c89 5424 | 684c 8b94 | 24b0 0000 
  0x0000016172e2f210: 004c 8954 | 2478 6690 

  0x0000016172e2f218: ;   {static_call}
  0x0000016172e2f218: c5f8 77e8 

  0x0000016172e2f21c: ; ImmutableOopMap {rbp=Oop [32]=NarrowOop [36]=NarrowOop [40]=Oop [48]=Oop [64]=Oop [72]=Oop [96]=NarrowOop [104]=Oop [120]=Oop [128]=Oop [168]=Oop [176]=Oop }
                      ;*invokestatic hashCode {reexecute=0 rethrow=0 return_oop=0}
                      ; - java.lang.String::hashCode@27 (line 2369)
                      ; - java.util.concurrent.ConcurrentHashMap::get@1 (line 936)
                      ; - java.lang.ClassLoader::definePackage@47 (line 2125)
                      ; - java.lang.ClassLoader::getDefinedPackage@32 (line 2267)
                      ; - java.net.URLClassLoader::getAndVerifyPackage@2 (line 457)
                      ; - java.net.URLClassLoader::defineClass@46 (line 492)
                      ; - java.net.URLClassLoader$1::run@43 (line 427)
                      ; - java.net.URLClassLoader$1::run@1 (line 421)
                      ; - java.security.AccessController::executePrivileged@29 (line 809)
                      ; - java.security.AccessController::doPrivileged@13 (line 714)
                      ; - java.net.URLClassLoader::findClass@13 (line 420)
  0x0000016172e2f21c: 60fe 4fff 

  0x0000016172e2f220: ;   {other}
  0x0000016172e2f220: 0f1f 8400 | 102e 001d | 85c0 0f84 | 601a 0000 | 4c8b 4c24 | 4041 8941 | 0c44 8b54 | 2420 4489 
  0x0000016172e2f240: 9424 8800 | 0000 4c8b | 4424 284c | 8b5c 2438 | 4c8b 7424 | 4844 8b54 | 2424 8b4c | 2460 4d8b 
  0x0000016172e2f260: e8e9 87f6 | ffff 0fb6 | 7911 85ff | 0f85 6a15 | 0000 0fbe | 5110 85d2 | 0f85 f648 | 0000 4889 
  0x0000016172e2f280: 4424 7044 | 8944 2468 | 4889 4c24 | 604c 8954 | 2448 4c89 | 7424 404c | 894c 2438 | 4c89 5c24 
  0x0000016172e2f2a0: 288b ac24 | 8800 0000 | 448b 5114 | 498b d248 | c1e2 034c | 8b94 24a8 | 0000 004c | 8954 2478 
  0x0000016172e2f2c0: ;   {static_call}
  0x0000016172e2f2c0: c5f8 77e8 

  0x0000016172e2f2c4: ; ImmutableOopMap {rbp=NarrowOop [32]=Oop [48]=Oop [56]=Oop [64]=Oop [72]=Oop [96]=Oop [112]=Oop [120]=Oop [128]=Oop [168]=Oop [176]=Oop }
                      ;*invokestatic hashCode {reexecute=0 rethrow=0 return_oop=0}
                      ; - java.lang.String::hashCode@27 (line 2369)
                      ; - java.util.HashMap::hash@9 (line 338)
                      ; - java.util.HashMap::getNode@23 (line 576)
                      ; - java.util.HashMap::get@2 (line 564)
                      ; - java.util.jar.Manifest::getAttributes@5 (line 160)
                      ; - java.util.jar.Manifest::getTrustedAttributes@2 (line 177)
                      ; - java.util.jar.JavaUtilJarAccessImpl::getTrustedAttributes@2 (line 38)
                      ; - java.net.URLClassLoader::isSealed@18 (line 601)
                      ; - java.net.URLClassLoader::getAndVerifyPackage@68 (line 469)
                      ; - java.net.URLClassLoader::defineClass@46 (line 492)
                      ; - java.net.URLClassLoader$1::run@43 (line 427)
                      ; - java.net.URLClassLoader$1::run@1 (line 421)
                      ; - java.security.AccessController::executePrivileged@29 (line 809)
                      ; - java.security.AccessController::doPrivileged@13 (line 714)
                      ; - java.net.URLClassLoader::findClass@13 (line 420)
  0x0000016172e2f2c4: f8c7 c2ff 

  0x0000016172e2f2c8: ;   {other}
  0x0000016172e2f2c8: 0f1f 8400 | b82e 001e | 85c0 0f84 | df23 0000 | 488b 4c24 | 6089 410c | 448b d841 | c1eb 1044 
  0x0000016172e2f2e8: 33d8 448b | 4424 6845 | 23c3 418b | db89 ac24 | 8800 0000 | 4c8b 5c24 | 284c 8b4c | 2438 4c8b 
  0x0000016172e2f308: 7424 404c | 8b54 2448 | 488b 4424 | 70e9 5cdf | ffff 4c8b | 5c24 284c | 8b4c 2438 | 4c8b 7424 
  0x0000016172e2f328: 404c 8b54 | 2448 488b | 4c24 608b | 5c24 688b | 7424 6c41 | 8b54 f418 | 85d2 0f84 | b9e0 ffff 
  0x0000016172e2f348: 458b 44f4 

  0x0000016172e2f34c: ;   {metadata('java/util/HashMap$TreeNode')}
  0x0000016172e2f34c: 0841 81f8 | c817 1a00 | 0f85 4308 | 0000 4889 | 4c24 684c | 8954 2460 | 4c89 7424 | 484c 894c 
  0x0000016172e2f36c: 2440 4c89 | 5c24 384c | 8b54 2420 | 4c89 5424 | 2844 8b94 | 2488 0000 | 0044 8954 | 2420 488b 
  0x0000016172e2f38c: d544 8bc3 | 4c8b c948 | 8bac 24a8 | 0000 0090 

  0x0000016172e2f39c: ;   {optimized virtual_call}
  0x0000016172e2f39c: c5f8 77e8 

  0x0000016172e2f3a0: ; ImmutableOopMap {rbp=Oop [32]=NarrowOop [40]=Oop [48]=Oop [64]=Oop [72]=Oop [96]=Oop [104]=Oop [128]=Oop [168]=Oop [176]=Oop }
                      ;*invokevirtual getTreeNode {reexecute=0 rethrow=0 return_oop=1}
                      ; - java.util.HashMap::getNode@95 (line 582)
                      ; - java.util.HashMap::get@2 (line 564)
                      ; - java.util.jar.Manifest::getAttributes@5 (line 160)
                      ; - java.util.jar.Manifest::getTrustedAttributes@2 (line 177)
                      ; - java.util.jar.JavaUtilJarAccessImpl::getTrustedAttributes@2 (line 38)
                      ; - java.net.URLClassLoader::isSealed@18 (line 601)
                      ; - java.net.URLClassLoader::getAndVerifyPackage@68 (line 469)
                      ; - java.net.URLClassLoader::defineClass@46 (line 492)
                      ; - java.net.URLClassLoader$1::run@43 (line 427)
                      ; - java.net.URLClassLoader$1::run@1 (line 421)
                      ; - java.security.AccessController::executePrivileged@29 (line 809)
                      ; - java.security.AccessController::doPrivileged@13 (line 714)
                      ; - java.net.URLClassLoader::findClass@13 (line 420)
  0x0000016172e2f3a0: dcf6 4fff 

  0x0000016172e2f3a4: ;   {other}
  0x0000016172e2f3a4: 0f1f 8400 | 942f 001f | 4885 c074 | 3848 8be8 | 448b 5c24 | 2044 899c | 2488 0000 | 004c 8b54 
  0x0000016172e2f3c4: 2428 4c89 | 5424 204c | 8b5c 2438 | 4c8b 4c24 | 404c 8b74 | 2448 4c8b | 5424 6048 | 8b4c 2468 
  0x0000016172e2f3e4: e920 dfff | ff44 8b54 | 2420 4489 | 9424 8800 | 0000 4c8b | 5424 284c | 8954 2420 | 4c8b 5c24 
  0x0000016172e2f404: 384c 8b4c | 2440 4c8b | 7424 484c | 8b54 2460 | e9e8 dfff | ff44 8b5c | 2420 4489 | 9c24 8800 
  0x0000016172e2f424: 0000 4c8b | 5424 284c | 8954 2420 | 4c8b 5c24 | 384c 8b4c | 2440 4c8b | 7424 484c | 8b54 2460 
  0x0000016172e2f444: 488b 5c24 | 688b 4c24 | 708b 5424 | 7448 8b7c | 2478 458b | 44d4 1845 | 85c0 0f84 | 31e1 ffff 
  0x0000016172e2f464: 418b 54d4 

  0x0000016172e2f468: ;   {metadata('java/util/HashMap$TreeNode')}
  0x0000016172e2f468: 0881 fac8 | 171a 000f | 853d 0800 | 0048 895c | 2460 4c89 | 5424 484c | 8974 2440 | 4c89 4c24 
  0x0000016172e2f488: 384c 895c | 2428 8bac | 2488 0000 | 0048 8bd7 

  0x0000016172e2f498: ;   {oop(a 'java/util/jar/Attributes$Name'{0x0000000740a64048})}
  0x0000016172e2f498: 448b c149 | b948 40a6 | 4007 0000 | 004c 8b94 | 24a8 0000 | 004c 8954 | 2468 4c8b | 9424 b000 
  0x0000016172e2f4b8: 0000 4c89 | 5424 7890 

  0x0000016172e2f4c0: ;   {optimized virtual_call}
  0x0000016172e2f4c0: c5f8 77e8 

  0x0000016172e2f4c4: ; ImmutableOopMap {rbp=NarrowOop [32]=Oop [48]=Oop [56]=Oop [64]=Oop [72]=Oop [96]=Oop [104]=Oop [120]=Oop [128]=Oop [168]=Oop [176]=Oop }
                      ;*invokevirtual getTreeNode {reexecute=0 rethrow=0 return_oop=1}
                      ; - java.util.HashMap::getNode@95 (line 582)
                      ; - java.util.LinkedHashMap::get@2 (line 536)
                      ; - java.util.jar.Attributes::get@5 (line 106)
                      ; - java.util.jar.Attributes::getValue@2 (line 142)
                      ; - java.net.URLClassLoader::isSealed@58 (line 608)
                      ; - java.net.URLClassLoader::getAndVerifyPackage@68 (line 469)
                      ; - java.net.URLClassLoader::defineClass@46 (line 492)
                      ; - java.net.URLClassLoader$1::run@43 (line 427)
                      ; - java.net.URLClassLoader$1::run@1 (line 421)
                      ; - java.security.AccessController::executePrivileged@29 (line 809)
                      ; - java.security.AccessController::doPrivileged@13 (line 714)
                      ; - java.net.URLClassLoader::findClass@13 (line 420)
  0x0000016172e2f4c4: b8f5 4fff 

  0x0000016172e2f4c8: ;   {other}
  0x0000016172e2f4c8: 0f1f 8400 | b830 0020 | 4885 c074 | 2889 ac24 | 8800 0000 | 4c8b 5c24 | 284c 8b4c | 2438 4c8b 
  0x0000016172e2f4e8: 7424 404c | 8b54 2448 | 488b 5c24 | 6048 8bf8 | e940 e0ff | ff89 ac24 | 8800 0000 | 4c8b 5c24 
  0x0000016172e2f508: 28e9 87e0 | ffff b92f | 0000 00e9 | 85fb ffff | 4989 4cdc | 20e9 7ef0 | ffff 33db | e9f2 d8ff 
  0x0000016172e2f528: ff45 8bd0 | e902 ecff | ff49 bb00 | 0031 7761 | 0100 00e9 | 66e0 ffff | 4c89 4c24 | 384c 895c 
  0x0000016172e2f548: 2470 4c89 | 6c24 2044 | 8b94 2488 | 0000 0044 | 8954 2460 | 498b d141 | b801 0000 | 004c 8b94 
  0x0000016172e2f568: 24b0 0000 | 004c 8954 | 2440 4c8b | 9424 a800 | 0000 4c89 | 5424 4890 

  0x0000016172e2f580: ;   {optimized virtual_call}
  0x0000016172e2f580: c5f8 77e8 

  0x0000016172e2f584: ; ImmutableOopMap {rbp=NarrowOop [32]=Oop [48]=Oop [56]=Oop [64]=Oop [72]=Oop [96]=NarrowOop [112]=Oop [128]=Oop [168]=Oop [176]=Oop [216]=Oop }
                      ;*invokevirtual getManifestName {reexecute=0 rethrow=0 return_oop=1}
                      ; - java.util.zip.ZipFile$1::getManifestName@2 (line 1129)
                      ; - java.util.jar.JarFile::maybeInstantiateVerifier@20 (line 722)
                      ; - java.util.jar.JarFile::ensureInitialization@1 (line 1064)
                      ; - java.util.jar.JavaUtilJarAccessImpl::ensureInitialization@1 (line 42)
                      ; - jdk.internal.loader.URLClassPath$JarLoader$2::getManifest@10 (line 852)
                      ; - java.net.URLClassLoader::defineClass@34 (line 491)
                      ; - java.net.URLClassLoader$1::run@43 (line 427)
                      ; - java.net.URLClassLoader$1::run@1 (line 421)
                      ; - java.security.AccessController::executePrivileged@29 (line 809)
                      ; - java.security.AccessController::doPrivileged@13 (line 714)
                      ; - java.net.URLClassLoader::findClass@13 (line 420)
  0x0000016172e2f584: f841 31f8 

  0x0000016172e2f588: ;   {other}
  0x0000016172e2f588: 0f1f 8400 | 7831 0021 | 4885 c00f | 8512 4800 | 0045 8864 | ec12 453b | 64ec 300f | 8581 2700 
  0x0000016172e2f5a8: 0044 8b5c | 2460 4489 | 9c24 8800 | 0000 4c8b | 5424 204c | 8b5c 2470 | 4c8b 4c24 | 384d 8bea 
  0x0000016172e2f5c8: e9d2 eeff | ff48 894c | 2428 4c89 | 5c24 704c | 896c 2420 | 488b d14c | 8b94 24b0 | 0000 004c 
  0x0000016172e2f5e8: 8954 2438 | 4c8b 9424 | a800 0000 | 4c89 5424 | 4048 8b6c | 2438 6690 

  0x0000016172e2f600: ;   {optimized virtual_call}
  0x0000016172e2f600: c5f8 77e8 

  0x0000016172e2f604: ; ImmutableOopMap {rbp=Oop [32]=Oop [40]=Oop [48]=Oop [56]=Oop [64]=Oop [112]=Oop [128]=Oop [136]=NarrowOop [168]=Oop [176]=Oop [216]=Oop }
                      ;*invokevirtual getManEntry {reexecute=0 rethrow=0 return_oop=1}
                      ; - java.util.jar.JarFile::getManifestFromReference@27 (line 413)
                      ; - java.util.jar.JarFile::getManifest@1 (line 405)
                      ; - jdk.internal.loader.URLClassPath$JarLoader$2::getManifest@22 (line 853)
                      ; - java.net.URLClassLoader::defineClass@34 (line 491)
                      ; - java.net.URLClassLoader$1::run@43 (line 427)
                      ; - java.net.URLClassLoader$1::run@1 (line 421)
                      ; - java.security.AccessController::executePrivileged@29 (line 809)
                      ; - java.security.AccessController::doPrivileged@13 (line 714)
                      ; - java.net.URLClassLoader::findClass@13 (line 420)
  0x0000016172e2f604: 78fd 2ef8 

  0x0000016172e2f608: ;   {other}
  0x0000016172e2f608: 0f1f 8400 | f831 0022 | 4885 c00f | 84b5 1100 | 004c 8b44 | 2428 450f | b658 1245 | 85db 0f85 
  0x0000016172e2f628: 3c0c 0000 | 4c89 4424 | 7849 8bd0 | 4c8b c048 | 8b6c 2440 | 4c8b 9424 | b000 0000 | 4c89 5424 
  0x0000016172e2f648: 4066 6690 

  0x0000016172e2f64c: ;   {optimized virtual_call}
  0x0000016172e2f64c: c5f8 77e8 

  0x0000016172e2f650: ; ImmutableOopMap {rbp=Oop [32]=Oop [48]=Oop [64]=Oop [112]=Oop [120]=Oop [128]=Oop [136]=NarrowOop [168]=Oop [176]=Oop [216]=Oop }
                      ;*invokespecial getInputStream {reexecute=0 rethrow=0 return_oop=1}
                      ; - java.util.jar.JarFile::getManifestFromReference@130 (line 431)
                      ; - java.util.jar.JarFile::getManifest@1 (line 405)
                      ; - jdk.internal.loader.URLClassPath$JarLoader$2::getManifest@22 (line 853)
                      ; - java.net.URLClassLoader::defineClass@34 (line 491)
                      ; - java.net.URLClassLoader$1::run@43 (line 427)
                      ; - java.net.URLClassLoader$1::run@1 (line 421)
                      ; - java.security.AccessController::executePrivileged@29 (line 809)
                      ; - java.security.AccessController::doPrivileged@13 (line 714)
                      ; - java.net.URLClassLoader::findClass@13 (line 420)
  0x0000016172e2f650: ccb4 3d00 

  0x0000016172e2f654: ;   {other}
  0x0000016172e2f654: 0f1f 8400 | 4432 0023 | 4889 4424 | 2849 8b87 | b801 0000 | 4c8b d049 | 83c2 184d | 3b97 c801 
  0x0000016172e2f674: 0000 0f83 | 5427 0000 | 4d89 97b8 | 0100 0041 | 0f18 8200 | 0100 0048 | c700 0100 

  0x0000016172e2f690: ;   {metadata('java/util/jar/Manifest')}
  0x0000016172e2f690: 0000 c740 | 08b8 fa04 | 0044 8960 | 0c4c 8960 | 104c 8bd0 | 4c89 5424 | 384c 8b54 | 2478 458b 
  0x0000016172e2f6b0: 5a14 4489 | 5c24 4049 | 8baf b801 | 0000 4c8b | d549 83c2 | 104d 3b97 | c801 0000 | 0f83 d226 
  0x0000016172e2f6d0: 0000 4d89 | 97b8 0100 | 0041 0f18 | 8200 0100 | 0048 c745 | 0001 0000 

  0x0000016172e2f6e8: ;   {metadata('java/util/jar/Attributes')}
  0x0000016172e2f6e8: 00c7 4508 | 88d2 1600 | 4489 650c | ba10 0000 | 004c 8b94 | 24a8 0000 | 004c 8954 | 2448 6690 
  0x0000016172e2f708: ;   {static_call}
  0x0000016172e2f708: c5f8 77e8 

  0x0000016172e2f70c: ; ImmutableOopMap {rbp=Oop [32]=Oop [40]=Oop [48]=Oop [56]=Oop [64]=NarrowOop [72]=Oop [112]=Oop [120]=Oop [128]=Oop [136]=NarrowOop [168]=Oop [176]=Oop [216]=Oop }
                      ;*invokestatic newLinkedHashMap {reexecute=0 rethrow=0 return_oop=1}
                      ; - java.util.jar.Attributes::<init>@6 (line 83)
                      ; - java.util.jar.Attributes::<init>@3 (line 73)
                      ; - java.util.jar.Manifest::<init>@9 (line 55)
                      ; - java.util.jar.Manifest::<init>@4 (line 88)
                      ; - java.util.jar.JarFile::getManifestFromReference@143 (line 432)
                      ; - java.util.jar.JarFile::getManifest@1 (line 405)
                      ; - jdk.internal.loader.URLClassPath$JarLoader$2::getManifest@22 (line 853)
                      ; - java.net.URLClassLoader::defineClass@34 (line 491)
                      ; - java.net.URLClassLoader$1::run@43 (line 427)
                      ; - java.net.URLClassLoader$1::run@1 (line 421)
                      ; - java.security.AccessController::executePrivileged@29 (line 809)
                      ; - java.security.AccessController::doPrivileged@13 (line 714)
                      ; - java.net.URLClassLoader::findClass@13 (line 420)
  0x0000016172e2f70c: 0770 0000 

  0x0000016172e2f710: ;   {other}
  0x0000016172e2f710: 0f1f 8400 | 0033 0024 | 488b f841 | 807f 4000 | 0f85 2123 | 0000 4c8b | df49 c1eb | 0344 895d 
  0x0000016172e2f730: 0c4c 8bd7 | 4c8b dd4d | 33d3 488b | dd48 c1eb | 0349 c1ea | 1544 8b44 | 2440 49c1 | e003 4c89 
  0x0000016172e2f750: 4424 484d | 85d2 741f | 4885 ff74 | 1a49 c1eb | 0948 b900 | 0031 7761 | 0100 0049 | 03cb 8039 
  0x0000016172e2f770: 020f 851e | 2400 0041 | 807f 4000 | 0f85 fc22 | 0000 4c8b | 5424 3841 | 895a 0c4c | 8bd5 4c8b 
  0x0000016172e2f790: 5c24 384d | 33d3 49c1 | ea15 4d85 | d274 1a49 | c1eb 0948 | b900 0031 | 7761 0100 | 0049 03cb 
  0x0000016172e2f7b0: 8039 020f | 853b 2300 | 004d 8b97 | b801 0000 | 4d8b da49 | 83c3 304d | 3b9f c801 | 0000 0f83 
  0x0000016172e2f7d0: 1d26 0000 | 4d89 9fb8 | 0100 0041 | 0f18 8300 | 0100 004d | 8bc2 49c7 | 0001 0000 

  0x0000016172e2f7ec: ;   {metadata('java/util/HashMap')}
  0x0000016172e2f7ec: 0041 c740 | 0880 c208 | 0045 8960 | 0c4d 8960 | 104d 8960 | 184d 8960 | 2849 c740 | 2000 0040 
  0x0000016172e2f80c: 3f41 807f | 4000 0f85 | e721 0000 | 4c8b 4c24 | 384d 8bd0 | 49c1 ea03 | 4589 5110 | 4d8b d14d 
  0x0000016172e2f82c: 8bd8 4d33 | da49 c1eb | 154d 85db | 741a 49c1 | ea09 48b9 | 0000 3177 | 6101 0000 | 4903 ca80 
  0x0000016172e2f84c: 3902 0f85 | f122 0000 | 498b e949 | 8bd1 4c8b | 4424 284c | 8b4c 2448 | 4c8b 9424 | a800 0000 
  0x0000016172e2f86c: 4c89 5424 | 384c 8b94 | 24b0 0000 | 004c 8954 | 2448 6690 

  0x0000016172e2f880: ;   {optimized virtual_call}
  0x0000016172e2f880: c5f8 77e8 

  0x0000016172e2f884: ; ImmutableOopMap {rbp=Oop [32]=Oop [40]=Oop [48]=Oop [56]=Oop [72]=Oop [112]=Oop [120]=Oop [128]=Oop [136]=NarrowOop [168]=Oop [176]=Oop [216]=Oop }
                      ;*invokevirtual read {reexecute=0 rethrow=0 return_oop=0}
                      ; - java.util.jar.Manifest::<init>@29 (line 101)
                      ; - java.util.jar.Manifest::<init>@4 (line 88)
                      ; - java.util.jar.JarFile::getManifestFromReference@143 (line 432)
                      ; - java.util.jar.JarFile::getManifest@1 (line 405)
                      ; - jdk.internal.loader.URLClassPath$JarLoader$2::getManifest@22 (line 853)
                      ; - java.net.URLClassLoader::defineClass@34 (line 491)
                      ; - java.net.URLClassLoader$1::run@43 (line 427)
                      ; - java.net.URLClassLoader$1::run@1 (line 421)
                      ; - java.security.AccessController::executePrivileged@29 (line 809)
                      ; - java.security.AccessController::doPrivileged@13 (line 714)
                      ; - java.net.URLClassLoader::findClass@13 (line 420)
  0x0000016172e2f884: 806e 0000 

  0x0000016172e2f888: ;   {other}
  0x0000016172e2f888: 0f1f 8400 | 7834 0025 | 4180 7f40 | 000f 851f | 2200 004c | 8bdd 4589 | 6314 4c8b | 4424 2845 
  0x0000016172e2f8a8: ;   {metadata('java/util/zip/ZipFile$ZipFileInflaterInputStream')}
  0x0000016172e2f8a8: 8b50 0841 | 81fa a8bd | 3100 0f85 | c843 0000 | 498b eb49 | 8bd0 4c8b | 5424 384c | 8954 2428 
  0x0000016172e2f8c8: 4c8b 5424 | 484c 8954 | 2440 6690 

  0x0000016172e2f8d4: ;   {optimized virtual_call}
  0x0000016172e2f8d4: c5f8 77e8 

  0x0000016172e2f8d8: ; ImmutableOopMap {rbp=Oop [32]=Oop [40]=Oop [48]=Oop [64]=Oop [112]=Oop [120]=Oop [128]=Oop [136]=NarrowOop [168]=Oop [176]=Oop [216]=Oop }
                      ;*invokevirtual close {reexecute=0 rethrow=0 return_oop=0}
                      ; - java.util.jar.JarFile::getManifestFromReference@152 (line 433)
                      ; - java.util.jar.JarFile::getManifest@1 (line 405)
                      ; - jdk.internal.loader.URLClassPath$JarLoader$2::getManifest@22 (line 853)
                      ; - java.net.URLClassLoader::defineClass@34 (line 491)
                      ; - java.net.URLClassLoader$1::run@43 (line 427)
                      ; - java.net.URLClassLoader$1::run@1 (line 421)
                      ; - java.security.AccessController::executePrivileged@29 (line 809)
                      ; - java.security.AccessController::doPrivileged@13 (line 714)
                      ; - java.net.URLClassLoader::findClass@13 (line 420)
  0x0000016172e2f8d8: a427 d8ff 

  0x0000016172e2f8dc: ;   {other}
  0x0000016172e2f8dc: 0f1f 8400 | cc34 0026 | 4d8b 87b8 | 0100 004d | 8bd0 4983 | c228 4d3b | 97c8 0100 | 000f 835d 
  0x0000016172e2f8fc: 2400 004d | 8997 b801 | 0000 410f | 1882 0001 | 0000 49c7 | 0001 0000 

  0x0000016172e2f914: ;   {metadata('java/lang/ref/SoftReference')}
  0x0000016172e2f914: 0041 c740 | 0858 dc03 | 0045 8960 | 0c4d 8960 | 104d 8960 | 184d 8960 | 204c 8bd5 | 49c1 ea03 
  0x0000016172e2f934: 4589 500c | 4180 7f40 | 000f 852e 

  0x0000016172e2f940: ;   {oop(a 'java/lang/ref/ReferenceQueue$Null'{0x0000000742ba4580})}
  0x0000016172e2f940: 2000 0041 | c740 10b0 | 4857 e849 | 8bf8 48c1 | ef03 4d8b | d049 8bd8 

  0x0000016172e2f958: ;   {oop(a 'java/lang/ref/ReferenceQueue$Null'{0x0000000742ba4580})}
  0x0000016172e2f958: 49bb 8045 | ba42 0700 | 0000 4d33 | da49 c1eb | 154d 85db | 741a 49c1 | ea09 48b9 | 0000 3177 
  0x0000016172e2f978: 6101 0000 | 4903 ca80 | 3902 0f85 | 2620 0000 | f083 4424 | c000 4180 | 7f40 000f | 8597 1f00 
  0x0000016172e2f998: 004c 8b44 | 2478 4189 

  0x0000016172e2f9a0: ;   {oop(a 'java/lang/Class'{0x00000007408ac3a8} = 'java/lang/ref/SoftReference')}
  0x0000016172e2f9a0: 7828 49ba | a8c3 8a40 | 0700 0000 | 4d8b 5270 | 4c8b db4d | 8953 204d | 8bd3 4d8b | d84d 33d3 
  0x0000016172e2f9c0: 49c1 ea15 | 4d85 d20f | 84e4 ebff | ff49 c1eb | 0948 b900 | 0031 7761 | 0100 0049 | 03cb 8039 
  0x0000016172e2f9e0: 020f 84ca | ebff ff4d | 8b57 584d | 8b5f 48f0 | 8344 24c0 | 0080 3900 | 0f84 b3eb | ffff 4488 
  0x0000016172e2fa00: 214d 85db | 7520 498b | d7c5 f877 | 49ba d0fc | 6ffd fa7f | 0000 41ff 

  0x0000016172e2fa18: ;   {other}
  0x0000016172e2fa18: d20f 1f84 | 0000 0000 | 00e9 8beb | ffff 4b89 | 4c1a f849 | 83c3 f84d | 895f 48e9 | 79eb ffff 
  0x0000016172e2fa38: 41b9 2f00 | 0000 e9fc | d4ff ff33 | ed45 33d2 | 4c89 5424 | 58e9 e1df | ffff 4c89 | 5c24 28e9 
  0x0000016172e2fa58: 44d9 ffff | 4c89 7424 | 484c 894c | 2440 4c89 | 5c24 384c | 8b5c 2420 | 4c89 5c24 | 2844 8b9c 
  0x0000016172e2fa78: 2488 0000 | 0044 895c | 2420 b904 | 0000 0049 | 8bea 41b8 | 0100 0000 | 4533 c933 | f64c 8b94 
  0x0000016172e2fa98: 24a8 0000 | 004c 8954 | 2460 4c8b | 9424 b000 | 0000 4c89 | 5424 7090 

  0x0000016172e2fab0: ;   {optimized virtual_call}
  0x0000016172e2fab0: c5f8 77e8 

  0x0000016172e2fab4: ; ImmutableOopMap {rbp=Oop [32]=NarrowOop [40]=Oop [48]=Oop [64]=Oop [72]=Oop [96]=Oop [112]=Oop [128]=Oop [168]=Oop [176]=Oop }
                      ;*invokevirtual regionMatches {reexecute=0 rethrow=0 return_oop=0}
                      ; - java.lang.String::equalsIgnoreCase@33 (line 1993)
                      ; - java.net.URLClassLoader::isSealed@68 (line 611)
                      ; - java.net.URLClassLoader::getAndVerifyPackage@68 (line 469)
                      ; - java.net.URLClassLoader::defineClass@46 (line 492)
                      ; - java.net.URLClassLoader$1::run@43 (line 427)
                      ; - java.net.URLClassLoader$1::run@1 (line 421)
                      ; - java.security.AccessController::executePrivileged@29 (line 809)
                      ; - java.security.AccessController::doPrivileged@13 (line 714)
                      ; - java.net.URLClassLoader::findClass@13 (line 420)
  0x0000016172e2fab4: c8ef 4fff 

  0x0000016172e2fab8: ;   {other}
  0x0000016172e2fab8: 0f1f 8400 | a836 0027 | 85c0 0f85 | b03a 0000 | 448b 5c24 | 2044 899c | 2488 0000 | 004c 8b54 
  0x0000016172e2fad8: 2428 4c89 | 5424 204c | 8b5c 2438 | e9ac daff | ff33 ede9 | 22f4 ffff | 4c89 6c24 | 2048 8b94 
  0x0000016172e2faf8: 2480 0000 | 004c 8b94 | 24a8 0000 | 0049 8bea | 4c8b 9424 | b000 0000 | 4c89 5424 | 4090 c5f8 
  0x0000016172e2fb18: 7748 b8ff | ffff ffff 

  0x0000016172e2fb20: ;   {virtual_call}
  0x0000016172e2fb20: ffff ffe8 

  0x0000016172e2fb24: ; ImmutableOopMap {rbp=Oop [32]=Oop [48]=Oop [64]=Oop [128]=Oop [136]=NarrowOop [168]=Oop [176]=Oop }
                      ;*invokevirtual getBytes {reexecute=0 rethrow=0 return_oop=1}
                      ; - java.net.URLClassLoader::defineClass@179 (line 519)
                      ; - java.net.URLClassLoader$1::run@43 (line 427)
                      ; - java.net.URLClassLoader$1::run@1 (line 421)
                      ; - java.security.AccessController::executePrivileged@29 (line 809)
                      ; - java.security.AccessController::doPrivileged@13 (line 714)
                      ; - java.net.URLClassLoader::findClass@13 (line 420)
  0x0000016172e2fb24: 58f2 4fff 

  0x0000016172e2fb28: ;   {other}
  0x0000016172e2fb28: 0f1f 8400 | 1837 0028 | 4889 4424 | 68e9 97dd 

  0x0000016172e2fb38: ;   {metadata('jdk/internal/loader/URLClassPath$FileLoader$1')}
  0x0000016172e2fb38: ffff 4181 | fb00 2d67 | 010f 84e2 | ddff ffba | c6ff ffff | 488b ac24 | a800 0000 | 4c8b 5424 
  0x0000016172e2fb58: 304c 8954 | 2420 4c8b | 9424 b000 | 0000 4c89 | 5424 304c | 8b54 2450 | 4c89 5424 | 4066 6690 
  0x0000016172e2fb78: ;   {runtime_call UncommonTrapBlob}
  0x0000016172e2fb78: c5f8 77e8 

  0x0000016172e2fb7c: ; ImmutableOopMap {rbp=Oop [32]=Oop [48]=Oop [104]=Oop [128]=Oop [136]=NarrowOop }
                      ;*invokevirtual getCodeSigners {reexecute=0 rethrow=0 return_oop=0}
                      ; - java.net.URLClassLoader::defineClass@185 (line 521)
                      ; - java.net.URLClassLoader$1::run@43 (line 427)
                      ; - java.net.URLClassLoader$1::run@1 (line 421)
                      ; - java.security.AccessController::executePrivileged@29 (line 809)
                      ; - java.security.AccessController::doPrivileged@13 (line 714)
                      ; - java.net.URLClassLoader::findClass@13 (line 420)
  0x0000016172e2fb7c: 0048 50ff 

  0x0000016172e2fb80: ;   {other}
  0x0000016172e2fb80: 0f1f 8400 | 7037 0029 

  0x0000016172e2fb88: ;   {metadata('jdk/internal/loader/URLClassPath$FileLoader$1')}
  0x0000016172e2fb88: 4181 fb00 | 2d67 010f | 8582 4a00 | 0045 33f6 | e91c eaff | ff49 8d2c | d48b 550c | 3bd3 0f85 
  0x0000016172e2fba8: a000 0000 | 8b55 104c | 8bc2 49c1 | e003 4c3b | c10f 844a | d7ff ff89 | 5c24 7048 | 894c 2468 
  0x0000016172e2fbc8: 4c89 5424 | 604c 8974 | 2448 4c89 | 4c24 404c | 895c 2438 | 4c8b 5424 | 204c 8954 | 2428 448b 
  0x0000016172e2fbe8: 9c24 8800 | 0000 4489 | 5c24 2048 | 8bd1 4c8b | 9424 a800 | 0000 4c89 | 5424 7890 

  0x0000016172e2fc04: ;   {optimized virtual_call}
  0x0000016172e2fc04: c5f8 77e8 

  0x0000016172e2fc08: ; ImmutableOopMap {rbp=Oop [32]=NarrowOop [40]=Oop [48]=Oop [64]=Oop [72]=Oop [96]=Oop [104]=Oop [120]=Oop [128]=Oop [168]=Oop [176]=Oop }
                      ;*invokevirtual equals {reexecute=0 rethrow=0 return_oop=0}
                      ; - java.util.HashMap::getNode@128 (line 585)
                      ; - java.util.HashMap::get@2 (line 564)
                      ; - java.util.jar.Manifest::getAttributes@5 (line 160)
                      ; - java.util.jar.Manifest::getTrustedAttributes@2 (line 177)
                      ; - java.util.jar.JavaUtilJarAccessImpl::getTrustedAttributes@2 (line 38)
                      ; - java.net.URLClassLoader::isSealed@18 (line 601)
                      ; - java.net.URLClassLoader::getAndVerifyPackage@68 (line 469)
                      ; - java.net.URLClassLoader::defineClass@46 (line 492)
                      ; - java.net.URLClassLoader$1::run@43 (line 427)
                      ; - java.net.URLClassLoader$1::run@1 (line 421)
                      ; - java.security.AccessController::executePrivileged@29 (line 809)
                      ; - java.security.AccessController::doPrivileged@13 (line 714)
                      ; - java.net.URLClassLoader::findClass@13 (line 420)
  0x0000016172e2fc08: 74ee 4fff 

  0x0000016172e2fc0c: ;   {other}
  0x0000016172e2fc0c: 0f1f 8400 | fc37 002a | 85c0 7565 | 448b 5c24 | 2044 899c | 2488 0000 | 004c 8b54 | 2428 4c89 
  0x0000016172e2fc2c: 5424 204c | 8b5c 2438 | 4c8b 4c24 | 404c 8b74 | 2448 4c8b | 5424 6048 | 8b4c 2468 | 8b5c 2470 
  0x0000016172e2fc4c: 4d8b af50 | 0400 0044 | 8b45 1848 | 8bbc 24a8 | 0000 0048 | 8bb4 24b0 

  0x0000016172e2fc64: ; ImmutableOopMap {r10=Oop r8=NarrowOop r9=Oop rcx=Oop rdi=Oop rsi=Oop r14=Oop [32]=Oop [48]=Oop [128]=Oop [136]=NarrowOop [168]=Oop [176]=Oop }
                      ;*ifnonnull {reexecute=1 rethrow=0 return_oop=0}
                      ; - (reexecute) java.util.HashMap::getNode@145 (line 587)
                      ; - java.util.HashMap::get@2 (line 564)
                      ; - java.util.jar.Manifest::getAttributes@5 (line 160)
                      ; - java.util.jar.Manifest::getTrustedAttributes@2 (line 177)
                      ; - java.util.jar.JavaUtilJarAccessImpl::getTrustedAttributes@2 (line 38)
                      ; - java.net.URLClassLoader::isSealed@18 (line 601)
                      ; - java.net.URLClassLoader::getAndVerifyPackage@68 (line 469)
                      ; - java.net.URLClassLoader::defineClass@46 (line 492)
                      ; - java.net.URLClassLoader$1::run@43 (line 427)
                      ; - java.net.URLClassLoader$1::run@1 (line 421)
                      ; - java.security.AccessController::executePrivileged@29 (line 809)
                      ; - java.security.AccessController::doPrivileged@13 (line 714)
                      ; - java.net.URLClassLoader::findClass@13 (line 420)
                      ;   {poll}
  0x0000016172e2fc64: 0000 0041 | 8545 0045 | 85c0 0f84 | 8dd7 ffff | 4b8d 2cc4 | e924 ffff | ff44 8b54 | 2420 4489 
  0x0000016172e2fc84: 9424 8800 | 0000 4c8b | 5424 284c | 8954 2420 | 4c8b 5c24 | 384c 8b4c | 2440 4c8b | 7424 484c 
  0x0000016172e2fca4: 8b54 2460 | 488b 4c24 | 68e9 57d6 | ffff 4b8d | 3cc4 8b57 | 0c3b d10f | 8594 0000 | 008b 5710 
  0x0000016172e2fcc4: ;   {oop(a 'java/util/jar/Attributes$Name'{0x0000000740a64048})}
  0x0000016172e2fcc4: 81fa 09c8 | 14e8 0f84 | 6dd8 ffff | 4889 7c24 | 7089 4c24 | 6848 895c | 2460 4c89 | 5424 484c 
  0x0000016172e2fce4: 8974 2440 | 4c89 4c24 | 384c 895c | 2428 8bac | 2488 0000 | 004c 8bc2 | 49c1 e003 

  0x0000016172e2fd00: ;   {oop(a 'java/util/jar/Attributes$Name'{0x0000000740a64048})}
  0x0000016172e2fd00: 48ba 4840 | a640 0700 | 0000 4c8b | 9424 a800 | 0000 4c89 | 5424 7890 

  0x0000016172e2fd18: ;   {optimized virtual_call}
  0x0000016172e2fd18: c5f8 77e8 

  0x0000016172e2fd1c: ; ImmutableOopMap {rbp=NarrowOop [32]=Oop [48]=Oop [56]=Oop [64]=Oop [72]=Oop [96]=Oop [112]=Oop [120]=Oop [128]=Oop [168]=Oop [176]=Oop }
                      ;*invokevirtual equals {reexecute=0 rethrow=0 return_oop=0}
                      ; - java.util.HashMap::getNode@128 (line 585)
                      ; - java.util.LinkedHashMap::get@2 (line 536)
                      ; - java.util.jar.Attributes::get@5 (line 106)
                      ; - java.util.jar.Attributes::getValue@2 (line 142)
                      ; - java.net.URLClassLoader::isSealed@58 (line 608)
                      ; - java.net.URLClassLoader::getAndVerifyPackage@68 (line 469)
                      ; - java.net.URLClassLoader::defineClass@46 (line 492)
                      ; - java.net.URLClassLoader$1::run@43 (line 427)
                      ; - java.net.URLClassLoader$1::run@1 (line 421)
                      ; - java.security.AccessController::executePrivileged@29 (line 809)
                      ; - java.security.AccessController::doPrivileged@13 (line 714)
                      ; - java.net.URLClassLoader::findClass@13 (line 420)
  0x0000016172e2fd1c: 60ed 4fff 

  0x0000016172e2fd20: ;   {other}
  0x0000016172e2fd20: 0f1f 8400 | 1039 002c | 85c0 7557 | 89ac 2488 | 0000 004c | 8b5c 2428 | 4c8b 4c24 | 384c 8b74 
  0x0000016172e2fd40: 2440 4c8b | 5424 4848 | 8b5c 2460 | 8b4c 2468 | 488b 7c24 | 7049 8baf | 5004 0000 | 8b7f 184c 
  0x0000016172e2fd60: 8b84 24a8 | 0000 0048 | 8bb4 24b0 

  0x0000016172e2fd6c: ; ImmutableOopMap {r10=Oop r8=Oop r9=Oop rbx=Oop rdi=NarrowOop rsi=Oop r14=Oop [32]=Oop [48]=Oop [128]=Oop [136]=NarrowOop [168]=Oop [176]=Oop }
                      ;*ifnonnull {reexecute=1 rethrow=0 return_oop=0}
                      ; - (reexecute) java.util.HashMap::getNode@145 (line 587)
                      ; - java.util.LinkedHashMap::get@2 (line 536)
                      ; - java.util.jar.Attributes::get@5 (line 106)
                      ; - java.util.jar.Attributes::getValue@2 (line 142)
                      ; - java.net.URLClassLoader::isSealed@58 (line 608)
                      ; - java.net.URLClassLoader::getAndVerifyPackage@68 (line 469)
                      ; - java.net.URLClassLoader::defineClass@46 (line 492)
                      ; - java.net.URLClassLoader$1::run@43 (line 427)
                      ; - java.net.URLClassLoader$1::run@1 (line 421)
                      ; - java.security.AccessController::executePrivileged@29 (line 809)
                      ; - java.security.AccessController::doPrivileged@13 (line 714)
                      ; - java.net.URLClassLoader::findClass@13 (line 420)
                      ;   {poll}
  0x0000016172e2fd6c: 0000 0085 | 4500 85ff | 0f84 1bd8 | ffff 48c1 | e703 e933 | ffff ff89 | ac24 8800 | 0000 4c8b 
  0x0000016172e2fd8c: 5c24 284c | 8b4c 2438 | 4c8b 7424 | 404c 8b54 | 2448 488b | 5c24 6048 | 8b7c 2470 | e990 d7ff 
  0x0000016172e2fdac: ;   {metadata('jdk/internal/loader/URLClassPath$FileLoader$1')}
  0x0000016172e2fdac: ff81 ff00 | 2d67 010f | 859f 4800 | 0041 8b78 | 1c41 8b54 | fc0c 8994 | 2488 0000 | 00e9 8de3 
  0x0000016172e2fdcc: ffff 4d8b | e8e9 8dd1 

  0x0000016172e2fdd4: ;   {oop(""{0x0000000742bb6710})}
  0x0000016172e2fdd4: ffff 48be | 1067 bb42 | 0700 0000 | e9d4 e5ff 

  0x0000016172e2fde4: ;   {metadata('jdk/internal/loader/URLClassPath$FileLoader$1')}
  0x0000016172e2fde4: ff41 81fe | 002d 6701 | 0f85 3a49 | 0000 4c8b | 8c24 8000 | 0000 498b | 87b8 0100 | 004c 8bd0 
  0x0000016172e2fe04: 4983 c220 | 4d3b 97c8 | 0100 000f | 833e 3800 | 004d 8997 | b801 0000 | 410f 1882 | 0001 0000 
  0x0000016172e2fe24: 48c7 0001 

  0x0000016172e2fe28: ;   {metadata('java/io/FileInputStream')}
  0x0000016172e2fe28: 0000 00c7 | 4008 401a | 0100 4489 | 600c 4c89 | 6010 4c89 | 6018 488b | d841 8b69 | 1849 8b87 
  0x0000016172e2fe48: b801 0000 | 4c8b d049 | 83c2 104d | 3b97 c801 | 0000 0f83 | 7837 0000 | 4d89 97b8 | 0100 0041 
  0x0000016172e2fe68: 0f18 8200 | 0100 0048 | c700 0100 

  0x0000016172e2fe74: ;   {metadata('java/lang/Object')}
  0x0000016172e2fe74: 0000 c740 | 0890 0e00 | 0044 8960 | 0c4c 8bc3 | 4c8b d049 | c1ea 0344 | 8953 1c4c | 8bd0 4d33 
  0x0000016172e2fe94: d049 c1ea | 154d 85d2 | 741a 49c1 | e809 48b9 | 0000 3177 | 6101 0000 | 4903 c880 | 3902 0f85 
  0x0000016172e2feb4: 3820 0000 | 85ed 0f84 | fd09 0000 | 458b 44ec | 1049 8d0c | ec4d 8bd0 | 49c1 e203 | 4c8b c14c 
  0x0000016172e2fed4: 8954 2440 | 498b e848 | 895c 2470 | 4c89 4c24 | 6844 8974 | 2438 4c89 | 5c24 284c | 896c 2420 
  0x0000016172e2fef4: 4c8b 9424 | a800 0000 | 4c89 5424 | 4866 6690 

  0x0000016172e2ff04: ;   {static_call}
  0x0000016172e2ff04: c5f8 77e8 

  0x0000016172e2ff08: ; ImmutableOopMap {rbp=Oop [32]=Oop [48]=Oop [64]=Oop [72]=Oop [104]=Oop [112]=Oop [128]=Oop [136]=NarrowOop [168]=Oop [176]=Oop }
                      ;*invokestatic getSecurityManager {reexecute=0 rethrow=0 return_oop=1}
                      ; - java.io.FileInputStream::<init>@28 (line 139)
                      ; - jdk.internal.loader.URLClassPath$FileLoader$1::getInputStream@8 (line 1119)
                      ; - jdk.internal.loader.Resource::cachedInputStream@9 (line 77)
                      ; - jdk.internal.loader.Resource::getByteBuffer@1 (line 163)
                      ; - java.net.URLClassLoader::defineClass@132 (line 511)
                      ; - java.net.URLClassLoader$1::run@43 (line 427)
                      ; - java.net.URLClassLoader$1::run@1 (line 421)
                      ; - java.security.AccessController::executePrivileged@29 (line 809)
                      ; - java.security.AccessController::doPrivileged@13 (line 714)
                      ; - java.net.URLClassLoader::findClass@13 (line 420)
  0x0000016172e2ff08: 74f0 c6ff 

  0x0000016172e2ff0c: ;   {other}
  0x0000016172e2ff0c: 0f1f 8400 | fc3a 002e | 4885 c074 | 1b48 8bd0 | 4c8b 4424 | 4066 6690 

  0x0000016172e2ff24: ;   {optimized virtual_call}
  0x0000016172e2ff24: c5f8 77e8 

  0x0000016172e2ff28: ; ImmutableOopMap {rbp=Oop [32]=Oop [48]=Oop [64]=Oop [72]=Oop [104]=Oop [112]=Oop [128]=Oop [136]=NarrowOop [168]=Oop [176]=Oop }
                      ;*invokevirtual checkRead {reexecute=0 rethrow=0 return_oop=0}
                      ; - java.io.FileInputStream::<init>@38 (line 141)
                      ; - jdk.internal.loader.URLClassPath$FileLoader$1::getInputStream@8 (line 1119)
                      ; - jdk.internal.loader.Resource::cachedInputStream@9 (line 77)
                      ; - jdk.internal.loader.Resource::getByteBuffer@1 (line 163)
                      ; - java.net.URLClassLoader::defineClass@132 (line 511)
                      ; - java.net.URLClassLoader$1::run@43 (line 427)
                      ; - java.net.URLClassLoader$1::run@1 (line 421)
                      ; - java.security.AccessController::executePrivileged@29 (line 809)
                      ; - java.security.AccessController::doPrivileged@13 (line 714)
                      ; - java.net.URLClassLoader::findClass@13 (line 420)
  0x0000016172e2ff28: 54eb 4fff 

  0x0000016172e2ff2c: ;   {other}
  0x0000016172e2ff2c: 0f1f 8400 | 1c3b 002f | 4c8b 5424 | 404d 85d2 | 0f84 6647 | 0000 4c8b | dd4d 85db | 0f84 a247 
  0x0000016172e2ff4c: 0000 498b | ea49 8bd3 | 4c8b 5424 | 484c 8954 | 2440 6690 

  0x0000016172e2ff60: ;   {optimized virtual_call}
  0x0000016172e2ff60: c5f8 77e8 

  0x0000016172e2ff64: ; ImmutableOopMap {rbp=Oop [32]=Oop [48]=Oop [64]=Oop [104]=Oop [112]=Oop [128]=Oop [136]=NarrowOop [168]=Oop [176]=Oop }
                      ;*invokevirtual isInvalid {reexecute=0 rethrow=0 return_oop=0}
                      ; - java.io.FileInputStream::<init>@54 (line 146)
                      ; - jdk.internal.loader.URLClassPath$FileLoader$1::getInputStream@8 (line 1119)
                      ; - jdk.internal.loader.Resource::cachedInputStream@9 (line 77)
                      ; - jdk.internal.loader.Resource::getByteBuffer@1 (line 163)
                      ; - java.net.URLClassLoader::defineClass@132 (line 511)
                      ; - java.net.URLClassLoader$1::run@43 (line 427)
                      ; - java.net.URLClassLoader$1::run@1 (line 421)
                      ; - java.security.AccessController::executePrivileged@29 (line 809)
                      ; - java.security.AccessController::doPrivileged@13 (line 714)
                      ; - java.net.URLClassLoader::findClass@13 (line 420)
  0x0000016172e2ff64: 9887 f2ff 

  0x0000016172e2ff68: ;   {other}
  0x0000016172e2ff68: 0f1f 8400 | 583b 0030 | 85c0 0f85 | 0c48 0000 | 4d8b 8fb8 | 0100 004d | 8bd1 4983 | c228 4d3b 
  0x0000016172e2ff88: 97c8 0100 | 000f 8331 | 3700 004d | 8997 b801 | 0000 410f | 1882 0001 | 0000 49c7 | 0101 0000 
  0x0000016172e2ffa8: ;   {metadata('java/io/FileDescriptor')}
  0x0000016172e2ffa8: 0041 c741 | 08e8 2401 | 004d 8961 | 184d 8961 | 2041 c741 | 0cff ffff | ff49 c741 | 10ff ffff 
  0x0000016172e2ffc8: ff41 807f | 4000 0f85 | a41e 0000 | 488b 5c24 | 704c 8bd3 | 4d8b d94d | 33da 4d8b | c149 c1e8 
  0x0000016172e2ffe8: 0344 8943 | 1049 c1eb | 154d 85db | 0f84 761e | 0000 49c1 | ea09 48b9 | 0000 3177 | 6101 0000 
  0x0000016172e30008: 4903 ca80 | 3902 0f85 | 551f 0000 | 498b d148 | 895c 2440 | 4c8b c34c | 8b94 24a8 | 0000 004c 
  0x0000016172e30028: 8954 2448 

  0x0000016172e3002c: ;   {optimized virtual_call}
  0x0000016172e3002c: c5f8 77e8 

  0x0000016172e30030: ; ImmutableOopMap {rbp=Oop [32]=Oop [48]=Oop [64]=Oop [72]=Oop [104]=Oop [128]=Oop [136]=NarrowOop [168]=Oop [176]=Oop }
                      ;*invokevirtual attach {reexecute=0 rethrow=0 return_oop=0}
                      ; - java.io.FileInputStream::<init>@86 (line 150)
                      ; - jdk.internal.loader.URLClassPath$FileLoader$1::getInputStream@8 (line 1119)
                      ; - jdk.internal.loader.Resource::cachedInputStream@9 (line 77)
                      ; - jdk.internal.loader.Resource::getByteBuffer@1 (line 163)
                      ; - java.net.URLClassLoader::defineClass@132 (line 511)
                      ; - java.net.URLClassLoader$1::run@43 (line 427)
                      ; - java.net.URLClassLoader$1::run@1 (line 421)
                      ; - java.security.AccessController::executePrivileged@29 (line 809)
                      ; - java.security.AccessController::doPrivileged@13 (line 714)
                      ; - java.net.URLClassLoader::findClass@13 (line 420)
  0x0000016172e30030: 4cea 4fff 

  0x0000016172e30034: ;   {other}
  0x0000016172e30034: 0f1f 8400 | 243c 0031 | 4180 7f40 | 000f 856d | 1e00 0048 | 8b5c 2440 | 4c8b d348 | 8bfd 4c8b 
  0x0000016172e30054: df4d 33da | 4c8b cf49 | c1e9 0344 | 894b 1449 | c1eb 154d | 85db 741a | 49c1 ea09 | 48b9 0000 
  0x0000016172e30074: 3177 6101 | 0000 4903 | ca80 3902 | 0f85 441f | 0000 4c8b | d748 8beb | 488b d34d | 8bc2 4c8b 
  0x0000016172e30094: 5424 484c | 8954 2440 

  0x0000016172e3009c: ;   {optimized virtual_call}
  0x0000016172e3009c: c5f8 77e8 

  0x0000016172e300a0: ; ImmutableOopMap {rbp=Oop [32]=Oop [48]=Oop [64]=Oop [104]=Oop [128]=Oop [136]=NarrowOop [168]=Oop [176]=Oop }
                      ;*invokevirtual open {reexecute=0 rethrow=0 return_oop=0}
                      ; - java.io.FileInputStream::<init>@96 (line 152)
                      ; - jdk.internal.loader.URLClassPath$FileLoader$1::getInputStream@8 (line 1119)
                      ; - jdk.internal.loader.Resource::cachedInputStream@9 (line 77)
                      ; - jdk.internal.loader.Resource::getByteBuffer@1 (line 163)
                      ; - java.net.URLClassLoader::defineClass@132 (line 511)
                      ; - java.net.URLClassLoader$1::run@43 (line 427)
                      ; - java.net.URLClassLoader$1::run@1 (line 421)
                      ; - java.security.AccessController::executePrivileged@29 (line 809)
                      ; - java.security.AccessController::doPrivileged@13 (line 714)
                      ; - java.net.URLClassLoader::findClass@13 (line 420)
  0x0000016172e300a0: 5cb2 27f9 

  0x0000016172e300a4: ;   {other}
  0x0000016172e300a4: 0f1f 8400 | 943c 0032 | 448b 5510 | 498b d248 | c1e2 034c | 8b94 24b0 | 0000 004c | 8954 2460 
  0x0000016172e300c4: ;   {static_call}
  0x0000016172e300c4: c5f8 77e8 

  0x0000016172e300c8: ; ImmutableOopMap {rbp=Oop [32]=Oop [48]=Oop [64]=Oop [96]=Oop [104]=Oop [128]=Oop [136]=NarrowOop [168]=Oop [176]=Oop }
                      ;*invokestatic register {reexecute=0 rethrow=0 return_oop=0}
                      ; - java.io.FileInputStream::<init>@103 (line 153)
                      ; - jdk.internal.loader.URLClassPath$FileLoader$1::getInputStream@8 (line 1119)
                      ; - jdk.internal.loader.Resource::cachedInputStream@9 (line 77)
                      ; - jdk.internal.loader.Resource::getByteBuffer@1 (line 163)
                      ; - java.net.URLClassLoader::defineClass@132 (line 511)
                      ; - java.net.URLClassLoader$1::run@43 (line 427)
                      ; - java.net.URLClassLoader$1::run@1 (line 421)
                      ; - java.security.AccessController::executePrivileged@29 (line 809)
                      ; - java.security.AccessController::doPrivileged@13 (line 714)
                      ; - java.net.URLClassLoader::findClass@13 (line 420)
  0x0000016172e300c8: f407 e1ff 

  0x0000016172e300cc: ;   {other}
  0x0000016172e300cc: 0f1f 8400 | bc3c 0033 | 488b dde9 | 2fd6 ffff | 4c89 4c24 | 384c 895c | 2428 4c89 | 6c24 2048 
  0x0000016172e300ec: 8b94 24b0 | 0000 004d | 8bc1 4c8b | 4c24 5848 | 8b7c 2458 | 488b 7424 | 5848 8b4c | 2458 4c8b 
  0x0000016172e3010c: 5424 584c | 8914 244c | 8b54 2458 | 4c89 5424 | 084c 8b54 | 2458 4c89 | 5424 104c | 8b94 24a8 
  0x0000016172e3012c: 0000 004c | 8954 2440 | 4889 9424 | 9800 0000 

  0x0000016172e3013c: ;   {optimized virtual_call}
  0x0000016172e3013c: c5f8 77e8 

  0x0000016172e30140: ; ImmutableOopMap {[32]=Oop [48]=Oop [56]=Oop [64]=Oop [128]=Oop [136]=NarrowOop [152]=Oop [168]=Oop [176]=Oop }
                      ;*invokevirtual definePackage {reexecute=0 rethrow=0 return_oop=1}
                      ; - java.net.URLClassLoader::defineClass@81 (line 497)
                      ; - java.net.URLClassLoader$1::run@43 (line 427)
                      ; - java.net.URLClassLoader$1::run@1 (line 421)
                      ; - java.security.AccessController::executePrivileged@29 (line 809)
                      ; - java.security.AccessController::doPrivileged@13 (line 714)
                      ; - java.net.URLClassLoader::findClass@13 (line 420)
  0x0000016172e30140: fcf4 57f8 

  0x0000016172e30144: ;   {other}
  0x0000016172e30144: 0f1f 8400 | 343d 0034 | e9af d4ff | ff41 b801 | 0000 0045 | 33d2 4c89 | 5424 5844 | 3bc7 0f8d 
  0x0000016172e30164: 88db ffff | 460f be54 | 0010 4183 | fa2e 0f84 | aa1b 0000 | 41ff c044 | 3bc7 7ce8 | e96b dbff 
  0x0000016172e30184: ff85 ed0f | 84e7 e3ff | ff48 894c | 2428 4c89 | 5c24 204d | 8b57 2848 | 8bcd 48c1 | e103 4d85 
  0x0000016172e301a4: d20f 840d | 2c00 004d | 8b5f 384b | 894c 13f8 | 4983 c2f8 | 4d89 5728 | 4c8b 5c24 | 2048 8b4c 
  0x0000016172e301c4: 2428 e9a9 | e3ff ff44 | 8b56 1445 | 85d2 0f84 | a6e1 ffff | 4d8b 5f28 | 498b ca48 | c1e1 034d 
  0x0000016172e301e4: 85db 0f84 | 502c 0000 | 4d8b 5738 | 4b89 4c1a | f849 83c3 | f84d 895f | 28e9 7ce1 | ffff 4d8b 
  0x0000016172e30204: 5748 4d8b | 5f58 f083 | 4424 c000 | 8039 000f | 849c e1ff | ff44 8821 | 4d85 d275 | 264c 8bf6 
  0x0000016172e30224: 498b d7c5 | f877 49ba | d0fc 6ffd | fa7f 0000 

  0x0000016172e30234: ;   {other}
  0x0000016172e30234: 41ff d20f | 1f84 0000 | 0000 0049 | 8bf6 e96e | e1ff ff4b | 894c 13f8 | 4983 c2f8 | 4d89 5748 
  0x0000016172e30254: e95c e1ff | ff49 bb00 | 0031 7761 | 0100 00e9 | a2d3 ffff | 4889 4424 | 6849 8be8 | 498b d04c 
  0x0000016172e30274: 8bc0 4c8b | 5424 404c | 8954 2428 | 4c8b 9424 | b000 0000 | 4c89 5424 | 4066 6690 

  0x0000016172e30290: ;   {optimized virtual_call}
  0x0000016172e30290: c5f8 77e8 

  0x0000016172e30294: ; ImmutableOopMap {rbp=Oop [32]=Oop [40]=Oop [48]=Oop [64]=Oop [104]=Oop [112]=Oop [128]=Oop [136]=NarrowOop [168]=Oop [176]=Oop [216]=Oop }
                      ;*invokevirtual getBytes {reexecute=0 rethrow=0 return_oop=1}
                      ; - java.util.jar.JarFile::getManifestFromReference@44 (line 418)
                      ; - java.util.jar.JarFile::getManifest@1 (line 405)
                      ; - jdk.internal.loader.URLClassPath$JarLoader$2::getManifest@22 (line 853)
                      ; - java.net.URLClassLoader::defineClass@34 (line 491)
                      ; - java.net.URLClassLoader$1::run@43 (line 427)
                      ; - java.net.URLClassLoader$1::run@1 (line 421)
                      ; - java.security.AccessController::executePrivileged@29 (line 809)
                      ; - java.security.AccessController::doPrivileged@13 (line 714)
                      ; - java.net.URLClassLoader::findClass@13 (line 420)
  0x0000016172e30294: e8e7 4fff 

  0x0000016172e30298: ;   {other}
  0x0000016172e30298: 0f1f 8400 | 883e 0035 | 4c8b dd45 | 0fb6 4311 | 4c8b c849 | c1e9 0345 | 85c0 0f84 | 110a 0000 
  0x0000016172e302b8: 4c89 5c24 | 7848 8984 | 2490 0000 | 0044 894c | 2428 498b | 87b8 0100 | 004c 8bd0 | 4983 c218 
  0x0000016172e302d8: 4d3b 97c8 | 0100 000f | 8388 3700 | 004d 8997 | b801 0000 | 410f 1882 | 0001 0000 | 48c7 0001 
  0x0000016172e302f8: ;   {metadata('java/util/jar/Manifest')}
  0x0000016172e302f8: 0000 00c7 | 4008 b8fa | 0400 4489 | 600c 4c89 | 6010 4c8b | d04c 8954 | 2468 4c8b | 5424 7845 
  0x0000016172e30318: 8b5a 3044 | 895c 244c | 498b 87b8 | 0100 004c | 8bd0 4983 | c220 49c1 | e303 4c89 | 5c24 384d 
  0x0000016172e30338: 3b97 c801 | 0000 0f83 | 0037 0000 | 4d89 97b8 | 0100 0041 | 0f18 8200 | 0100 0048 | c700 0100 
  0x0000016172e30358: ;   {metadata('java/io/ByteArrayInputStream')}
  0x0000016172e30358: 0000 c740 | 08b8 3c05 | 0044 8960 | 0c4c 8960 | 104c 8960 | 184c 8bd0 | 4c89 9424 | 9800 0000 
  0x0000016172e30378: 448b 5c24 | 2845 895a | 184c 8b94 | 2490 0000 | 0045 8b5a | 0c4c 8b94 | 2498 0000 | 0045 895a 
  0x0000016172e30398: 144c 8b54 | 2478 458b | 5214 4489 | 5424 2849 | 8b87 b801 | 0000 4c8b | d049 83c2 | 104d 3b97 
  0x0000016172e303b8: c801 0000 | 0f83 df36 | 0000 4d89 | 97b8 0100 | 0041 0f18 | 8200 0100 | 0048 c700 | 0100 0000 
  0x0000016172e303d8: ;   {metadata('java/util/jar/Attributes')}
  0x0000016172e303d8: c740 0888 | d216 0044 | 8960 0c48 | 8be8 ba10 | 0000 004c | 8b94 24a8 | 0000 004c | 8954 2440 
  0x0000016172e303f8: ;   {static_call}
  0x0000016172e303f8: c5f8 77e8 

  0x0000016172e303fc: ; ImmutableOopMap {rbp=Oop [32]=Oop [40]=NarrowOop [48]=Oop [56]=Oop [64]=Oop [76]=NarrowOop [104]=Oop [112]=Oop [120]=Oop [128]=Oop [136]=NarrowOop [152]=Oop [168]=Oop [176]=Oop [216]=Oop }
                      ;*invokestatic newLinkedHashMap {reexecute=0 rethrow=0 return_oop=1}
                      ; - java.util.jar.Attributes::<init>@6 (line 83)
                      ; - java.util.jar.Attributes::<init>@3 (line 73)
                      ; - java.util.jar.Manifest::<init>@9 (line 55)
                      ; - java.util.jar.JarFile::getManifestFromReference@121 (line 429)
                      ; - java.util.jar.JarFile::getManifest@1 (line 405)
                      ; - jdk.internal.loader.URLClassPath$JarLoader$2::getManifest@22 (line 853)
                      ; - java.net.URLClassLoader::defineClass@34 (line 491)
                      ; - java.net.URLClassLoader$1::run@43 (line 427)
                      ; - java.net.URLClassLoader$1::run@1 (line 421)
                      ; - java.security.AccessController::executePrivileged@29 (line 809)
                      ; - java.security.AccessController::doPrivileged@13 (line 714)
                      ; - java.net.URLClassLoader::findClass@13 (line 420)
  0x0000016172e303fc: 80ec 4fff 

  0x0000016172e30400: ;   {other}
  0x0000016172e30400: 0f1f 8400 | f03f 0036 | 488b f841 | 807f 4000 | 0f85 9221 | 0000 4c8b | d749 c1ea | 0344 8955 
  0x0000016172e30420: 0c4c 8bd7 | 4c8b dd4d | 33d3 448b | 4c24 284d | 8bc1 49c1 | e003 4c89 | 4424 4049 | c1ea 1548 
  0x0000016172e30440: 8bdd 48c1 | eb03 4d85 | d274 1f48 | 85ff 741a | 49c1 eb09 | 48b9 0000 | 3177 6101 | 0000 4903 
  0x0000016172e30460: cb80 3902 | 0f85 9522 | 0000 4180 | 7f40 000f | 856a 2100 | 004c 8b54 | 2468 4189 | 5a0c 4c8b 
  0x0000016172e30480: d54c 8b5c | 2468 4d33 | d349 c1ea | 154d 85d2 | 741a 49c1 | eb09 48b9 | 0000 3177 | 6101 0000 
  0x0000016172e304a0: 4903 cb80 | 3902 0f85 | 0222 0000 | 4d8b 97b8 | 0100 004d | 8bda 4983 | c330 4d3b | 9fc8 0100 
  0x0000016172e304c0: 000f 8302 | 3600 004d | 899f b801 | 0000 410f | 1883 0001 | 0000 49c7 | 0201 0000 

  0x0000016172e304dc: ;   {metadata('java/util/HashMap')}
  0x0000016172e304dc: 0041 c742 | 0880 c208 | 0045 8962 | 0c4d 8962 | 104d 8962 | 184d 8962 | 2849 c742 | 2000 0040 
  0x0000016172e304fc: 3f49 8bda | 4180 7f40 | 000f 8561 | 2000 004c | 8bd3 4d8b | da49 c1eb | 034c 8b54 | 2468 4589 
  0x0000016172e3051c: 5a10 4c8b | db4d 33da | 49c1 eb15 | 4d85 db74 | 1a49 c1ea | 0948 b900 | 0031 7761 | 0100 0049 
  0x0000016172e3053c: 03ca 8039 | 020f 8516 | 2100 0048 | 8b54 2468 | 4c8b 8424 | 9800 0000 | 4c8b 4c24 | 4048 8bac 
  0x0000016172e3055c: 24a8 0000 | 004c 8b94 | 24b0 0000 | 004c 8954 | 2460 6690 

  0x0000016172e30570: ;   {optimized virtual_call}
  0x0000016172e30570: c5f8 77e8 

  0x0000016172e30574: ; ImmutableOopMap {rbp=Oop [32]=Oop [48]=Oop [56]=Oop [76]=NarrowOop [96]=Oop [104]=Oop [112]=Oop [120]=Oop [128]=Oop [136]=NarrowOop [168]=Oop [176]=Oop [216]=Oop }
                      ;*invokevirtual read {reexecute=0 rethrow=0 return_oop=0}
                      ; - java.util.jar.Manifest::<init>@29 (line 101)
                      ; - java.util.jar.JarFile::getManifestFromReference@121 (line 429)
                      ; - java.util.jar.JarFile::getManifest@1 (line 405)
                      ; - jdk.internal.loader.URLClassPath$JarLoader$2::getManifest@22 (line 853)
                      ; - java.net.URLClassLoader::defineClass@34 (line 491)
                      ; - java.net.URLClassLoader$1::run@43 (line 427)
                      ; - java.net.URLClassLoader$1::run@1 (line 421)
                      ; - java.security.AccessController::executePrivileged@29 (line 809)
                      ; - java.security.AccessController::doPrivileged@13 (line 714)
                      ; - java.net.URLClassLoader::findClass@13 (line 420)
  0x0000016172e30574: 08e5 4fff 

  0x0000016172e30578: ;   {other}
  0x0000016172e30578: 0f1f 8400 | 6841 0037 | 4180 7f40 | 000f 8590 | 2000 004c | 8b44 2468 | 448b 4c24 | 4c45 8948 
  0x0000016172e30598: 144c 8b54 | 2438 4d8b | d84d 33d3 | 49c1 ea15 | 4d85 d274 | 1f45 85c9 | 741a 49c1 | eb09 48b9 
  0x0000016172e305b8: 0000 3177 | 6101 0000 | 4903 cb80 | 3902 0f85 | 8421 0000 | 498b e8e9 | 10f3 ffff | c4e1 f96e 
  0x0000016172e305d8: c248 8bd7 | 4889 7424 | 284c 896c | 2420 4c63 | c54d 8d50 | 104d 8bda | 4983 e3f8 | 498b fe49 
  0x0000016172e305f8: 03fb 49c1 | ea03 4d2b | ca49 8bc9 | 4833 c048 | 83f9 087f | 1048 ffc9 | 784f 4889 | 04cf 48ff 
  0x0000016172e30618: c97d f7eb | 44c5 f5ef | c9e9 0d00 | 0000 c5fe | 7f0f c5fe | 7f4f 2048 | 83c7 4048 | 83e9 087d 
  0x0000016172e30638: ed48 83c1 | 047c 0cc5 | fe7f 0f48 | 83c7 2048 | 83e9 0448 | 83c1 047e | 1048 ffc9 | c5f9 d60f 
  0x0000016172e30658: 4883 c708 | 48ff c97d | f348 8bca | c4e1 f97e | c2c5 f877 | 49ba c044 | 3172 6101 

  0x0000016172e30674: ;   {no_reloc}
  0x0000016172e30674: 0000 41ff 

  0x0000016172e30678: ;   {other}
  0x0000016172e30678: d20f 1f84 | 0000 0000 | 0048 8b74 | 2428 4c8b | 6c24 20e9 | e3dc ffff | 4c8b 9424 | 8000 0000 
  0x0000016172e30698: 458b 5a0c | 4585 db0f | 8471 d0ff | ff4d 8b57 | 2849 8bcb | 48c1 e103 | 4d85 d20f | 84eb 2c00 
  0x0000016172e306b8: 004d 8b5f | 384b 894c | 13f8 4983 | c2f8 4d89 | 5728 e947 | d0ff ff4d | 8b57 484d | 8b5f 58f0 
  0x0000016172e306d8: 8344 24c0 | 0041 8038 | 000f 8474 | d0ff ff45 | 8820 4d85 | d275 2349 | 8bc8 498b | d7c5 f877 
  0x0000016172e306f8: 49ba d0fc | 6ffd fa7f | 0000 41ff 

  0x0000016172e30704: ;   {other}
  0x0000016172e30704: d20f 1f84 | 0000 0000 | 00e9 49d0 | ffff 4f89 | 4413 f849 | 83c2 f84d | 8957 48e9 | 37d0 ffff 
  0x0000016172e30724: 49bb 0000 | 3177 6101 | 0000 e973 | ceff ff33 | c0e9 a8de | ffff 41b8 | 0100 0000 | 443b 8424 
  0x0000016172e30744: a400 0000 | 7d53 4c8b | 5424 7047 | 0fbe 5c02 | 1041 83fb | 2e0f 84f5 | 1500 0041 | ffc0 443b 
  0x0000016172e30764: 8424 a400 | 0000 7cde | 4c8b 5c24 | 284c 8b4c | 2460 4c8b | 7424 684c | 8b54 2478 | 448b 8424 
  0x0000016172e30784: b800 0000 | 8b54 2438 | 8b8c 24bc | 0000 0048 | 8b6c 2440 | e964 c8ff | ff4c 8b5c | 2428 4c8b 
  0x0000016172e307a4: 4c24 604c | 8b74 2468 | 4c8b 5424 | 7844 8b84 | 24b8 0000 | 008b 5424 | 388b 8c24 | bc00 0000 
  0x0000016172e307c4: 488b 6c24 | 40e9 33c8 | ffff 33ed | e9dc ddff | ff33 c0e9 | 11e1 ffff | 4533 c033 | dbe9 90ca 
  0x0000016172e307e4: ffff 450f | b654 ec11 | 4585 d20f | 85aa dcff | ff4c 894c | 2438 4c89 | 5c24 404c | 896c 2428 
  0x0000016172e30804: ;   {no_reloc}
  0x0000016172e30804: 448b 9c24 | 8800 0000 | 4489 5c24 | 204c 8b94 | 24a8 0000 | 004c 8954 | 2448 4c8b | 9424 b000 
  0x0000016172e30824: 0000 4c89 | 5424 6890 

  0x0000016172e3082c: ;   {static_call}
  0x0000016172e3082c: c5f8 77e8 

  0x0000016172e30830: ; ImmutableOopMap {rbp=NarrowOop [32]=NarrowOop [40]=Oop [48]=Oop [56]=Oop [64]=Oop [72]=Oop [104]=Oop [128]=Oop [168]=Oop [176]=Oop [216]=Oop }
                      ;*invokestatic beginInit {reexecute=0 rethrow=0 return_oop=1}
                      ; - java.util.jar.JarFile::ensureInitialization@31 (line 1069)
                      ; - java.util.jar.JavaUtilJarAccessImpl::ensureInitialization@1 (line 42)
                      ; - jdk.internal.loader.URLClassPath$JarLoader$2::getManifest@10 (line 852)
                      ; - java.net.URLClassLoader::defineClass@34 (line 491)
                      ; - java.net.URLClassLoader$1::run@43 (line 427)
                      ; - java.net.URLClassLoader$1::run@1 (line 421)
                      ; - java.security.AccessController::executePrivileged@29 (line 809)
                      ; - java.security.AccessController::doPrivileged@13 (line 714)
                      ; - java.net.URLClassLoader::findClass@13 (line 420)
  0x0000016172e30830: 4ce8 4fff 

  0x0000016172e30834: ;   {other}
  0x0000016172e30834: 0f1f 8400 | 2444 0038 | 4889 4424 | 4848 8b54 | 2438 4c8b | 9424 a800 | 0000 4c89 | 5424 604c 
  0x0000016172e30854: 8b94 24b0 | 0000 004c | 8954 2470 

  0x0000016172e30860: ;   {optimized virtual_call}
  0x0000016172e30860: c5f8 77e8 

  0x0000016172e30864: ; ImmutableOopMap {rbp=NarrowOop [32]=NarrowOop [40]=Oop [48]=Oop [56]=Oop [64]=Oop [72]=Oop [96]=Oop [112]=Oop [128]=Oop [168]=Oop [176]=Oop [216]=Oop }
                      ;*invokevirtual initializeVerifier {reexecute=0 rethrow=0 return_oop=0}
                      ; - java.util.jar.JarFile::ensureInitialization@36 (line 1071)
                      ; - java.util.jar.JavaUtilJarAccessImpl::ensureInitialization@1 (line 42)
                      ; - jdk.internal.loader.URLClassPath$JarLoader$2::getManifest@10 (line 852)
                      ; - java.net.URLClassLoader::defineClass@34 (line 491)
                      ; - java.net.URLClassLoader$1::run@43 (line 427)
                      ; - java.net.URLClassLoader$1::run@1 (line 421)
                      ; - java.security.AccessController::executePrivileged@29 (line 809)
                      ; - java.security.AccessController::doPrivileged@13 (line 714)
                      ; - java.net.URLClassLoader::findClass@13 (line 420)
  0x0000016172e30864: 18e2 4fff 

  0x0000016172e30868: ;   {other}
  0x0000016172e30868: 0f1f 8400 | 5844 0039 | 41c6 44ec | 1101 488b | 5424 4848 | 8b6c 2460 | 4c8b 5424 | 704c 8954 
  0x0000016172e30888: 2460 6690 

  0x0000016172e3088c: ;   {static_call}
  0x0000016172e3088c: c5f8 77e8 

  0x0000016172e30890: ; ImmutableOopMap {rbp=Oop [32]=NarrowOop [40]=Oop [48]=Oop [56]=Oop [64]=Oop [96]=Oop [128]=Oop [168]=Oop [176]=Oop [216]=Oop }
                      ;*invokestatic endInit {reexecute=0 rethrow=0 return_oop=0}
                      ; - java.util.jar.JarFile::ensureInitialization@45 (line 1074)
                      ; - java.util.jar.JavaUtilJarAccessImpl::ensureInitialization@1 (line 42)
                      ; - jdk.internal.loader.URLClassPath$JarLoader$2::getManifest@10 (line 852)
                      ; - java.net.URLClassLoader::defineClass@34 (line 491)
                      ; - java.net.URLClassLoader$1::run@43 (line 427)
                      ; - java.net.URLClassLoader$1::run@1 (line 421)
                      ; - java.security.AccessController::executePrivileged@29 (line 809)
                      ; - java.security.AccessController::doPrivileged@13 (line 714)
                      ; - java.net.URLClassLoader::findClass@13 (line 420)
  0x0000016172e30890: ece7 4fff 

  0x0000016172e30894: ;   {other}
  0x0000016172e30894: 0f1f 8400 | 8444 003a | 448b 5424 | 2044 8994 | 2488 0000 | 004c 8b5c | 2440 4c8b | 4c24 384c 
  0x0000016172e308b4: 8b6c 2428 | e9e2 dbff | ff45 33c0 | 4533 d2e9 | 0bf6 ffff | 896c 244c | 4889 7424 | 5044 894c 
  0x0000016172e308d4: 2448 4489 | 4424 4489 | 4c24 404c | 8954 2438 | 4c89 5c24 | 3048 895c | 2428 4c8b | 5424 584c 
  0x0000016172e308f4: 8954 2420 | 4c89 ac24 | a800 0000 | 488b ac24 | b000 0000 

  0x0000016172e30908: ;   {metadata({type array byte})}
  0x0000016172e30908: 48ba 1823 | 0002 6101 | 0000 448b | 4424 4c48 | 8944 2460 | 4c89 6c24 | 6866 6690 

  0x0000016172e30924: ;   {runtime_call _new_array_Java}
  0x0000016172e30924: c5f8 77e8 

  0x0000016172e30928: ; ImmutableOopMap {rbp=Oop [40]=Oop [48]=Oop [56]=Oop [104]=Oop [168]=Oop [176]=Oop }
                      ;*invokevirtual allocateUninitializedArray0 {reexecute=0 rethrow=0 return_oop=1}
                      ; - jdk.internal.misc.Unsafe::allocateUninitializedArray@51 (line 1380)
                      ; - java.lang.StringConcatHelper::newArray@33 (line 511)
                      ; - java.lang.StringConcatHelper::simpleConcat@61 (line 435)
                      ; - java.lang.String::concat@11 (line 2899)
                      ; - java.net.URLClassLoader$1::run@13 (line 423)
                      ; - java.net.URLClassLoader$1::run@1 (line 421)
                      ; - java.security.AccessController::executePrivileged@29 (line 809)
                      ; - java.security.AccessController::doPrivileged@13 (line 714)
                      ; - java.net.URLClassLoader::findClass@13 (line 420)
  0x0000016172e30928: 5493 5cff 

  0x0000016172e3092c: ;   {other}
  0x0000016172e3092c: 0f1f 8400 | 1c45 003b | 4c8b 6c24 | 684c 8b54 | 2420 4c89 | 5424 5848 | 8b5c 2428 | 4c8b 5c24 
  0x0000016172e3094c: 304c 8b54 | 2438 8b4c | 2440 448b | 4424 4444 | 8b4c 2448 | 488b 7424 | 508b 6c24 | 4c48 8bf8 
  0x0000016172e3096c: e946 d4ff | ff48 897c | 2430 4889 | 5c24 284c | 8b54 2458 | 4c89 5424 | 204c 89ac | 24a8 0000 
  0x0000016172e3098c: 0048 8bac | 24b0 0000 

  0x0000016172e30994: ;   {metadata('java/lang/String')}
  0x0000016172e30994: 0048 ba78 | e800 0261 | 0100 004c | 896c 2440 

  0x0000016172e309a4: ;   {runtime_call _new_instance_Java}
  0x0000016172e309a4: c5f8 77e8 

  0x0000016172e309a8: ; ImmutableOopMap {rbp=Oop [40]=Oop [48]=Oop [64]=Oop [168]=Oop [176]=Oop }
                      ;*new {reexecute=0 rethrow=0 return_oop=1}
                      ; - java.lang.StringConcatHelper::newString@6 (line 400)
                      ; - java.lang.StringConcatHelper::simpleConcat@90 (line 440)
                      ; - java.lang.String::concat@11 (line 2899)
                      ; - java.net.URLClassLoader$1::run@13 (line 423)
                      ; - java.net.URLClassLoader$1::run@1 (line 421)
                      ; - java.security.AccessController::executePrivileged@29 (line 809)
                      ; - java.security.AccessController::doPrivileged@13 (line 714)
                      ; - java.net.URLClassLoader::findClass@13 (line 420)
  0x0000016172e309a8: 5445 5cff 

  0x0000016172e309ac: ;   {other}
  0x0000016172e309ac: 0f1f 8400 | 9c45 003c | 4c8b 6c24 | 404c 8b5c | 2420 4c89 | 5c24 5848 | 8b5c 2428 | 488b 7c24 
  0x0000016172e309cc: 30e9 99d4 | ffff 4c8b | 8c24 d800 | 0000 41c6 | 4111 0133 | c04c 8b5c | 2420 4c8b | 7424 3844 
  0x0000016172e309ec: 8b54 2440 | 4d8b ebe9 | eadb ffff 

  0x0000016172e309f8: ;   {metadata('java/lang/ClassNotFoundException')}
  0x0000016172e309f8: 48ba a0ac | 0602 6101 | 0000 488b | ac24 a800 | 0000 6690 

  0x0000016172e30a0c: ;   {runtime_call _new_instance_Java}
  0x0000016172e30a0c: c5f8 77e8 

  0x0000016172e30a10: ; ImmutableOopMap {rbp=Oop [168]=Oop }
                      ;*new {reexecute=0 rethrow=0 return_oop=1}
                      ; - java.net.URLClassLoader::findClass@36 (line 445)
  0x0000016172e30a10: ec44 5cff 

  0x0000016172e30a14: ;   {other}
  0x0000016172e30a14: 0f1f 8400 | 0446 003d | e9e8 d4ff | ff49 8b87 | b801 0000 | 488b c848 | 83c1 1849 | 3b8f c801 
  0x0000016172e30a34: 0000 0f83 | 4f34 0000 | 4989 8fb8 | 0100 000f | 1881 0001 | 0000 48c7 | 0001 0000 

  0x0000016172e30a50: ;   {metadata('java/lang/String')}
  0x0000016172e30a50: 00c7 4008 | 78e8 0000 | 4489 600c | 4489 6010 

  0x0000016172e30a60: ;   {oop([B{0x0000000740a77580})}
  0x0000016172e30a60: c740 14b0 

  0x0000016172e30a64: ;   {oop("/"{0x0000000741e74b08})}
  0x0000016172e30a64: ee14 e848 | b908 4be7 | 4107 0000 | 008b 590c | 8958 0c0f | b649 1188 | 4811 e992 | c7ff ff48 
  0x0000016172e30a84: 8944 2448 | 4489 7424 | 4444 894c | 2440 897c | 243c 894c | 2438 4889 | 5c24 304c | 8b54 2458 
  0x0000016172e30aa4: 4c89 5424 | 284c 89ac | 24a8 0000 | 004c 8b94 | 24b0 0000 | 004c 8954 

  0x0000016172e30abc: ;   {metadata({type array byte})}
  0x0000016172e30abc: 2420 48ba | 1823 0002 | 6101 0000 | 448b c74c | 896c 2458 | 4c89 6c24 | 6066 6690 

  0x0000016172e30ad8: ;   {runtime_call _new_array_Java}
  0x0000016172e30ad8: c5f8 77e8 

  0x0000016172e30adc: ; ImmutableOopMap {[32]=Oop [48]=Oop [56]=NarrowOop [72]=Oop [88]=Oop [96]=Oop [168]=Oop [176]=Oop }
                      ;*invokevirtual allocateUninitializedArray0 {reexecute=0 rethrow=0 return_oop=1}
                      ; - jdk.internal.misc.Unsafe::allocateUninitializedArray@51 (line 1380)
                      ; - java.lang.StringConcatHelper::newArray@33 (line 511)
                      ; - java.lang.StringLatin1::replace@49 (line 304)
                      ; - java.lang.String::replace@18 (line 2933)
                      ; - java.net.URLClassLoader$1::run@8 (line 423)
                      ; - java.net.URLClassLoader$1::run@1 (line 421)
                      ; - java.security.AccessController::executePrivileged@29 (line 809)
                      ; - java.security.AccessController::doPrivileged@13 (line 714)
                      ; - java.net.URLClassLoader::findClass@13 (line 420)
  0x0000016172e30adc: a091 5cff 

  0x0000016172e30ae0: ;   {other}
  0x0000016172e30ae0: 0f1f 8400 | d046 003e | 4c8b d04c | 8b6c 2458 | 4c8b 5c24 | 284c 895c | 2458 488b | 5c24 308b 
  0x0000016172e30b00: 4c24 388b | 7c24 3c44 | 8b4c 2440 | 448b 7424 | 4448 8b44 | 2448 4d8b | dae9 80cf | ffff 4c89 
  0x0000016172e30b20: 5c24 3048 | 895c 2428 | 4c8b 5424 | 584c 8954 | 2420 4c89 | ac24 a800 | 0000 488b | ac24 b000 
  0x0000016172e30b40: ;   {metadata('java/lang/String')}
  0x0000016172e30b40: 0000 48ba | 78e8 0002 | 6101 0000 | 4c89 6c24 | 404c 896c | 2448 6690 

  0x0000016172e30b58: ;   {runtime_call _new_instance_Java}
  0x0000016172e30b58: c5f8 77e8 

  0x0000016172e30b5c: ; ImmutableOopMap {rbp=Oop [40]=Oop [48]=Oop [64]=Oop [72]=Oop [168]=Oop [176]=Oop }
                      ;*new {reexecute=0 rethrow=0 return_oop=1}
                      ; - java.lang.StringLatin1::replace@116 (line 313)
                      ; - java.lang.String::replace@18 (line 2933)
                      ; - java.net.URLClassLoader$1::run@8 (line 423)
                      ; - java.net.URLClassLoader$1::run@1 (line 421)
                      ; - java.security.AccessController::executePrivileged@29 (line 809)
                      ; - java.security.AccessController::doPrivileged@13 (line 714)
                      ; - java.net.URLClassLoader::findClass@13 (line 420)
  0x0000016172e30b5c: a043 5cff 

  0x0000016172e30b60: ;   {other}
  0x0000016172e30b60: 0f1f 8400 | 5047 003f | 4c8b 6c24 | 404c 8b5c | 2420 4c89 | 5c24 5848 | 8b5c 2428 | 4c8b 5c24 
  0x0000016172e30b80: 304c 8bd0 | e952 d1ff | ff44 8b54 | 2420 4489 | 9424 8800 | 0000 4c8b | 4424 284c | 8b5c 2438 
  0x0000016172e30ba0: 4c8b 4c24 | 404c 8b74 | 2448 448b | 5424 2448 | 8b4c 2460 | 4d8b e8e9 | 91da ffff | 4c89 4424 
  0x0000016172e30bc0: ;   {metadata('java/security/CodeSource')}
  0x0000016172e30bc0: 2848 ba28 | 5c00 0261 | 0100 004c | 8b94 24a8 | 0000 004c | 8954 2438 | 4c8b 9424 | b000 0000 
  0x0000016172e30be0: 4c89 5424 | 4066 6690 

  0x0000016172e30be8: ;   {runtime_call _new_instance_Java}
  0x0000016172e30be8: c5f8 77e8 

  0x0000016172e30bec: ; ImmutableOopMap {[32]=Oop [40]=Oop [48]=Oop [56]=Oop [64]=Oop [88]=Oop [104]=Oop [136]=NarrowOop [168]=Oop [176]=Oop }
                      ;*new {reexecute=0 rethrow=0 return_oop=1}
                      ; - java.net.URLClassLoader::defineClass@190 (line 522)
                      ; - java.net.URLClassLoader$1::run@43 (line 427)
                      ; - java.net.URLClassLoader$1::run@1 (line 421)
                      ; - java.security.AccessController::executePrivileged@29 (line 809)
                      ; - java.security.AccessController::doPrivileged@13 (line 714)
                      ; - java.net.URLClassLoader::findClass@13 (line 420)
  0x0000016172e30bec: 1043 5cff 

  0x0000016172e30bf0: ;   {other}
  0x0000016172e30bf0: 0f1f 8400 | e047 0040 | e979 cdff | ff4c 896c | 2448 897c | 2440 4489 | 5424 2448 | 895c 2438 
  0x0000016172e30c10: 4489 5c24 | 208b e94c | 8b94 2480 | 0000 004c | 8954 2428 

  0x0000016172e30c24: ;   {metadata('java/lang/String')}
  0x0000016172e30c24: 48ba 78e8 | 0002 6101 | 0000 4c8b | 9424 a800 | 0000 4c89 | 5424 604c | 8b94 24b0 | 0000 004c 
  0x0000016172e30c44: 8954 2468 

  0x0000016172e30c48: ;   {runtime_call _new_instance_Java}
  0x0000016172e30c48: c5f8 77e8 

  0x0000016172e30c4c: ; ImmutableOopMap {rbp=NarrowOop [40]=Oop [48]=Oop [56]=Oop [64]=NarrowOop [72]=Oop [96]=Oop [104]=Oop [168]=Oop [176]=Oop }
                      ;*new {reexecute=0 rethrow=0 return_oop=1}
                      ; - java.lang.StringLatin1::newString@7 (line 752)
                      ; - java.lang.String::substring@41 (line 2839)
                      ; - java.net.URLClassLoader::defineClass@28 (line 489)
                      ; - java.net.URLClassLoader$1::run@43 (line 427)
                      ; - java.net.URLClassLoader$1::run@1 (line 421)
                      ; - java.security.AccessController::executePrivileged@29 (line 809)
                      ; - java.security.AccessController::doPrivileged@13 (line 714)
                      ; - java.net.URLClassLoader::findClass@13 (line 420)
  0x0000016172e30c4c: b042 5cff 

  0x0000016172e30c50: ;   {other}
  0x0000016172e30c50: 0f1f 8400 | 4048 0041 | 4c8b 5424 | 284c 8994 | 2480 0000 | 008b cd44 | 8b5c 2420 | 488b 5c24 
  0x0000016172e30c70: 3844 8b54 | 2424 448b | 4424 4044 | 8984 2488 | 0000 0048 | 8bf0 4c8b | 6c24 48e9 | 47d5 ffff 
  0x0000016172e30c90: 4c8b 4c24 | 4041 c641 | 1101 33c0 | 448b 5c24 | 2044 899c | 2488 0000 | 004c 8b44 | 2428 4c8b 
  0x0000016172e30cb0: 5c24 384c | 8b74 2448 | 448b 5424 | 248b 4c24 | 604d 8be8 | e924 dcff | ff44 894c | 2428 4889 
  0x0000016172e30cd0: 8424 9000 | 0000 4c89 | 5c24 7849 | 8bd3 488b | ac24 a800 | 0000 6690 

  0x0000016172e30ce8: ;   {optimized virtual_call}
  0x0000016172e30ce8: c5f8 77e8 

  0x0000016172e30cec: ; ImmutableOopMap {rbp=Oop [32]=Oop [40]=NarrowOop [48]=Oop [64]=Oop [104]=Oop [112]=Oop [120]=Oop [128]=Oop [136]=NarrowOop [144]=Oop [168]=Oop [176]=Oop [216]=Oop }
                      ;*invokevirtual getManifestNum {reexecute=0 rethrow=0 return_oop=0}
                      ; - java.util.zip.ZipFile$1::getManifestNum@1 (line 1125)
                      ; - java.util.jar.JarFile::getManifestFromReference@59 (line 420)
                      ; - java.util.jar.JarFile::getManifest@1 (line 405)
                      ; - jdk.internal.loader.URLClassPath$JarLoader$2::getManifest@22 (line 853)
                      ; - java.net.URLClassLoader::defineClass@34 (line 491)
                      ; - java.net.URLClassLoader$1::run@43 (line 427)
                      ; - java.net.URLClassLoader$1::run@1 (line 421)
                      ; - java.security.AccessController::executePrivileged@29 (line 809)
                      ; - java.security.AccessController::doPrivileged@13 (line 714)
                      ; - java.net.URLClassLoader::findClass@13 (line 420)
  0x0000016172e30cec: 90dd 4fff 

  0x0000016172e30cf0: ;   {other}
  0x0000016172e30cf0: 0f1f 8400 | e048 0042 | 83f8 010f | 85c9 f5ff | ff49 8b87 | b801 0000 | 4c8b d049 | 83c2 404d 
  0x0000016172e30d10: 3b97 c801 | 0000 0f83 | f63a 0000 | 4d89 97b8 | 0100 0041 | 0f18 8200 | 0100 0048 | c700 0100 
  0x0000016172e30d30: ;   {metadata('java/util/jar/JarVerifier')}
  0x0000016172e30d30: 0000 c740 | 0828 1c17 | 0044 8960 | 0c4c 8960 | 104c 8960 | 184c 8960 | 204c 8960 | 284c 8960 
  0x0000016172e30d50: 304c 8960 | 384c 8bd0 | 4c89 9424 | 9800 0000 | 4c8b 5424 | 6845 8b52 

  0x0000016172e30d68: ;   {metadata('java/util/jar/JarFile$JarFileEntry')}
  0x0000016172e30d68: 0841 81fa | 204c 3100 | 0f85 7a3d | 0000 4c8b | 5424 684c | 8b9c 2498 | 0000 0041 | c643 0e01 
  0x0000016172e30d88: 458b 5a60 | 4c8b 9424 | 9800 0000 | 4589 5a30 | 41c6 420d | 014d 8bd3 | 49c1 e203 | 4c8b 8424 
  0x0000016172e30da8: 9800 0000 | 4d33 d049 | c1ea 154d | 85d2 741f | 4585 db74 | 1a49 c1e8 | 0948 b900 | 0031 7761 
  0x0000016172e30dc8: 0100 0049 | 03c8 8039 | 020f 85ef | 3700 0041 | 807f 4000 | 0f85 3f31 | 0000 4c8b | 9424 9800 
  0x0000016172e30de8: 0000 448b | 4424 2845 | 8942 2c4c | 8b94 2490 | 0000 004c | 8b9c 2498 | 0000 004d | 33d3 49c1 
  0x0000016172e30e08: ea15 4d85 | d274 274c | 8b94 2490 | 0000 004d | 85d2 741a | 49c1 eb09 | 48b9 0000 | 3177 6101 
  0x0000016172e30e28: 0000 4903 | cb80 3902 | 0f85 3f37 | 0000 498b | 87b8 0100 | 004c 8bd0 | 4983 c230 | 4d3b 97c8 
  0x0000016172e30e48: 0100 000f | 83e0 3900 | 004d 8997 | b801 0000 | 410f 1882 | 0001 0000 | 48c7 0001 

  0x0000016172e30e64: ;   {metadata('java/util/Hashtable')}
  0x0000016172e30e64: 0000 00c7 | 4008 b8d3 | 0000 4489 | 600c 4c89 | 6010 4c89 | 6018 4c89 | 6020 4c89 | 6028 488b 
  0x0000016172e30e84: ;   {section_word}
  0x0000016172e30e84: e8c5 fa10 | 05f3 beff | ff4c 8b94 | 24a8 0000 | 004c 8954 | 2438 6690 

  0x0000016172e30e9c: ;   {static_call}
  0x0000016172e30e9c: c5f8 77e8 

  0x0000016172e30ea0: ; ImmutableOopMap {rbp=Oop [32]=Oop [40]=NarrowOop [48]=Oop [56]=Oop [112]=Oop [120]=Oop [128]=Oop [136]=NarrowOop [144]=Oop [152]=Oop [168]=Oop [176]=Oop [216]=Oop }
                      ;*invokestatic isNaN {reexecute=0 rethrow=0 return_oop=0}
                      ; - java.util.Hashtable::<init>@47 (line 190)
                      ; - java.util.Hashtable::<init>@5 (line 217)
                      ; - java.util.jar.JarVerifier::<init>@39 (line 105)
                      ; - java.util.jar.JarFile::getManifestFromReference@78 (line 421)
                      ; - java.util.jar.JarFile::getManifest@1 (line 405)
                      ; - jdk.internal.loader.URLClassPath$JarLoader$2::getManifest@22 (line 853)
                      ; - java.net.URLClassLoader::defineClass@34 (line 491)
                      ; - java.net.URLClassLoader$1::run@43 (line 427)
                      ; - java.net.URLClassLoader$1::run@1 (line 421)
                      ; - java.security.AccessController::executePrivileged@29 (line 809)
                      ; - java.security.AccessController::doPrivileged@13 (line 714)
                      ; - java.net.URLClassLoader::findClass@13 (line 420)
  0x0000016172e30ea0: dce1 4fff 

  0x0000016172e30ea4: ;   {other}
  0x0000016172e30ea4: 0f1f 8400 | 944a 0043 | 85c0 0f85 | 9c3c 0000 | c745 1400 | 0040 3f4d | 8b97 b801 | 0000 4d8b 
  0x0000016172e30ec4: da49 83c3 | 404d 3b9f | c801 0000 | 0f83 9f39 | 0000 4d89 | 9fb8 0100 | 0041 0f18 | 8300 0100 
  0x0000016172e30ee4: 0049 c702 | 0100 0000 | 410f 1883 | 4001 0000 

  0x0000016172e30ef4: ;   {metadata('java/util/Hashtable$Entry'[])}
  0x0000016172e30ef4: 41c7 4208 | 2899 1300 | 410f 1883 | 8001 0000 | 41c7 420c | 0b00 0000 | 4d89 6210 | 4d89 6218 
  0x0000016172e30f14: 4d89 6220 | 4d89 6228 | 4d89 6230 | 4d89 6238 | 498b da41 | 807f 4000 | 0f85 2e30 | 0000 4c8b 
  0x0000016172e30f34: d34d 8bda | 49c1 eb03 | 4489 5d1c | 4c8b dd4d | 33d3 488b | dd48 c1eb | 0349 c1ea | 154d 85d2 
  0x0000016172e30f54: 741a 49c1 | eb09 48b9 | 0000 3177 | 6101 0000 | 4903 cb80 | 3902 0f85 | 8a32 0000 | 4180 7f40 
  0x0000016172e30f74: 000f 851c | 3000 004c | 8b94 2498 | 0000 0041 | 895a 14c7 | 4510 0800 | 0000 4c8b | d54c 8b9c 
  0x0000016172e30f94: 2498 0000 | 004d 33d3 | 49c1 ea15 | 4d85 d274 | 1a49 c1eb | 0948 b900 | 0031 7761 | 0100 0049 
  0x0000016172e30fb4: 03cb 8039 | 020f 858c | 3200 0049 | 8b87 b801 | 0000 4c8b | d049 83c2 | 304d 3b97 | c801 0000 
  0x0000016172e30fd4: 0f83 7738 | 0000 4d89 | 97b8 0100 | 0041 0f18 | 8200 0100 | 0048 c700 | 0100 0000 

  0x0000016172e30ff0: ;   {metadata('java/util/Hashtable')}
  0x0000016172e30ff0: c740 08b8 | d300 0044 | 8960 0c4c | 8960 104c | 8960 184c | 8960 204c | 8960 2848 

  0x0000016172e3100c: ;   {section_word}
  0x0000016172e3100c: 8be8 c5fa | 1005 6abd | ffff 4c8b | 9424 a800 | 0000 4c89 | 5424 3890 

  0x0000016172e31024: ;   {static_call}
  0x0000016172e31024: c5f8 77e8 

  0x0000016172e31028: ; ImmutableOopMap {rbp=Oop [32]=Oop [40]=NarrowOop [48]=Oop [56]=Oop [112]=Oop [120]=Oop [128]=Oop [136]=NarrowOop [144]=Oop [152]=Oop [168]=Oop [176]=Oop [216]=Oop }
                      ;*invokestatic isNaN {reexecute=0 rethrow=0 return_oop=0}
                      ; - java.util.Hashtable::<init>@47 (line 190)
                      ; - java.util.Hashtable::<init>@5 (line 217)
                      ; - java.util.jar.JarVerifier::<init>@50 (line 106)
                      ; - java.util.jar.JarFile::getManifestFromReference@78 (line 421)
                      ; - java.util.jar.JarFile::getManifest@1 (line 405)
                      ; - jdk.internal.loader.URLClassPath$JarLoader$2::getManifest@22 (line 853)
                      ; - java.net.URLClassLoader::defineClass@34 (line 491)
                      ; - java.net.URLClassLoader$1::run@43 (line 427)
                      ; - java.net.URLClassLoader$1::run@1 (line 421)
                      ; - java.security.AccessController::executePrivileged@29 (line 809)
                      ; - java.security.AccessController::doPrivileged@13 (line 714)
                      ; - java.net.URLClassLoader::findClass@13 (line 420)
  0x0000016172e31028: 54e0 4fff 

  0x0000016172e3102c: ;   {other}
  0x0000016172e3102c: 0f1f 8400 | 1c4c 0044 | 85c0 0f85 | 803b 0000 | c745 1400 | 0040 3f4d | 8b97 b801 | 0000 4d8b 
  0x0000016172e3104c: da49 83c3 | 404d 3b9f | c801 0000 | 0f83 6738 | 0000 4d89 | 9fb8 0100 | 0041 0f18 | 8300 0100 
  0x0000016172e3106c: 0049 c702 | 0100 0000 | 410f 1883 | 4001 0000 

  0x0000016172e3107c: ;   {metadata('java/util/Hashtable$Entry'[])}
  0x0000016172e3107c: 41c7 4208 | 2899 1300 | 410f 1883 | 8001 0000 | 41c7 420c | 0b00 0000 | 4d89 6210 | 4d89 6218 
  0x0000016172e3109c: 4d89 6220 | 4d89 6228 | 4d89 6230 | 4d89 6238 | 498b da41 | 807f 4000 | 0f85 5b2f | 0000 4c8b 
  0x0000016172e310bc: d349 c1ea | 0344 8955 | 1c4c 8bd3 | 4c8b dd4d | 33d3 488b | fd48 c1ef | 0349 c1ea | 154d 85d2 
  0x0000016172e310dc: 741a 49c1 | eb09 48b9 | 0000 3177 | 6101 0000 | 4903 cb80 | 3902 0f85 | a431 0000 | 4180 7f40 
  0x0000016172e310fc: 000f 85d3 | 2e00 004c | 8b94 2498 | 0000 0041 | 897a 10c7 | 4510 0800 | 0000 4c8b | d54c 8b9c 
  0x0000016172e3111c: 2498 0000 | 004d 33d3 | 49c1 ea15 | 4d85 d274 | 1a49 c1eb | 0948 b900 | 0031 7761 | 0100 0049 
  0x0000016172e3113c: 03cb 8039 | 020f 85a6 | 3100 0049 | 8b87 b801 | 0000 4c8b | d049 83c2 | 304d 3b97 | c801 0000 
  0x0000016172e3115c: 0f83 3e37 | 0000 4d89 | 97b8 0100 | 0041 0f18 | 8200 0100 | 0048 c700 | 0100 0000 

  0x0000016172e31178: ;   {metadata('java/util/Hashtable')}
  0x0000016172e31178: c740 08b8 | d300 0044 | 8960 0c4c | 8960 104c | 8960 184c | 8960 204c | 8960 2848 

  0x0000016172e31194: ;   {section_word}
  0x0000016172e31194: 8be8 c5fa | 1005 e2bb | ffff 4c8b | 9424 a800 | 0000 4c89 | 5424 3890 

  0x0000016172e311ac: ;   {static_call}
  0x0000016172e311ac: c5f8 77e8 

  0x0000016172e311b0: ; ImmutableOopMap {rbp=Oop [32]=Oop [40]=NarrowOop [48]=Oop [56]=Oop [112]=Oop [120]=Oop [128]=Oop [136]=NarrowOop [144]=Oop [152]=Oop [168]=Oop [176]=Oop [216]=Oop }
                      ;*invokestatic isNaN {reexecute=0 rethrow=0 return_oop=0}
                      ; - java.util.Hashtable::<init>@47 (line 190)
                      ; - java.util.Hashtable::<init>@4 (line 209)
                      ; - java.util.jar.JarVerifier::<init>@63 (line 107)
                      ; - java.util.jar.JarFile::getManifestFromReference@78 (line 421)
                      ; - java.util.jar.JarFile::getManifest@1 (line 405)
                      ; - jdk.internal.loader.URLClassPath$JarLoader$2::getManifest@22 (line 853)
                      ; - java.net.URLClassLoader::defineClass@34 (line 491)
                      ; - java.net.URLClassLoader$1::run@43 (line 427)
                      ; - java.net.URLClassLoader$1::run@1 (line 421)
                      ; - java.security.AccessController::executePrivileged@29 (line 809)
                      ; - java.security.AccessController::doPrivileged@13 (line 714)
                      ; - java.net.URLClassLoader::findClass@13 (line 420)
  0x0000016172e311b0: ccde 4fff 

  0x0000016172e311b4: ;   {other}
  0x0000016172e311b4: 0f1f 8400 | a44d 0045 | 85c0 0f85 | 643a 0000 | c745 1400 | 0040 3f4d | 8b97 b801 | 0000 4d8b 
  0x0000016172e311d4: da49 83c3 | 404d 3b9f | c801 0000 | 0f83 c237 | 0000 4d89 | 9fb8 0100 | 0041 0f18 | 8300 0100 
  0x0000016172e311f4: 0049 c702 | 0100 0000 | 410f 1883 | 4001 0000 

  0x0000016172e31204: ;   {metadata('java/util/Hashtable$Entry'[])}
  0x0000016172e31204: 41c7 4208 | 2899 1300 | 410f 1883 | 8001 0000 | 41c7 420c | 0b00 0000 | 4d89 6210 | 4d89 6218 
  0x0000016172e31224: 4d89 6220 | 4d89 6228 | 4d89 6230 | 4d89 6238 | 498b da41 | 807f 4000 | 0f85 032f | 0000 4c8b 
  0x0000016172e31244: d34d 8bda | 49c1 eb03 | 4489 5d1c | 4c8b 9424 | 9800 0000 | 49c1 ea03 | 4489 9424 | 8c00 0000 
  0x0000016172e31264: 488b f548 | c1ee 034c | 8bd5 4c8b | db4d 33da | 49c1 eb15 | 4d85 db74 | 1a49 c1ea | 0948 b900 
  0x0000016172e31284: 0031 7761 | 0100 0049 | 03ca 8039 | 020f 85eb | 3100 0041 | 807f 4000 | 0f85 da2e | 0000 4c8b 
  0x0000016172e312a4: 9424 9800 | 0000 4189 | 7218 c745 | 1008 0000 | 004c 8bd5 | 4c8b 9c24 | 9800 0000 | 4d33 d349 
  0x0000016172e312c4: c1ea 154d | 85d2 741a | 49c1 eb09 | 48b9 0000 | 3177 6101 | 0000 4903 | cb80 3902 | 0f85 3e32 
  0x0000016172e312e4: 0000 4d8b | 97b8 0100 | 004d 8bda | 4983 c318 | 4d3b 9fc8 | 0100 000f | 83cf 3600 

  0x0000016172e31300: ;   {no_reloc}
  0x0000016172e31300: 004d 899f | b801 0000 | 410f 1883 | 0001 0000 | 49c7 0201 

  0x0000016172e31314: ;   {metadata('java/util/ArrayList')}
  0x0000016172e31314: 0000 0041 | c742 08e8 | a20b 0045 | 8962 0c45 

  0x0000016172e31324: ;   {oop(a 'java/lang/Object'[0] {0x0000000742b8c340})}
  0x0000016172e31324: 8962 1041 | c742 1468 | 1857 e849 | 8bda 4180 | 7f40 000f | 85c9 2d00 | 004c 8bd3 | 49c1 ea03 
  0x0000016172e31344: 4c8b 9c24 | 9800 0000 | 4589 531c | 4d8b d34c | 8bdb 4d33 | da49 c1eb | 154d 85db | 741a 49c1 
  0x0000016172e31364: ea09 48b9 | 0000 3177 | 6101 0000 | 4903 ca80 | 3902 0f85 | 6430 0000 | 4d8b 97b8 | 0100 004d 
  0x0000016172e31384: 8bda 4983 | c318 4d3b | 9fc8 0100 | 000f 8385 | 3500 004d | 899f b801 | 0000 410f | 1883 0001 
  0x0000016172e313a4: 0000 49c7 | 0201 0000 

  0x0000016172e313ac: ;   {metadata('java/io/ByteArrayOutputStream')}
  0x0000016172e313ac: 0041 c742 | 0820 1822 | 0045 8962 | 0c4d 8962 | 1049 8bea | 498b 87b8 | 0100 004c | 8bd0 4983 
  0x0000016172e313cc: c230 4d3b | 97c8 0100 | 000f 836d | 3500 004d | 8997 b801 | 0000 410f | 1882 0001 | 0000 48c7 
  0x0000016172e313ec: 0001 0000 | 0041 0f18 | 8240 0100 

  0x0000016172e313f8: ;   {metadata({type array byte})}
  0x0000016172e313f8: 00c7 4008 | 1823 0000 | 410f 1882 | 8001 0000 | c740 0c20 | 0000 004c | 8960 104c | 8960 184c 
  0x0000016172e31418: 8960 204c | 8960 284c | 8bd5 498b | fa48 c1ef | 034c 8bd0 | 49c1 ea03 | 4489 5510 | 4c8b d04c 
  0x0000016172e31438: 8bdd 4d33 | d349 c1ea | 154d 85d2 | 741a 49c1 | eb09 48b9 | 0000 3177 | 6101 0000 | 4903 cb80 
  0x0000016172e31458: 3902 0f85 | 7330 0000 | 4180 7f40 | 000f 855c | 2c00 004c | 8b94 2498 | 0000 0041 | 897a 244c 
  0x0000016172e31478: 8bd5 4c8b | 9c24 9800 | 0000 4d33 | d349 c1ea | 154d 85d2 | 741a 49c1 | eb09 48b9 | 0000 3177 
  0x0000016172e31498: 6101 0000 | 4903 cb80 | 3902 0f85 | e72e 0000 | 4d8b 97b8 | 0100 004d | 8bda 4983 | c318 4d3b 
  0x0000016172e314b8: 9fc8 0100 | 000f 83ba | 3400 004d | 899f b801 | 0000 410f | 1883 0001 | 0000 49c7 | 0201 0000 
  0x0000016172e314d8: ;   {metadata('java/util/ArrayList')}
  0x0000016172e314d8: 0041 c742 | 08e8 a20b | 0045 8962 | 0c45 8962 

  0x0000016172e314e8: ;   {oop(a 'java/lang/Object'[0] {0x0000000742b8c340})}
  0x0000016172e314e8: 1041 c742 | 1468 1857 | e849 8bda | 4180 7f40 | 000f 85bc | 2c00 004c | 8bd3 49c1 | ea03 4c8b 
  0x0000016172e31508: 9c24 9800 | 0000 4589 | 5334 4d8b | d34c 8bdb | 4d33 da49 | c1eb 154d | 85db 741a | 49c1 ea09 
  0x0000016172e31528: 48b9 0000 | 3177 6101 | 0000 4903 | ca80 3902 | 0f85 002e | 0000 4d8b | 97b8 0100 | 004d 8bda 
  0x0000016172e31548: 4983 c330 | 4d3b 9fc8 | 0100 000f | 8397 3300 | 004d 899f | b801 0000 | 410f 1883 | 0001 0000 
  0x0000016172e31568: 49c7 0201 

  0x0000016172e3156c: ;   {metadata('java/util/HashMap')}
  0x0000016172e3156c: 0000 0041 | c742 0880 | c208 0045 | 8962 0c4d | 8962 104d | 8962 184d | 8962 2849 | c742 2000 
  0x0000016172e3158c: 0040 3f49 | 8bda 4180 | 7f40 000f | 85eb 2a00 | 004c 8bd3 | 49c1 ea03 | 4c8b 9c24 | 9800 0000 
  0x0000016172e315ac: 4589 5338 | 4d8b d34c | 8bdb 4d33 | da49 c1eb | 154d 85db | 741a 49c1 | ea09 48b9 | 0000 3177 
  0x0000016172e315cc: 6101 0000 | 4903 ca80 | 3902 0f85 | 552e 0000 | 4180 7f40 | 000f 8565 | 2a00 004c | 8b54 2478 
  0x0000016172e315ec: 448b 8424 | 8c00 0000 | 4589 4230 | 4c8b 9424 | 9800 0000 | 4c8b 5c24 | 784d 33d3 | 49c1 ea15 
  0x0000016172e3160c: 4d85 d20f | 84b5 ecff | ff49 c1eb | 0948 b900 | 0031 7761 | 0100 0049 | 03cb 8039 | 020f 849b 
  0x0000016172e3162c: ecff ff4d | 8b57 584d | 8b5f 48f0 | 8344 24c0 | 0080 3900 | 0f84 84ec | ffff 4488 | 214d 85db 
  0x0000016172e3164c: 7520 498b | d7c5 f877 | 49ba d0fc | 6ffd fa7f | 0000 41ff 

  0x0000016172e31660: ;   {other}
  0x0000016172e31660: d20f 1f84 | 0000 0000 | 00e9 5cec | ffff 4b89 | 4c1a f849 | 83c3 f84d | 895f 48e9 | 4aec ffff 
  0x0000016172e31680: 448b 5c24 | 2044 899c | 2488 0000 | 004c 8b44 | 2428 4c8b | 5c24 384c | 8b4c 2440 | 4c8b 7424 
  0x0000016172e316a0: 4844 8b54 | 2424 8b4c | 2460 488b | 5c24 684d | 8be8 e939 | d4ff ff48 | 8b4c 2460 | c641 1101 
  0x0000016172e316c0: 4533 c033 | db89 ac24 | 8800 0000 | 4c8b 5c24 | 284c 8b4c | 2438 4c8b | 7424 404c | 8b54 2448 
  0x0000016172e316e0: 488b 4424 | 70e9 8cbb | ffff 4c89 | 4424 784c | 894c 2470 | 4889 7c24 | 6848 8974 | 2460 4c89 
  0x0000016172e31700: 6c24 4844 | 8b84 2488 | 0000 0044 | 8944 2444 | 4489 5424 | 404c 8b94 | 2480 0000 | 004c 8954 
  0x0000016172e31720: ;   {metadata({type array byte})}
  0x0000016172e31720: 2428 48ba | 1823 0002 | 6101 0000 | 4889 5c24 | 3844 8b44 | 2440 4c8b | 9424 a800 | 0000 4c89 
  0x0000016172e31740: 9424 8000 | 0000 6690 

  0x0000016172e31748: ;   {runtime_call _new_array_nozero_Java}
  0x0000016172e31748: c5f8 77e8 

  0x0000016172e3174c: ; ImmutableOopMap {[40]=Oop [48]=Oop [56]=Oop [104]=Derived_oop_[56] [68]=NarrowOop [72]=Oop [96]=Oop [128]=Oop [168]=Oop [176]=Oop }
                      ;*newarray {reexecute=0 rethrow=0 return_oop=1}
                      ; - java.util.Arrays::copyOfRangeByte@10 (line 3863)
                      ; - java.util.Arrays::copyOfRange@13 (line 3854)
                      ; - java.lang.StringLatin1::newString@16 (line 752)
                      ; - java.lang.String::substring@41 (line 2839)
                      ; - java.net.URLClassLoader::defineClass@28 (line 489)
                      ; - java.net.URLClassLoader$1::run@43 (line 427)
                      ; - java.net.URLClassLoader$1::run@1 (line 421)
                      ; - java.security.AccessController::executePrivileged@29 (line 809)
                      ; - java.security.AccessController::doPrivileged@13 (line 714)
                      ; - java.net.URLClassLoader::findClass@13 (line 420)
  0x0000016172e3174c: 3088 5cff 

  0x0000016172e31750: ;   {other}
  0x0000016172e31750: 0f1f 8400 | 4053 0046 | 4c8b 5424 | 284c 8994 | 2480 0000 | 0044 8b54 | 2440 448b | 5c24 4444 
  0x0000016172e31770: 899c 2488 | 0000 0048 | 8b74 2460 | 488b 7c24 | 684c 8b4c | 2470 4c8b | 4424 784c | 8bf0 4c8b 
  0x0000016172e31790: 6c24 48e9 | 9ccb ffff | 438b 4cdc 

  0x0000016172e3179c: ;   {metadata('java/util/concurrent/ConcurrentHashMap$ReservationNode')}
  0x0000016172e3179c: 0881 f9b0 | b517 000f | 85cf 3200 | 0049 bb00 | 0031 7761 | 0100 00e9 | eebd ffff 

  0x0000016172e317b8: ;   {metadata({type array byte})}
  0x0000016172e317b8: 48ba 1823 | 0002 6101 | 0000 448b | c548 8bac | 24a8 0000 | 004c 898c | 24f0 0000 | 0066 6690 
  0x0000016172e317d8: ;   {runtime_call _new_array_Java}
  0x0000016172e317d8: c5f8 77e8 

  0x0000016172e317dc: ; ImmutableOopMap {rbp=Oop [32]=Oop [48]=Oop [64]=Oop [112]=Oop [120]=Oop [128]=Oop [136]=NarrowOop [144]=Oop [152]=Oop [160]=NarrowOop [168]=Oop [176]=Oop [184]=Oop }
                      ;*invokevirtual allocateUninitializedArray0 {reexecute=0 rethrow=0 return_oop=1}
                      ; - jdk.internal.misc.Unsafe::allocateUninitializedArray@51 (line 1380)
                      ; - java.lang.StringConcatHelper::newArray@33 (line 511)
                      ; - java.lang.StringConcatHelper::simpleConcat@61 (line 435)
                      ; - java.lang.String::concat@11 (line 2899)
                      ; - java.net.URLClassLoader::isSealed@15 (line 601)
                      ; - java.net.URLClassLoader::getAndVerifyPackage@68 (line 469)
                      ; - java.net.URLClassLoader::defineClass@46 (line 492)
                      ; - java.net.URLClassLoader$1::run@43 (line 427)
                      ; - java.net.URLClassLoader$1::run@1 (line 421)
                      ; - java.security.AccessController::executePrivileged@29 (line 809)
                      ; - java.security.AccessController::doPrivileged@13 (line 714)
                      ; - java.net.URLClassLoader::findClass@13 (line 420)
  0x0000016172e317dc: a084 5cff 

  0x0000016172e317e0: ;   {other}
  0x0000016172e317e0: 0f1f 8400 | d053 0047 | 4c8b c0e9 | 32b9 ffff | 4c89 4424 

  0x0000016172e317f4: ;   {metadata('java/lang/String')}
  0x0000016172e317f4: 4848 ba78 | e800 0261 | 0100 0048 | 8b6c 2440 | 4c8b 9424 | a800 0000 | 4c89 5424 | 4066 6690 
  0x0000016172e31814: ;   {runtime_call _new_instance_Java}
  0x0000016172e31814: c5f8 77e8 

  0x0000016172e31818: ; ImmutableOopMap {rbp=Oop [32]=Oop [48]=Oop [64]=Oop [72]=Oop [112]=Oop [120]=Oop [128]=Oop [136]=NarrowOop [144]=Oop [160]=NarrowOop [168]=Oop [176]=Oop }
                      ;*new {reexecute=0 rethrow=0 return_oop=1}
                      ; - java.lang.StringConcatHelper::newString@6 (line 400)
                      ; - java.lang.StringConcatHelper::simpleConcat@90 (line 440)
                      ; - java.lang.String::concat@11 (line 2899)
                      ; - java.net.URLClassLoader::isSealed@15 (line 601)
                      ; - java.net.URLClassLoader::getAndVerifyPackage@68 (line 469)
                      ; - java.net.URLClassLoader::defineClass@46 (line 492)
                      ; - java.net.URLClassLoader$1::run@43 (line 427)
                      ; - java.net.URLClassLoader$1::run@1 (line 421)
                      ; - java.security.AccessController::executePrivileged@29 (line 809)
                      ; - java.security.AccessController::doPrivileged@13 (line 714)
                      ; - java.net.URLClassLoader::findClass@13 (line 420)
  0x0000016172e31818: e436 5cff 

  0x0000016172e3181c: ;   {other}
  0x0000016172e3181c: 0f1f 8400 | 0c54 0048 | 4c8b 4424 | 48e9 b9b9 

  0x0000016172e3182c: ;   {metadata({type array byte})}
  0x0000016172e3182c: ffff 48ba | 1823 0002 | 6101 0000 | 448b 8424 | a400 0000 | 4c8b 9424 | a800 0000 | 4c89 9424 
  0x0000016172e3184c: 9000 0000 

  0x0000016172e31850: ;   {runtime_call _new_array_Java}
  0x0000016172e31850: c5f8 77e8 

  0x0000016172e31854: ; ImmutableOopMap {[32]=Oop [48]=Oop [64]=Oop [96]=Oop [104]=Oop [112]=Oop [120]=Oop [128]=Oop [136]=NarrowOop [144]=Oop [168]=Oop [176]=Oop [184]=NarrowOop [188]=NarrowOop }
                      ;*invokevirtual allocateUninitializedArray0 {reexecute=0 rethrow=0 return_oop=1}
                      ; - jdk.internal.misc.Unsafe::allocateUninitializedArray@51 (line 1380)
                      ; - java.lang.StringConcatHelper::newArray@33 (line 511)
                      ; - java.lang.StringLatin1::replace@49 (line 304)
                      ; - java.lang.String::replace@18 (line 2933)
                      ; - java.net.URLClassLoader::isSealed@9 (line 601)
                      ; - java.net.URLClassLoader::getAndVerifyPackage@68 (line 469)
                      ; - java.net.URLClassLoader::defineClass@46 (line 492)
                      ; - java.net.URLClassLoader$1::run@43 (line 427)
                      ; - java.net.URLClassLoader$1::run@1 (line 421)
                      ; - java.security.AccessController::executePrivileged@29 (line 809)
                      ; - java.security.AccessController::doPrivileged@13 (line 714)
                      ; - java.net.URLClassLoader::findClass@13 (line 420)
  0x0000016172e31854: 2884 5cff 

  0x0000016172e31858: ;   {other}
  0x0000016172e31858: 0f1f 8400 | 4854 0049 | 4c8b c0e9 | 2bd7 ffff 

  0x0000016172e31868: ;   {metadata('java/lang/String')}
  0x0000016172e31868: 498b ed48 | ba78 e800 | 0261 0100 | 004c 8b94 | 24a8 0000 | 004c 8954 | 2448 6690 

  0x0000016172e31884: ;   {runtime_call _new_instance_Java}
  0x0000016172e31884: c5f8 77e8 

  0x0000016172e31888: ; ImmutableOopMap {rbp=Oop [32]=Oop [48]=Oop [64]=Oop [72]=Oop [96]=Oop [104]=Oop [120]=Oop [128]=Oop [136]=NarrowOop [168]=Oop [176]=Oop [184]=NarrowOop }
                      ;*new {reexecute=0 rethrow=0 return_oop=1}
                      ; - java.lang.StringLatin1::replace@116 (line 313)
                      ; - java.lang.String::replace@18 (line 2933)
                      ; - java.net.URLClassLoader::isSealed@9 (line 601)
                      ; - java.net.URLClassLoader::getAndVerifyPackage@68 (line 469)
                      ; - java.net.URLClassLoader::defineClass@46 (line 492)
                      ; - java.net.URLClassLoader$1::run@43 (line 427)
                      ; - java.net.URLClassLoader$1::run@1 (line 421)
                      ; - java.security.AccessController::executePrivileged@29 (line 809)
                      ; - java.security.AccessController::doPrivileged@13 (line 714)
                      ; - java.net.URLClassLoader::findClass@13 (line 420)
  0x0000016172e31888: 7436 5cff 

  0x0000016172e3188c: ;   {other}
  0x0000016172e3188c: 0f1f 8400 | 7c54 004a | 4c8b ed48 | 8bf8 e904 | b7ff ff43 | 8b7c c408 

  0x0000016172e318a4: ;   {metadata('java/util/concurrent/ConcurrentHashMap$ReservationNode')}
  0x0000016172e318a4: 81ff b0b5 | 1700 0f84 | 43d3 ffff | bade ffff | ff48 8bac | 24a8 0000 | 004c 8b5c | 2430 4c89 
  0x0000016172e318c4: 5c24 204c | 8b9c 24b0 | 0000 004c | 895c 2430 | 4c8b 9c24 | 8000 0000 | 4c89 5c24 | 404c 8b5c 
  0x0000016172e318e4: 2450 4c89 | 5c24 488b | 9c24 8800 | 0000 4c89 | 4c24 704c | 8974 2478 | 895c 2454 | 4c89 8c24 
  0x0000016172e31904: 8800 0000 | 4489 9424 | a800 0000 | 4489 8424 | ac00 0000 | 898c 24b0 | 0000 0090 

  0x0000016172e31920: ;   {runtime_call UncommonTrapBlob}
  0x0000016172e31920: c5f8 77e8 

  0x0000016172e31924: ; ImmutableOopMap {rbp=Oop [32]=Oop [48]=Oop [64]=Oop [84]=NarrowOop [112]=Oop [120]=Oop [136]=Oop [168]=NarrowOop [172]=NarrowOop }
                      ;*invokevirtual find {reexecute=0 rethrow=0 return_oop=0}
                      ; - java.util.concurrent.ConcurrentHashMap::get@93 (line 944)
                      ; - java.lang.ClassLoader::definePackage@47 (line 2125)
                      ; - java.lang.ClassLoader::getDefinedPackage@32 (line 2267)
                      ; - java.net.URLClassLoader::getAndVerifyPackage@2 (line 457)
                      ; - java.net.URLClassLoader::defineClass@46 (line 492)
                      ; - java.net.URLClassLoader$1::run@43 (line 427)
                      ; - java.net.URLClassLoader$1::run@1 (line 421)
                      ; - java.security.AccessController::executePrivileged@29 (line 809)
                      ; - java.security.AccessController::doPrivileged@13 (line 714)
                      ; - java.net.URLClassLoader::findClass@13 (line 420)
  0x0000016172e31924: 582a 50ff 

  0x0000016172e31928: ;   {other}
  0x0000016172e31928: 0f1f 8400 | 1855 004b | 4c8b 4424 | 7845 8b58 | 2845 85db | 0f84 5ce0 | ffff 4d8b | 5728 498b 
  0x0000016172e31948: cb48 c1e1 | 034d 85d2 | 0f84 1224 | 0000 4d8b | 5f38 4b89 | 4c13 f849 | 83c2 f84d | 8957 284c 
  0x0000016172e31968: 8b44 2478 | e92d e0ff | ff45 8b58 | 1045 85db | 0f84 c5df | ffff 4d8b | 5728 498b | cb48 c1e1 
  0x0000016172e31988: 034d 85d2 | 0f84 f623 | 0000 498b | d84d 8b5f | 384b 894c | 13f8 4983 | c2f8 4d89 | 5728 4c8b 
  0x0000016172e319a8: c3e9 95df | ffff 4d8b | 5758 4d8b | 5f48 f083 | 4424 c000 | 8039 000f | 84c3 dfff | ff44 8821 
  0x0000016172e319c8: 4d85 db75 | 2049 8bd7 | c5f8 7749 | bad0 fc6f | fdfa 7f00 | 0041 ffd2 

  0x0000016172e319e0: ;   {other}
  0x0000016172e319e0: 0f1f 8400 | 0000 0000 | e99b dfff | ff4b 894c | 1af8 4983 | c3f8 4d89 | 5f48 e989 | dfff ff4c 
  0x0000016172e31a00: 8b4c 2438 | 458b 5910 | 4585 db0f | 840c deff | ff49 8bf8 | 498b d94d | 8b57 2849 | 8bcb 48c1 
  0x0000016172e31a20: e103 4d85 | d20f 84fd | 2300 004d | 8b5f 384b | 894c 13f8 | 4983 c2f8 | 4d89 5728 | 4c8b cb4c 
  0x0000016172e31a40: 8bc7 e9d6 | ddff ff44 | 8b55 0c45 | 85d2 0f84 | d2dc ffff | 4d8b 5f28 | 498b ca48 | c1e1 034d 
  0x0000016172e31a60: 85db 0f84 | e023 0000 | 4d8b 5738 | 4b89 4c1a | f849 83c3 | f84d 895f | 28e9 a8dc | ffff 4c8b 
  0x0000016172e31a80: 5424 3845 | 8b5a 0c45 | 85db 0f84 | f2dc ffff | 4d8b 5728 | 498b cb48 | c1e1 034d | 85d2 0f84 
  0x0000016172e31aa0: 6423 0000 | 4d8b 5f38 | 4b89 4c13 | f849 83c2 | f84d 8957 | 28e9 c8dc | ffff 4c8b | dd45 8b43 
  0x0000016172e31ac0: 1445 85c0 | 0f84 d4dd | ffff 4d8b | 5728 498b | c848 c1e1 | 034d 85d2 | 0f84 8a23 

  0x0000016172e31adc: ;   {no_reloc}
  0x0000016172e31adc: 0000 4d8b | 4738 4b89 | 4c10 f849 | 83c2 f84d | 8957 28e9 | aadd ffff | 4d8b 5748 | 4d8b 5f58 
  0x0000016172e31afc: f083 4424 | c000 8039 | 000f 84ae | dcff ff44 | 8821 4d85 | d275 2049 | 8bd7 c5f8 | 7749 bad0 
  0x0000016172e31b1c: fc6f fdfa | 7f00 0041 

  0x0000016172e31b24: ;   {other}
  0x0000016172e31b24: ffd2 0f1f | 8400 0000 | 0000 e986 | dcff ff4b | 894c 13f8 | 4983 c2f8 | 4d89 5748 | e974 dcff 
  0x0000016172e31b44: ff49 8bd9 | 4d8b 5758 | 4d8b 5f48 | f083 4424 | c000 8039 | 0074 3244 | 8821 4d85 | db74 0f4b 
  0x0000016172e31b64: 894c 1af8 | 4983 c3f8 | 4d89 5f48 | eb1b 498b | d7c5 f877 | 49ba d0fc | 6ffd fa7f | 0000 41ff 
  0x0000016172e31b84: ;   {other}
  0x0000016172e31b84: d20f 1f84 | 0000 0000 | 004c 8bcb | e9bf dcff | ff4d 8b57 | 584d 8b5f | 48f0 8344 | 24c0 0080 
  0x0000016172e31ba4: 3900 0f84 | cbdb ffff | 4488 214d | 85db 7520 | 498b d7c5 | f877 49ba | d0fc 6ffd | fa7f 0000 
  0x0000016172e31bc4: ;   {other}
  0x0000016172e31bc4: 41ff d20f | 1f84 0000 | 0000 00e9 | a3db ffff | 4b89 4c1a | f849 83c3 | f84d 895f | 48e9 91db 
  0x0000016172e31be4: ffff 4889 | 5c24 284c | 8b54 2458 | 4c89 5424 | 204c 89ac | 24a8 0000 | 0048 8bac | 24b0 0000 
  0x0000016172e31c04: ;   {metadata('java/lang/String')}
  0x0000016172e31c04: 0048 ba78 | e800 0261 | 0100 004c | 896c 2438 

  0x0000016172e31c14: ;   {runtime_call _new_instance_Java}
  0x0000016172e31c14: c5f8 77e8 

  0x0000016172e31c18: ; ImmutableOopMap {rbp=Oop [40]=Oop [56]=Oop [168]=Oop [176]=Oop }
                      ;*new {reexecute=0 rethrow=0 return_oop=1}
                      ; - java.lang.StringConcatHelper::simpleConcat@17 (line 425)
                      ; - java.lang.String::concat@11 (line 2899)
                      ; - java.net.URLClassLoader$1::run@13 (line 423)
                      ; - java.net.URLClassLoader$1::run@1 (line 421)
                      ; - java.security.AccessController::executePrivileged@29 (line 809)
                      ; - java.security.AccessController::doPrivileged@13 (line 714)
                      ; - java.net.URLClassLoader::findClass@13 (line 420)
  0x0000016172e31c18: e432 5cff 

  0x0000016172e31c1c: ;   {other}
  0x0000016172e31c1c: 0f1f 8400 | 0c58 004c | 4c8b 6c24 | 384c 8b54 | 2420 4c89 | 5424 5848 | 8b5c 2428 | e9c6 c4ff 
  0x0000016172e31c3c: ff89 4c24 | 6848 8beb | 4c89 6c24 | 2048 8974 | 2470 4889 | 7c24 284c | 8954 2438 

  0x0000016172e31c58: ;   {metadata({type array byte})}
  0x0000016172e31c58: 48ba 1823 | 0002 6101 | 0000 458b | c34c 8b94 | 24a8 0000 | 004c 8954 | 2440 4c8b | 9424 b000 
  0x0000016172e31c78: 0000 4c89 | 5424 6090 

  0x0000016172e31c80: ;   {runtime_call _new_array_nozero_Java}
  0x0000016172e31c80: c5f8 77e8 

  0x0000016172e31c84: ; ImmutableOopMap {rbp=Oop [40]=Derived_oop_rbp [32]=Oop [48]=Oop [64]=Oop [96]=Oop [104]=NarrowOop [112]=Oop [128]=Oop [136]=NarrowOop [168]=Oop [176]=Oop }
                      ;*invokevirtual clone {reexecute=1 rethrow=0 return_oop=1}
                      ; - (reexecute) java.util.Arrays::copyOfRange@18 (line 3856)
                      ; - java.lang.StringLatin1::newString@16 (line 752)
                      ; - java.lang.String::substring@41 (line 2839)
                      ; - java.net.URLClassLoader::defineClass@28 (line 489)
                      ; - java.net.URLClassLoader$1::run@43 (line 427)
                      ; - java.net.URLClassLoader$1::run@1 (line 421)
                      ; - java.security.AccessController::executePrivileged@29 (line 809)
                      ; - java.security.AccessController::doPrivileged@13 (line 714)
                      ; - java.net.URLClassLoader::findClass@13 (line 420)
  0x0000016172e31c84: f882 5cff 

  0x0000016172e31c88: ;   {other}
  0x0000016172e31c88: 0f1f 8400 | 7858 004d | 4c8b f0e9 | ccc5 ffff | 4489 5424 | 244c 8974 | 2448 4c89 | 4c24 404c 
  0x0000016172e31ca8: 895c 2438 | 4c89 6c24 | 2844 8b94 | 2488 0000 | 0044 8954 

  0x0000016172e31cbc: ;   {metadata('java/lang/ClassLoader$$Lambda+0x0000016103066d58')}
  0x0000016172e31cbc: 2420 48ba | 586d 0603 | 6101 0000 | 4c8b 9424 | a800 0000 | 4c89 5424 | 604c 8b94 | 24b0 0000 
  0x0000016172e31cdc: 004c 8954 | 2470 6690 

  0x0000016172e31ce4: ;   {runtime_call _new_instance_Java}
  0x0000016172e31ce4: c5f8 77e8 

  0x0000016172e31ce8: ; ImmutableOopMap {rbp=NarrowOop [32]=NarrowOop [36]=NarrowOop [40]=Oop [48]=Oop [64]=Oop [72]=Oop [96]=Oop [112]=Oop [128]=Oop [168]=Oop [176]=Oop }
                      ;*invokevirtual allocateInstance {reexecute=0 rethrow=0 return_oop=1}
                      ; - java.lang.invoke.DirectMethodHandle::allocateInstance@12 (line 501)
                      ; - java.lang.invoke.DirectMethodHandle$Holder::newInvokeSpecial@1
                      ; - java.lang.invoke.Invokers$Holder::linkToTargetMethod@6
                      ; - java.lang.ClassLoader::definePackage@73 (line 2129)
                      ; - java.lang.ClassLoader::getDefinedPackage@32 (line 2267)
                      ; - java.net.URLClassLoader::getAndVerifyPackage@2 (line 457)
                      ; - java.net.URLClassLoader::defineClass@46 (line 492)
                      ; - java.net.URLClassLoader$1::run@43 (line 427)
                      ; - java.net.URLClassLoader$1::run@1 (line 421)
                      ; - java.security.AccessController::executePrivileged@29 (line 809)
                      ; - java.security.AccessController::doPrivileged@13 (line 714)
                      ; - java.net.URLClassLoader::findClass@13 (line 420)
  0x0000016172e31ce8: 1432 5cff 

  0x0000016172e31cec: ;   {other}
  0x0000016172e31cec: 0f1f 8400 | dc58 004e | 448b 5c24 | 2044 899c | 2488 0000 | 004c 8b5c | 2438 4c8b | 4c24 404c 
  0x0000016172e31d0c: 8b74 2448 | 448b 5424 | 2448 8bc8 | 4c8b 6c24 | 28e9 19cf | ffff 418b | e8e9 09bd | ffff 450f 
  0x0000016172e31d2c: b654 ec11 | 448b 5c24 | 6044 899c | 2488 0000 | 004c 8b44 | 2420 4c8b | 5c24 704c | 8b4c 2438 
  0x0000016172e31d4c: 4d8b e8e9 | 98ea ffff | 418b e8e9 | b6d1 ffff 

  0x0000016172e31d5c: ;   {metadata('java/lang/ref/SoftReference')}
  0x0000016172e31d5c: 48ba 58dc | 0302 6101 | 0000 4c8b | 9424 a800 | 0000 4c89 | 5424 284c | 8b94 24b0 | 0000 004c 
  0x0000016172e31d7c: 8954 2440 | 4c8b 5424 | 704c 8954 | 2460 6690 

  0x0000016172e31d8c: ;   {runtime_call _new_instance_Java}
  0x0000016172e31d8c: c5f8 77e8 

  0x0000016172e31d90: ; ImmutableOopMap {rbp=Oop [32]=Oop [40]=Oop [48]=Oop [64]=Oop [96]=Oop [120]=Oop [128]=Oop [136]=NarrowOop [168]=Oop [176]=Oop [216]=Oop }
                      ;*new {reexecute=0 rethrow=0 return_oop=1}
                      ; - java.util.jar.JarFile::getManifestFromReference@184 (line 435)
                      ; - java.util.jar.JarFile::getManifest@1 (line 405)
                      ; - jdk.internal.loader.URLClassPath$JarLoader$2::getManifest@22 (line 853)
                      ; - java.net.URLClassLoader::defineClass@34 (line 491)
                      ; - java.net.URLClassLoader$1::run@43 (line 427)
                      ; - java.net.URLClassLoader$1::run@1 (line 421)
                      ; - java.security.AccessController::executePrivileged@29 (line 809)
                      ; - java.security.AccessController::doPrivileged@13 (line 714)
                      ; - java.net.URLClassLoader::findClass@13 (line 420)
  0x0000016172e31d90: 6c31 5cff 

  0x0000016172e31d94: ;   {other}
  0x0000016172e31d94: 0f1f 8400 | 8459 004f | 4c8b c0e9 | 89db ffff 

  0x0000016172e31da4: ;   {metadata('java/util/jar/Attributes')}
  0x0000016172e31da4: 48ba 88d2 | 1602 6101 | 0000 488b | ac24 a800 | 0000 6690 

  0x0000016172e31db8: ;   {runtime_call _new_instance_Java}
  0x0000016172e31db8: c5f8 77e8 

  0x0000016172e31dbc: ; ImmutableOopMap {rbp=Oop [32]=Oop [40]=Oop [48]=Oop [56]=Oop [64]=NarrowOop [112]=Oop [120]=Oop [128]=Oop [136]=NarrowOop [168]=Oop [176]=Oop [216]=Oop }
                      ;*new {reexecute=0 rethrow=0 return_oop=1}
                      ; - java.util.jar.Manifest::<init>@5 (line 55)
                      ; - java.util.jar.Manifest::<init>@4 (line 88)
                      ; - java.util.jar.JarFile::getManifestFromReference@143 (line 432)
                      ; - java.util.jar.JarFile::getManifest@1 (line 405)
                      ; - jdk.internal.loader.URLClassPath$JarLoader$2::getManifest@22 (line 853)
                      ; - java.net.URLClassLoader::defineClass@34 (line 491)
                      ; - java.net.URLClassLoader$1::run@43 (line 427)
                      ; - java.net.URLClassLoader$1::run@1 (line 421)
                      ; - java.security.AccessController::executePrivileged@29 (line 809)
                      ; - java.security.AccessController::doPrivileged@13 (line 714)
                      ; - java.net.URLClassLoader::findClass@13 (line 420)
  0x0000016172e31dbc: 4031 5cff 

  0x0000016172e31dc0: ;   {other}
  0x0000016172e31dc0: 0f1f 8400 | b059 0050 | 488b e8e9 | 24d9 ffff 

  0x0000016172e31dd0: ;   {metadata('java/util/jar/Manifest')}
  0x0000016172e31dd0: 48ba b8fa | 0402 6101 | 0000 6690 

  0x0000016172e31ddc: ;   {runtime_call _new_instance_Java}
  0x0000016172e31ddc: c5f8 77e8 

  0x0000016172e31de0: ; ImmutableOopMap {rbp=Oop [32]=Oop [40]=Oop [48]=Oop [64]=Oop [112]=Oop [120]=Oop [128]=Oop [136]=NarrowOop [168]=Oop [176]=Oop [216]=Oop }
                      ;*new {reexecute=0 rethrow=0 return_oop=1}
                      ; - java.util.jar.JarFile::getManifestFromReference@134 (line 432)
                      ; - java.util.jar.JarFile::getManifest@1 (line 405)
                      ; - jdk.internal.loader.URLClassPath$JarLoader$2::getManifest@22 (line 853)
                      ; - java.net.URLClassLoader::defineClass@34 (line 491)
                      ; - java.net.URLClassLoader$1::run@43 (line 427)
                      ; - java.net.URLClassLoader$1::run@1 (line 421)
                      ; - java.security.AccessController::executePrivileged@29 (line 809)
                      ; - java.security.AccessController::doPrivileged@13 (line 714)
                      ; - java.net.URLClassLoader::findClass@13 (line 420)
  0x0000016172e31de0: 1c31 5cff 

  0x0000016172e31de4: ;   {other}
  0x0000016172e31de4: 0f1f 8400 | d459 0051 | e9b0 d8ff 

  0x0000016172e31df0: ;   {metadata('java/util/HashMap')}
  0x0000016172e31df0: ff48 ba80 | c208 0261 | 0100 0048 | 8bac 24a8 | 0000 0090 

  0x0000016172e31e04: ;   {runtime_call _new_instance_Java}
  0x0000016172e31e04: c5f8 77e8 

  0x0000016172e31e08: ; ImmutableOopMap {rbp=Oop [32]=Oop [40]=Oop [48]=Oop [56]=Oop [64]=NarrowOop [72]=Oop [112]=Oop [120]=Oop [128]=Oop [136]=NarrowOop [168]=Oop [176]=Oop [216]=Oop }
                      ;*new {reexecute=0 rethrow=0 return_oop=1}
                      ; - java.util.jar.Manifest::<init>@16 (line 58)
                      ; - java.util.jar.Manifest::<init>@4 (line 88)
                      ; - java.util.jar.JarFile::getManifestFromReference@143 (line 432)
                      ; - java.util.jar.JarFile::getManifest@1 (line 405)
                      ; - jdk.internal.loader.URLClassPath$JarLoader$2::getManifest@22 (line 853)
                      ; - java.net.URLClassLoader::defineClass@34 (line 491)
                      ; - java.net.URLClassLoader$1::run@43 (line 427)
                      ; - java.net.URLClassLoader$1::run@1 (line 421)
                      ; - java.security.AccessController::executePrivileged@29 (line 809)
                      ; - java.security.AccessController::doPrivileged@13 (line 714)
                      ; - java.net.URLClassLoader::findClass@13 (line 420)
  0x0000016172e31e08: f430 5cff 

  0x0000016172e31e0c: ;   {other}
  0x0000016172e31e0c: 0f1f 8400 | fc59 0052 | 4c8b c0e9 | e9d9 ffff | 458b d0e9 | 0fc3 ffff | baf6 ffff | ff48 895c 
  0x0000016172e31e2c: 2420 4c89 | 6c24 2848 | 8944 2438 

  0x0000016172e31e38: ;   {runtime_call UncommonTrapBlob}
  0x0000016172e31e38: c5f8 77e8 

  0x0000016172e31e3c: ; ImmutableOopMap {[32]=Oop [40]=Oop [56]=Oop [176]=Oop }
                      ;*invokevirtual getResource {reexecute=0 rethrow=0 return_oop=0}
                      ; - java.net.URLClassLoader$1::run@26 (line 424)
                      ; - java.net.URLClassLoader$1::run@1 (line 421)
                      ; - java.security.AccessController::executePrivileged@29 (line 809)
                      ; - java.security.AccessController::doPrivileged@13 (line 714)
                      ; - java.net.URLClassLoader::findClass@13 (line 420)
  0x0000016172e31e3c: 4025 50ff 

  0x0000016172e31e40: ;   {other}
  0x0000016172e31e40: 0f1f 8400 | 305a 0053 | ba76 ffff | ff49 8bed | 4889 5c24 | 2089 7c24 | 3489 4c24 | 4866 6690 
  0x0000016172e31e60: ;   {runtime_call UncommonTrapBlob}
  0x0000016172e31e60: c5f8 77e8 

  0x0000016172e31e64: ; ImmutableOopMap {rbp=Oop [32]=Oop [72]=NarrowOop [176]=Oop }
                      ;*if_icmpge {reexecute=1 rethrow=0 return_oop=0}
                      ; - (reexecute) java.lang.StringLatin1::replace@19 (line 297)
                      ; - java.lang.String::replace@18 (line 2933)
                      ; - java.net.URLClassLoader$1::run@8 (line 423)
                      ; - java.net.URLClassLoader$1::run@1 (line 421)
                      ; - java.security.AccessController::executePrivileged@29 (line 809)
                      ; - java.security.AccessController::doPrivileged@13 (line 714)
                      ; - java.net.URLClassLoader::findClass@13 (line 420)
  0x0000016172e31e64: 1825 50ff 

  0x0000016172e31e68: ;   {other}
  0x0000016172e31e68: 0f1f 8400 | 585a 0054 | 498b d1e9 | 9fe1 ffff | 488b 5c24 | 7044 8b53 | 1045 85d2 | 0f84 4fe1 
  0x0000016172e31e88: ffff 4d8b | 5f28 498b | ca48 c1e1 | 034d 85db | 0f84 2e29 | 0000 4d8b | 5738 4b89 | 4c1a f849 
  0x0000016172e31ea8: 83c3 f84d | 895f 28e9 | 25e1 ffff | 488b 5c24 | 4044 8b5b | 1445 85db | 0f84 86e1 | ffff 4d8b 
  0x0000016172e31ec8: 5728 498b | cb48 c1e1 | 034d 85d2 | 0f84 1829 | 0000 4d8b | 5f38 4b89 | 4c13 f849 | 83c2 f84d 
  0x0000016172e31ee8: 8957 28e9 | 5ce1 ffff | 4d8b 5758 | 4d8b 4748 | f083 4424 | c000 8039 | 000f 84b1 | dfff ff44 
  0x0000016172e31f08: 8821 4d85 | c075 4848 | 895c 2440 | 4c89 4c24 | 3844 8974 | 2428 4c89 | 5c24 2049 | 8bd7 c5f8 
  0x0000016172e31f28: 7749 bad0 | fc6f fdfa | 7f00 0041 

  0x0000016172e31f34: ;   {other}
  0x0000016172e31f34: ffd2 0f1f | 8400 0000 | 0000 4c8b | 5c24 2044 | 8b74 2428 | 4c8b 4c24 | 3848 8b5c | 2440 e961 
  0x0000016172e31f54: dfff ff4b | 894c 02f8 | 4983 c0f8 | 4d89 4748 | e94f dfff | ff4d 8b57 | 484d 8b5f | 58f0 8344 
  0x0000016172e31f74: 24c0 0080 | 3900 7432 | 4488 214d | 85d2 740f | 4b89 4c13 | f849 83c2 | f84d 8957 | 48eb 1b49 
  0x0000016172e31f94: 8bd7 c5f8 | 7749 bad0 | fc6f fdfa | 7f00 0041 

  0x0000016172e31fa4: ;   {other}
  0x0000016172e31fa4: ffd2 0f1f | 8400 0000 | 0000 448b | 5b10 4585 | db0f 8459 | 2e00 004d | 8bd3 49c1 | e203 4d8b 
  0x0000016172e31fc4: cae9 4ae0 | ffff 4d8b | 5748 4d8b | 5f58 f083 | 4424 c000 | 8039 000f | 84a5 e0ff | ff44 8821 
  0x0000016172e31fe4: 4d85 d275 | 2049 8bd7 | c5f8 7749 | bad0 fc6f | fdfa 7f00 | 0041 ffd2 

  0x0000016172e31ffc: ;   {other}
  0x0000016172e31ffc: 0f1f 8400 | 0000 0000 | e97d e0ff | ff4b 894c | 13f8 4983 | c2f8 4d89 | 5748 e96b | e0ff ff48 
  0x0000016172e3201c: 63d5 e936 | bdff ffba | ccff ffff | 4889 5c24 | 204c 896c | 2428 4c89 | 5424 3848 | 8974 2448 
  0x0000016172e3203c: 4889 7c24 | 5044 894c | 2458 6690 

  0x0000016172e32048: ;   {runtime_call UncommonTrapBlob}
  0x0000016172e32048: c5f8 77e8 

  0x0000016172e3204c: ; ImmutableOopMap {[32]=Oop [40]=Oop [56]=Oop [80]=Oop [176]=Oop }
                      ;*invokestatic arraycopy {reexecute=0 rethrow=0 return_oop=0}
                      ; - java.lang.String::getBytes@22 (line 4726)
                      ; - java.lang.StringConcatHelper::prepend@21 (line 324)
                      ; - java.lang.StringConcatHelper::simpleConcat@71 (line 438)
                      ; - java.lang.String::concat@11 (line 2899)
                      ; - java.net.URLClassLoader$1::run@13 (line 423)
                      ; - java.net.URLClassLoader$1::run@1 (line 421)
                      ; - java.security.AccessController::executePrivileged@29 (line 809)
                      ; - java.security.AccessController::doPrivileged@13 (line 714)
                      ; - java.net.URLClassLoader::findClass@13 (line 420)
  0x0000016172e3204c: 3023 50ff 

  0x0000016172e32050: ;   {other}
  0x0000016172e32050: 0f1f 8400 | 405c 0055 | bacc ffff | ff48 895c | 2420 4c89 | 5c24 284c | 896c 2430 | 4889 7c24 
  0x0000016172e32070: 4889 4c24 | 5066 6690 

  0x0000016172e32078: ;   {runtime_call UncommonTrapBlob}
  0x0000016172e32078: c5f8 77e8 

  0x0000016172e3207c: ; ImmutableOopMap {[32]=Oop [40]=Oop [48]=Oop [72]=Oop [176]=Oop }
                      ;*invokestatic arraycopy {reexecute=0 rethrow=0 return_oop=0}
                      ; - java.lang.String::getBytes@22 (line 4726)
                      ; - java.lang.StringConcatHelper::prepend@21 (line 324)
                      ; - java.lang.StringConcatHelper::simpleConcat@81 (line 439)
                      ; - java.lang.String::concat@11 (line 2899)
                      ; - java.net.URLClassLoader$1::run@13 (line 423)
                      ; - java.net.URLClassLoader$1::run@1 (line 421)
                      ; - java.security.AccessController::executePrivileged@29 (line 809)
                      ; - java.security.AccessController::doPrivileged@13 (line 714)
                      ; - java.net.URLClassLoader::findClass@13 (line 420)
  0x0000016172e3207c: 0023 50ff 

  0x0000016172e32080: ;   {other}
  0x0000016172e32080: 0f1f 8400 | 705c 0056 | ba76 ffff | ff48 895c | 2428 4c89 | 6c24 304c | 895c 2440 | 897c 2448 
  0x0000016172e320a0: 4c89 6c24 | 5089 4c24 | 4c66 6690 

  0x0000016172e320ac: ;   {runtime_call UncommonTrapBlob}
  0x0000016172e320ac: c5f8 77e8 

  0x0000016172e320b0: ; ImmutableOopMap {[40]=Oop [48]=Oop [64]=Oop [76]=NarrowOop [80]=Oop [176]=Oop }
                      ;*if_icmpge {reexecute=1 rethrow=0 return_oop=0}
                      ; - (reexecute) java.lang.StringLatin1::replace@82 (line 308)
                      ; - java.lang.String::replace@18 (line 2933)
                      ; - java.net.URLClassLoader$1::run@8 (line 423)
                      ; - java.net.URLClassLoader$1::run@1 (line 421)
                      ; - java.security.AccessController::executePrivileged@29 (line 809)
                      ; - java.security.AccessController::doPrivileged@13 (line 714)
                      ; - java.net.URLClassLoader::findClass@13 (line 420)
  0x0000016172e320b0: cc22 50ff 

  0x0000016172e320b4: ;   {other}
  0x0000016172e320b4: 0f1f 8400 | a45c 0057 | ba45 ffff | ff4c 8b94 | 24a8 0000 | 004c 8954 | 2420 4c8b | 5424 304c 
  0x0000016172e320d4: 8954 2428 | 4c8b 9424 | b000 0000 | 4c89 5424 | 3866 6690 

  0x0000016172e320e8: ;   {runtime_call UncommonTrapBlob}
  0x0000016172e320e8: c5f8 77e8 

  0x0000016172e320ec: ; ImmutableOopMap {rbp=NarrowOop [32]=Oop [40]=Oop [56]=Oop [128]=Oop [136]=NarrowOop }
                      ;*ifeq {reexecute=1 rethrow=0 return_oop=0}
                      ; - (reexecute) jdk.internal.loader.Resource::getByteBuffer@9 (line 164)
                      ; - java.net.URLClassLoader::defineClass@132 (line 511)
                      ; - java.net.URLClassLoader$1::run@43 (line 427)
                      ; - java.net.URLClassLoader$1::run@1 (line 421)
                      ; - java.security.AccessController::executePrivileged@29 (line 809)
                      ; - java.security.AccessController::doPrivileged@13 (line 714)
                      ; - java.net.URLClassLoader::findClass@13 (line 420)
  0x0000016172e320ec: 9022 50ff 

  0x0000016172e320f0: ;   {other}
  0x0000016172e320f0: 0f1f 8400 | e05c 0058 | baf6 ffff | ff48 8bac | 24a8 0000 | 004c 8b54 | 2430 4c89 | 5424 204c 
  0x0000016172e32110: 8b94 24b0 | 0000 004c | 8954 2430 | 4c8b 5424 | 504c 8954 | 2448 4c89 | 7424 6090 

  0x0000016172e3212c: ;   {runtime_call UncommonTrapBlob}
  0x0000016172e3212c: c5f8 77e8 

  0x0000016172e32130: ; ImmutableOopMap {rbp=Oop [32]=Oop [48]=Oop [96]=Oop [128]=Oop [136]=NarrowOop [216]=Oop }
                      ;*invokevirtual get {reexecute=0 rethrow=0 return_oop=0}
                      ; - java.lang.ClassLoader::getDefinedPackage@13 (line 2263)
                      ; - java.net.URLClassLoader::getAndVerifyPackage@2 (line 457)
                      ; - java.net.URLClassLoader::defineClass@46 (line 492)
                      ; - java.net.URLClassLoader$1::run@43 (line 427)
                      ; - java.net.URLClassLoader$1::run@1 (line 421)
                      ; - java.security.AccessController::executePrivileged@29 (line 809)
                      ; - java.security.AccessController::doPrivileged@13 (line 714)
                      ; - java.net.URLClassLoader::findClass@13 (line 420)
  0x0000016172e32130: 4c22 50ff 

  0x0000016172e32134: ;   {other}
  0x0000016172e32134: 0f1f 8400 | 245d 0059 | ba76 ffff | ff48 8bac | 24a8 0000 | 004c 8b54 | 2430 4c89 | 5424 204c 
  0x0000016172e32154: 8b94 2480 | 0000 004c | 8954 2428 | 4c8b 9424 | b000 0000 | 4c89 5424 | 3048 8944 | 2448 4489 
  0x0000016172e32174: 4424 5489 | 4c24 6890 

  0x0000016172e3217c: ;   {runtime_call UncommonTrapBlob}
  0x0000016172e3217c: c5f8 77e8 

  0x0000016172e32180: ; ImmutableOopMap {rbp=Oop [32]=Oop [40]=Oop [48]=Oop [104]=NarrowOop }
                      ;*iflt {reexecute=1 rethrow=0 return_oop=0}
                      ; - (reexecute) java.lang.StringLatin1::lastIndexOf@19 (line 285)
                      ; - java.lang.String::lastIndexOf@13 (line 2573)
                      ; - java.lang.String::lastIndexOf@8 (line 2535)
                      ; - java.net.URLClassLoader::defineClass@7 (line 486)
                      ; - java.net.URLClassLoader$1::run@43 (line 427)
                      ; - java.net.URLClassLoader$1::run@1 (line 421)
                      ; - java.security.AccessController::executePrivileged@29 (line 809)
                      ; - java.security.AccessController::doPrivileged@13 (line 714)
                      ; - java.net.URLClassLoader::findClass@13 (line 420)
  0x0000016172e32180: fc21 50ff 

  0x0000016172e32184: ;   {other}
  0x0000016172e32184: 0f1f 8400 | 745d 005a | baf6 ffff | ff48 8bac | 24a8 0000 | 004c 8b54 | 2430 4c89 | 5424 204c 
  0x0000016172e321a4: 8b94 24b0 | 0000 004c | 8954 2430 | 4c8b 5424 | 504c 8954 | 2440 4c89 | 5c24 6890 

  0x0000016172e321c0: ;   {runtime_call UncommonTrapBlob}
  0x0000016172e321c0: c5f8 77e8 

  0x0000016172e321c4: ; ImmutableOopMap {rbp=Oop [32]=Oop [48]=Oop [104]=Oop [128]=Oop [136]=NarrowOop [216]=Oop }
                      ;*invokevirtual ensureInitialization {reexecute=0 rethrow=0 return_oop=0}
                      ; - java.util.jar.JavaUtilJarAccessImpl::ensureInitialization@1 (line 42)
                      ; - jdk.internal.loader.URLClassPath$JarLoader$2::getManifest@10 (line 852)
                      ; - java.net.URLClassLoader::defineClass@34 (line 491)
                      ; - java.net.URLClassLoader$1::run@43 (line 427)
                      ; - java.net.URLClassLoader$1::run@1 (line 421)
                      ; - java.security.AccessController::executePrivileged@29 (line 809)
                      ; - java.security.AccessController::doPrivileged@13 (line 714)
                      ; - java.net.URLClassLoader::findClass@13 (line 420)
  0x0000016172e321c4: b821 50ff 

  0x0000016172e321c8: ;   {other}
  0x0000016172e321c8: 0f1f 8400 | b85d 005b | 4c89 5c24 | 484c 896c | 2440 448b | 9424 8800 | 0000 4489 | 5424 384c 
  0x0000016172e321e8: 8944 2428 | 4c8b 9424 | a800 0000 | 4c89 5424 | 2048 8bac | 24b0 0000 | 0048 8b94 | 2480 0000 
  0x0000016172e32208: 004c 8d84 | 2400 0100 | 0066 6690 

  0x0000016172e32214: ;   {runtime_call _complete_monitor_locking_Java}
  0x0000016172e32214: c5f8 77e8 

  0x0000016172e32218: ; ImmutableOopMap {rbp=Oop [32]=Oop [40]=Oop [48]=Oop [56]=NarrowOop [64]=Oop [168]=Oop [176]=Oop }
                      ;*synchronization entry
                      ; - jdk.internal.loader.Resource::cachedInputStream@-1 (line 76)
                      ; - jdk.internal.loader.Resource::getByteBuffer@1 (line 163)
                      ; - java.net.URLClassLoader::defineClass@132 (line 511)
                      ; - java.net.URLClassLoader$1::run@43 (line 427)
                      ; - java.net.URLClassLoader$1::run@1 (line 421)
                      ; - java.security.AccessController::executePrivileged@29 (line 809)
                      ; - java.security.AccessController::doPrivileged@13 (line 714)
                      ; - java.net.URLClassLoader::findClass@13 (line 420)
  0x0000016172e32218: 649b 5cff 

  0x0000016172e3221c: ;   {other}
  0x0000016172e3221c: 0f1f 8400 | 0c5e 005c | 4c8b 5424 | 284c 8994 | 2480 0000 | 0044 8b5c | 2438 4489 | 9c24 8800 
  0x0000016172e3223c: 0000 4c8b | 5c24 484c | 8b6c 2440 | e930 b4ff | ff48 8b8c | 2480 0000 | 0048 8d94 | 2400 0100 
  0x0000016172e3225c: 004d 8bc7 | c5f8 7749 | bad0 41b1 | fdfa 7f00 | 0041 ffd2 

  0x0000016172e32270: ;   {other}
  0x0000016172e32270: 0f1f 8400 | 0000 0000 | e997 b5ff | ffba 6eff | ffff 488b | ac24 a800 | 0000 4c8b | 5424 304c 
  0x0000016172e32290: 8954 2420 | 4c8b 9424 | 8000 0000 | 4c89 5424 | 284c 8b94 | 24b0 0000 | 004c 8954 | 2430 4889 
  0x0000016172e322b0: 4424 4844 | 8944 2454 | 894c 2468 

  0x0000016172e322bc: ;   {runtime_call UncommonTrapBlob}
  0x0000016172e322bc: c5f8 77e8 

  0x0000016172e322c0: ; ImmutableOopMap {rbp=Oop [32]=Oop [40]=Oop [48]=Oop [104]=NarrowOop }
                      ;*iflt {reexecute=1 rethrow=0 return_oop=0}
                      ; - (reexecute) java.lang.StringLatin1::lastIndexOf@19 (line 285)
                      ; - java.lang.String::lastIndexOf@13 (line 2573)
                      ; - java.lang.String::lastIndexOf@8 (line 2535)
                      ; - java.net.URLClassLoader::defineClass@7 (line 486)
                      ; - java.net.URLClassLoader$1::run@43 (line 427)
                      ; - java.net.URLClassLoader$1::run@1 (line 421)
                      ; - java.security.AccessController::executePrivileged@29 (line 809)
                      ; - java.security.AccessController::doPrivileged@13 (line 714)
                      ; - java.net.URLClassLoader::findClass@13 (line 420)
  0x0000016172e322c0: bc20 50ff 

  0x0000016172e322c4: ;   {other}
  0x0000016172e322c4: 0f1f 8400 | b45e 005d | bade ffff | ff4c 8b84 | 24a8 0000 | 004c 8944 | 2420 4c8b | 4424 304c 
  0x0000016172e322e4: 8944 2428 | 4c8b 8424 | b000 0000 | 4c89 4424 | 384c 8b44 | 2450 4c89 | 4424 484c | 895c 2478 
  0x0000016172e32304: 4489 5424 | 5466 6690 

  0x0000016172e3230c: ;   {runtime_call UncommonTrapBlob}
  0x0000016172e3230c: c5f8 77e8 

  0x0000016172e32310: ; ImmutableOopMap {rbp=NarrowOop [32]=Oop [40]=Oop [56]=Oop [84]=NarrowOop [120]=Oop [128]=Oop [136]=NarrowOop [216]=Oop }
                      ;*invokeinterface ensureInitialization {reexecute=0 rethrow=0 return_oop=0}
                      ; - jdk.internal.loader.URLClassPath$JarLoader$2::getManifest@10 (line 852)
                      ; - java.net.URLClassLoader::defineClass@34 (line 491)
                      ; - java.net.URLClassLoader$1::run@43 (line 427)
                      ; - java.net.URLClassLoader$1::run@1 (line 421)
                      ; - java.security.AccessController::executePrivileged@29 (line 809)
                      ; - java.security.AccessController::doPrivileged@13 (line 714)
                      ; - java.net.URLClassLoader::findClass@13 (line 420)
  0x0000016172e32310: 6c20 50ff 

  0x0000016172e32314: ;   {other}
  0x0000016172e32314: 0f1f 8400 | 045f 005e | 4c89 4c24 | 604c 895c | 2448 4c89 | 6c24 4044 | 8b94 2488 | 0000 0044 
  0x0000016172e32334: 8954 2438 | 4c8b 9424 | 8000 0000 | 4c89 5424 | 284c 8b94 | 24a8 0000 | 004c 8954 | 2420 498b 
  0x0000016172e32354: d14c 8d84 | 2400 0100 | 004c 8b94 | 24b0 0000 | 004c 8954 | 2468 6690 

  0x0000016172e3236c: ;   {runtime_call _complete_monitor_locking_Java}
  0x0000016172e3236c: c5f8 77e8 

  0x0000016172e32370: ; ImmutableOopMap {rbp=NarrowOop [32]=Oop [40]=Oop [48]=Oop [56]=NarrowOop [64]=Oop [72]=Oop [96]=Oop [104]=Oop [168]=Oop [176]=Oop [216]=Oop }
                      ;*synchronization entry
                      ; - java.util.jar.JarFile::ensureInitialization@-1 (line 1064)
                      ; - java.util.jar.JavaUtilJarAccessImpl::ensureInitialization@1 (line 42)
                      ; - jdk.internal.loader.URLClassPath$JarLoader$2::getManifest@10 (line 852)
                      ; - java.net.URLClassLoader::defineClass@34 (line 491)
                      ; - java.net.URLClassLoader$1::run@43 (line 427)
                      ; - java.net.URLClassLoader$1::run@1 (line 421)
                      ; - java.security.AccessController::executePrivileged@29 (line 809)
                      ; - java.security.AccessController::doPrivileged@13 (line 714)
                      ; - java.net.URLClassLoader::findClass@13 (line 420)
  0x0000016172e32370: 0c9a 5cff 

  0x0000016172e32374: ;   {other}
  0x0000016172e32374: 0f1f 8400 | 645f 005f | 4c8b 5424 | 284c 8994 | 2480 0000 | 0044 8b5c | 2438 4489 | 9c24 8800 
  0x0000016172e32394: 0000 4c8b | 5c24 484c | 8b4c 2460 | 4c8b 6c24 | 40e9 dbc0 | ffff 4d8b | f349 8bc9 | 488d 9424 
  0x0000016172e323b4: 0001 0000 | 4d8b c7c5 | f877 49ba | d041 b1fd | fa7f 0000 

  0x0000016172e323c8: ;   {other}
  0x0000016172e323c8: 41ff d20f | 1f84 0000 | 0000 004d | 8bde e95f | c1ff ffba | deff ffff | 4c8b 9424 | a800 0000 
  0x0000016172e323e8: 4c89 5424 | 204c 8b54 | 2430 4c89 | 5424 284c | 8b94 24b0 | 0000 004c | 8954 2438 | 4c8b 5424 
  0x0000016172e32408: 504c 8954 | 2448 4c89 | 5c24 7090 

  0x0000016172e32414: ;   {runtime_call UncommonTrapBlob}
  0x0000016172e32414: c5f8 77e8 

  0x0000016172e32418: ; ImmutableOopMap {rbp=NarrowOop [32]=Oop [40]=Oop [56]=Oop [112]=Oop [128]=Oop [136]=NarrowOop [216]=Oop }
                      ;*invokevirtual getManifest {reexecute=0 rethrow=0 return_oop=0}
                      ; - jdk.internal.loader.URLClassPath$JarLoader$2::getManifest@22 (line 853)
                      ; - java.net.URLClassLoader::defineClass@34 (line 491)
                      ; - java.net.URLClassLoader$1::run@43 (line 427)
                      ; - java.net.URLClassLoader$1::run@1 (line 421)
                      ; - java.security.AccessController::executePrivileged@29 (line 809)
                      ; - java.security.AccessController::doPrivileged@13 (line 714)
                      ; - java.net.URLClassLoader::findClass@13 (line 420)
  0x0000016172e32418: 641f 50ff 

  0x0000016172e3241c: ;   {other}
  0x0000016172e3241c: 0f1f 8400 | 0c60 0060 | 33ed 4585 | db40 0f94 | c5ba 45ff | ffff 4889 | 5c24 284c | 896c 2430 
  0x0000016172e3243c: 4c89 6c24 | 3866 6690 

  0x0000016172e32444: ;   {runtime_call UncommonTrapBlob}
  0x0000016172e32444: c5f8 77e8 

  0x0000016172e32448: ; ImmutableOopMap {[40]=Oop [48]=Oop [56]=Oop [176]=Oop }
                      ;*ifeq {reexecute=1 rethrow=0 return_oop=0}
                      ; - (reexecute) java.lang.String::replace@9 (line 2933)
                      ; - java.net.URLClassLoader$1::run@8 (line 423)
                      ; - java.net.URLClassLoader$1::run@1 (line 421)
                      ; - java.security.AccessController::executePrivileged@29 (line 809)
                      ; - java.security.AccessController::doPrivileged@13 (line 714)
                      ; - java.net.URLClassLoader::findClass@13 (line 420)
  0x0000016172e32448: 341f 50ff 

  0x0000016172e3244c: ;   {other}
  0x0000016172e3244c: 0f1f 8400 | 3c60 0061 | ba76 ffff | ff48 895c | 2428 4c89 | 6c24 3089 | 7c24 384c | 895c 2440 
  0x0000016172e3246c: 4c89 6c24 | 4889 4c24 | 5866 6690 

  0x0000016172e32478: ;   {runtime_call UncommonTrapBlob}
  0x0000016172e32478: c5f8 77e8 

  0x0000016172e3247c: ; ImmutableOopMap {[40]=Oop [48]=Oop [64]=Oop [72]=Oop [88]=NarrowOop [176]=Oop }
                      ;*if_icmpge {reexecute=1 rethrow=0 return_oop=0}
                      ; - (reexecute) java.lang.StringLatin1::replace@61 (line 305)
                      ; - java.lang.String::replace@18 (line 2933)
                      ; - java.net.URLClassLoader$1::run@8 (line 423)
                      ; - java.net.URLClassLoader$1::run@1 (line 421)
                      ; - java.security.AccessController::executePrivileged@29 (line 809)
                      ; - java.security.AccessController::doPrivileged@13 (line 714)
                      ; - java.net.URLClassLoader::findClass@13 (line 420)
  0x0000016172e3247c: 001f 50ff 

  0x0000016172e32480: ;   {other}
  0x0000016172e32480: 0f1f 8400 | 7060 0062 | 41b8 0100 | 0000 e9c0 | b6ff ffba | 45ff ffff | 4889 5c24 | 204c 896c 
  0x0000016172e324a0: 2428 4c89 | 5424 3844 | 894c 2440 

  0x0000016172e324ac: ;   {runtime_call UncommonTrapBlob}
  0x0000016172e324ac: c5f8 77e8 

  0x0000016172e324b0: ; ImmutableOopMap {[32]=Oop [40]=Oop [56]=Oop [176]=Oop }
                      ;*iflt {reexecute=1 rethrow=0 return_oop=0}
                      ; - (reexecute) java.lang.StringConcatHelper::checkOverflow@2 (line 65)
                      ; - java.lang.StringConcatHelper::mix@23 (line 127)
                      ; - java.lang.StringConcatHelper::simpleConcat@46 (line 433)
                      ; - java.lang.String::concat@11 (line 2899)
                      ; - java.net.URLClassLoader$1::run@13 (line 423)
                      ; - java.net.URLClassLoader$1::run@1 (line 421)
                      ; - java.security.AccessController::executePrivileged@29 (line 809)
                      ; - java.security.AccessController::doPrivileged@13 (line 714)
                      ; - java.net.URLClassLoader::findClass@13 (line 420)
  0x0000016172e324b0: cc1e 50ff 

  0x0000016172e324b4: ;   {other}
  0x0000016172e324b4: 0f1f 8400 | a460 0063 | ba45 ffff | ff48 895c | 2428 4c89 | 6c24 304c | 8954 2440 

  0x0000016172e324d0: ;   {runtime_call UncommonTrapBlob}
  0x0000016172e324d0: c5f8 77e8 

  0x0000016172e324d4: ; ImmutableOopMap {[40]=Oop [48]=Oop [64]=Oop [176]=Oop }
                      ;*iflt {reexecute=1 rethrow=0 return_oop=0}
                      ; - (reexecute) java.lang.StringConcatHelper::checkOverflow@2 (line 65)
                      ; - java.lang.StringConcatHelper::mix@23 (line 127)
                      ; - java.lang.StringConcatHelper::simpleConcat@54 (line 434)
                      ; - java.lang.String::concat@11 (line 2899)
                      ; - java.net.URLClassLoader$1::run@13 (line 423)
                      ; - java.net.URLClassLoader$1::run@1 (line 421)
                      ; - java.security.AccessController::executePrivileged@29 (line 809)
                      ; - java.security.AccessController::doPrivileged@13 (line 714)
                      ; - java.net.URLClassLoader::findClass@13 (line 420)
  0x0000016172e324d4: a81e 50ff 

  0x0000016172e324d8: ;   {other}
  0x0000016172e324d8: 0f1f 8400 | c860 0064 | ba45 ffff | ff48 895c | 2420 4c89 | 6c24 284c | 8954 2440 | 4889 7c24 
  0x0000016172e324f8: 4844 8944 | 2450 6690 

  0x0000016172e32500: ;   {runtime_call UncommonTrapBlob}
  0x0000016172e32500: c5f8 77e8 

  0x0000016172e32504: ; ImmutableOopMap {[32]=Oop [40]=Oop [64]=Oop [72]=Oop [176]=Oop }
                      ;*if_icmpne {reexecute=1 rethrow=0 return_oop=0}
                      ; - (reexecute) java.lang.String::getBytes@5 (line 4725)
                      ; - java.lang.StringConcatHelper::prepend@21 (line 324)
                      ; - java.lang.StringConcatHelper::simpleConcat@81 (line 439)
                      ; - java.lang.String::concat@11 (line 2899)
                      ; - java.net.URLClassLoader$1::run@13 (line 423)
                      ; - java.net.URLClassLoader$1::run@1 (line 421)
                      ; - java.security.AccessController::executePrivileged@29 (line 809)
                      ; - java.security.AccessController::doPrivileged@13 (line 714)
                      ; - java.net.URLClassLoader::findClass@13 (line 420)
  0x0000016172e32504: 781e 50ff 

  0x0000016172e32508: ;   {other}
  0x0000016172e32508: 0f1f 8400 | f860 0065 | ba45 ffff | ff48 895c | 2420 4c89 | 6c24 284c | 8954 2438 | 4889 7424 
  0x0000016172e32528: 4044 8944 | 2448 6690 

  0x0000016172e32530: ;   {runtime_call UncommonTrapBlob}
  0x0000016172e32530: c5f8 77e8 

  0x0000016172e32534: ; ImmutableOopMap {[32]=Oop [40]=Oop [56]=Oop [176]=Oop }
                      ;*if_icmpne {reexecute=1 rethrow=0 return_oop=0}
                      ; - (reexecute) java.lang.StringConcatHelper::mix@13 (line 124)
                      ; - java.lang.StringConcatHelper::simpleConcat@46 (line 433)
                      ; - java.lang.String::concat@11 (line 2899)
                      ; - java.net.URLClassLoader$1::run@13 (line 423)
                      ; - java.net.URLClassLoader$1::run@1 (line 421)
                      ; - java.security.AccessController::executePrivileged@29 (line 809)
                      ; - java.security.AccessController::doPrivileged@13 (line 714)
                      ; - java.net.URLClassLoader::findClass@13 (line 420)
  0x0000016172e32534: 481e 50ff 

  0x0000016172e32538: ;   {other}
  0x0000016172e32538: 0f1f 8400 | 2861 0066 | ba45 ffff | ff48 895c | 2428 4c89 | 6c24 304c | 8954 2440 | 4889 4424 
  0x0000016172e32558: 4866 6690 

  0x0000016172e3255c: ;   {runtime_call UncommonTrapBlob}
  0x0000016172e3255c: c5f8 77e8 

  0x0000016172e32560: ; ImmutableOopMap {[40]=Oop [48]=Oop [64]=Oop [176]=Oop }
                      ;*ifge {reexecute=1 rethrow=0 return_oop=0}
                      ; - (reexecute) java.lang.StringConcatHelper::newArray@13 (line 508)
                      ; - java.lang.StringConcatHelper::simpleConcat@61 (line 435)
                      ; - java.lang.String::concat@11 (line 2899)
                      ; - java.net.URLClassLoader$1::run@13 (line 423)
                      ; - java.net.URLClassLoader$1::run@1 (line 421)
                      ; - java.security.AccessController::executePrivileged@29 (line 809)
                      ; - java.security.AccessController::doPrivileged@13 (line 714)
                      ; - java.net.URLClassLoader::findClass@13 (line 420)
  0x0000016172e32560: 1c1e 50ff 

  0x0000016172e32564: ;   {other}
  0x0000016172e32564: 0f1f 8400 | 5461 0067 | 4c8b 5424 | 6845 8b52 | 1045 85d2 | 0f84 8ddf | ffff 4d8b | 5f28 498b 
  0x0000016172e32584: ca48 c1e1 | 034d 85db | 0f84 6624 | 0000 4d8b | 5738 4b89 | 4c1a f849 | 83c3 f84d | 895f 28e9 
  0x0000016172e325a4: 63df ffff | 448b 5d0c | 4585 db0f | 8461 deff | ff4d 8b57 | 2849 8bcb | 48c1 e103 | 4d85 d20f 
  0x0000016172e325c4: 844f 2400 | 004d 8b5f | 384b 894c | 13f8 4983 | c2f8 4d89 | 5728 e937 | deff ff4c | 8b54 2468 
  0x0000016172e325e4: 458b 520c | 4585 d20f | 8484 deff | ff4d 8b5f | 2849 8bca | 48c1 e103 | 4d85 db0f | 8433 2400 
  0x0000016172e32604: 004d 8b57 | 384b 894c | 1af8 4983 | c3f8 4d89 | 5f28 e95a | deff ff4c | 8b44 2468 | 458b 5014 
  0x0000016172e32624: 4585 d20f | 8463 dfff | ff49 8bd8 | 4d8b 5f28 | 498b ca48 | c1e1 034d | 85db 0f84 | 1424 0000 
  0x0000016172e32644: 4d8b 5738 | 4b89 4c1a | f849 83c3 | f84d 895f | 284c 8bc3 | e933 dfff | ff4d 8b57 

  0x0000016172e32660: ;   {no_reloc}
  0x0000016172e32660: 584d 8b5f | 48f0 8344 | 24c0 0080 | 3900 0f84 | d3de ffff | 4488 214d | 85db 7520 | 498b d7c5 
  0x0000016172e32680: f877 49ba | d0fc 6ffd | fa7f 0000 

  0x0000016172e3268c: ;   {other}
  0x0000016172e3268c: 41ff d20f | 1f84 0000 | 0000 00e9 | abde ffff | 4b89 4c1a | f849 83c3 | f84d 895f | 48e9 99de 
  0x0000016172e326ac: ffff 4d8b | 5748 4d8b | 5f58 f083 | 4424 c000 | 8039 000f | 84e7 ddff | ff44 8821 | 4d85 d275 
  0x0000016172e326cc: 2049 8bd7 | c5f8 7749 | bad0 fc6f | fdfa 7f00 | 0041 ffd2 

  0x0000016172e326e0: ;   {other}
  0x0000016172e326e0: 0f1f 8400 | 0000 0000 | e9bf ddff | ff4b 894c | 13f8 4983 | c2f8 4d89 | 5748 e9ad | ddff ff4d 
  0x0000016172e32700: 8b57 584d | 8b5f 48f0 | 8344 24c0 | 0080 3900 | 0f84 54dd | ffff 4488 | 214d 85db | 7520 498b 
  0x0000016172e32720: d7c5 f877 | 49ba d0fc | 6ffd fa7f | 0000 41ff 

  0x0000016172e32730: ;   {other}
  0x0000016172e32730: d20f 1f84 | 0000 0000 | 00e9 2cdd | ffff 4b89 | 4c1a f849 | 83c3 f84d | 895f 48e9 | 1add ffff 
  0x0000016172e32750: 4d8b 5748 | 4d8b 5f58 | f083 4424 | c000 8039 | 000f 8465 | deff ff44 | 8821 4d85 | d275 2649 
  0x0000016172e32770: 8bd8 498b | d7c5 f877 | 49ba d0fc | 6ffd fa7f | 0000 41ff 

  0x0000016172e32784: ;   {other}
  0x0000016172e32784: d20f 1f84 | 0000 0000 | 004c 8bc3 | e937 deff | ff4b 894c | 13f8 4983 | c2f8 4d89 | 5748 e925 
  0x0000016172e327a4: deff ff4d | 63ca e905 | bbff ff49 | 83c1 fe49 | 8bc9 488b | fa48 33c0 | 4883 f908 | 7f10 48ff 
  0x0000016172e327c4: c978 4f48 | 8904 cf48 | ffc9 7df7 | eb44 c5fd | efc0 e90d | 0000 00c5 | fe7f 07c5 | fe7f 4720 
  0x0000016172e327e4: 4883 c740 | 4883 e908 | 7ded 4883 | c104 7c0c | c5fe 7f07 | 4883 c720 | 4883 e904 | 4883 c104 
  0x0000016172e32804: 7e10 48ff | c9c5 f9d6 | 0748 83c7 | 0848 ffc9 | 7df3 e958 | bbff ffba | ccff ffff | 488b ac24 
  0x0000016172e32824: a800 0000 | 4c8b 5c24 | 304c 895c | 2420 4c8b | 9c24 b000 | 0000 4c89 | 5c24 304c | 8b5c 2450 
  0x0000016172e32844: 4c89 5c24 | 4844 8954 | 2458 4889 | 7424 7889 | 4c24 5c90 

  0x0000016172e32858: ;   {runtime_call UncommonTrapBlob}
  0x0000016172e32858: c5f8 77e8 

  0x0000016172e3285c: ; ImmutableOopMap {rbp=Oop [32]=Oop [48]=Oop [92]=NarrowOop [120]=Oop [128]=Oop [136]=NarrowOop }
                      ;*newarray {reexecute=1 rethrow=0 return_oop=0}
                      ; - (reexecute) java.util.Arrays::copyOfRangeByte@10 (line 3863)
                      ; - java.util.Arrays::copyOfRange@13 (line 3854)
                      ; - java.lang.StringLatin1::newString@16 (line 752)
                      ; - java.lang.String::substring@41 (line 2839)
                      ; - java.net.URLClassLoader::defineClass@28 (line 489)
                      ; - java.net.URLClassLoader$1::run@43 (line 427)
                      ; - java.net.URLClassLoader$1::run@1 (line 421)
                      ; - java.security.AccessController::executePrivileged@29 (line 809)
                      ; - java.security.AccessController::doPrivileged@13 (line 714)
                      ; - java.net.URLClassLoader::findClass@13 (line 420)
  0x0000016172e3285c: 201b 50ff 

  0x0000016172e32860: ;   {other}
  0x0000016172e32860: 0f1f 8400 | 5064 0068 | baf6 ffff | ff48 8bac | 24a8 0000 | 004c 8b54 | 2430 4c89 | 5424 204c 
  0x0000016172e32880: 8b94 24b0 | 0000 004c | 8954 2430 | 4c8b 5424 | 504c 8954 | 2448 4c89 | 7424 604c | 894c 2468 
  0x0000016172e328a0: ;   {runtime_call UncommonTrapBlob}
  0x0000016172e328a0: c5f8 77e8 

  0x0000016172e328a4: ; ImmutableOopMap {rbp=Oop [32]=Oop [48]=Oop [96]=Oop [104]=Oop [128]=Oop [136]=NarrowOop }
                      ;*invokevirtual get {reexecute=0 rethrow=0 return_oop=0}
                      ; - java.lang.ClassLoader::definePackage@47 (line 2125)
                      ; - java.lang.ClassLoader::getDefinedPackage@32 (line 2267)
                      ; - java.net.URLClassLoader::getAndVerifyPackage@2 (line 457)
                      ; - java.net.URLClassLoader::defineClass@46 (line 492)
                      ; - java.net.URLClassLoader$1::run@43 (line 427)
                      ; - java.net.URLClassLoader$1::run@1 (line 421)
                      ; - java.security.AccessController::executePrivileged@29 (line 809)
                      ; - java.security.AccessController::doPrivileged@13 (line 714)
                      ; - java.net.URLClassLoader::findClass@13 (line 420)
  0x0000016172e328a4: d81a 50ff 

  0x0000016172e328a8: ;   {other}
  0x0000016172e328a8: 0f1f 8400 | 9864 0069 | 4c63 d5e9 | 0aa8 ffff | ba45 ffff | ff48 8bac | 24a8 0000 | 004c 8b5c 
  0x0000016172e328c8: 2430 4c89 | 5c24 204c | 8b9c 24b0 | 0000 004c | 895c 2430 | 4c8b 9c24 | 8000 0000 | 4c89 5c24 
  0x0000016172e328e8: 404c 8b5c | 2450 4c89 | 5c24 484c | 894c 2470 | 4c89 7424 | 7844 8b84 | 2488 0000 | 0044 8944 
  0x0000016172e32908: 2454 4c89 | 8c24 8800 | 0000 4489 | 9424 a000 | 0000 6690 

  0x0000016172e3291c: ;   {runtime_call UncommonTrapBlob}
  0x0000016172e3291c: c5f8 77e8 

  0x0000016172e32920: ; ImmutableOopMap {rbp=Oop [32]=Oop [48]=Oop [64]=Oop [84]=NarrowOop [112]=Oop [120]=Oop [136]=Oop [160]=NarrowOop }
                      ;*ifeq {reexecute=1 rethrow=0 return_oop=0}
                      ; - (reexecute) java.lang.ClassLoader::definePackage@4 (line 2120)
                      ; - java.lang.ClassLoader::getDefinedPackage@32 (line 2267)
                      ; - java.net.URLClassLoader::getAndVerifyPackage@2 (line 457)
                      ; - java.net.URLClassLoader::defineClass@46 (line 492)
                      ; - java.net.URLClassLoader$1::run@43 (line 427)
                      ; - java.net.URLClassLoader$1::run@1 (line 421)
                      ; - java.security.AccessController::executePrivileged@29 (line 809)
                      ; - java.security.AccessController::doPrivileged@13 (line 714)
                      ; - java.net.URLClassLoader::findClass@13 (line 420)
  0x0000016172e32920: 5c1a 50ff 

  0x0000016172e32924: ;   {other}
  0x0000016172e32924: 0f1f 8400 | 1465 006a | ba76 ffff | ff48 8bac | 24a8 0000 | 004c 8b5c | 2430 4c89 | 5c24 204c 
  0x0000016172e32944: 8b9c 24b0 | 0000 004c | 895c 2430 | 4c8b 9c24 | 8000 0000 | 4c89 5c24 | 404c 8b5c | 2450 4c89 
  0x0000016172e32964: 5c24 4844 | 8b9c 2488 | 0000 0044 | 895c 2450 | 4c89 4c24 | 684c 8954 | 2470 4c89 | 7424 784c 
  0x0000016172e32984: 89b4 2480 | 0000 004c | 898c 2488 | 0000 0089 | 9c24 9000 | 0000 4489 | 8424 9400 | 0000 898c 
  0x0000016172e329a4: 24a8 0000 | 0066 6690 

  0x0000016172e329ac: ;   {runtime_call UncommonTrapBlob}
  0x0000016172e329ac: c5f8 77e8 

  0x0000016172e329b0: ; ImmutableOopMap {rbp=Oop [32]=Oop [48]=Oop [64]=Oop [80]=NarrowOop [104]=Oop [112]=Oop [120]=Oop [128]=Oop [136]=Oop [148]=NarrowOop [168]=NarrowOop }
                      ;*if_icmpge {reexecute=1 rethrow=0 return_oop=0}
                      ; - (reexecute) java.lang.StringLatin1::replace@19 (line 297)
                      ; - java.lang.String::replace@18 (line 2933)
                      ; - java.net.URLClassLoader::isSealed@9 (line 601)
                      ; - java.net.URLClassLoader::getAndVerifyPackage@68 (line 469)
                      ; - java.net.URLClassLoader::defineClass@46 (line 492)
                      ; - java.net.URLClassLoader$1::run@43 (line 427)
                      ; - java.net.URLClassLoader$1::run@1 (line 421)
                      ; - java.security.AccessController::executePrivileged@29 (line 809)
                      ; - java.security.AccessController::doPrivileged@13 (line 714)
                      ; - java.net.URLClassLoader::findClass@13 (line 420)
  0x0000016172e329b0: cc19 50ff 

  0x0000016172e329b4: ;   {other}
  0x0000016172e329b4: 0f1f 8400 | a465 006b | bade ffff | ff48 8bac | 24a8 0000 | 004c 8b5c | 2430 4c89 | 5c24 204c 
  0x0000016172e329d4: 8b9c 24b0 | 0000 004c | 895c 2430 | 4c8b 9c24 | 8000 0000 | 4c89 5c24 | 404c 8b5c | 2450 4c89 
  0x0000016172e329f4: 5c24 488b | 8c24 8800 | 0000 894c | 2450 4c89 | 4c24 684c | 8954 2470 | 4c89 7424 | 784c 89b4 
  0x0000016172e32a14: 2480 0000 | 0044 8944 | 2454 4889 | 8424 9800 | 0000 6690 

  0x0000016172e32a28: ;   {runtime_call UncommonTrapBlob}
  0x0000016172e32a28: c5f8 77e8 

  0x0000016172e32a2c: ; ImmutableOopMap {rbp=Oop [32]=Oop [48]=Oop [64]=Oop [80]=NarrowOop [84]=NarrowOop [104]=Oop [112]=Oop [120]=Oop [128]=Oop [152]=Oop }
                      ;*invokeinterface getTrustedAttributes {reexecute=0 rethrow=0 return_oop=0}
                      ; - java.net.URLClassLoader::isSealed@18 (line 601)
                      ; - java.net.URLClassLoader::getAndVerifyPackage@68 (line 469)
                      ; - java.net.URLClassLoader::defineClass@46 (line 492)
                      ; - java.net.URLClassLoader$1::run@43 (line 427)
                      ; - java.net.URLClassLoader$1::run@1 (line 421)
                      ; - java.security.AccessController::executePrivileged@29 (line 809)
                      ; - java.security.AccessController::doPrivileged@13 (line 714)
                      ; - java.net.URLClassLoader::findClass@13 (line 420)
  0x0000016172e32a2c: 5019 50ff 

  0x0000016172e32a30: ;   {other}
  0x0000016172e32a30: 0f1f 8400 | 2066 006c | bade ffff | ff4c 8b9c | 24a8 0000 | 004c 895c | 2420 4c8b | 5c24 304c 
  0x0000016172e32a50: 895c 2428 | 4c8b 9c24 | b000 0000 | 4c89 5c24 | 384c 8b9c | 2480 0000 | 004c 895c | 2448 448b 
  0x0000016172e32a70: 9c24 8800 | 0000 4489 | 5c24 584c | 894c 2470 | 4c89 5424 | 784c 89b4 | 2480 0000 | 004c 89b4 
  0x0000016172e32a90: 2488 0000 | 0048 8984 | 24a8 0000 | 0066 6690 

  0x0000016172e32aa0: ;   {runtime_call UncommonTrapBlob}
  0x0000016172e32aa0: c5f8 77e8 

  0x0000016172e32aa4: ; ImmutableOopMap {rbp=NarrowOop [32]=Oop [40]=Oop [56]=Oop [72]=Oop [88]=NarrowOop [112]=Oop [120]=Oop [128]=Oop [136]=Oop [168]=Oop }
                      ;*invokeinterface get {reexecute=0 rethrow=0 return_oop=0}
                      ; - java.util.jar.Manifest::getAttributes@5 (line 160)
                      ; - java.util.jar.Manifest::getTrustedAttributes@2 (line 177)
                      ; - java.util.jar.JavaUtilJarAccessImpl::getTrustedAttributes@2 (line 38)
                      ; - java.net.URLClassLoader::isSealed@18 (line 601)
                      ; - java.net.URLClassLoader::getAndVerifyPackage@68 (line 469)
                      ; - java.net.URLClassLoader::defineClass@46 (line 492)
                      ; - java.net.URLClassLoader$1::run@43 (line 427)
                      ; - java.net.URLClassLoader$1::run@1 (line 421)
                      ; - java.security.AccessController::executePrivileged@29 (line 809)
                      ; - java.security.AccessController::doPrivileged@13 (line 714)
                      ; - java.net.URLClassLoader::findClass@13 (line 420)
  0x0000016172e32aa4: d818 50ff 

  0x0000016172e32aa8: ;   {other}
  0x0000016172e32aa8: 0f1f 8400 | 9866 006d | bade ffff | ff4c 8b9c | 24a8 0000 | 004c 895c | 2420 4c8b | 5c24 304c 
  0x0000016172e32ac8: 895c 2428 | 4c8b 9c24 | b000 0000 | 4c89 5c24 | 384c 8b9c | 2480 0000 | 004c 895c | 2448 448b 
  0x0000016172e32ae8: 9c24 8800 | 0000 4489 | 5c24 584c | 8974 2468 | 4c89 4c24 | 704c 8954 | 2478 6690 

  0x0000016172e32b04: ;   {runtime_call UncommonTrapBlob}
  0x0000016172e32b04: c5f8 77e8 

  0x0000016172e32b08: ; ImmutableOopMap {rbp=NarrowOop [32]=Oop [40]=Oop [56]=Oop [72]=Oop [88]=NarrowOop [104]=Oop [112]=Oop [120]=Oop }
                      ;*invokeinterface get {reexecute=0 rethrow=0 return_oop=0}
                      ; - java.util.jar.Attributes::get@5 (line 106)
                      ; - java.util.jar.Attributes::getValue@2 (line 142)
                      ; - java.net.URLClassLoader::isSealed@58 (line 608)
                      ; - java.net.URLClassLoader::getAndVerifyPackage@68 (line 469)
                      ; - java.net.URLClassLoader::defineClass@46 (line 492)
                      ; - java.net.URLClassLoader$1::run@43 (line 427)
                      ; - java.net.URLClassLoader$1::run@1 (line 421)
                      ; - java.security.AccessController::executePrivileged@29 (line 809)
                      ; - java.security.AccessController::doPrivileged@13 (line 714)
                      ; - java.net.URLClassLoader::findClass@13 (line 420)
  0x0000016172e32b08: 7418 50ff 

  0x0000016172e32b0c: ;   {other}
  0x0000016172e32b0c: 0f1f 8400 | fc66 006e | bacc ffff | ff48 8bac | 24a8 0000 | 004c 8b54 | 2430 4c89 | 5424 204c 
  0x0000016172e32b2c: 8b94 24b0 | 0000 004c | 8954 2430 | 4c8b 9424 | 8000 0000 | 4c89 5424 | 404c 8b54 | 2450 4c89 
  0x0000016172e32b4c: 5424 4844 | 8b9c 2488 | 0000 0044 | 895c 2450 | 4c8b 5424 | 704c 8954 | 2458 4c8b | 9424 9000 
  0x0000016172e32b6c: 0000 4c89 | 5424 604c | 8b54 2478 | 4c89 5424 | 7044 8b94 | 24a0 0000 | 0044 8954 | 2454 4c8b 
  0x0000016172e32b8c: 9424 b800 | 0000 4c89 | 9424 9800 | 0000 4c89 | 8424 b000 | 0000 6690 

  0x0000016172e32ba4: ;   {runtime_call UncommonTrapBlob}
  0x0000016172e32ba4: c5f8 77e8 

  0x0000016172e32ba8: ; ImmutableOopMap {rbp=Oop [32]=Oop [48]=Oop [64]=Oop [80]=NarrowOop [84]=NarrowOop [88]=Oop [96]=Oop [112]=Oop [152]=Oop [176]=Oop }
                      ;*invokestatic arraycopy {reexecute=0 rethrow=0 return_oop=0}
                      ; - java.lang.String::getBytes@22 (line 4726)
                      ; - java.lang.StringConcatHelper::prepend@21 (line 324)
                      ; - java.lang.StringConcatHelper::simpleConcat@71 (line 438)
                      ; - java.lang.String::concat@11 (line 2899)
                      ; - java.net.URLClassLoader::isSealed@15 (line 601)
                      ; - java.net.URLClassLoader::getAndVerifyPackage@68 (line 469)
                      ; - java.net.URLClassLoader::defineClass@46 (line 492)
                      ; - java.net.URLClassLoader$1::run@43 (line 427)
                      ; - java.net.URLClassLoader$1::run@1 (line 421)
                      ; - java.security.AccessController::executePrivileged@29 (line 809)
                      ; - java.security.AccessController::doPrivileged@13 (line 714)
                      ; - java.net.URLClassLoader::findClass@13 (line 420)
  0x0000016172e32ba8: d417 50ff 

  0x0000016172e32bac: ;   {other}
  0x0000016172e32bac: 0f1f 8400 | 9c67 006f | bacc ffff | ff48 8bac | 24a8 0000 | 004c 8b54 | 2430 4c89 | 5424 204c 
  0x0000016172e32bcc: 8b94 24b0 | 0000 004c | 8954 2430 | 4c8b 9424 | 8000 0000 | 4c89 5424 | 404c 8b54 | 2450 4c89 
  0x0000016172e32bec: 5424 4844 | 8b9c 2488 | 0000 0044 | 895c 2450 | 4c8b 5424 | 704c 8954 | 2458 4c8b | 9424 9000 
  0x0000016172e32c0c: 0000 4c89 | 5424 604c | 8b54 2478 | 4c89 5424 | 704c 8b94 | 2498 0000 | 004c 8994 | 2488 0000 
  0x0000016172e32c2c: 0044 8b94 | 24a0 0000 | 0044 8954 | 2454 4c89 | 8424 b000 | 0000 6690 

  0x0000016172e32c44: ;   {runtime_call UncommonTrapBlob}
  0x0000016172e32c44: c5f8 77e8 

  0x0000016172e32c48: ; ImmutableOopMap {rbp=Oop [32]=Oop [48]=Oop [64]=Oop [80]=NarrowOop [84]=NarrowOop [88]=Oop [96]=Oop [112]=Oop [136]=Oop [176]=Oop }
                      ;*invokestatic arraycopy {reexecute=0 rethrow=0 return_oop=0}
                      ; - java.lang.String::getBytes@22 (line 4726)
                      ; - java.lang.StringConcatHelper::prepend@21 (line 324)
                      ; - java.lang.StringConcatHelper::simpleConcat@81 (line 439)
                      ; - java.lang.String::concat@11 (line 2899)
                      ; - java.net.URLClassLoader::isSealed@15 (line 601)
                      ; - java.net.URLClassLoader::getAndVerifyPackage@68 (line 469)
                      ; - java.net.URLClassLoader::defineClass@46 (line 492)
                      ; - java.net.URLClassLoader$1::run@43 (line 427)
                      ; - java.net.URLClassLoader$1::run@1 (line 421)
                      ; - java.security.AccessController::executePrivileged@29 (line 809)
                      ; - java.security.AccessController::doPrivileged@13 (line 714)
                      ; - java.net.URLClassLoader::findClass@13 (line 420)
  0x0000016172e32c48: 3417 50ff 

  0x0000016172e32c4c: ;   {other}
  0x0000016172e32c4c: 0f1f 8400 | 3c68 0070 | baf6 ffff | ff4c 8b94 | 24a8 0000 | 004c 8954 | 2420 4c8b | 5424 304c 
  0x0000016172e32c6c: 8954 2428 | 4c8b 9424 | b000 0000 | 4c89 5424 | 384c 894c | 2470 6690 

  0x0000016172e32c84: ;   {runtime_call UncommonTrapBlob}
  0x0000016172e32c84: c5f8 77e8 

  0x0000016172e32c88: ; ImmutableOopMap {rbp=NarrowOop [32]=Oop [40]=Oop [56]=Oop [112]=Oop [128]=Oop [136]=NarrowOop }
                      ;*invokevirtual getInputStream {reexecute=0 rethrow=0 return_oop=0}
                      ; - jdk.internal.loader.URLClassPath$JarLoader$2::getInputStream@11 (line 848)
                      ; - jdk.internal.loader.Resource::cachedInputStream@9 (line 77)
                      ; - jdk.internal.loader.Resource::getByteBuffer@1 (line 163)
                      ; - java.net.URLClassLoader::defineClass@132 (line 511)
                      ; - java.net.URLClassLoader$1::run@43 (line 427)
                      ; - java.net.URLClassLoader$1::run@1 (line 421)
                      ; - java.security.AccessController::executePrivileged@29 (line 809)
                      ; - java.security.AccessController::doPrivileged@13 (line 714)
                      ; - java.net.URLClassLoader::findClass@13 (line 420)
  0x0000016172e32c88: f416 50ff 

  0x0000016172e32c8c: ;   {other}
  0x0000016172e32c8c: 0f1f 8400 | 7c68 0071 | 33ed 85db | 400f 94c5 | ba45 ffff | ff4c 8b9c | 24a8 0000 | 004c 895c 
  0x0000016172e32cac: 2420 4c8b | 5c24 304c | 895c 2428 | 4c8b 9c24 | 8000 0000 | 4c89 5c24 | 304c 8b9c | 24b0 0000 
  0x0000016172e32ccc: 004c 895c | 2438 4489 | 5424 7090 

  0x0000016172e32cd8: ;   {runtime_call UncommonTrapBlob}
  0x0000016172e32cd8: c5f8 77e8 

  0x0000016172e32cdc: ; ImmutableOopMap {[32]=Oop [40]=Oop [48]=Oop [56]=Oop }
                      ;*ifeq {reexecute=1 rethrow=0 return_oop=0}
                      ; - (reexecute) java.lang.String::lastIndexOf@4 (line 2573)
                      ; - java.lang.String::lastIndexOf@8 (line 2535)
                      ; - java.net.URLClassLoader::defineClass@7 (line 486)
                      ; - java.net.URLClassLoader$1::run@43 (line 427)
                      ; - java.net.URLClassLoader$1::run@1 (line 421)
                      ; - java.security.AccessController::executePrivileged@29 (line 809)
                      ; - java.security.AccessController::doPrivileged@13 (line 714)
                      ; - java.net.URLClassLoader::findClass@13 (line 420)
  0x0000016172e32cdc: a016 50ff 

  0x0000016172e32ce0: ;   {other}
  0x0000016172e32ce0: 0f1f 8400 | d068 0072 | ba45 ffff | ff48 8bac | 24a8 0000 | 004c 8b5c | 2430 4c89 | 5c24 204c 
  0x0000016172e32d00: 8b9c 2480 | 0000 004c | 895c 2428 | 4c8b 9c24 | b000 0000 | 4c89 5c24 | 304c 8b5c | 2450 4c89 
  0x0000016172e32d20: 5c24 4844 | 8954 2460 | 4489 5424 | 6444 894c | 247c 6690 

  0x0000016172e32d34: ;   {runtime_call UncommonTrapBlob}
  0x0000016172e32d34: c5f8 77e8 

  0x0000016172e32d38: ; ImmutableOopMap {rbp=Oop [32]=Oop [40]=Oop [48]=Oop [136]=NarrowOop }
                      ;*if_icmpgt {reexecute=1 rethrow=0 return_oop=0}
                      ; - (reexecute) jdk.internal.util.Preconditions::checkFromToIndex@6 (line 348)
                      ; - java.lang.String::checkBoundsBeginEnd@6 (line 4865)
                      ; - java.lang.String::substring@8 (line 2834)
                      ; - java.net.URLClassLoader::defineClass@28 (line 489)
                      ; - java.net.URLClassLoader$1::run@43 (line 427)
                      ; - java.net.URLClassLoader$1::run@1 (line 421)
                      ; - java.security.AccessController::executePrivileged@29 (line 809)
                      ; - java.security.AccessController::doPrivileged@13 (line 714)
                      ; - java.net.URLClassLoader::findClass@13 (line 420)
  0x0000016172e32d38: 4416 50ff 

  0x0000016172e32d3c: ;   {other}
  0x0000016172e32d3c: 0f1f 8400 | 2c69 0073 | ba45 ffff | ff48 8bac | 24a8 0000 | 004c 8b54 | 2430 4c89 | 5424 204c 
  0x0000016172e32d5c: 8b94 24b0 | 0000 004c | 8954 2430 | 4c8b 9424 | 8000 0000 | 4c89 5424 | 404c 8b54 | 2450 4c89 
  0x0000016172e32d7c: 5424 4844 | 8b84 2488 | 0000 004c | 894c 2470 | 4c89 7424 | 7844 8944 | 2454 4c89 | 8c24 8800 
  0x0000016172e32d9c: 0000 4489 | 9c24 a000 | 0000 6690 

  0x0000016172e32da8: ;   {runtime_call UncommonTrapBlob}
  0x0000016172e32da8: c5f8 77e8 

  0x0000016172e32dac: ; ImmutableOopMap {rbp=Oop [32]=Oop [48]=Oop [64]=Oop [84]=NarrowOop [112]=Oop [120]=Oop [136]=Oop }
                      ;*ifle {reexecute=1 rethrow=0 return_oop=0}
                      ; - (reexecute) java.util.concurrent.ConcurrentHashMap::get@23 (line 937)
                      ; - java.lang.ClassLoader::getDefinedPackage@13 (line 2263)
                      ; - java.net.URLClassLoader::getAndVerifyPackage@2 (line 457)
                      ; - java.net.URLClassLoader::defineClass@46 (line 492)
                      ; - java.net.URLClassLoader$1::run@43 (line 427)
                      ; - java.net.URLClassLoader$1::run@1 (line 421)
                      ; - java.security.AccessController::executePrivileged@29 (line 809)
                      ; - java.security.AccessController::doPrivileged@13 (line 714)
                      ; - java.net.URLClassLoader::findClass@13 (line 420)
  0x0000016172e32dac: d015 50ff 

  0x0000016172e32db0: ;   {other}
  0x0000016172e32db0: 0f1f 8400 | a069 0074 | 498b d7c5 | f877 49ba | f0fc 6ffd | fa7f 0000 

  0x0000016172e32dc8: ;   {other}
  0x0000016172e32dc8: 41ff d20f | 1f84 0000 | 0000 00e9 | e4d3 ffff | ba45 ffff | ff48 8bac | 24a8 0000 | 004c 8b5c 
  0x0000016172e32de8: 2430 4c89 | 5c24 204c | 8b9c 2480 | 0000 004c | 895c 2428 | 4c8b 9c24 | b000 0000 | 4c89 5c24 
  0x0000016172e32e08: 304c 8b5c | 2450 4c89 | 5c24 4844 | 8954 2460 | 4489 5424 | 6444 894c | 247c 4489 | 8c24 8000 
  0x0000016172e32e28: 0000 6690 

  0x0000016172e32e2c: ;   {runtime_call UncommonTrapBlob}
  0x0000016172e32e2c: c5f8 77e8 

  0x0000016172e32e30: ; ImmutableOopMap {rbp=Oop [32]=Oop [40]=Oop [48]=Oop [136]=NarrowOop }
                      ;*if_icmple {reexecute=1 rethrow=0 return_oop=0}
                      ; - (reexecute) jdk.internal.util.Preconditions::checkFromToIndex@11 (line 348)
                      ; - java.lang.String::checkBoundsBeginEnd@6 (line 4865)
                      ; - java.lang.String::substring@8 (line 2834)
                      ; - java.net.URLClassLoader::defineClass@28 (line 489)
                      ; - java.net.URLClassLoader$1::run@43 (line 427)
                      ; - java.net.URLClassLoader$1::run@1 (line 421)
                      ; - java.security.AccessController::executePrivileged@29 (line 809)
                      ; - java.security.AccessController::doPrivileged@13 (line 714)
                      ; - java.net.URLClassLoader::findClass@13 (line 420)
  0x0000016172e32e30: 4c15 50ff 

  0x0000016172e32e34: ;   {other}
  0x0000016172e32e34: 0f1f 8400 | 246a 0075 | 4c89 7424 | 204c 8bf6 | 498b d7c5 | f877 49ba | f0fc 6ffd | fa7f 0000 
  0x0000016172e32e54: ;   {other}
  0x0000016172e32e54: 41ff d20f | 1f84 0000 | 0000 0049 | 8bf6 4c8b | 7424 20e9 | 12b5 ffff | ba76 ffff | ff4c 8b94 
  0x0000016172e32e74: 24a8 0000 | 004c 8954 | 2420 4c8b | 5424 304c | 8954 2428 | 4c8b 9424 | 8000 0000 | 4c89 5424 
  0x0000016172e32e94: 4844 8b9c | 2488 0000 | 0044 895c | 2458 4c89 | 8424 9800 | 0000 6690 

  0x0000016172e32eac: ;   {runtime_call UncommonTrapBlob}
  0x0000016172e32eac: c5f8 77e8 

  0x0000016172e32eb0: ; ImmutableOopMap {[32]=Oop [40]=Oop [72]=Oop [88]=NarrowOop [96]=Oop [104]=Oop [120]=Oop [152]=Oop [176]=Oop [184]=NarrowOop [188]=NarrowOop }
                      ;*if_icmpge {reexecute=1 rethrow=0 return_oop=0}
                      ; - (reexecute) java.lang.StringLatin1::replace@82 (line 308)
                      ; - java.lang.String::replace@18 (line 2933)
                      ; - java.net.URLClassLoader::isSealed@9 (line 601)
                      ; - java.net.URLClassLoader::getAndVerifyPackage@68 (line 469)
                      ; - java.net.URLClassLoader::defineClass@46 (line 492)
                      ; - java.net.URLClassLoader$1::run@43 (line 427)
                      ; - java.net.URLClassLoader$1::run@1 (line 421)
                      ; - java.security.AccessController::executePrivileged@29 (line 809)
                      ; - java.security.AccessController::doPrivileged@13 (line 714)
                      ; - java.net.URLClassLoader::findClass@13 (line 420)
  0x0000016172e32eb0: cc14 50ff 

  0x0000016172e32eb4: ;   {other}
  0x0000016172e32eb4: 0f1f 8400 | a46a 0076 | ba45 ffff | ff48 8bac | 24a8 0000 | 004c 8b44 | 2430 4c89 | 4424 204c 
  0x0000016172e32ed4: 8b84 24b0 | 0000 004c | 8944 2430 | 4c8b 8424 | 8000 0000 | 4c89 4424 | 404c 8b44 | 2450 4c89 
  0x0000016172e32ef4: 4424 488b | 8c24 8800 | 0000 4c89 | 4c24 704c | 8974 2478 | 894c 2454 | 4c89 8c24 | 8800 0000 
  0x0000016172e32f14: 4489 9c24 | a800 0000 | 4489 9424 | ac00 0000 

  0x0000016172e32f24: ;   {runtime_call UncommonTrapBlob}
  0x0000016172e32f24: c5f8 77e8 

  0x0000016172e32f28: ; ImmutableOopMap {rbp=Oop [32]=Oop [48]=Oop [64]=Oop [84]=NarrowOop [112]=Oop [120]=Oop [136]=Oop [168]=NarrowOop }
                      ;*ifeq {reexecute=1 rethrow=0 return_oop=0}
                      ; - (reexecute) java.util.concurrent.ConcurrentHashMap::get@76 (line 940)
                      ; - java.lang.ClassLoader::getDefinedPackage@13 (line 2263)
                      ; - java.net.URLClassLoader::getAndVerifyPackage@2 (line 457)
                      ; - java.net.URLClassLoader::defineClass@46 (line 492)
                      ; - java.net.URLClassLoader$1::run@43 (line 427)
                      ; - java.net.URLClassLoader$1::run@1 (line 421)
                      ; - java.security.AccessController::executePrivileged@29 (line 809)
                      ; - java.security.AccessController::doPrivileged@13 (line 714)
                      ; - java.net.URLClassLoader::findClass@13 (line 420)
  0x0000016172e32f28: 5414 50ff 

  0x0000016172e32f2c: ;   {other}
  0x0000016172e32f2c: 0f1f 8400 | 1c6b 0077 | 33ed 4585 | c040 0f95 | c5ba 45ff | ffff 4c8b | 9c24 a800 | 0000 4c89 
  0x0000016172e32f4c: 5c24 204c | 8b5c 2430 | 4c89 5c24 | 284c 8b9c | 24b0 0000 | 004c 895c | 2438 4c8b | 9c24 8000 
  0x0000016172e32f6c: 0000 4c89 | 5c24 484c | 894c 2478 | 4c89 b424 | 8000 0000 | 448b 8424 | 8800 0000 | 4489 4424 
  0x0000016172e32f8c: 5c4c 8994 | 2488 0000 | 0066 6690 

  0x0000016172e32f98: ;   {runtime_call UncommonTrapBlob}
  0x0000016172e32f98: c5f8 77e8 

  0x0000016172e32f9c: ; ImmutableOopMap {[32]=Oop [40]=Oop [56]=Oop [72]=Oop [92]=NarrowOop [120]=Oop [128]=Oop [136]=Oop }
                      ;*ifne {reexecute=1 rethrow=0 return_oop=0}
                      ; - (reexecute) java.lang.Package::isSealed@7 (line 235)
                      ; - java.net.URLClassLoader::getAndVerifyPackage@14 (line 460)
                      ; - java.net.URLClassLoader::defineClass@46 (line 492)
                      ; - java.net.URLClassLoader$1::run@43 (line 427)
                      ; - java.net.URLClassLoader$1::run@1 (line 421)
                      ; - java.security.AccessController::executePrivileged@29 (line 809)
                      ; - java.security.AccessController::doPrivileged@13 (line 714)
                      ; - java.net.URLClassLoader::findClass@13 (line 420)
  0x0000016172e32f9c: e013 50ff 

  0x0000016172e32fa0: ;   {other}
  0x0000016172e32fa0: 0f1f 8400 | 906b 0078 | 33ed 85c9 | 400f 94c5 | ba45 ffff | ff4c 8b9c | 24a8 0000 | 004c 895c 
  0x0000016172e32fc0: 2420 4c8b | 5c24 304c | 895c 2428 | 4c8b 9c24 | b000 0000 | 4c89 5c24 | 384c 8b9c | 2480 0000 
  0x0000016172e32fe0: 004c 895c | 2448 448b | 9c24 8800 | 0000 4489 | 5c24 584c | 894c 2470 | 4c89 5424 | 784c 89b4 
  0x0000016172e33000: 2480 0000 | 004c 89b4 | 2488 0000 | 004c 898c | 2490 0000 | 0044 8944 | 245c 6690 

  0x0000016172e3301c: ;   {runtime_call UncommonTrapBlob}
  0x0000016172e3301c: c5f8 77e8 

  0x0000016172e33020: ; ImmutableOopMap {[32]=Oop [40]=Oop [56]=Oop [72]=Oop [88]=NarrowOop [92]=NarrowOop [112]=Oop [120]=Oop [128]=Oop [136]=Oop [144]=Oop }
                      ;*ifeq {reexecute=1 rethrow=0 return_oop=0}
                      ; - (reexecute) java.lang.String::replace@9 (line 2933)
                      ; - java.net.URLClassLoader::isSealed@9 (line 601)
                      ; - java.net.URLClassLoader::getAndVerifyPackage@68 (line 469)
                      ; - java.net.URLClassLoader::defineClass@46 (line 492)
                      ; - java.net.URLClassLoader$1::run@43 (line 427)
                      ; - java.net.URLClassLoader$1::run@1 (line 421)
                      ; - java.security.AccessController::executePrivileged@29 (line 809)
                      ; - java.security.AccessController::doPrivileged@13 (line 714)
                      ; - java.net.URLClassLoader::findClass@13 (line 420)
  0x0000016172e33020: 5c13 50ff 

  0x0000016172e33024: ;   {other}
  0x0000016172e33024: 0f1f 8400 | 146c 0079 | ba45 ffff | ff48 8bac | 24a8 0000 | 004c 8b5c | 2430 4c89 | 5c24 204c 
  0x0000016172e33044: 8b9c 24b0 | 0000 004c | 895c 2430 | 4c8b 9c24 | 8000 0000 | 4c89 5c24 | 404c 8b5c | 2450 4c89 
  0x0000016172e33064: 5c24 488b | 9c24 8800 | 0000 895c | 2450 4c89 | 4c24 684c | 8954 2470 | 4c89 7424 | 784c 89b4 
  0x0000016172e33084: 2480 0000 | 0044 8944 | 2454 4889 | bc24 9800 | 0000 898c | 24a0 0000 | 0066 6690 

  0x0000016172e330a0: ;   {runtime_call UncommonTrapBlob}
  0x0000016172e330a0: c5f8 77e8 

  0x0000016172e330a4: ; ImmutableOopMap {rbp=Oop [32]=Oop [48]=Oop [64]=Oop [80]=NarrowOop [84]=NarrowOop [104]=Oop [112]=Oop [120]=Oop [128]=Oop [152]=Oop }
                      ;*iflt {reexecute=1 rethrow=0 return_oop=0}
                      ; - (reexecute) java.lang.StringConcatHelper::checkOverflow@2 (line 65)
                      ; - java.lang.StringConcatHelper::mix@23 (line 127)
                      ; - java.lang.StringConcatHelper::simpleConcat@46 (line 433)
                      ; - java.lang.String::concat@11 (line 2899)
                      ; - java.net.URLClassLoader::isSealed@15 (line 601)
                      ; - java.net.URLClassLoader::getAndVerifyPackage@68 (line 469)
                      ; - java.net.URLClassLoader::defineClass@46 (line 492)
                      ; - java.net.URLClassLoader$1::run@43 (line 427)
                      ; - java.net.URLClassLoader$1::run@1 (line 421)
                      ; - java.security.AccessController::executePrivileged@29 (line 809)
                      ; - java.security.AccessController::doPrivileged@13 (line 714)
                      ; - java.net.URLClassLoader::findClass@13 (line 420)
  0x0000016172e330a4: d812 50ff 

  0x0000016172e330a8: ;   {other}
  0x0000016172e330a8: 0f1f 8400 | 986c 007a | ba45 ffff | ff4c 8b94 | 24a8 0000 | 004c 8954 | 2420 4c8b | 5424 304c 
  0x0000016172e330c8: 8954 2428 | 4c8b 9424 | b000 0000 | 4c89 5424 | 384c 8b94 | 2480 0000 | 004c 8954 | 2448 448b 
  0x0000016172e330e8: 9424 8800 | 0000 4489 | 5424 584c | 89b4 2480 | 0000 004c | 89b4 2488 | 0000 0044 | 8944 245c 
  0x0000016172e33108: ;   {runtime_call UncommonTrapBlob}
  0x0000016172e33108: c5f8 77e8 

  0x0000016172e3310c: ; ImmutableOopMap {[32]=Oop [40]=Oop [56]=Oop [72]=Oop [88]=NarrowOop [92]=NarrowOop [112]=Oop [120]=Oop [128]=Oop [136]=Oop [184]=Oop }
                      ;*iflt {reexecute=1 rethrow=0 return_oop=0}
                      ; - (reexecute) java.lang.StringConcatHelper::checkOverflow@2 (line 65)
                      ; - java.lang.StringConcatHelper::mix@23 (line 127)
                      ; - java.lang.StringConcatHelper::simpleConcat@54 (line 434)
                      ; - java.lang.String::concat@11 (line 2899)
                      ; - java.net.URLClassLoader::isSealed@15 (line 601)
                      ; - java.net.URLClassLoader::getAndVerifyPackage@68 (line 469)
                      ; - java.net.URLClassLoader::defineClass@46 (line 492)
                      ; - java.net.URLClassLoader$1::run@43 (line 427)
                      ; - java.net.URLClassLoader$1::run@1 (line 421)
                      ; - java.security.AccessController::executePrivileged@29 (line 809)
                      ; - java.security.AccessController::doPrivileged@13 (line 714)
                      ; - java.net.URLClassLoader::findClass@13 (line 420)
  0x0000016172e3310c: 7012 50ff 

  0x0000016172e33110: ;   {other}
  0x0000016172e33110: 0f1f 8400 | 006d 007b | ba45 ffff | ff48 8bac | 24a8 0000 | 004c 8b54 | 2430 4c89 | 5424 204c 
  0x0000016172e33130: 8b94 24b0 | 0000 004c | 8954 2430 | 4c8b 9424 | 8000 0000 | 4c89 5424 | 404c 8b54 | 2450 4c89 
  0x0000016172e33150: 5424 4844 | 8b94 2488 | 0000 0044 | 8954 2450 | 4c8b 5424 | 704c 8954 | 2458 4c8b | 9424 9000 
  0x0000016172e33170: 0000 4c89 | 5424 604c | 8b54 2478 | 4c89 5424 | 7044 8b94 | 24a0 0000 | 0044 8954 | 2454 4c89 
  0x0000016172e33190: 8424 a800 | 0000 4489 | 8c24 b000 | 0000 6690 

  0x0000016172e331a0: ;   {runtime_call UncommonTrapBlob}
  0x0000016172e331a0: c5f8 77e8 

  0x0000016172e331a4: ; ImmutableOopMap {rbp=Oop [32]=Oop [48]=Oop [64]=Oop [80]=NarrowOop [84]=NarrowOop [88]=Oop [96]=Oop [112]=Oop [168]=Oop [184]=Oop }
                      ;*if_icmpne {reexecute=1 rethrow=0 return_oop=0}
                      ; - (reexecute) java.lang.String::getBytes@5 (line 4725)
                      ; - java.lang.StringConcatHelper::prepend@21 (line 324)
                      ; - java.lang.StringConcatHelper::simpleConcat@81 (line 439)
                      ; - java.lang.String::concat@11 (line 2899)
                      ; - java.net.URLClassLoader::isSealed@15 (line 601)
                      ; - java.net.URLClassLoader::getAndVerifyPackage@68 (line 469)
                      ; - java.net.URLClassLoader::defineClass@46 (line 492)
                      ; - java.net.URLClassLoader$1::run@43 (line 427)
                      ; - java.net.URLClassLoader$1::run@1 (line 421)
                      ; - java.security.AccessController::executePrivileged@29 (line 809)
                      ; - java.security.AccessController::doPrivileged@13 (line 714)
                      ; - java.net.URLClassLoader::findClass@13 (line 420)
  0x0000016172e331a4: d811 50ff 

  0x0000016172e331a8: ;   {other}
  0x0000016172e331a8: 0f1f 8400 | 986d 007c | ba45 ffff | ff48 8bac | 24a8 0000 | 004c 8b5c | 2430 4c89 | 5c24 204c 
  0x0000016172e331c8: 8b9c 24b0 | 0000 004c | 895c 2430 | 4c8b 9c24 | 8000 0000 | 4c89 5c24 | 404c 8b5c | 2450 4c89 
  0x0000016172e331e8: 5c24 484c | 894c 2470 | 4c89 7424 | 788b 8c24 | 8800 0000 | 894c 2454 | 4c89 8c24 | 8800 0000 
  0x0000016172e33208: 4489 9424 | a000 0000 | 4489 8424 | a400 0000 

  0x0000016172e33218: ;   {runtime_call UncommonTrapBlob}
  0x0000016172e33218: c5f8 77e8 

  0x0000016172e3321c: ; ImmutableOopMap {rbp=Oop [32]=Oop [48]=Oop [64]=Oop [84]=NarrowOop [112]=Oop [120]=Oop [136]=Oop [160]=NarrowOop }
                      ;*ifle {reexecute=1 rethrow=0 return_oop=0}
                      ; - (reexecute) java.util.concurrent.ConcurrentHashMap::get@23 (line 937)
                      ; - java.lang.ClassLoader::definePackage@47 (line 2125)
                      ; - java.lang.ClassLoader::getDefinedPackage@32 (line 2267)
                      ; - java.net.URLClassLoader::getAndVerifyPackage@2 (line 457)
                      ; - java.net.URLClassLoader::defineClass@46 (line 492)
                      ; - java.net.URLClassLoader$1::run@43 (line 427)
                      ; - java.net.URLClassLoader$1::run@1 (line 421)
                      ; - java.security.AccessController::executePrivileged@29 (line 809)
                      ; - java.security.AccessController::doPrivileged@13 (line 714)
                      ; - java.net.URLClassLoader::findClass@13 (line 420)
  0x0000016172e3321c: 6011 50ff 

  0x0000016172e33220: ;   {other}
  0x0000016172e33220: 0f1f 8400 | 106e 007d | ba45 ffff | ff4c 8b9c | 24a8 0000 | 004c 895c | 2420 4c8b | 5c24 304c 
  0x0000016172e33240: 895c 2428 | 4c8b 9c24 | b000 0000 | 4c89 5c24 | 384c 8b9c | 2480 0000 | 004c 895c | 2448 4c89 
  0x0000016172e33260: 4c24 784c | 89b4 2480 | 0000 0044 | 8b84 2488 | 0000 0044 | 8944 245c | 4c89 9424 | 8800 0000 
  0x0000016172e33280: ;   {runtime_call UncommonTrapBlob}
  0x0000016172e33280: c5f8 77e8 

  0x0000016172e33284: ; ImmutableOopMap {rbp=NarrowOop [32]=Oop [40]=Oop [56]=Oop [72]=Oop [92]=NarrowOop [120]=Oop [128]=Oop [136]=Oop }
                      ;*ifnull {reexecute=1 rethrow=0 return_oop=0}
                      ; - (reexecute) java.lang.Package::isSealed@17 (line 235)
                      ; - java.net.URLClassLoader::getAndVerifyPackage@14 (line 460)
                      ; - java.net.URLClassLoader::defineClass@46 (line 492)
                      ; - java.net.URLClassLoader$1::run@43 (line 427)
                      ; - java.net.URLClassLoader$1::run@1 (line 421)
                      ; - java.security.AccessController::executePrivileged@29 (line 809)
                      ; - java.security.AccessController::doPrivileged@13 (line 714)
                      ; - java.net.URLClassLoader::findClass@13 (line 420)
  0x0000016172e33284: f810 50ff 

  0x0000016172e33288: ;   {other}
  0x0000016172e33288: 0f1f 8400 | 786e 007e | ba45 ffff | ff48 8bac | 24a8 0000 | 004c 8b5c | 2430 4c89 | 5c24 204c 
  0x0000016172e332a8: 8b9c 24b0 | 0000 004c | 895c 2430 | 4c8b 9c24 | 8000 0000 | 4c89 5c24 | 404c 8b5c | 2450 4c89 
  0x0000016172e332c8: 5c24 488b | 8c24 8800 | 0000 894c | 2450 4c89 | 4c24 684c | 8954 2470 | 4c89 7424 | 784c 89b4 
  0x0000016172e332e8: 2480 0000 | 0044 8944 | 2454 4889 | bc24 9800 | 0000 4889 | 8424 a000 | 0000 89b4 | 24a8 0000 
  0x0000016172e33308: 0066 6690 

  0x0000016172e3330c: ;   {runtime_call UncommonTrapBlob}
  0x0000016172e3330c: c5f8 77e8 

  0x0000016172e33310: ; ImmutableOopMap {rbp=Oop [32]=Oop [48]=Oop [64]=Oop [80]=NarrowOop [84]=NarrowOop [104]=Oop [112]=Oop [120]=Oop [128]=Oop [152]=Oop }
                      ;*if_icmpne {reexecute=1 rethrow=0 return_oop=0}
                      ; - (reexecute) java.lang.StringConcatHelper::mix@13 (line 124)
                      ; - java.lang.StringConcatHelper::simpleConcat@46 (line 433)
                      ; - java.lang.String::concat@11 (line 2899)
                      ; - java.net.URLClassLoader::isSealed@15 (line 601)
                      ; - java.net.URLClassLoader::getAndVerifyPackage@68 (line 469)
                      ; - java.net.URLClassLoader::defineClass@46 (line 492)
                      ; - java.net.URLClassLoader$1::run@43 (line 427)
                      ; - java.net.URLClassLoader$1::run@1 (line 421)
                      ; - java.security.AccessController::executePrivileged@29 (line 809)
                      ; - java.security.AccessController::doPrivileged@13 (line 714)
                      ; - java.net.URLClassLoader::findClass@13 (line 420)
  0x0000016172e33310: 6c10 50ff 

  0x0000016172e33314: ;   {other}
  0x0000016172e33314: 0f1f 8400 | 046f 007f | ba45 ffff | ff48 8bac | 24a8 0000 | 004c 8b54 | 2430 4c89 | 5424 204c 
  0x0000016172e33334: 8b94 24b0 | 0000 004c | 8954 2430 | 4c8b 9424 | 8000 0000 | 4c89 5424 | 404c 8b54 | 2450 4c89 
  0x0000016172e33354: 5424 4844 | 8b94 2488 | 0000 0044 | 8954 2450 | 4c8b 5424 | 704c 8954 | 2458 4c8b | 5424 784c 
  0x0000016172e33374: 8954 2470 | 4c89 7424 | 784c 89b4 | 2480 0000 | 0044 8944 | 2454 4c89 | 8c24 a000 | 0000 6690 
  0x0000016172e33394: ;   {runtime_call UncommonTrapBlob}
  0x0000016172e33394: c5f8 77e8 

  0x0000016172e33398: ; ImmutableOopMap {rbp=Oop [32]=Oop [48]=Oop [64]=Oop [80]=NarrowOop [84]=NarrowOop [88]=Oop [112]=Oop [120]=Oop [128]=Oop [184]=Oop }
                      ;*ifge {reexecute=1 rethrow=0 return_oop=0}
                      ; - (reexecute) java.lang.StringConcatHelper::newArray@13 (line 508)
                      ; - java.lang.StringConcatHelper::simpleConcat@61 (line 435)
                      ; - java.lang.String::concat@11 (line 2899)
                      ; - java.net.URLClassLoader::isSealed@15 (line 601)
                      ; - java.net.URLClassLoader::getAndVerifyPackage@68 (line 469)
                      ; - java.net.URLClassLoader::defineClass@46 (line 492)
                      ; - java.net.URLClassLoader$1::run@43 (line 427)
                      ; - java.net.URLClassLoader$1::run@1 (line 421)
                      ; - java.security.AccessController::executePrivileged@29 (line 809)
                      ; - java.security.AccessController::doPrivileged@13 (line 714)
                      ; - java.net.URLClassLoader::findClass@13 (line 420)
  0x0000016172e33398: e40f 50ff 

  0x0000016172e3339c: ;   {other}
  0x0000016172e3339c: 0f1f 8400 | 8c6f 0080 | 498b d7c5 | f877 49ba | f0fc 6ffd | fa7f 0000 

  0x0000016172e333b4: ;   {other}
  0x0000016172e333b4: 41ff d20f | 1f84 0000 | 0000 00e9 | 52a3 ffff | ba76 ffff | ff4c 8b94 | 24a8 0000 | 004c 8954 
  0x0000016172e333d4: 2420 4c8b | 5424 304c | 8954 2428 | 4c8b 9424 | 8000 0000 | 4c89 5424 | 4844 8b9c | 2488 0000 
  0x0000016172e333f4: 0044 895c | 2458 448b | 9424 a400 | 0000 4489 | 5424 5c4c | 8984 2498 | 0000 0044 | 8b94 24b8 
  0x0000016172e33414: 0000 0044 | 8994 24a4 | 0000 0090 

  0x0000016172e33420: ;   {runtime_call UncommonTrapBlob}
  0x0000016172e33420: c5f8 77e8 

  0x0000016172e33424: ; ImmutableOopMap {[32]=Oop [40]=Oop [72]=Oop [88]=NarrowOop [96]=Oop [104]=Oop [120]=Oop [152]=Oop [164]=NarrowOop [176]=Oop [188]=NarrowOop }
                      ;*if_icmpge {reexecute=1 rethrow=0 return_oop=0}
                      ; - (reexecute) java.lang.StringLatin1::replace@61 (line 305)
                      ; - java.lang.String::replace@18 (line 2933)
                      ; - java.net.URLClassLoader::isSealed@9 (line 601)
                      ; - java.net.URLClassLoader::getAndVerifyPackage@68 (line 469)
                      ; - java.net.URLClassLoader::defineClass@46 (line 492)
                      ; - java.net.URLClassLoader$1::run@43 (line 427)
                      ; - java.net.URLClassLoader$1::run@1 (line 421)
                      ; - java.security.AccessController::executePrivileged@29 (line 809)
                      ; - java.security.AccessController::doPrivileged@13 (line 714)
                      ; - java.net.URLClassLoader::findClass@13 (line 420)
  0x0000016172e33424: 580f 50ff 

  0x0000016172e33428: ;   {other}
  0x0000016172e33428: 0f1f 8400 | 1870 0081 | b901 0000 | 00e9 febb | ffff baf6 | ffff ff48 | 8bac 24a8 | 0000 004c 
  0x0000016172e33448: 8b54 2430 | 4c89 5424 | 204c 8b94 | 2480 0000 | 004c 8954 | 2440 4c8b | 5424 504c | 8954 2448 
  0x0000016172e33468: 4c89 7424 | 604c 894c | 2468 4c89 | 4424 7848 | 898c 2480 | 0000 0090 

  0x0000016172e33480: ;   {runtime_call UncommonTrapBlob}
  0x0000016172e33480: c5f8 77e8 

  0x0000016172e33484: ; ImmutableOopMap {rbp=Oop [32]=Oop [64]=Oop [96]=Oop [104]=Oop [120]=Oop [128]=Oop [136]=NarrowOop [176]=Oop }
                      ;*invokevirtual compute {reexecute=0 rethrow=0 return_oop=0}
                      ; - java.lang.ClassLoader::definePackage@78 (line 2129)
                      ; - java.lang.ClassLoader::getDefinedPackage@32 (line 2267)
                      ; - java.net.URLClassLoader::getAndVerifyPackage@2 (line 457)
                      ; - java.net.URLClassLoader::defineClass@46 (line 492)
                      ; - java.net.URLClassLoader$1::run@43 (line 427)
                      ; - java.net.URLClassLoader$1::run@1 (line 421)
                      ; - java.security.AccessController::executePrivileged@29 (line 809)
                      ; - java.security.AccessController::doPrivileged@13 (line 714)
                      ; - java.net.URLClassLoader::findClass@13 (line 420)
  0x0000016172e33484: f80e 50ff 

  0x0000016172e33488: ;   {other}
  0x0000016172e33488: 0f1f 8400 | 7870 0082 | ba45 ffff | ff48 8bac | 24a8 0000 | 004c 8b5c | 2430 4c89 | 5c24 204c 
  0x0000016172e334a8: 8b9c 24b0 | 0000 004c | 895c 2430 | 4c8b 9c24 | 8000 0000 | 4c89 5c24 | 404c 8b5c | 2450 4c89 
  0x0000016172e334c8: 5c24 4844 | 8b9c 2488 | 0000 0044 | 895c 2450 | 4c89 4c24 | 684c 8954 | 2470 4c89 | 7424 784c 
  0x0000016172e334e8: 89b4 2480 | 0000 0048 | 8984 2498 | 0000 0044 | 8944 2454 

  0x0000016172e334fc: ;   {runtime_call UncommonTrapBlob}
  0x0000016172e334fc: c5f8 77e8 

  0x0000016172e33500: ; ImmutableOopMap {rbp=Oop [32]=Oop [48]=Oop [64]=Oop [80]=NarrowOop [104]=Oop [112]=Oop [120]=Oop [128]=Oop [152]=Oop }
                      ;*ifle {reexecute=1 rethrow=0 return_oop=0}
                      ; - (reexecute) java.util.HashMap::getNode@14 (line 575)
                      ; - java.util.HashMap::get@2 (line 564)
                      ; - java.util.jar.Manifest::getAttributes@5 (line 160)
                      ; - java.util.jar.Manifest::getTrustedAttributes@2 (line 177)
                      ; - java.util.jar.JavaUtilJarAccessImpl::getTrustedAttributes@2 (line 38)
                      ; - java.net.URLClassLoader::isSealed@18 (line 601)
                      ; - java.net.URLClassLoader::getAndVerifyPackage@68 (line 469)
                      ; - java.net.URLClassLoader::defineClass@46 (line 492)
                      ; - java.net.URLClassLoader$1::run@43 (line 427)
                      ; - java.net.URLClassLoader$1::run@1 (line 421)
                      ; - java.security.AccessController::executePrivileged@29 (line 809)
                      ; - java.security.AccessController::doPrivileged@13 (line 714)
                      ; - java.net.URLClassLoader::findClass@13 (line 420)
  0x0000016172e33500: 7c0e 50ff 

  0x0000016172e33504: ;   {other}
  0x0000016172e33504: 0f1f 8400 | f470 0083 | ba45 ffff | ff4c 8b9c | 24a8 0000 | 004c 895c | 2420 4c8b | 5c24 304c 
  0x0000016172e33524: 895c 2428 | 4c8b 9c24 | b000 0000 | 4c89 5c24 | 384c 8b9c | 2480 0000 | 004c 895c | 2448 448b 
  0x0000016172e33544: 8424 8800 | 0000 4489 | 4424 584c | 8974 2468 | 4c89 4c24 | 704c 8954 | 2478 4889 | 9c24 9000 
  0x0000016172e33564: 0000 6690 

  0x0000016172e33568: ;   {runtime_call UncommonTrapBlob}
  0x0000016172e33568: c5f8 77e8 

  0x0000016172e3356c: ; ImmutableOopMap {[32]=Oop [40]=Oop [56]=Oop [72]=Oop [88]=NarrowOop [104]=Oop [112]=Oop [120]=Oop [144]=Oop }
                      ;*ifle {reexecute=1 rethrow=0 return_oop=0}
                      ; - (reexecute) java.util.HashMap::getNode@14 (line 575)
                      ; - java.util.LinkedHashMap::get@2 (line 536)
                      ; - java.util.jar.Attributes::get@5 (line 106)
                      ; - java.util.jar.Attributes::getValue@2 (line 142)
                      ; - java.net.URLClassLoader::isSealed@58 (line 608)
                      ; - java.net.URLClassLoader::getAndVerifyPackage@68 (line 469)
                      ; - java.net.URLClassLoader::defineClass@46 (line 492)
                      ; - java.net.URLClassLoader$1::run@43 (line 427)
                      ; - java.net.URLClassLoader$1::run@1 (line 421)
                      ; - java.security.AccessController::executePrivileged@29 (line 809)
                      ; - java.security.AccessController::doPrivileged@13 (line 714)
                      ; - java.net.URLClassLoader::findClass@13 (line 420)
  0x0000016172e3356c: 100e 50ff 

  0x0000016172e33570: ;   {other}
  0x0000016172e33570: 0f1f 8400 | 6071 0084 | 448b 5424 | 2044 8994 | 2488 0000 | 004c 8b4c | 2440 4c8b | 7424 48ba 
  0x0000016172e33590: 45ff ffff | 488b ac24 | a800 0000 | 4c8b 5424 | 304c 8954 | 2420 4c8b | 9424 b000 | 0000 4c89 
  0x0000016172e335b0: 5424 304c | 8b54 2450 | 4c89 5424 | 484c 8974 | 2460 4c89 | 4c24 6890 

  0x0000016172e335c8: ;   {runtime_call UncommonTrapBlob}
  0x0000016172e335c8: c5f8 77e8 

  0x0000016172e335cc: ; ImmutableOopMap {rbp=Oop [32]=Oop [48]=Oop [96]=Oop [104]=Oop [128]=Oop [136]=NarrowOop }
                      ;*ifeq {reexecute=1 rethrow=0 return_oop=0}
                      ; - (reexecute) java.net.URLClassLoader::getAndVerifyPackage@71 (line 469)
                      ; - java.net.URLClassLoader::defineClass@46 (line 492)
                      ; - java.net.URLClassLoader$1::run@43 (line 427)
                      ; - java.net.URLClassLoader$1::run@1 (line 421)
                      ; - java.security.AccessController::executePrivileged@29 (line 809)
                      ; - java.security.AccessController::doPrivileged@13 (line 714)
                      ; - java.net.URLClassLoader::findClass@13 (line 420)
  0x0000016172e335cc: b00d 50ff 

  0x0000016172e335d0: ;   {other}
  0x0000016172e335d0: 0f1f 8400 | c071 0085 | 4889 5c24 | 484c 894c | 2440 4489 | 7424 244c | 895c 2438 | 4c89 6c24 
  0x0000016172e335f0: 2844 8b94 | 2488 0000 | 0044 8954 

  0x0000016172e335fc: ;   {metadata('java/lang/Object')}
  0x0000016172e335fc: 2420 48ba | 900e 0002 | 6101 0000 | 4c8b 9424 | a800 0000 | 4c89 5424 | 6066 6690 

  0x0000016172e33618: ;   {runtime_call _new_instance_Java}
  0x0000016172e33618: c5f8 77e8 

  0x0000016172e3361c: ; ImmutableOopMap {rbp=NarrowOop [32]=NarrowOop [40]=Oop [48]=Oop [64]=Oop [72]=Oop [96]=Oop [128]=Oop [168]=Oop [176]=Oop }
                      ;*new {reexecute=0 rethrow=0 return_oop=1}
                      ; - java.io.FileInputStream::<init>@5 (line 74)
                      ; - jdk.internal.loader.URLClassPath$FileLoader$1::getInputStream@8 (line 1119)
                      ; - jdk.internal.loader.Resource::cachedInputStream@9 (line 77)
                      ; - jdk.internal.loader.Resource::getByteBuffer@1 (line 163)
                      ; - java.net.URLClassLoader::defineClass@132 (line 511)
                      ; - java.net.URLClassLoader$1::run@43 (line 427)
                      ; - java.net.URLClassLoader$1::run@1 (line 421)
                      ; - java.security.AccessController::executePrivileged@29 (line 809)
                      ; - java.security.AccessController::doPrivileged@13 (line 714)
                      ; - java.net.URLClassLoader::findClass@13 (line 420)
  0x0000016172e3361c: e018 5cff 

  0x0000016172e33620: ;   {other}
  0x0000016172e33620: 0f1f 8400 | 1072 0086 | 448b 5c24 | 2044 899c | 2488 0000 | 004c 8b5c | 2438 448b | 7424 244c 
  0x0000016172e33640: 8b4c 2440 | 488b 5c24 | 484c 8b6c | 2428 e92e | c8ff ff4c | 894c 2440 | 4489 7424 | 384c 895c 
  0x0000016172e33660: 2428 4c89 | 6c24 208b | ac24 8800 

  0x0000016172e3366c: ;   {metadata('java/io/FileInputStream')}
  0x0000016172e3366c: 0000 48ba | 401a 0102 | 6101 0000 | 4c8b 9424 | a800 0000 | 4c89 5424 | 484c 8b94 | 24b0 0000 
  0x0000016172e3368c: 004c 8954 | 2468 6690 

  0x0000016172e33694: ;   {runtime_call _new_instance_Java}
  0x0000016172e33694: c5f8 77e8 

  0x0000016172e33698: ; ImmutableOopMap {rbp=NarrowOop [32]=Oop [48]=Oop [64]=Oop [72]=Oop [104]=Oop [128]=Oop [168]=Oop [176]=Oop }
                      ;*new {reexecute=0 rethrow=0 return_oop=1}
                      ; - jdk.internal.loader.URLClassPath$FileLoader$1::getInputStream@0 (line 1119)
                      ; - jdk.internal.loader.Resource::cachedInputStream@9 (line 77)
                      ; - jdk.internal.loader.Resource::getByteBuffer@1 (line 163)
                      ; - java.net.URLClassLoader::defineClass@132 (line 511)
                      ; - java.net.URLClassLoader$1::run@43 (line 427)
                      ; - java.net.URLClassLoader$1::run@1 (line 421)
                      ; - java.security.AccessController::executePrivileged@29 (line 809)
                      ; - java.security.AccessController::doPrivileged@13 (line 714)
                      ; - java.net.URLClassLoader::findClass@13 (line 420)
  0x0000016172e33698: 6418 5cff 

  0x0000016172e3369c: ;   {other}
  0x0000016172e3369c: 0f1f 8400 | 8c72 0087 | 89ac 2488 | 0000 004c | 8b5c 2428 | 448b 7424 | 384c 8b4c | 2440 4c8b 
  0x0000016172e336bc: 6c24 20e9 | 7ac7 ffff 

  0x0000016172e336c4: ;   {metadata('java/io/FileDescriptor')}
  0x0000016172e336c4: 48ba e824 | 0102 6101 | 0000 6690 

  0x0000016172e336d0: ;   {runtime_call _new_instance_Java}
  0x0000016172e336d0: c5f8 77e8 

  0x0000016172e336d4: ; ImmutableOopMap {rbp=Oop [32]=Oop [48]=Oop [64]=Oop [104]=Oop [112]=Oop [128]=Oop [136]=NarrowOop [168]=Oop [176]=Oop }
                      ;*new {reexecute=0 rethrow=0 return_oop=1}
                      ; - java.io.FileInputStream::<init>@71 (line 149)
                      ; - jdk.internal.loader.URLClassPath$FileLoader$1::getInputStream@8 (line 1119)
                      ; - jdk.internal.loader.Resource::cachedInputStream@9 (line 77)
                      ; - jdk.internal.loader.Resource::getByteBuffer@1 (line 163)
                      ; - java.net.URLClassLoader::defineClass@132 (line 511)
                      ; - java.net.URLClassLoader$1::run@43 (line 427)
                      ; - java.net.URLClassLoader$1::run@1 (line 421)
                      ; - java.security.AccessController::executePrivileged@29 (line 809)
                      ; - java.security.AccessController::doPrivileged@13 (line 714)
                      ; - java.net.URLClassLoader::findClass@13 (line 420)
  0x0000016172e336d4: 2818 5cff 

  0x0000016172e336d8: ;   {other}
  0x0000016172e336d8: 0f1f 8400 | c872 0088 | 4c8b c8e9 | d1c8 ffff | ba3f 0000 | 0048 8b6c | 2440 4c8b | 5424 304c 
  0x0000016172e336f8: 8954 2420 | 4c8b 9424 | b000 0000 | 4c89 5424 | 304c 8b94 | 2480 0000 | 004c 8954 | 2440 4c8b 
  0x0000016172e33718: 5424 504c | 8954 2448 | 448b 9424 | 8800 0000 | 4489 5424 | 5066 6690 

  0x0000016172e33730: ;   {runtime_call UncommonTrapBlob}
  0x0000016172e33730: c5f8 77e8 

  0x0000016172e33734: ; ImmutableOopMap {rbp=Oop [32]=Oop [48]=Oop [64]=Oop [80]=NarrowOop [96]=Oop [104]=Oop [112]=Oop [144]=Oop }
                      ;*new {reexecute=0 rethrow=0 return_oop=0}
                      ; - java.util.jar.Manifest::getTrustedAttributes@28 (line 179)
                      ; - java.util.jar.JavaUtilJarAccessImpl::getTrustedAttributes@2 (line 38)
                      ; - java.net.URLClassLoader::isSealed@18 (line 601)
                      ; - java.net.URLClassLoader::getAndVerifyPackage@68 (line 469)
                      ; - java.net.URLClassLoader::defineClass@46 (line 492)
                      ; - java.net.URLClassLoader$1::run@43 (line 427)
                      ; - java.net.URLClassLoader$1::run@1 (line 421)
                      ; - java.security.AccessController::executePrivileged@29 (line 809)
                      ; - java.security.AccessController::doPrivileged@13 (line 714)
                      ; - java.net.URLClassLoader::findClass@13 (line 420)
  0x0000016172e33734: 480c 50ff 

  0x0000016172e33738: ;   {other}
  0x0000016172e33738: 0f1f 8400 | 2873 0089 | c4c1 f97e | c9c4 c1f9 | 7ed6 c4c1 | 797e dac5 | f97e e1c4 | c179 7ef0 
  0x0000016172e33758: eb18 c4c1 | f97e c9c4 | c1f9 7ed6 | c4c1 797e | dac5 f97e | e1c4 c179 | 7ef0 ba45 | ffff ff48 
  0x0000016172e33778: 8bac 24a8 | 0000 004c | 8b5c 2430 | 4c89 5c24 | 204c 8b9c | 24b0 0000 | 004c 895c | 2430 4c8b 
  0x0000016172e33798: 9c24 8000 | 0000 4c89 | 5c24 404c | 8b5c 2450 | 4c89 5c24 | 488b 9c24 | 8800 0000 | 4c89 4c24 
  0x0000016172e337b8: 704c 8974 | 2478 895c | 2454 4c89 | 8c24 8800 | 0000 4489 | 9424 a800 | 0000 4489 | 8424 ac00 
  0x0000016172e337d8: 0000 898c | 24b0 0000 | 0066 6690 

  0x0000016172e337e4: ;   {runtime_call UncommonTrapBlob}
  0x0000016172e337e4: c5f8 77e8 

  0x0000016172e337e8: ; ImmutableOopMap {rbp=Oop [32]=Oop [48]=Oop [64]=Oop [84]=NarrowOop [112]=Oop [120]=Oop [136]=Oop [168]=NarrowOop [172]=NarrowOop }
                      ;*ifeq {reexecute=1 rethrow=0 return_oop=0}
                      ; - (reexecute) java.util.concurrent.ConcurrentHashMap::get@76 (line 940)
                      ; - java.lang.ClassLoader::definePackage@47 (line 2125)
                      ; - java.lang.ClassLoader::getDefinedPackage@32 (line 2267)
                      ; - java.net.URLClassLoader::getAndVerifyPackage@2 (line 457)
                      ; - java.net.URLClassLoader::defineClass@46 (line 492)
                      ; - java.net.URLClassLoader$1::run@43 (line 427)
                      ; - java.net.URLClassLoader$1::run@1 (line 421)
                      ; - java.security.AccessController::executePrivileged@29 (line 809)
                      ; - java.security.AccessController::doPrivileged@13 (line 714)
                      ; - java.net.URLClassLoader::findClass@13 (line 420)
  0x0000016172e337e8: 940b 50ff 

  0x0000016172e337ec: ;   {other}
  0x0000016172e337ec: 0f1f 8400 | dc73 008a | ba45 ffff | ff4c 8b84 | 24a8 0000 | 004c 8944 | 2420 4c8b | 4424 304c 
  0x0000016172e3380c: 8944 2428 | 4c8b 8424 | b000 0000 | 4c89 4424 | 384c 8b84 | 2480 0000 | 004c 8944 | 2448 8b8c 
  0x0000016172e3382c: 2488 0000 | 004c 894c | 2478 4c89 | b424 8000 | 0000 894c | 245c 4c89 | 8c24 9000 | 0000 4489 
  0x0000016172e3384c: 9c24 b000 | 0000 4489 | 9424 b400 | 0000 89bc | 24b8 0000 | 0066 6690 

  0x0000016172e33864: ;   {runtime_call UncommonTrapBlob}
  0x0000016172e33864: c5f8 77e8 

  0x0000016172e33868: ; ImmutableOopMap {[32]=Oop [40]=Oop [56]=Oop [72]=Oop [92]=NarrowOop [120]=Oop [128]=Oop [144]=Oop [176]=NarrowOop }
                      ;*if_icmpne {reexecute=1 rethrow=0 return_oop=0}
                      ; - (reexecute) java.lang.String::equals@33 (line 1861)
                      ; - java.util.concurrent.ConcurrentHashMap::get@73 (line 940)
                      ; - java.lang.ClassLoader::getDefinedPackage@13 (line 2263)
                      ; - java.net.URLClassLoader::getAndVerifyPackage@2 (line 457)
                      ; - java.net.URLClassLoader::defineClass@46 (line 492)
                      ; - java.net.URLClassLoader$1::run@43 (line 427)
                      ; - java.net.URLClassLoader$1::run@1 (line 421)
                      ; - java.security.AccessController::executePrivileged@29 (line 809)
                      ; - java.security.AccessController::doPrivileged@13 (line 714)
                      ; - java.net.URLClassLoader::findClass@13 (line 420)
  0x0000016172e33868: 140b 50ff 

  0x0000016172e3386c: ;   {other}
  0x0000016172e3386c: 0f1f 8400 | 5c74 008b | ba45 ffff | ff4c 8b54 | 2430 4c89 | 5424 204c | 8b54 2440 | 4c89 5424 
  0x0000016172e3388c: 304c 8b94 | 2480 0000 | 004c 8954 | 2440 4c8b | 5424 504c | 8954 2448 | 448b 9424 | 8800 0000 
  0x0000016172e338ac: 4489 5424 | 5048 8984 | 2490 0000 | 0066 6690 

  0x0000016172e338bc: ;   {runtime_call UncommonTrapBlob}
  0x0000016172e338bc: c5f8 77e8 

  0x0000016172e338c0: ; ImmutableOopMap {rbp=Oop [32]=Oop [48]=Oop [64]=Oop [80]=NarrowOop [96]=Oop [104]=Oop [112]=Oop [144]=Oop }
                      ;*ifnonnull {reexecute=1 rethrow=0 return_oop=0}
                      ; - (reexecute) java.net.URLClassLoader::isSealed@42 (line 606)
                      ; - java.net.URLClassLoader::getAndVerifyPackage@68 (line 469)
                      ; - java.net.URLClassLoader::defineClass@46 (line 492)
                      ; - java.net.URLClassLoader$1::run@43 (line 427)
                      ; - java.net.URLClassLoader$1::run@1 (line 421)
                      ; - java.security.AccessController::executePrivileged@29 (line 809)
                      ; - java.security.AccessController::doPrivileged@13 (line 714)
                      ; - java.net.URLClassLoader::findClass@13 (line 420)
  0x0000016172e338c0: bc0a 50ff 

  0x0000016172e338c4: ;   {other}
  0x0000016172e338c4: 0f1f 8400 | b474 008c | ba45 ffff | ff4c 8b9c | 24a8 0000 | 004c 895c | 2420 4c8b | 5c24 304c 
  0x0000016172e338e4: 895c 2428 | 4c8b 9c24 | b000 0000 | 4c89 5c24 | 384c 8b9c | 2480 0000 | 004c 895c | 2448 448b 
  0x0000016172e33904: 9c24 8800 | 0000 4489 | 5c24 584c | 8974 2468 | 4c89 4c24 | 704c 8954 | 2478 4889 | 9c24 9000 
  0x0000016172e33924: 0000 4889 | bc24 9800 | 0000 6690 

  0x0000016172e33930: ;   {runtime_call UncommonTrapBlob}
  0x0000016172e33930: c5f8 77e8 

  0x0000016172e33934: ; ImmutableOopMap {[32]=Oop [40]=Oop [56]=Oop [72]=Oop [88]=NarrowOop [104]=Oop [112]=Oop [120]=Oop [144]=Oop [152]=Oop }
                      ;*ifeq {reexecute=1 rethrow=0 return_oop=0}
                      ; - (reexecute) java.util.LinkedHashMap::get@16 (line 538)
                      ; - java.util.jar.Attributes::get@5 (line 106)
                      ; - java.util.jar.Attributes::getValue@2 (line 142)
                      ; - java.net.URLClassLoader::isSealed@58 (line 608)
                      ; - java.net.URLClassLoader::getAndVerifyPackage@68 (line 469)
                      ; - java.net.URLClassLoader::defineClass@46 (line 492)
                      ; - java.net.URLClassLoader$1::run@43 (line 427)
                      ; - java.net.URLClassLoader$1::run@1 (line 421)
                      ; - java.security.AccessController::executePrivileged@29 (line 809)
                      ; - java.security.AccessController::doPrivileged@13 (line 714)
                      ; - java.net.URLClassLoader::findClass@13 (line 420)
  0x0000016172e33934: 480a 50ff 

  0x0000016172e33938: ;   {other}
  0x0000016172e33938: 0f1f 8400 | 2875 008d | 33ed 4585 | c040 0f94 | c5ba 45ff | ffff 4c8b | 9c24 a800 | 0000 4c89 
  0x0000016172e33958: 5c24 204c | 8b5c 2430 | 4c89 5c24 | 284c 8b9c | 24b0 0000 | 004c 895c | 2438 4c8b | 9c24 8000 
  0x0000016172e33978: 0000 4c89 | 5c24 4844 | 8b84 2488 | 0000 004c | 89b4 2480 | 0000 0044 | 8944 245c | 4489 9424 
  0x0000016172e33998: b800 0000 

  0x0000016172e3399c: ;   {runtime_call UncommonTrapBlob}
  0x0000016172e3399c: c5f8 77e8 

  0x0000016172e339a0: ; ImmutableOopMap {[32]=Oop [40]=Oop [56]=Oop [72]=Oop [92]=NarrowOop [128]=Oop [184]=NarrowOop [216]=Oop }
                      ;*ifeq {reexecute=1 rethrow=0 return_oop=0}
                      ; - (reexecute) java.lang.String::hashCode@20 (line 2369)
                      ; - java.util.concurrent.ConcurrentHashMap::get@1 (line 936)
                      ; - java.lang.ClassLoader::getDefinedPackage@13 (line 2263)
                      ; - java.net.URLClassLoader::getAndVerifyPackage@2 (line 457)
                      ; - java.net.URLClassLoader::defineClass@46 (line 492)
                      ; - java.net.URLClassLoader$1::run@43 (line 427)
                      ; - java.net.URLClassLoader$1::run@1 (line 421)
                      ; - java.security.AccessController::executePrivileged@29 (line 809)
                      ; - java.security.AccessController::doPrivileged@13 (line 714)
                      ; - java.net.URLClassLoader::findClass@13 (line 420)
  0x0000016172e339a0: dc09 50ff 

  0x0000016172e339a4: ;   {other}
  0x0000016172e339a4: 0f1f 8400 | 9475 008e | ba45 ffff | ff4c 8b54 | 2430 4c89 | 5424 284c | 8944 2440 | 48ff b424 
  0x0000016172e339c4: 8000 0000 | 488f 4424 | 484c 895c | 2470 c5fb | 114c 2478 | c5fb 1194 | 2480 0000 | 0048 8944 
  0x0000016172e339e4: 24f8 8b84 | 2488 0000 | 0089 4424 | 5c48 8b44 | 24f8 4c89 | 9c24 8800 | 0000 c5fb | 118c 2490 
  0x0000016172e33a04: 0000 004c | 8984 24a0 | 0000 00c5 | fa11 9c24 | b000 0000 | c5fa 11b4 | 24b4 0000 | 00c5 fa11 
  0x0000016172e33a24: a424 b800 | 0000 898c | 24bc 0000 | 0066 6690 

  0x0000016172e33a34: ;   {runtime_call UncommonTrapBlob}
  0x0000016172e33a34: c5f8 77e8 

  0x0000016172e33a38: ; ImmutableOopMap {[40]=Oop [64]=Oop [72]=Oop [92]=NarrowOop [112]=Oop [120]=Oop [128]=Oop [136]=Oop [144]=Oop [160]=Oop [176]=NarrowOop [180]=NarrowOop }
                      ;*if_icmpne {reexecute=1 rethrow=0 return_oop=0}
                      ; - (reexecute) java.lang.String::equals@33 (line 1861)
                      ; - java.util.concurrent.ConcurrentHashMap::get@73 (line 940)
                      ; - java.lang.ClassLoader::definePackage@47 (line 2125)
                      ; - java.lang.ClassLoader::getDefinedPackage@32 (line 2267)
                      ; - java.net.URLClassLoader::getAndVerifyPackage@2 (line 457)
                      ; - java.net.URLClassLoader::defineClass@46 (line 492)
                      ; - java.net.URLClassLoader$1::run@43 (line 427)
                      ; - java.net.URLClassLoader$1::run@1 (line 421)
                      ; - java.security.AccessController::executePrivileged@29 (line 809)
                      ; - java.security.AccessController::doPrivileged@13 (line 714)
                      ; - java.net.URLClassLoader::findClass@13 (line 420)
  0x0000016172e33a38: 4409 50ff 

  0x0000016172e33a3c: ;   {other}
  0x0000016172e33a3c: 0f1f 8400 | 2c76 008f 

  0x0000016172e33a44: ;   {metadata('java/io/ByteArrayInputStream')}
  0x0000016172e33a44: 48ba b83c | 0502 6101 | 0000 488b | ac24 a800 | 0000 6690 

  0x0000016172e33a58: ;   {runtime_call _new_instance_Java}
  0x0000016172e33a58: c5f8 77e8 

  0x0000016172e33a5c: ; ImmutableOopMap {rbp=Oop [32]=Oop [40]=NarrowOop [48]=Oop [56]=Oop [76]=NarrowOop [104]=Oop [112]=Oop [120]=Oop [128]=Oop [136]=NarrowOop [144]=Oop [168]=Oop [176]=Oop [216]=Oop }
                      ;*new {reexecute=0 rethrow=0 return_oop=1}
                      ; - java.util.jar.JarFile::getManifestFromReference@109 (line 429)
                      ; - java.util.jar.JarFile::getManifest@1 (line 405)
                      ; - jdk.internal.loader.URLClassPath$JarLoader$2::getManifest@22 (line 853)
                      ; - java.net.URLClassLoader::defineClass@34 (line 491)
                      ; - java.net.URLClassLoader$1::run@43 (line 427)
                      ; - java.net.URLClassLoader$1::run@1 (line 421)
                      ; - java.security.AccessController::executePrivileged@29 (line 809)
                      ; - java.security.AccessController::doPrivileged@13 (line 714)
                      ; - java.net.URLClassLoader::findClass@13 (line 420)
  0x0000016172e33a5c: a014 5cff 

  0x0000016172e33a60: ;   {other}
  0x0000016172e33a60: 0f1f 8400 | 5076 0090 | e900 c9ff 

  0x0000016172e33a6c: ;   {metadata('java/util/jar/Manifest')}
  0x0000016172e33a6c: ff48 bab8 | fa04 0261 | 0100 0048 | 8bac 24a8 | 0000 004c | 8b94 24b0 | 0000 004c | 8954 2440 
  0x0000016172e33a8c: ;   {runtime_call _new_instance_Java}
  0x0000016172e33a8c: c5f8 77e8 

  0x0000016172e33a90: ; ImmutableOopMap {rbp=Oop [32]=Oop [40]=NarrowOop [48]=Oop [64]=Oop [112]=Oop [120]=Oop [128]=Oop [136]=NarrowOop [144]=Oop [168]=Oop [176]=Oop [216]=Oop }
                      ;*new {reexecute=0 rethrow=0 return_oop=1}
                      ; - java.util.jar.JarFile::getManifestFromReference@101 (line 429)
                      ; - java.util.jar.JarFile::getManifest@1 (line 405)
                      ; - jdk.internal.loader.URLClassPath$JarLoader$2::getManifest@22 (line 853)
                      ; - java.net.URLClassLoader::defineClass@34 (line 491)
                      ; - java.net.URLClassLoader$1::run@43 (line 427)
                      ; - java.net.URLClassLoader$1::run@1 (line 421)
                      ; - java.security.AccessController::executePrivileged@29 (line 809)
                      ; - java.security.AccessController::doPrivileged@13 (line 714)
                      ; - java.net.URLClassLoader::findClass@13 (line 420)
  0x0000016172e33a90: 6c14 5cff 

  0x0000016172e33a94: ;   {other}
  0x0000016172e33a94: 0f1f 8400 | 8476 0091 | e969 c8ff 

  0x0000016172e33aa0: ;   {metadata('java/util/jar/Attributes')}
  0x0000016172e33aa0: ff48 ba88 | d216 0261 | 0100 0048 | 8bac 24a8 | 0000 0090 

  0x0000016172e33ab4: ;   {runtime_call _new_instance_Java}
  0x0000016172e33ab4: c5f8 77e8 

  0x0000016172e33ab8: ; ImmutableOopMap {rbp=Oop [32]=Oop [40]=NarrowOop [48]=Oop [56]=Oop [76]=NarrowOop [104]=Oop [112]=Oop [120]=Oop [128]=Oop [136]=NarrowOop [152]=Oop [168]=Oop [176]=Oop [216]=Oop }
                      ;*new {reexecute=0 rethrow=0 return_oop=1}
                      ; - java.util.jar.Manifest::<init>@5 (line 55)
                      ; - java.util.jar.JarFile::getManifestFromReference@121 (line 429)
                      ; - java.util.jar.JarFile::getManifest@1 (line 405)
                      ; - jdk.internal.loader.URLClassPath$JarLoader$2::getManifest@22 (line 853)
                      ; - java.net.URLClassLoader::defineClass@34 (line 491)
                      ; - java.net.URLClassLoader$1::run@43 (line 427)
                      ; - java.net.URLClassLoader$1::run@1 (line 421)
                      ; - java.security.AccessController::executePrivileged@29 (line 809)
                      ; - java.security.AccessController::doPrivileged@13 (line 714)
                      ; - java.net.URLClassLoader::findClass@13 (line 420)
  0x0000016172e33ab8: 4414 5cff 

  0x0000016172e33abc: ;   {other}
  0x0000016172e33abc: 0f1f 8400 | ac76 0092 | e91a c9ff 

  0x0000016172e33ac8: ;   {metadata('java/util/HashMap')}
  0x0000016172e33ac8: ff48 ba80 | c208 0261 | 0100 0048 | 8bac 24a8 | 0000 0090 

  0x0000016172e33adc: ;   {runtime_call _new_instance_Java}
  0x0000016172e33adc: c5f8 77e8 

  0x0000016172e33ae0: ; ImmutableOopMap {rbp=Oop [32]=Oop [40]=NarrowOop [48]=Oop [56]=Oop [64]=Oop [76]=NarrowOop [104]=Oop [112]=Oop [120]=Oop [128]=Oop [136]=NarrowOop [152]=Oop [168]=Oop [176]=Oop [216]=Oop }
                      ;*new {reexecute=0 rethrow=0 return_oop=1}
                      ; - java.util.jar.Manifest::<init>@16 (line 58)
                      ; - java.util.jar.JarFile::getManifestFromReference@121 (line 429)
                      ; - java.util.jar.JarFile::getManifest@1 (line 405)
                      ; - jdk.internal.loader.URLClassPath$JarLoader$2::getManifest@22 (line 853)
                      ; - java.net.URLClassLoader::defineClass@34 (line 491)
                      ; - java.net.URLClassLoader$1::run@43 (line 427)
                      ; - java.net.URLClassLoader$1::run@1 (line 421)
                      ; - java.security.AccessController::executePrivileged@29 (line 809)
                      ; - java.security.AccessController::doPrivileged@13 (line 714)
                      ; - java.net.URLClassLoader::findClass@13 (line 420)
  0x0000016172e33ae0: 1c14 5cff 

  0x0000016172e33ae4: ;   {other}
  0x0000016172e33ae4: 0f1f 8400 | d476 0093 | 4c8b d0e9 | 01ca ffff | 33ed 85ff | 400f 94c5 | ba45 ffff | ff4c 8b9c 
  0x0000016172e33b04: 24a8 0000 | 004c 895c | 2420 4c8b | 5c24 304c | 895c 2428 | 4c8b 9c24 | b000 0000 | 4c89 5c24 
  0x0000016172e33b24: 384c 8b9c | 2480 0000 | 004c 895c | 2448 4c89 | 4c24 784c | 89b4 2480 | 0000 0044 | 8b84 2488 
  0x0000016172e33b44: 0000 0044 | 8944 245c | 4c89 8c24 | 9000 0000 | 4489 9424 | b800 0000 | 898c 24bc | 0000 0090 
  0x0000016172e33b64: ;   {runtime_call UncommonTrapBlob}
  0x0000016172e33b64: c5f8 77e8 

  0x0000016172e33b68: ; ImmutableOopMap {[32]=Oop [40]=Oop [56]=Oop [72]=Oop [92]=NarrowOop [120]=Oop [128]=Oop [144]=Oop [184]=NarrowOop [188]=NarrowOop }
                      ;*ifeq {reexecute=1 rethrow=0 return_oop=0}
                      ; - (reexecute) java.lang.String::hashCode@20 (line 2369)
                      ; - java.util.concurrent.ConcurrentHashMap::get@1 (line 936)
                      ; - java.lang.ClassLoader::definePackage@47 (line 2125)
                      ; - java.lang.ClassLoader::getDefinedPackage@32 (line 2267)
                      ; - java.net.URLClassLoader::getAndVerifyPackage@2 (line 457)
                      ; - java.net.URLClassLoader::defineClass@46 (line 492)
                      ; - java.net.URLClassLoader$1::run@43 (line 427)
                      ; - java.net.URLClassLoader$1::run@1 (line 421)
                      ; - java.security.AccessController::executePrivileged@29 (line 809)
                      ; - java.security.AccessController::doPrivileged@13 (line 714)
                      ; - java.net.URLClassLoader::findClass@13 (line 420)
  0x0000016172e33b68: 1408 50ff 

  0x0000016172e33b6c: ;   {other}
  0x0000016172e33b6c: 0f1f 8400 | 5c77 0094 | 33ed 85d2 | 400f 94c5 | ba45 ffff | ff4c 8b9c | 24a8 0000 | 004c 895c 
  0x0000016172e33b8c: 2420 4c8b | 5c24 304c | 895c 2428 | 4c8b 9c24 | b000 0000 | 4c89 5c24 | 384c 8b9c | 2480 0000 
  0x0000016172e33bac: 004c 895c | 2448 448b | 9c24 8800 | 0000 4489 | 5c24 584c | 894c 2470 | 4c89 5424 | 784c 89b4 
  0x0000016172e33bcc: 2480 0000 | 004c 89b4 | 2488 0000 | 0048 898c | 24a8 0000 | 0089 7424 | 5c44 8984 | 24b0 0000 
  0x0000016172e33bec: 0048 898c | 24b8 0000 | 0066 6690 

  0x0000016172e33bf8: ;   {runtime_call UncommonTrapBlob}
  0x0000016172e33bf8: c5f8 77e8 

  0x0000016172e33bfc: ; ImmutableOopMap {[32]=Oop [40]=Oop [56]=Oop [72]=Oop [88]=NarrowOop [92]=NarrowOop [112]=Oop [120]=Oop [128]=Oop [136]=Oop [168]=Oop [184]=Oop }
                      ;*ifeq {reexecute=1 rethrow=0 return_oop=0}
                      ; - (reexecute) java.lang.String::hashCode@20 (line 2369)
                      ; - java.util.HashMap::hash@9 (line 338)
                      ; - java.util.HashMap::getNode@23 (line 576)
                      ; - java.util.HashMap::get@2 (line 564)
                      ; - java.util.jar.Manifest::getAttributes@5 (line 160)
                      ; - java.util.jar.Manifest::getTrustedAttributes@2 (line 177)
                      ; - java.util.jar.JavaUtilJarAccessImpl::getTrustedAttributes@2 (line 38)
                      ; - java.net.URLClassLoader::isSealed@18 (line 601)
                      ; - java.net.URLClassLoader::getAndVerifyPackage@68 (line 469)
                      ; - java.net.URLClassLoader::defineClass@46 (line 492)
                      ; - java.net.URLClassLoader$1::run@43 (line 427)
                      ; - java.net.URLClassLoader$1::run@1 (line 421)
                      ; - java.security.AccessController::executePrivileged@29 (line 809)
                      ; - java.security.AccessController::doPrivileged@13 (line 714)
                      ; - java.net.URLClassLoader::findClass@13 (line 420)
  0x0000016172e33bfc: 8007 50ff 

  0x0000016172e33c00: ;   {other}
  0x0000016172e33c00: 0f1f 8400 | f077 0095 | ba45 ffff | ff4c 8b5c | 2430 4c89 | 5c24 284c | 8b9c 24b0 | 0000 004c 
  0x0000016172e33c20: 895c 2438 | 4889 5c24 | 404c 8b9c | 2480 0000 | 004c 895c | 2448 4c89 | 4c24 784c | 89b4 2480 
  0x0000016172e33c40: 0000 0044 | 8b84 2488 | 0000 0044 | 8944 245c | 4c89 8c24 | 9000 0000 | 4889 9c24 | a000 0000 
  0x0000016172e33c60: 4889 8c24 | b000 0000 | 4489 9424 | b800 0000 

  0x0000016172e33c70: ;   {runtime_call UncommonTrapBlob}
  0x0000016172e33c70: c5f8 77e8 

  0x0000016172e33c74: ; ImmutableOopMap {rbp=NarrowOop [40]=Oop [56]=Oop [64]=Oop [72]=Oop [92]=NarrowOop [120]=Oop [128]=Oop [144]=Oop [160]=Oop [176]=Oop }
                      ;*ifnull {reexecute=1 rethrow=0 return_oop=0}
                      ; - (reexecute) java.util.concurrent.ConcurrentHashMap::get@143 (line 946)
                      ; - java.lang.ClassLoader::getDefinedPackage@13 (line 2263)
                      ; - java.net.URLClassLoader::getAndVerifyPackage@2 (line 457)
                      ; - java.net.URLClassLoader::defineClass@46 (line 492)
                      ; - java.net.URLClassLoader$1::run@43 (line 427)
                      ; - java.net.URLClassLoader$1::run@1 (line 421)
                      ; - java.security.AccessController::executePrivileged@29 (line 809)
                      ; - java.security.AccessController::doPrivileged@13 (line 714)
                      ; - java.net.URLClassLoader::findClass@13 (line 420)
  0x0000016172e33c74: 0807 50ff 

  0x0000016172e33c78: ;   {other}
  0x0000016172e33c78: 0f1f 8400 | 6878 0096 | bade ffff | ff48 8b6c | 2438 4c8b | 5424 304c | 8954 2420 | 4c8b 9424 
  0x0000016172e33c98: 8000 0000 | 4c89 5424 | 284c 8b54 | 2448 4c89 | 5424 304c | 8b54 2450 | 4c89 5424 | 404c 8b54 
  0x0000016172e33cb8: 2470 4c89 | 5424 684c | 8b54 2478 | 4c89 5424 | 704c 895c | 2478 4c89 | 8424 8000 | 0000 6690 
  0x0000016172e33cd8: ;   {runtime_call UncommonTrapBlob}
  0x0000016172e33cd8: c5f8 77e8 

  0x0000016172e33cdc: ; ImmutableOopMap {rbp=Oop [32]=Oop [40]=Oop [48]=Oop [104]=Oop [112]=Oop [120]=Oop [128]=Oop [136]=NarrowOop [216]=Oop }
                      ;*invokevirtual close {reexecute=0 rethrow=0 return_oop=0}
                      ; - java.util.jar.JarFile::getManifestFromReference@152 (line 433)
                      ; - java.util.jar.JarFile::getManifest@1 (line 405)
                      ; - jdk.internal.loader.URLClassPath$JarLoader$2::getManifest@22 (line 853)
                      ; - java.net.URLClassLoader::defineClass@34 (line 491)
                      ; - java.net.URLClassLoader$1::run@43 (line 427)
                      ; - java.net.URLClassLoader$1::run@1 (line 421)
                      ; - java.security.AccessController::executePrivileged@29 (line 809)
                      ; - java.security.AccessController::doPrivileged@13 (line 714)
                      ; - java.net.URLClassLoader::findClass@13 (line 420)
  0x0000016172e33cdc: a006 50ff 

  0x0000016172e33ce0: ;   {other}
  0x0000016172e33ce0: 0f1f 8400 | d078 0097 | ba45 ffff | ff4c 8b9c | 24a8 0000 | 004c 895c | 2420 4c8b | 5c24 304c 
  0x0000016172e33d00: 895c 2428 | 4c8b 9c24 | 8000 0000 | 4c89 5c24 | 4844 8b84 | 2488 0000 | 0048 8974 | 2470 4c89 
  0x0000016172e33d20: 4c24 784c | 89b4 2480 | 0000 0044 | 8944 245c | 4889 b424 | 8800 0000 | 4c89 8c24 | 9000 0000 
  0x0000016172e33d40: 4489 9424 | b000 0000 | 4889 9c24 | b800 0000 | 898c 24b4 | 0000 0090 

  0x0000016172e33d58: ;   {runtime_call UncommonTrapBlob}
  0x0000016172e33d58: c5f8 77e8 

  0x0000016172e33d5c: ; ImmutableOopMap {rbp=NarrowOop [32]=Oop [40]=Oop [72]=Oop [92]=NarrowOop [112]=Oop [120]=Oop [128]=Oop [136]=Oop [144]=Oop [176]=NarrowOop [184]=Oop }
                      ;*ifnull {reexecute=1 rethrow=0 return_oop=0}
                      ; - (reexecute) java.util.concurrent.ConcurrentHashMap::get@143 (line 946)
                      ; - java.lang.ClassLoader::definePackage@47 (line 2125)
                      ; - java.lang.ClassLoader::getDefinedPackage@32 (line 2267)
                      ; - java.net.URLClassLoader::getAndVerifyPackage@2 (line 457)
                      ; - java.net.URLClassLoader::defineClass@46 (line 492)
                      ; - java.net.URLClassLoader$1::run@43 (line 427)
                      ; - java.net.URLClassLoader$1::run@1 (line 421)
                      ; - java.security.AccessController::executePrivileged@29 (line 809)
                      ; - java.security.AccessController::doPrivileged@13 (line 714)
                      ; - java.net.URLClassLoader::findClass@13 (line 420)
  0x0000016172e33d5c: 2006 50ff 

  0x0000016172e33d60: ;   {other}
  0x0000016172e33d60: 0f1f 8400 | 5079 0098 | 498b d7c5 | f877 49ba | f0fc 6ffd | fa7f 0000 

  0x0000016172e33d78: ;   {other}
  0x0000016172e33d78: 41ff d20f | 1f84 0000 | 0000 00e9 | dfdb ffff | 498b d849 | 8bd7 c5f8 | 7749 baf0 | fc6f fdfa 
  0x0000016172e33d98: 7f00 0041 

  0x0000016172e33d9c: ;   {other}
  0x0000016172e33d9c: ffd2 0f1f | 8400 0000 | 0000 e9fb | dbff ffba | 45ff ffff | 4c8b 5424 | 484c 8954 | 2420 4c8b 
  0x0000016172e33dbc: 5424 304c | 8954 2428 | 4c8b 9424 | 8000 0000 | 4c89 5424 | 304c 8b54 | 2440 4c89 | 5424 384c 
  0x0000016172e33ddc: 8b54 2450 | 4c89 5424 | 4844 8b54 | 2460 4489 | 5424 5048 | 8984 2480 | 0000 0090 

  0x0000016172e33df8: ;   {runtime_call UncommonTrapBlob}
  0x0000016172e33df8: c5f8 77e8 

  0x0000016172e33dfc: ; ImmutableOopMap {rbp=NarrowOop [32]=Oop [40]=Oop [48]=Oop [56]=Oop [80]=NarrowOop [112]=Oop [128]=Oop [216]=Oop }
                      ;*ifnull {reexecute=1 rethrow=0 return_oop=0}
                      ; - (reexecute) java.util.jar.JarFile::maybeInstantiateVerifier@27 (line 723)
                      ; - java.util.jar.JarFile::ensureInitialization@1 (line 1064)
                      ; - java.util.jar.JavaUtilJarAccessImpl::ensureInitialization@1 (line 42)
                      ; - jdk.internal.loader.URLClassPath$JarLoader$2::getManifest@10 (line 852)
                      ; - java.net.URLClassLoader::defineClass@34 (line 491)
                      ; - java.net.URLClassLoader$1::run@43 (line 427)
                      ; - java.net.URLClassLoader$1::run@1 (line 421)
                      ; - java.security.AccessController::executePrivileged@29 (line 809)
                      ; - java.security.AccessController::doPrivileged@13 (line 714)
                      ; - java.net.URLClassLoader::findClass@13 (line 420)
  0x0000016172e33dfc: 8005 50ff 

  0x0000016172e33e00: ;   {other}
  0x0000016172e33e00: 0f1f 8400 | f079 0099 | 498b d7c5 | f877 49ba | f0fc 6ffd | fa7f 0000 

  0x0000016172e33e18: ;   {other}
  0x0000016172e33e18: 41ff d20f | 1f84 0000 | 0000 00e9 | 5ab9 ffff | 498b d7c5 | f877 49ba | f0fc 6ffd | fa7f 0000 
  0x0000016172e33e38: ;   {other}
  0x0000016172e33e38: 41ff d20f | 1f84 0000 | 0000 00e9 | f4db ffff | 498b d7c5 | f877 49ba | f0fc 6ffd | fa7f 0000 
  0x0000016172e33e58: ;   {other}
  0x0000016172e33e58: 41ff d20f | 1f84 0000 | 0000 00e9 | beb8 ffff | 498b d7c5 | f877 49ba | f0fc 6ffd | fa7f 0000 
  0x0000016172e33e78: ;   {other}
  0x0000016172e33e78: 41ff d20f | 1f84 0000 | 0000 004c | 8bdd e913 | baff ff89 | 5424 6c44 | 8944 2468 | 4c89 5424 
  0x0000016172e33e98: 604c 8974 | 2448 4c89 | 4c24 404c | 895c 2438 | 4c8b 5424 | 204c 8954 | 2428 448b | 9424 8800 
  0x0000016172e33eb8: 0000 4489 

  0x0000016172e33ebc: ;   {metadata('java/lang/String')}
  0x0000016172e33ebc: 5424 2048 | ba78 e800 | 0261 0100 | 004c 8b94 | 24a8 0000 | 004c 8954 | 2470 6690 

  0x0000016172e33ed8: ;   {runtime_call _new_instance_Java}
  0x0000016172e33ed8: c5f8 77e8 

  0x0000016172e33edc: ; ImmutableOopMap {rbp=Oop [32]=NarrowOop [40]=Oop [48]=Oop [64]=Oop [72]=Oop [96]=Oop [104]=NarrowOop [112]=Oop [128]=Oop [168]=Oop [176]=Oop }
                      ;*new {reexecute=0 rethrow=0 return_oop=1}
                      ; - java.lang.StringConcatHelper::simpleConcat@17 (line 425)
                      ; - java.lang.String::concat@11 (line 2899)
                      ; - java.net.URLClassLoader::isSealed@15 (line 601)
                      ; - java.net.URLClassLoader::getAndVerifyPackage@68 (line 469)
                      ; - java.net.URLClassLoader::defineClass@46 (line 492)
                      ; - java.net.URLClassLoader$1::run@43 (line 427)
                      ; - java.net.URLClassLoader$1::run@1 (line 421)
                      ; - java.security.AccessController::executePrivileged@29 (line 809)
                      ; - java.security.AccessController::doPrivileged@13 (line 714)
                      ; - java.net.URLClassLoader::findClass@13 (line 420)
  0x0000016172e33edc: 2010 5cff 

  0x0000016172e33ee0: ;   {other}
  0x0000016172e33ee0: 0f1f 8400 | d07a 009a | 448b 5c24 | 2044 899c | 2488 0000 | 004c 8b54 | 2428 4c89 | 5424 204c 
  0x0000016172e33f00: 8b5c 2438 | 4c8b 4c24 | 404c 8b74 | 2448 4c8b | 5424 6044 | 8b44 2468 | 8b54 246c | e93f cbff 
  0x0000016172e33f20: ff4c 8b94 | 2498 0000 | 0045 8b5a | 2c45 85db | 0f84 acce | ffff 4d8b | 5728 498b | cb48 c1e1 
  0x0000016172e33f40: 034d 85d2 | 0f84 4a0d | 0000 4d8b | 5f38 4b89 | 4c13 f849 | 83c2 f84d | 8957 28e9 | 82ce ffff 
  0x0000016172e33f60: 448b 551c | 4585 d20f | 84c5 cfff | ff4d 8b5f | 2849 8bca | 48c1 e103 | 4d85 db0f | 8433 0d00 
  0x0000016172e33f80: 004d 8b57 | 384b 894c | 1af8 4983 | c3f8 4d89 | 5f28 e99b | cfff ff4c | 8b94 2498 | 0000 0045 
  0x0000016172e33fa0: 8b5a 1445 | 85db 0f84 | cfcf ffff | 4d8b 5728 | 498b cb48 | c1e1 034d | 85d2 0f84 | 140d 0000 
  0x0000016172e33fc0: 4d8b 5f38 | 4b89 4c13 | f849 83c2 | f84d 8957 | 28e9 a5cf | ffff 4c8b | 9424 9800 

  0x0000016172e33fdc: ;   {no_reloc}
  0x0000016172e33fdc: 0000 458b | 5210 4585 | d20f 8418 | d1ff ff4d | 8b5f 2849 | 8bca 48c1 | e103 4d85 | db0f 84f5 
  0x0000016172e33ffc: 0c00 004d | 8b57 384b | 894c 1af8 | 4983 c3f8 | 4d89 5f28 | e9ee d0ff | ff44 8b5d | 1c45 85db 
  0x0000016172e3401c: 0f84 98d0 | ffff 4d8b | 5728 498b | cb48 c1e1 | 034d 85d2 | 0f84 de0c | 0000 4d8b | 5f38 4b89 
  0x0000016172e3403c: 4c13 f849 | 83c2 f84d | 8957 28e9 | 6ed0 ffff | 4c8b 5424 | 7845 8b5a | 3045 85db | 0f84 89d5 
  0x0000016172e3405c: ffff 4d8b | 5728 498b | cb48 c1e1 | 034d 85d2 | 0f84 c20c | 0000 4d8b | 5f38 4b89 | 4c13 f849 
  0x0000016172e3407c: 83c2 f84d | 8957 28e9 | 5fd5 ffff | 4c8b 9424 | 9800 0000 | 458b 5a38 | 4585 db0f | 8400 d5ff 
  0x0000016172e3409c: ff4d 8b57 | 2849 8bcb | 48c1 e103 | 4d85 d20f | 84a3 0c00 | 004d 8b5f | 384b 894c | 13f8 4983 
  0x0000016172e340bc: c2f8 4d89 | 5728 e9d6 | d4ff ff4c | 8b94 2498 | 0000 0045 | 8b5a 2445 | 85db 0f84 | 8fd3 ffff 
  0x0000016172e340dc: ;   {no_reloc}
  0x0000016172e340dc: 4d8b 5728 | 498b cb48 | c1e1 034d | 85d2 0f84 | a40c 0000 | 4d8b 5f38 | 4b89 4c13 | f849 83c2 
  0x0000016172e340fc: f84d 8957 | 28e9 65d3 | ffff 4c8b | 9424 9800 | 0000 458b | 5a1c 4585 | db0f 8422 | d2ff ff4d 
  0x0000016172e3411c: 8b57 2849 | 8bcb 48c1 | e103 4d85 | d20f 84c5 | 0c00 004d | 8b5f 384b | 894c 13f8 | 4983 c2f8 
  0x0000016172e3413c: 4d89 5728 | e9f8 d1ff | ff44 8b55 | 1c45 85d2 | 0f84 f0d0 | ffff 4d8b | 5f28 498b | ca48 c1e1 
  0x0000016172e3415c: 034d 85db | 0f84 6e0c | 0000 4d8b | 5738 4b89 | 4c1a f849 | 83c3 f84d | 895f 28e9 | c6d0 ffff 
  0x0000016172e3417c: 4c8b 9424 | 9800 0000 | 458b 5a18 | 4585 db0f | 8411 d1ff | ff4d 8b57 | 2849 8bcb | 48c1 e103 
  0x0000016172e3419c: 4d85 d20f | 840f 0c00 | 004d 8b5f | 384b 894c | 13f8 4983 | c2f8 4d89 | 5728 e9e7 | d0ff ff4c 
  0x0000016172e341bc: 8b94 2498 | 0000 0045 | 8b5a 3445 | 85db 0f84 | 2fd3 ffff | 4d8b 5728 | 498b cb48 | c1e1 034d 
  0x0000016172e341dc: ;   {no_reloc}
  0x0000016172e341dc: 85d2 0f84 | 900b 0000 | 4d8b 5f38 | 4b89 4c13 | f849 83c2 | f84d 8957 | 28e9 05d3 | ffff 4d8b 
  0x0000016172e341fc: 5758 4d8b | 5f48 f083 | 4424 c000 | 8039 000f | 845f cdff | ff44 8821 | 4d85 db75 | 2049 8bd7 
  0x0000016172e3421c: c5f8 7749 | bad0 fc6f | fdfa 7f00 | 0041 ffd2 

  0x0000016172e3422c: ;   {other}
  0x0000016172e3422c: 0f1f 8400 | 0000 0000 | e937 cdff | ff4b 894c | 1af8 4983 | c3f8 4d89 | 5f48 e925 | cdff ff4d 
  0x0000016172e3424c: 8b57 484d | 8b5f 58f0 | 8344 24c0 | 0080 3900 | 0f84 5dcd | ffff 4488 | 214d 85d2 | 7520 498b 
  0x0000016172e3426c: d7c5 f877 | 49ba d0fc | 6ffd fa7f | 0000 41ff 

  0x0000016172e3427c: ;   {other}
  0x0000016172e3427c: d20f 1f84 | 0000 0000 | 00e9 35cd | ffff 4b89 | 4c13 f849 | 83c2 f84d | 8957 48e9 | 23cd ffff 
  0x0000016172e3429c: 4d8b 5758 | 4d8b 5f48 | f083 4424 | c000 8039 | 000f 8445 | ceff ff44 | 8821 4d85 | db75 2049 
  0x0000016172e342bc: 8bd7 c5f8 | 7749 bad0 | fc6f fdfa | 7f00 0041 

  0x0000016172e342cc: ;   {other}
  0x0000016172e342cc: ffd2 0f1f | 8400 0000 | 0000 e91d | ceff ff4b | 894c 1af8 | 4983 c3f8 | 4d89 5f48 | e90b ceff 
  0x0000016172e342ec: ff4d 8b57 | 484d 8b5f | 58f0 8344 | 24c0 0080 | 3900 0f84 | 43ce ffff | 4488 214d | 85d2 7520 
  0x0000016172e3430c: 498b d7c5 | f877 49ba | d0fc 6ffd | fa7f 0000 

  0x0000016172e3431c: ;   {other}
  0x0000016172e3431c: 41ff d20f | 1f84 0000 | 0000 00e9 | 1bce ffff | 4b89 4c13 | f849 83c2 | f84d 8957 | 48e9 09ce 
  0x0000016172e3433c: ffff 4d8b | 5758 4d8b | 5f48 f083 | 4424 c000 | 8039 000f | 84e9 d1ff | ff44 8821 | 4d85 db75 
  0x0000016172e3435c: 2049 8bd7 | c5f8 7749 | bad0 fc6f | fdfa 7f00 | 0041 ffd2 

  0x0000016172e34370: ;   {other}
  0x0000016172e34370: 0f1f 8400 | 0000 0000 | e9c1 d1ff | ff4b 894c | 1af8 4983 | c3f8 4d89 | 5f48 e9af | d1ff ff4d 
  0x0000016172e34390: 8b57 484d | 8b5f 58f0 | 8344 24c0 | 0080 3900 | 0f84 02d1 | ffff 4488 | 214d 85d2 | 7520 498b 
  0x0000016172e343b0: d7c5 f877 | 49ba d0fc | 6ffd fa7f | 0000 41ff 

  0x0000016172e343c0: ;   {other}
  0x0000016172e343c0: d20f 1f84 | 0000 0000 | 00e9 dad0 | ffff 4b89 | 4c13 f849 | 83c2 f84d | 8957 48e9 | c8d0 ffff 
  0x0000016172e343e0: 4d8b 5758 | 4d8b 5f48 | f083 4424 | c000 8039 | 000f 8485 | cfff ff44 | 8821 4d85 | db75 2049 
  0x0000016172e34400: 8bd7 c5f8 | 7749 bad0 | fc6f fdfa | 7f00 0041 

  0x0000016172e34410: ;   {other}
  0x0000016172e34410: ffd2 0f1f | 8400 0000 | 0000 e95d | cfff ff4b | 894c 1af8 | 4983 c3f8 | 4d89 5f48 | e94b cfff 
  0x0000016172e34430: ff4d 8b57 | 584d 8b5f | 48f0 8344 | 24c0 0080 | 3900 0f84 | 94d1 ffff | 4488 214d | 85db 7520 
  0x0000016172e34450: 498b d7c5 | f877 49ba | d0fc 6ffd | fa7f 0000 

  0x0000016172e34460: ;   {other}
  0x0000016172e34460: 41ff d20f | 1f84 0000 | 0000 00e9 | 6cd1 ffff | 4b89 4c1a | f849 83c3 | f84d 895f | 48e9 5ad1 
  0x0000016172e34480: ffff 4d8b | 5758 4d8b | 5f48 f083 | 4424 c000 | 8039 000f | 84fe cdff | ff44 8821 | 4d85 db75 
  0x0000016172e344a0: 2049 8bd7 | c5f8 7749 | bad0 fc6f | fdfa 7f00 | 0041 ffd2 

  0x0000016172e344b4: ;   {other}
  0x0000016172e344b4: 0f1f 8400 | 0000 0000 | e9d6 cdff | ff4b 894c | 1af8 4983 | c3f8 4d89 | 5f48 e9c4 | cdff ff4d 
  0x0000016172e344d4: 8b57 584d | 8b5f 48f0 | 8344 24c0 | 0080 3900 | 0f84 76cf | ffff 4488 | 214d 85db | 7520 498b 
  0x0000016172e344f4: d7c5 f877 | 49ba d0fc | 6ffd fa7f | 0000 41ff 

  0x0000016172e34504: ;   {other}
  0x0000016172e34504: d20f 1f84 | 0000 0000 | 00e9 4ecf | ffff 4b89 | 4c1a f849 | 83c3 f84d | 895f 48e9 | 3ccf ffff 
  0x0000016172e34524: 4d8b 5748 | 4d8b 5f58 | f083 4424 | c000 8039 | 000f 84ab | cdff ff44 | 8821 4d85 | d275 2049 
  0x0000016172e34544: 8bd7 c5f8 | 7749 bad0 | fc6f fdfa | 7f00 0041 

  0x0000016172e34554: ;   {other}
  0x0000016172e34554: ffd2 0f1f | 8400 0000 | 0000 e983 | cdff ff4b | 894c 13f8 | 4983 c2f8 | 4d89 5748 | e971 cdff 
  0x0000016172e34574: ff4d 8b57 | 584d 8b5f | 48f0 8344 | 24c0 0080 | 3900 0f84 | aac8 ffff | 4488 214d | 85db 7520 
  0x0000016172e34594: 498b d7c5 | f877 49ba | d0fc 6ffd | fa7f 0000 

  0x0000016172e345a4: ;   {other}
  0x0000016172e345a4: 41ff d20f | 1f84 0000 | 0000 00e9 | 82c8 ffff | 4b89 4c1a | f849 83c3 | f84d 895f | 48e9 70c8 
  0x0000016172e345c4: ffff 4d8b | 5758 4d8b | 5f48 f083 | 4424 c000 | 8039 000f | 84fa c7ff | ff44 8821 | 4d85 db75 
  0x0000016172e345e4: 2049 8bd7 | c5f8 7749 | bad0 fc6f | fdfa 7f00 | 0041 ffd2 

  0x0000016172e345f8: ;   {other}
  0x0000016172e345f8: 0f1f 8400 | 0000 0000 | e9d2 c7ff | ff4b 894c | 1af8 4983 | c3f8 4d89 | 5f48 e9c0 | c7ff ffba 
  0x0000016172e34618: c6ff ffff | 488b ac24 | a800 0000 | 4c8b 5424 | 304c 8954 | 2420 4c8b | 9424 b000 | 0000 4c89 
  0x0000016172e34638: 5424 304c | 8b54 2450 | 4c89 5424 | 4866 6690 

  0x0000016172e34648: ;   {runtime_call UncommonTrapBlob}
  0x0000016172e34648: c5f8 77e8 

  0x0000016172e3464c: ; ImmutableOopMap {rbp=Oop [32]=Oop [48]=Oop [128]=Oop [136]=NarrowOop [216]=Oop }
                      ;*invokevirtual getManifest {reexecute=0 rethrow=0 return_oop=0}
                      ; - java.net.URLClassLoader::defineClass@34 (line 491)
                      ; - java.net.URLClassLoader$1::run@43 (line 427)
                      ; - java.net.URLClassLoader$1::run@1 (line 421)
                      ; - java.security.AccessController::executePrivileged@29 (line 809)
                      ; - java.security.AccessController::doPrivileged@13 (line 714)
                      ; - java.net.URLClassLoader::findClass@13 (line 420)
  0x0000016172e3464c: 30fd 4fff 

  0x0000016172e34650: ;   {other}
  0x0000016172e34650: 0f1f 8400 | 4082 009b | bac6 ffff | ff48 8bac | 24a8 0000 | 004c 8b5c | 2430 4c89 | 5c24 204c 
  0x0000016172e34670: 8b9c 24b0 | 0000 004c | 895c 2430 | 4c89 4424 | 404c 8b5c | 2450 4c89 | 5c24 4844 | 8954 2450 
  0x0000016172e34690: 4c89 4424 | 5866 6690 

  0x0000016172e34698: ;   {runtime_call UncommonTrapBlob}
  0x0000016172e34698: c5f8 77e8 

  0x0000016172e3469c: ; ImmutableOopMap {rbp=Oop [32]=Oop [48]=Oop [64]=Oop [88]=Oop }
                      ;*invokevirtual getCodeSourceURL {reexecute=0 rethrow=0 return_oop=0}
                      ; - java.net.URLClassLoader::defineClass@13 (line 487)
                      ; - java.net.URLClassLoader$1::run@43 (line 427)
                      ; - java.net.URLClassLoader$1::run@1 (line 421)
                      ; - java.security.AccessController::executePrivileged@29 (line 809)
                      ; - java.security.AccessController::doPrivileged@13 (line 714)
                      ; - java.net.URLClassLoader::findClass@13 (line 420)
  0x0000016172e3469c: e0fc 4fff 

  0x0000016172e346a0: ;   {other}
  0x0000016172e346a0: 0f1f 8400 | 9082 009c | ba27 0000 | 0048 8b6c | 2448 4c8b | 5424 304c | 8954 2420 | 4c8b 9424 
  0x0000016172e346c0: b000 0000 | 4c89 5424 | 304c 8b94 | 2480 0000 | 004c 8954 | 2440 4c8b | 5424 504c | 8954 2448 
  0x0000016172e346e0: ;   {runtime_call UncommonTrapBlob}
  0x0000016172e346e0: c5f8 77e8 

  0x0000016172e346e4: ; ImmutableOopMap {rbp=Oop [32]=Oop [48]=Oop [64]=Oop [104]=Oop [112]=Oop [136]=NarrowOop }
                      ;*new {reexecute=0 rethrow=0 return_oop=0}
                      ; - java.io.FileInputStream::<init>@45 (line 144)
                      ; - jdk.internal.loader.URLClassPath$FileLoader$1::getInputStream@8 (line 1119)
                      ; - jdk.internal.loader.Resource::cachedInputStream@9 (line 77)
                      ; - jdk.internal.loader.Resource::getByteBuffer@1 (line 163)
                      ; - java.net.URLClassLoader::defineClass@132 (line 511)
                      ; - java.net.URLClassLoader$1::run@43 (line 427)
                      ; - java.net.URLClassLoader$1::run@1 (line 421)
                      ; - java.security.AccessController::executePrivileged@29 (line 809)
                      ; - java.security.AccessController::doPrivileged@13 (line 714)
                      ; - java.net.URLClassLoader::findClass@13 (line 420)
  0x0000016172e346e4: 98fc 4fff 

  0x0000016172e346e8: ;   {other}
  0x0000016172e346e8: 0f1f 8400 | d882 009d | baf6 ffff | ff48 8b6c | 2448 4c8b | 5424 304c | 8954 2420 | 4c8b 9424 
  0x0000016172e34708: b000 0000 | 4c89 5424 | 304c 8b54 | 2450 4c89 | 5424 4890 

  0x0000016172e3471c: ;   {runtime_call UncommonTrapBlob}
  0x0000016172e3471c: c5f8 77e8 

  0x0000016172e34720: ; ImmutableOopMap {rbp=Oop [32]=Oop [48]=Oop [104]=Oop [128]=Oop [136]=NarrowOop }
                      ;*invokevirtual isInvalid {reexecute=0 rethrow=0 return_oop=0}
                      ; - java.io.FileInputStream::<init>@54 (line 146)
                      ; - jdk.internal.loader.URLClassPath$FileLoader$1::getInputStream@8 (line 1119)
                      ; - jdk.internal.loader.Resource::cachedInputStream@9 (line 77)
                      ; - jdk.internal.loader.Resource::getByteBuffer@1 (line 163)
                      ; - java.net.URLClassLoader::defineClass@132 (line 511)
                      ; - java.net.URLClassLoader$1::run@43 (line 427)
                      ; - java.net.URLClassLoader$1::run@1 (line 421)
                      ; - java.security.AccessController::executePrivileged@29 (line 809)
                      ; - java.security.AccessController::doPrivileged@13 (line 714)
                      ; - java.net.URLClassLoader::findClass@13 (line 420)
  0x0000016172e34720: 5cfc 4fff 

  0x0000016172e34724: ;   {other}
  0x0000016172e34724: 0f1f 8400 | 1483 009e | bac6 ffff | ff48 8bac | 24a8 0000 | 004c 8b54 | 2430 4c89 | 5424 204c 
  0x0000016172e34744: 8b94 24b0 | 0000 004c | 8954 2430 | 4c8b 9424 | 8000 0000 | 4c89 5424 | 404c 8b54 | 2450 4c89 
  0x0000016172e34764: 5424 484c | 8b94 2480 | 0000 004c | 8954 2458 

  0x0000016172e34774: ;   {runtime_call UncommonTrapBlob}
  0x0000016172e34774: c5f8 77e8 

  0x0000016172e34778: ; ImmutableOopMap {rbp=Oop [32]=Oop [48]=Oop [64]=Oop [88]=Oop [136]=NarrowOop }
                      ;*invokevirtual getInputStream {reexecute=0 rethrow=0 return_oop=0}
                      ; - jdk.internal.loader.Resource::cachedInputStream@9 (line 77)
                      ; - jdk.internal.loader.Resource::getByteBuffer@1 (line 163)
                      ; - java.net.URLClassLoader::defineClass@132 (line 511)
                      ; - java.net.URLClassLoader$1::run@43 (line 427)
                      ; - java.net.URLClassLoader$1::run@1 (line 421)
                      ; - java.security.AccessController::executePrivileged@29 (line 809)
                      ; - java.security.AccessController::doPrivileged@13 (line 714)
                      ; - java.net.URLClassLoader::findClass@13 (line 420)
  0x0000016172e34778: 04fc 4fff 

  0x0000016172e3477c: ;   {other}
  0x0000016172e3477c: 0f1f 8400 | 6c83 009f | ba2e 0000 | 0048 8b6c | 2440 4c8b | 5424 304c | 8954 2420 | 4c8b 9424 
  0x0000016172e3479c: b000 0000 | 4c89 5424 | 304c 8b94 | 2480 0000 | 004c 8954 | 2440 4c8b | 5424 504c | 8954 2448 
  0x0000016172e347bc: ;   {runtime_call UncommonTrapBlob}
  0x0000016172e347bc: c5f8 77e8 

  0x0000016172e347c0: ; ImmutableOopMap {rbp=Oop [32]=Oop [48]=Oop [64]=Oop [104]=Oop [112]=Oop [136]=NarrowOop }
                      ;*new {reexecute=0 rethrow=0 return_oop=0}
                      ; - java.io.FileInputStream::<init>@60 (line 147)
                      ; - jdk.internal.loader.URLClassPath$FileLoader$1::getInputStream@8 (line 1119)
                      ; - jdk.internal.loader.Resource::cachedInputStream@9 (line 77)
                      ; - jdk.internal.loader.Resource::getByteBuffer@1 (line 163)
                      ; - java.net.URLClassLoader::defineClass@132 (line 511)
                      ; - java.net.URLClassLoader$1::run@43 (line 427)
                      ; - java.net.URLClassLoader$1::run@1 (line 421)
                      ; - java.security.AccessController::executePrivileged@29 (line 809)
                      ; - java.security.AccessController::doPrivileged@13 (line 714)
                      ; - java.net.URLClassLoader::findClass@13 (line 420)
  0x0000016172e347c0: bcfb 4fff 

  0x0000016172e347c4: ;   {other}
  0x0000016172e347c4: 0f1f 8400 | b483 00a0 | 498b f949 | 8bd7 c5f8 | 7749 baf0 | fc6f fdfa | 7f00 0041 

  0x0000016172e347e0: ;   {other}
  0x0000016172e347e0: ffd2 0f1f | 8400 0000 | 0000 4c8b | cfe9 e7b7 | ffff 498b | d7c5 f877 | 49ba f0fc | 6ffd fa7f 
  0x0000016172e34800: 0000 41ff 

  0x0000016172e34804: ;   {other}
  0x0000016172e34804: d20f 1f84 | 0000 0000 | 00e9 3ab8 

  0x0000016172e34810: ;   {metadata('java/util/jar/JarVerifier')}
  0x0000016172e34810: ffff 48ba | 281c 1702 | 6101 0000 

  0x0000016172e3481c: ;   {runtime_call _new_instance_Java}
  0x0000016172e3481c: c5f8 77e8 

  0x0000016172e34820: ; ImmutableOopMap {rbp=Oop [32]=Oop [40]=NarrowOop [48]=Oop [64]=Oop [104]=Oop [112]=Oop [120]=Oop [128]=Oop [136]=NarrowOop [144]=Oop [168]=Oop [176]=Oop [216]=Oop }
                      ;*new {reexecute=0 rethrow=0 return_oop=1}
                      ; - java.util.jar.JarFile::getManifestFromReference@69 (line 421)
                      ; - java.util.jar.JarFile::getManifest@1 (line 405)
                      ; - jdk.internal.loader.URLClassPath$JarLoader$2::getManifest@22 (line 853)
                      ; - java.net.URLClassLoader::defineClass@34 (line 491)
                      ; - java.net.URLClassLoader$1::run@43 (line 427)
                      ; - java.net.URLClassLoader$1::run@1 (line 421)
                      ; - java.security.AccessController::executePrivileged@29 (line 809)
                      ; - java.security.AccessController::doPrivileged@13 (line 714)
                      ; - java.net.URLClassLoader::findClass@13 (line 420)
  0x0000016172e34820: dc06 5cff 

  0x0000016172e34824: ;   {other}
  0x0000016172e34824: 0f1f 8400 | 1484 00a1 | e924 c5ff 

  0x0000016172e34830: ;   {metadata('java/util/Hashtable')}
  0x0000016172e34830: ff48 bab8 | d300 0261 | 0100 0090 

  0x0000016172e3483c: ;   {runtime_call _new_instance_Java}
  0x0000016172e3483c: c5f8 77e8 

  0x0000016172e34840: ; ImmutableOopMap {rbp=Oop [32]=Oop [40]=NarrowOop [48]=Oop [64]=Oop [112]=Oop [120]=Oop [128]=Oop [136]=NarrowOop [144]=Oop [152]=Oop [168]=Oop [176]=Oop [216]=Oop }
                      ;*new {reexecute=0 rethrow=0 return_oop=1}
                      ; - java.util.jar.JarVerifier::<init>@35 (line 105)
                      ; - java.util.jar.JarFile::getManifestFromReference@78 (line 421)
                      ; - java.util.jar.JarFile::getManifest@1 (line 405)
                      ; - jdk.internal.loader.URLClassPath$JarLoader$2::getManifest@22 (line 853)
                      ; - java.net.URLClassLoader::defineClass@34 (line 491)
                      ; - java.net.URLClassLoader$1::run@43 (line 427)
                      ; - java.net.URLClassLoader$1::run@1 (line 421)
                      ; - java.security.AccessController::executePrivileged@29 (line 809)
                      ; - java.security.AccessController::doPrivileged@13 (line 714)
                      ; - java.net.URLClassLoader::findClass@13 (line 420)
  0x0000016172e34840: bc06 5cff 

  0x0000016172e34844: ;   {other}
  0x0000016172e34844: 0f1f 8400 | 3484 00a2 | e931 c6ff 

  0x0000016172e34850: ;   {metadata('java/util/Hashtable')}
  0x0000016172e34850: ff48 bab8 | d300 0261 | 0100 0048 | 8b6c 2438 

  0x0000016172e34860: ;   {runtime_call _new_instance_Java}
  0x0000016172e34860: c5f8 77e8 

  0x0000016172e34864: ; ImmutableOopMap {rbp=Oop [32]=Oop [40]=NarrowOop [48]=Oop [112]=Oop [120]=Oop [128]=Oop [136]=NarrowOop [144]=Oop [152]=Oop [168]=Oop [176]=Oop [216]=Oop }
                      ;*new {reexecute=0 rethrow=0 return_oop=1}
                      ; - java.util.jar.JarVerifier::<init>@46 (line 106)
                      ; - java.util.jar.JarFile::getManifestFromReference@78 (line 421)
                      ; - java.util.jar.JarFile::getManifest@1 (line 405)
                      ; - jdk.internal.loader.URLClassPath$JarLoader$2::getManifest@22 (line 853)
                      ; - java.net.URLClassLoader::defineClass@34 (line 491)
                      ; - java.net.URLClassLoader$1::run@43 (line 427)
                      ; - java.net.URLClassLoader$1::run@1 (line 421)
                      ; - java.security.AccessController::executePrivileged@29 (line 809)
                      ; - java.security.AccessController::doPrivileged@13 (line 714)
                      ; - java.net.URLClassLoader::findClass@13 (line 420)
  0x0000016172e34864: 9806 5cff 

  0x0000016172e34868: ;   {other}
  0x0000016172e34868: 0f1f 8400 | 5884 00a3 | e996 c7ff 

  0x0000016172e34874: ;   {metadata('java/util/Hashtable$Entry'[])}
  0x0000016172e34874: ff48 ba28 | 9913 0261 | 0100 0041 | b80b 0000 | 0066 6690 

  0x0000016172e34888: ;   {runtime_call _new_array_Java}
  0x0000016172e34888: c5f8 77e8 

  0x0000016172e3488c: ; ImmutableOopMap {rbp=Oop [32]=Oop [40]=NarrowOop [48]=Oop [56]=Oop [112]=Oop [120]=Oop [128]=Oop [136]=NarrowOop [144]=Oop [152]=Oop [168]=Oop [176]=Oop [216]=Oop }
                      ;*anewarray {reexecute=0 rethrow=0 return_oop=1}
                      ; - java.util.Hashtable::<init>@93 (line 196)
                      ; - java.util.Hashtable::<init>@5 (line 217)
                      ; - java.util.jar.JarVerifier::<init>@39 (line 105)
                      ; - java.util.jar.JarFile::getManifestFromReference@78 (line 421)
                      ; - java.util.jar.JarFile::getManifest@1 (line 405)
                      ; - jdk.internal.loader.URLClassPath$JarLoader$2::getManifest@22 (line 853)
                      ; - java.net.URLClassLoader::defineClass@34 (line 491)
                      ; - java.net.URLClassLoader$1::run@43 (line 427)
                      ; - java.net.URLClassLoader$1::run@1 (line 421)
                      ; - java.security.AccessController::executePrivileged@29 (line 809)
                      ; - java.security.AccessController::doPrivileged@13 (line 714)
                      ; - java.net.URLClassLoader::findClass@13 (line 420)
  0x0000016172e3488c: f053 5cff 

  0x0000016172e34890: ;   {other}
  0x0000016172e34890: 0f1f 8400 | 8084 00a4 | 4c8b d0e9 | 84c6 ffff 

  0x0000016172e348a0: ;   {metadata('java/util/Hashtable')}
  0x0000016172e348a0: 48ba b8d3 | 0002 6101 | 0000 488b | 6c24 3890 

  0x0000016172e348b0: ;   {runtime_call _new_instance_Java}
  0x0000016172e348b0: c5f8 77e8 

  0x0000016172e348b4: ; ImmutableOopMap {rbp=Oop [32]=Oop [40]=NarrowOop [48]=Oop [112]=Oop [120]=Oop [128]=Oop [136]=NarrowOop [144]=Oop [152]=Oop [168]=Oop [176]=Oop [216]=Oop }
                      ;*new {reexecute=0 rethrow=0 return_oop=1}
                      ; - java.util.jar.JarVerifier::<init>@57 (line 107)
                      ; - java.util.jar.JarFile::getManifestFromReference@78 (line 421)
                      ; - java.util.jar.JarFile::getManifest@1 (line 405)
                      ; - jdk.internal.loader.URLClassPath$JarLoader$2::getManifest@22 (line 853)
                      ; - java.net.URLClassLoader::defineClass@34 (line 491)
                      ; - java.net.URLClassLoader$1::run@43 (line 427)
                      ; - java.net.URLClassLoader$1::run@1 (line 421)
                      ; - java.security.AccessController::executePrivileged@29 (line 809)
                      ; - java.security.AccessController::doPrivileged@13 (line 714)
                      ; - java.net.URLClassLoader::findClass@13 (line 420)
  0x0000016172e348b4: 4806 5cff 

  0x0000016172e348b8: ;   {other}
  0x0000016172e348b8: 0f1f 8400 | a884 00a5 | e9ce c8ff 

  0x0000016172e348c4: ;   {metadata('java/util/Hashtable$Entry'[])}
  0x0000016172e348c4: ff48 ba28 | 9913 0261 | 0100 0041 | b80b 0000 | 0066 6690 

  0x0000016172e348d8: ;   {runtime_call _new_array_Java}
  0x0000016172e348d8: c5f8 77e8 

  0x0000016172e348dc: ; ImmutableOopMap {rbp=Oop [32]=Oop [40]=NarrowOop [48]=Oop [56]=Oop [112]=Oop [120]=Oop [128]=Oop [136]=NarrowOop [144]=Oop [152]=Oop [168]=Oop [176]=Oop [216]=Oop }
                      ;*anewarray {reexecute=0 rethrow=0 return_oop=1}
                      ; - java.util.Hashtable::<init>@93 (line 196)
                      ; - java.util.Hashtable::<init>@5 (line 217)
                      ; - java.util.jar.JarVerifier::<init>@50 (line 106)
                      ; - java.util.jar.JarFile::getManifestFromReference@78 (line 421)
                      ; - java.util.jar.JarFile::getManifest@1 (line 405)
                      ; - jdk.internal.loader.URLClassPath$JarLoader$2::getManifest@22 (line 853)
                      ; - java.net.URLClassLoader::defineClass@34 (line 491)
                      ; - java.net.URLClassLoader$1::run@43 (line 427)
                      ; - java.net.URLClassLoader$1::run@1 (line 421)
                      ; - java.security.AccessController::executePrivileged@29 (line 809)
                      ; - java.security.AccessController::doPrivileged@13 (line 714)
                      ; - java.net.URLClassLoader::findClass@13 (line 420)
  0x0000016172e348dc: a053 5cff 

  0x0000016172e348e0: ;   {other}
  0x0000016172e348e0: 0f1f 8400 | d084 00a6 | 4c8b d0e9 | bcc7 ffff 

  0x0000016172e348f0: ;   {metadata('java/util/HashMap')}
  0x0000016172e348f0: 48ba 80c2 | 0802 6101 | 0000 488b | ac24 a800 | 0000 6690 

  0x0000016172e34904: ;   {runtime_call _new_instance_Java}
  0x0000016172e34904: c5f8 77e8 

  0x0000016172e34908: ; ImmutableOopMap {rbp=Oop [32]=Oop [40]=NarrowOop [48]=Oop [112]=Oop [120]=Oop [128]=Oop [136]=NarrowOop [140]=NarrowOop [144]=Oop [152]=Oop [168]=Oop [176]=Oop [216]=Oop }
                      ;*new {reexecute=0 rethrow=0 return_oop=1}
                      ; - java.util.jar.JarVerifier::<init>@103 (line 111)
                      ; - java.util.jar.JarFile::getManifestFromReference@78 (line 421)
                      ; - java.util.jar.JarFile::getManifest@1 (line 405)
                      ; - jdk.internal.loader.URLClassPath$JarLoader$2::getManifest@22 (line 853)
                      ; - java.net.URLClassLoader::defineClass@34 (line 491)
                      ; - java.net.URLClassLoader$1::run@43 (line 427)
                      ; - java.net.URLClassLoader$1::run@1 (line 421)
                      ; - java.security.AccessController::executePrivileged@29 (line 809)
                      ; - java.security.AccessController::doPrivileged@13 (line 714)
                      ; - java.net.URLClassLoader::findClass@13 (line 420)
  0x0000016172e34908: f405 5cff 

  0x0000016172e3490c: ;   {other}
  0x0000016172e3490c: 0f1f 8400 | fc84 00a7 | 4c8b d0e9 | 6bcc ffff 

  0x0000016172e3491c: ;   {metadata('java/io/ByteArrayOutputStream')}
  0x0000016172e3491c: 48ba 2018 | 2202 6101 | 0000 488b | ac24 a800 | 0000 6690 

  0x0000016172e34930: ;   {runtime_call _new_instance_Java}
  0x0000016172e34930: c5f8 77e8 

  0x0000016172e34934: ; ImmutableOopMap {rbp=Oop [32]=Oop [40]=NarrowOop [48]=Oop [112]=Oop [120]=Oop [128]=Oop [136]=NarrowOop [140]=NarrowOop [144]=Oop [152]=Oop [168]=Oop [176]=Oop [216]=Oop }
                      ;*new {reexecute=0 rethrow=0 return_oop=1}
                      ; - java.util.jar.JarVerifier::<init>@81 (line 109)
                      ; - java.util.jar.JarFile::getManifestFromReference@78 (line 421)
                      ; - java.util.jar.JarFile::getManifest@1 (line 405)
                      ; - jdk.internal.loader.URLClassPath$JarLoader$2::getManifest@22 (line 853)
                      ; - java.net.URLClassLoader::defineClass@34 (line 491)
                      ; - java.net.URLClassLoader$1::run@43 (line 427)
                      ; - java.net.URLClassLoader$1::run@1 (line 421)
                      ; - java.security.AccessController::executePrivileged@29 (line 809)
                      ; - java.security.AccessController::doPrivileged@13 (line 714)
                      ; - java.net.URLClassLoader::findClass@13 (line 420)
  0x0000016172e34934: c805 5cff 

  0x0000016172e34938: ;   {other}
  0x0000016172e34938: 0f1f 8400 | 2885 00a8 | 4c8b d0e9 | 75ca ffff | 41b8 2000 

  0x0000016172e3494c: ;   {metadata({type array byte})}
  0x0000016172e3494c: 0000 48ba | 1823 0002 | 6101 0000 | 4c8b 9424 | a800 0000 | 4c89 5424 | 3866 6690 

  0x0000016172e34968: ;   {runtime_call _new_array_Java}
  0x0000016172e34968: c5f8 77e8 

  0x0000016172e3496c: ; ImmutableOopMap {rbp=Oop [32]=Oop [40]=NarrowOop [48]=Oop [56]=Oop [112]=Oop [120]=Oop [128]=Oop [136]=NarrowOop [140]=NarrowOop [144]=Oop [152]=Oop [168]=Oop [176]=Oop [216]=Oop }
                      ;*newarray {reexecute=0 rethrow=0 return_oop=1}
                      ; - java.io.ByteArrayOutputStream::<init>@37 (line 81)
                      ; - java.io.ByteArrayOutputStream::<init>@3 (line 66)
                      ; - java.util.jar.JarVerifier::<init>@85 (line 109)
                      ; - java.util.jar.JarFile::getManifestFromReference@78 (line 421)
                      ; - java.util.jar.JarFile::getManifest@1 (line 405)
                      ; - jdk.internal.loader.URLClassPath$JarLoader$2::getManifest@22 (line 853)
                      ; - java.net.URLClassLoader::defineClass@34 (line 491)
                      ; - java.net.URLClassLoader$1::run@43 (line 427)
                      ; - java.net.URLClassLoader$1::run@1 (line 421)
                      ; - java.security.AccessController::executePrivileged@29 (line 809)
                      ; - java.security.AccessController::doPrivileged@13 (line 714)
                      ; - java.net.URLClassLoader::findClass@13 (line 420)
  0x0000016172e3496c: 1053 5cff 

  0x0000016172e34970: ;   {other}
  0x0000016172e34970: 0f1f 8400 | 6085 00a9 | e9a2 caff 

  0x0000016172e3497c: ;   {metadata('java/util/ArrayList')}
  0x0000016172e3497c: ff48 bae8 | a20b 0261 | 0100 0048 | 8bac 24a8 | 0000 0090 

  0x0000016172e34990: ;   {runtime_call _new_instance_Java}
  0x0000016172e34990: c5f8 77e8 

  0x0000016172e34994: ; ImmutableOopMap {rbp=Oop [32]=Oop [40]=NarrowOop [48]=Oop [112]=Oop [120]=Oop [128]=Oop [136]=NarrowOop [140]=NarrowOop [144]=Oop [152]=Oop [168]=Oop [176]=Oop [216]=Oop }
                      ;*new {reexecute=0 rethrow=0 return_oop=1}
                      ; - java.util.jar.JarVerifier::<init>@92 (line 110)
                      ; - java.util.jar.JarFile::getManifestFromReference@78 (line 421)
                      ; - java.util.jar.JarFile::getManifest@1 (line 405)
                      ; - jdk.internal.loader.URLClassPath$JarLoader$2::getManifest@22 (line 853)
                      ; - java.net.URLClassLoader::defineClass@34 (line 491)
                      ; - java.net.URLClassLoader$1::run@43 (line 427)
                      ; - java.net.URLClassLoader$1::run@1 (line 421)
                      ; - java.security.AccessController::executePrivileged@29 (line 809)
                      ; - java.security.AccessController::doPrivileged@13 (line 714)
                      ; - java.net.URLClassLoader::findClass@13 (line 420)
  0x0000016172e34994: 6805 5cff 

  0x0000016172e34998: ;   {other}
  0x0000016172e34998: 0f1f 8400 | 8885 00aa | 4c8b d0e9 | 41cb ffff 

  0x0000016172e349a8: ;   {metadata('java/util/Hashtable$Entry'[])}
  0x0000016172e349a8: 48ba 2899 | 1302 6101 | 0000 41b8 | 0b00 0000 

  0x0000016172e349b8: ;   {runtime_call _new_array_Java}
  0x0000016172e349b8: c5f8 77e8 

  0x0000016172e349bc: ; ImmutableOopMap {rbp=Oop [32]=Oop [40]=NarrowOop [48]=Oop [56]=Oop [112]=Oop [120]=Oop [128]=Oop [136]=NarrowOop [144]=Oop [152]=Oop [168]=Oop [176]=Oop [216]=Oop }
                      ;*anewarray {reexecute=0 rethrow=0 return_oop=1}
                      ; - java.util.Hashtable::<init>@93 (line 196)
                      ; - java.util.Hashtable::<init>@4 (line 209)
                      ; - java.util.jar.JarVerifier::<init>@63 (line 107)
                      ; - java.util.jar.JarFile::getManifestFromReference@78 (line 421)
                      ; - java.util.jar.JarFile::getManifest@1 (line 405)
                      ; - jdk.internal.loader.URLClassPath$JarLoader$2::getManifest@22 (line 853)
                      ; - java.net.URLClassLoader::defineClass@34 (line 491)
                      ; - java.net.URLClassLoader$1::run@43 (line 427)
                      ; - java.net.URLClassLoader$1::run@1 (line 421)
                      ; - java.security.AccessController::executePrivileged@29 (line 809)
                      ; - java.security.AccessController::doPrivileged@13 (line 714)
                      ; - java.net.URLClassLoader::findClass@13 (line 420)
  0x0000016172e349bc: c052 5cff 

  0x0000016172e349c0: ;   {other}
  0x0000016172e349c0: 0f1f 8400 | b085 00ab | 4c8b d0e9 | 64c8 ffff 

  0x0000016172e349d0: ;   {metadata('java/util/ArrayList')}
  0x0000016172e349d0: 48ba e8a2 | 0b02 6101 | 0000 488b | 6c24 3890 

  0x0000016172e349e0: ;   {runtime_call _new_instance_Java}
  0x0000016172e349e0: c5f8 77e8 

  0x0000016172e349e4: ; ImmutableOopMap {rbp=Oop [32]=Oop [40]=NarrowOop [48]=Oop [112]=Oop [120]=Oop [128]=Oop [136]=NarrowOop [140]=NarrowOop [144]=Oop [152]=Oop [168]=Oop [176]=Oop [216]=Oop }
                      ;*new {reexecute=0 rethrow=0 return_oop=1}
                      ; - java.util.jar.JarVerifier::<init>@70 (line 108)
                      ; - java.util.jar.JarFile::getManifestFromReference@78 (line 421)
                      ; - java.util.jar.JarFile::getManifest@1 (line 405)
                      ; - jdk.internal.loader.URLClassPath$JarLoader$2::getManifest@22 (line 853)
                      ; - java.net.URLClassLoader::defineClass@34 (line 491)
                      ; - java.net.URLClassLoader$1::run@43 (line 427)
                      ; - java.net.URLClassLoader$1::run@1 (line 421)
                      ; - java.security.AccessController::executePrivileged@29 (line 809)
                      ; - java.security.AccessController::doPrivileged@13 (line 714)
                      ; - java.net.URLClassLoader::findClass@13 (line 420)
  0x0000016172e349e4: 1805 5cff 

  0x0000016172e349e8: ;   {other}
  0x0000016172e349e8: 0f1f 8400 | d885 00ac | 4c8b d0e9 | 2fc9 ffff | 498b d7c5 | f877 49ba | f0fc 6ffd | fa7f 0000 
  0x0000016172e34a08: ;   {other}
  0x0000016172e34a08: 41ff d20f | 1f84 0000 | 0000 00e9 | f3ba ffff | 498b d7c5 | f877 49ba | f0fc 6ffd | fa7f 0000 
  0x0000016172e34a28: ;   {other}
  0x0000016172e34a28: 41ff d20f | 1f84 0000 | 0000 00e9 | deb9 ffff | 498b d7c5 | f877 49ba | f0fc 6ffd | fa7f 0000 
  0x0000016172e34a48: ;   {other}
  0x0000016172e34a48: 41ff d20f | 1f84 0000 | 0000 00e9 | 1dba ffff | 498b d7c5 | f877 49ba | f0fc 6ffd | fa7f 0000 
  0x0000016172e34a68: ;   {other}
  0x0000016172e34a68: 41ff d20f | 1f84 0000 | 0000 00e9 | dddb ffff | bade ffff | ff48 8bac | 24a8 0000 | 004c 8b44 
  0x0000016172e34a88: 2430 4c89 | 4424 204c | 8b84 24b0 | 0000 004c | 8944 2430 | 4c8b 8424 | 8000 0000 | 4c89 4424 
  0x0000016172e34aa8: 404c 8b44 | 2450 4c89 | 4424 484c | 894c 2470 | 4c89 7424 | 788b 8c24 | 8800 0000 | 894c 2454 
  0x0000016172e34ac8: 4c89 8c24 | 8800 0000 | 4489 9c24 | a800 0000 | 4489 9424 | ac00 0000 

  0x0000016172e34ae0: ;   {runtime_call UncommonTrapBlob}
  0x0000016172e34ae0: c5f8 77e8 

  0x0000016172e34ae4: ; ImmutableOopMap {rbp=Oop [32]=Oop [48]=Oop [64]=Oop [84]=NarrowOop [112]=Oop [120]=Oop [136]=Oop [168]=NarrowOop }
                      ;*invokevirtual find {reexecute=0 rethrow=0 return_oop=0}
                      ; - java.util.concurrent.ConcurrentHashMap::get@93 (line 944)
                      ; - java.lang.ClassLoader::getDefinedPackage@13 (line 2263)
                      ; - java.net.URLClassLoader::getAndVerifyPackage@2 (line 457)
                      ; - java.net.URLClassLoader::defineClass@46 (line 492)
                      ; - java.net.URLClassLoader$1::run@43 (line 427)
                      ; - java.net.URLClassLoader$1::run@1 (line 421)
                      ; - java.security.AccessController::executePrivileged@29 (line 809)
                      ; - java.security.AccessController::doPrivileged@13 (line 714)
                      ; - java.net.URLClassLoader::findClass@13 (line 420)
  0x0000016172e34ae4: 98f8 4fff 

  0x0000016172e34ae8: ;   {other}
  0x0000016172e34ae8: 0f1f 8400 | d886 00ad | bade ffff | ff4c 8b54 | 2430 4c89 | 5424 204c | 8b94 2480 | 0000 004c 
  0x0000016172e34b08: 8954 2428 | 4c8b 5424 | 404c 8954 | 2430 4c8b | 5424 504c | 8954 2440 | 448b 9c24 | 8800 0000 
  0x0000016172e34b28: 4489 5c24 | 484c 8b94 | 2490 0000 | 004c 8994 | 2480 0000 | 0066 6690 

  0x0000016172e34b40: ;   {runtime_call UncommonTrapBlob}
  0x0000016172e34b40: c5f8 77e8 

  0x0000016172e34b44: ; ImmutableOopMap {rbp=Oop [32]=Oop [40]=Oop [48]=Oop [72]=NarrowOop [104]=Oop [112]=Oop [120]=Oop [128]=Oop [152]=Oop [216]=Oop }
                      ;*invokevirtual getName {reexecute=0 rethrow=0 return_oop=0}
                      ; - java.util.jar.JarFile::getManifestFromReference@74 (line 421)
                      ; - java.util.jar.JarFile::getManifest@1 (line 405)
                      ; - jdk.internal.loader.URLClassPath$JarLoader$2::getManifest@22 (line 853)
                      ; - java.net.URLClassLoader::defineClass@34 (line 491)
                      ; - java.net.URLClassLoader$1::run@43 (line 427)
                      ; - java.net.URLClassLoader$1::run@1 (line 421)
                      ; - java.security.AccessController::executePrivileged@29 (line 809)
                      ; - java.security.AccessController::doPrivileged@13 (line 714)
                      ; - java.net.URLClassLoader::findClass@13 (line 420)
  0x0000016172e34b44: 38f8 4fff 

  0x0000016172e34b48: ;   {other}
  0x0000016172e34b48: 0f1f 8400 | 3887 00ae | ba0f 0000 | 004c 8b54 | 2438 4c89 | 5424 204c | 8b54 2430 | 4c89 5424 
  0x0000016172e34b68: 284c 8b94 | 2480 0000 | 004c 8954 | 2430 4c8b | 9424 b000 | 0000 4c89 | 5424 384c | 8b54 2450 
  0x0000016172e34b88: 4c89 5424 | 4844 8b9c | 2488 0000 | 0044 895c | 2450 4c8b | 9424 9000 | 0000 4c89 | 9424 8000 
  0x0000016172e34ba8: 0000 6690 

  0x0000016172e34bac: ;   {runtime_call UncommonTrapBlob}
  0x0000016172e34bac: c5f8 77e8 

  0x0000016172e34bb0: ; ImmutableOopMap {rbp=Oop [32]=Oop [40]=Oop [48]=Oop [56]=Oop [80]=NarrowOop [112]=Oop [120]=Oop [128]=Oop [152]=Oop [216]=Oop }
                      ;*new {reexecute=0 rethrow=0 return_oop=0}
                      ; - java.util.Hashtable::<init>@53 (line 191)
                      ; - java.util.Hashtable::<init>@5 (line 217)
                      ; - java.util.jar.JarVerifier::<init>@39 (line 105)
                      ; - java.util.jar.JarFile::getManifestFromReference@78 (line 421)
                      ; - java.util.jar.JarFile::getManifest@1 (line 405)
                      ; - jdk.internal.loader.URLClassPath$JarLoader$2::getManifest@22 (line 853)
                      ; - java.net.URLClassLoader::defineClass@34 (line 491)
                      ; - java.net.URLClassLoader$1::run@43 (line 427)
                      ; - java.net.URLClassLoader$1::run@1 (line 421)
                      ; - java.security.AccessController::executePrivileged@29 (line 809)
                      ; - java.security.AccessController::doPrivileged@13 (line 714)
                      ; - java.net.URLClassLoader::findClass@13 (line 420)
  0x0000016172e34bb0: ccf7 4fff 

  0x0000016172e34bb4: ;   {other}
  0x0000016172e34bb4: 0f1f 8400 | a487 00af | ba0f 0000 | 004c 8b54 | 2438 4c89 | 5424 204c | 8b54 2430 | 4c89 5424 
  0x0000016172e34bd4: 284c 8b94 | 2480 0000 | 004c 8954 | 2430 4c8b | 9424 b000 | 0000 4c89 | 5424 384c | 8b54 2450 
  0x0000016172e34bf4: 4c89 5424 | 4844 8b9c | 2488 0000 | 0044 895c | 2450 4c8b | 9424 9000 | 0000 4c89 | 9424 8000 
  0x0000016172e34c14: 0000 6690 

  0x0000016172e34c18: ;   {runtime_call UncommonTrapBlob}
  0x0000016172e34c18: c5f8 77e8 

  0x0000016172e34c1c: ; ImmutableOopMap {rbp=Oop [32]=Oop [40]=Oop [48]=Oop [56]=Oop [80]=NarrowOop [112]=Oop [120]=Oop [128]=Oop [152]=Oop [216]=Oop }
                      ;*new {reexecute=0 rethrow=0 return_oop=0}
                      ; - java.util.Hashtable::<init>@53 (line 191)
                      ; - java.util.Hashtable::<init>@5 (line 217)
                      ; - java.util.jar.JarVerifier::<init>@50 (line 106)
                      ; - java.util.jar.JarFile::getManifestFromReference@78 (line 421)
                      ; - java.util.jar.JarFile::getManifest@1 (line 405)
                      ; - jdk.internal.loader.URLClassPath$JarLoader$2::getManifest@22 (line 853)
                      ; - java.net.URLClassLoader::defineClass@34 (line 491)
                      ; - java.net.URLClassLoader$1::run@43 (line 427)
                      ; - java.net.URLClassLoader$1::run@1 (line 421)
                      ; - java.security.AccessController::executePrivileged@29 (line 809)
                      ; - java.security.AccessController::doPrivileged@13 (line 714)
                      ; - java.net.URLClassLoader::findClass@13 (line 420)
  0x0000016172e34c1c: 60f7 4fff 

  0x0000016172e34c20: ;   {other}
  0x0000016172e34c20: 0f1f 8400 | 1088 00b0 | ba0f 0000 | 004c 8b54 | 2438 4c89 | 5424 204c | 8b54 2430 | 4c89 5424 
  0x0000016172e34c40: 284c 8b94 | 2480 0000 | 004c 8954 | 2430 4c8b | 9424 b000 | 0000 4c89 | 5424 384c | 8b54 2450 
  0x0000016172e34c60: 4c89 5424 | 4844 8b9c | 2488 0000 | 0044 895c | 2450 4c8b | 9424 9000 | 0000 4c89 | 9424 8000 
  0x0000016172e34c80: 0000 6690 

  0x0000016172e34c84: ;   {runtime_call UncommonTrapBlob}
  0x0000016172e34c84: c5f8 77e8 

  0x0000016172e34c88: ; ImmutableOopMap {rbp=Oop [32]=Oop [40]=Oop [48]=Oop [56]=Oop [80]=NarrowOop [112]=Oop [120]=Oop [128]=Oop [152]=Oop [216]=Oop }
                      ;*new {reexecute=0 rethrow=0 return_oop=0}
                      ; - java.util.Hashtable::<init>@53 (line 191)
                      ; - java.util.Hashtable::<init>@4 (line 209)
                      ; - java.util.jar.JarVerifier::<init>@63 (line 107)
                      ; - java.util.jar.JarFile::getManifestFromReference@78 (line 421)
                      ; - java.util.jar.JarFile::getManifest@1 (line 405)
                      ; - jdk.internal.loader.URLClassPath$JarLoader$2::getManifest@22 (line 853)
                      ; - java.net.URLClassLoader::defineClass@34 (line 491)
                      ; - java.net.URLClassLoader$1::run@43 (line 427)
                      ; - java.net.URLClassLoader$1::run@1 (line 421)
                      ; - java.security.AccessController::executePrivileged@29 (line 809)
                      ; - java.security.AccessController::doPrivileged@13 (line 714)
                      ; - java.net.URLClassLoader::findClass@13 (line 420)
  0x0000016172e34c88: f4f6 4fff 

  0x0000016172e34c8c: ;   {other}
  0x0000016172e34c8c: 0f1f 8400 | 7c88 00b1 | 498b d7c5 | f877 49ba | f0fc 6ffd | fa7f 0000 

  0x0000016172e34ca4: ;   {other}
  0x0000016172e34ca4: 41ff d20f | 1f84 0000 | 0000 00e9 | 2ec1 ffff | 498b d7c5 | f877 49ba | f0fc 6ffd | fa7f 0000 
  0x0000016172e34cc4: ;   {other}
  0x0000016172e34cc4: 41ff d20f | 1f84 0000 | 0000 00e9 | 5ec2 ffff | 498b d7c5 | f877 49ba | f0fc 6ffd | fa7f 0000 
  0x0000016172e34ce4: ;   {other}
  0x0000016172e34ce4: 41ff d20f | 1f84 0000 | 0000 00e9 | 87c2 ffff | 498b d7c5 | f877 49ba | f0fc 6ffd | fa7f 0000 
  0x0000016172e34d04: ;   {other}
  0x0000016172e34d04: 41ff d20f | 1f84 0000 | 0000 00e9 | efc3 ffff | 498b d7c5 | f877 49ba | f0fc 6ffd | fa7f 0000 
  0x0000016172e34d24: ;   {other}
  0x0000016172e34d24: 41ff d20f | 1f84 0000 | 0000 00e9 | 86c3 ffff | 498b d7c5 | f877 49ba | f0fc 6ffd | fa7f 0000 
  0x0000016172e34d44: ;   {other}
  0x0000016172e34d44: 41ff d20f | 1f84 0000 | 0000 00e9 | 93c8 ffff | 498b d7c5 | f877 49ba | f0fc 6ffd | fa7f 0000 
  0x0000016172e34d64: ;   {other}
  0x0000016172e34d64: 41ff d20f | 1f84 0000 | 0000 00e9 | 29c8 ffff | 498b d7c5 | f877 49ba | f0fc 6ffd | fa7f 0000 
  0x0000016172e34d84: ;   {other}
  0x0000016172e34d84: 41ff d20f | 1f84 0000 | 0000 00e9 | 6bc7 ffff | 498b d7c5 | f877 49ba | f0fc 6ffd | fa7f 0000 
  0x0000016172e34da4: ;   {other}
  0x0000016172e34da4: 41ff d20f | 1f84 0000 | 0000 00e9 | b7c6 ffff | 498b d7c5 | f877 49ba | f0fc 6ffd | fa7f 0000 
  0x0000016172e34dc4: ;   {other}
  0x0000016172e34dc4: 41ff d20f | 1f84 0000 | 0000 00e9 | cec4 ffff | 498b d7c5 | f877 49ba | f0fc 6ffd | fa7f 0000 
  0x0000016172e34de4: ;   {other}
  0x0000016172e34de4: 41ff d20f | 1f84 0000 | 0000 00e9 | 4ec4 ffff | 498b d7c5 | f877 49ba | f0fc 6ffd | fa7f 0000 
  0x0000016172e34e04: ;   {other}
  0x0000016172e34e04: 41ff d20f | 1f84 0000 | 0000 00e9 | 29c5 ffff | baf6 ffff | ff48 8b6c | 2440 4c8b | 5424 304c 
  0x0000016172e34e24: 8954 2420 | 4c8b 9424 | b000 0000 | 4c89 5424 | 304c 8b54 | 2450 4c89 | 5424 4848 | 895c 2470 
  0x0000016172e34e44: ;   {runtime_call UncommonTrapBlob}
  0x0000016172e34e44: c5f8 77e8 

  0x0000016172e34e48: ; ImmutableOopMap {rbp=Oop [32]=Oop [48]=Oop [104]=Oop [112]=Oop [128]=Oop [136]=NarrowOop }
                      ;*invokevirtual attach {reexecute=0 rethrow=0 return_oop=0}
                      ; - java.io.FileInputStream::<init>@86 (line 150)
                      ; - jdk.internal.loader.URLClassPath$FileLoader$1::getInputStream@8 (line 1119)
                      ; - jdk.internal.loader.Resource::cachedInputStream@9 (line 77)
                      ; - jdk.internal.loader.Resource::getByteBuffer@1 (line 163)
                      ; - java.net.URLClassLoader::defineClass@132 (line 511)
                      ; - java.net.URLClassLoader$1::run@43 (line 427)
                      ; - java.net.URLClassLoader$1::run@1 (line 421)
                      ; - java.security.AccessController::executePrivileged@29 (line 809)
                      ; - java.security.AccessController::doPrivileged@13 (line 714)
                      ; - java.net.URLClassLoader::findClass@13 (line 420)
  0x0000016172e34e48: 34f5 4fff 

  0x0000016172e34e4c: ;   {other}
  0x0000016172e34e4c: 0f1f 8400 | 3c8a 00b2 | bade ffff | ff4c 8b94 | 24a8 0000 | 004c 8954 | 2420 4c8b | 5424 304c 
  0x0000016172e34e6c: 8954 2428 | 4c8b 9424 | b000 0000 | 4c89 5424 | 384c 8b94 | 2480 0000 | 004c 8954 | 2448 448b 
  0x0000016172e34e8c: 9c24 8800 | 0000 4c89 | 4c24 784c | 89b4 2480 | 0000 0044 | 895c 245c | 4c89 8c24 | 9000 0000 
  0x0000016172e34eac: ;   {runtime_call UncommonTrapBlob}
  0x0000016172e34eac: c5f8 77e8 

  0x0000016172e34eb0: ; ImmutableOopMap {rbp=NarrowOop [32]=Oop [40]=Oop [56]=Oop [72]=Oop [92]=NarrowOop [120]=Oop [128]=Oop [144]=Oop }
                      ;*checkcast {reexecute=0 rethrow=0 return_oop=0}
                      ; - java.lang.ClassLoader::getDefinedPackage@16 (line 2263)
                      ; - java.net.URLClassLoader::getAndVerifyPackage@2 (line 457)
                      ; - java.net.URLClassLoader::defineClass@46 (line 492)
                      ; - java.net.URLClassLoader$1::run@43 (line 427)
                      ; - java.net.URLClassLoader$1::run@1 (line 421)
                      ; - java.security.AccessController::executePrivileged@29 (line 809)
                      ; - java.security.AccessController::doPrivileged@13 (line 714)
                      ; - java.net.URLClassLoader::findClass@13 (line 420)
  0x0000016172e34eb0: ccf4 4fff 

  0x0000016172e34eb4: ;   {other}
  0x0000016172e34eb4: 0f1f 8400 | a48a 00b3 | bade ffff | ff48 8bac | 2490 0000 | 004c 8b54 | 2430 4c89 | 5424 204c 
  0x0000016172e34ed4: 8b54 2440 | 4c89 5424 | 304c 8b94 | 2480 0000 | 004c 8954 | 2440 4c8b | 5424 504c | 8954 2448 
  0x0000016172e34ef4: 448b 9c24 | 8800 0000 | 4489 5c24 | 5448 8984 | 2490 0000 | 0066 6690 

  0x0000016172e34f0c: ;   {runtime_call UncommonTrapBlob}
  0x0000016172e34f0c: c5f8 77e8 

  0x0000016172e34f10: ; ImmutableOopMap {rbp=Oop [32]=Oop [48]=Oop [64]=Oop [84]=NarrowOop [96]=Oop [112]=Oop [144]=Oop }
                      ;*checkcast {reexecute=0 rethrow=0 return_oop=0}
                      ; - java.lang.ClassLoader::definePackage@81 (line 2129)
                      ; - java.lang.ClassLoader::getDefinedPackage@32 (line 2267)
                      ; - java.net.URLClassLoader::getAndVerifyPackage@2 (line 457)
                      ; - java.net.URLClassLoader::defineClass@46 (line 492)
                      ; - java.net.URLClassLoader$1::run@43 (line 427)
                      ; - java.net.URLClassLoader$1::run@1 (line 421)
                      ; - java.security.AccessController::executePrivileged@29 (line 809)
                      ; - java.security.AccessController::doPrivileged@13 (line 714)
                      ; - java.net.URLClassLoader::findClass@13 (line 420)
  0x0000016172e34f10: 6cf4 4fff 

  0x0000016172e34f14: ;   {other}
  0x0000016172e34f14: 0f1f 8400 | 048b 00b4 | bade ffff | ff4c 8b9c | 24a8 0000 | 004c 895c | 2420 4c8b | 5c24 304c 
  0x0000016172e34f34: 895c 2428 | 4c8b 9c24 | b000 0000 | 4c89 5c24 | 384c 8b9c | 2480 0000 | 004c 895c | 2448 448b 
  0x0000016172e34f54: 8424 8800 | 0000 4489 | 4424 584c | 8974 2468 | 4c89 4c24 | 704c 8954 | 2478 6690 

  0x0000016172e34f70: ;   {runtime_call UncommonTrapBlob}
  0x0000016172e34f70: c5f8 77e8 

  0x0000016172e34f74: ; ImmutableOopMap {rbp=NarrowOop [32]=Oop [40]=Oop [56]=Oop [72]=Oop [88]=NarrowOop [104]=Oop [112]=Oop [120]=Oop }
                      ;*checkcast {reexecute=0 rethrow=0 return_oop=0}
                      ; - java.util.jar.Attributes::getValue@5 (line 142)
                      ; - java.net.URLClassLoader::isSealed@58 (line 608)
                      ; - java.net.URLClassLoader::getAndVerifyPackage@68 (line 469)
                      ; - java.net.URLClassLoader::defineClass@46 (line 492)
                      ; - java.net.URLClassLoader$1::run@43 (line 427)
                      ; - java.net.URLClassLoader$1::run@1 (line 421)
                      ; - java.security.AccessController::executePrivileged@29 (line 809)
                      ; - java.security.AccessController::doPrivileged@13 (line 714)
                      ; - java.net.URLClassLoader::findClass@13 (line 420)
  0x0000016172e34f74: 08f4 4fff 

  0x0000016172e34f78: ;   {other}
  0x0000016172e34f78: 0f1f 8400 | 688b 00b5 | bade ffff | ff4c 8b9c | 24a8 0000 | 004c 895c | 2420 4c8b | 5c24 304c 
  0x0000016172e34f98: 895c 2428 | 4c8b 9c24 | b000 0000 | 4c89 5c24 | 384c 8b9c | 2480 0000 | 004c 895c | 2448 448b 
  0x0000016172e34fb8: 9c24 8800 | 0000 4489 | 5c24 584c | 894c 2470 | 4c89 5424 | 784c 89b4 | 2480 0000 | 004c 89b4 
  0x0000016172e34fd8: 2488 0000 | 0048 898c | 24a0 0000 | 0066 6690 

  0x0000016172e34fe8: ;   {runtime_call UncommonTrapBlob}
  0x0000016172e34fe8: c5f8 77e8 

  0x0000016172e34fec: ; ImmutableOopMap {rbp=NarrowOop [32]=Oop [40]=Oop [56]=Oop [72]=Oop [88]=NarrowOop [112]=Oop [120]=Oop [128]=Oop [136]=Oop [160]=Oop }
                      ;*checkcast {reexecute=0 rethrow=0 return_oop=0}
                      ; - java.util.jar.Manifest::getAttributes@10 (line 160)
                      ; - java.util.jar.Manifest::getTrustedAttributes@2 (line 177)
                      ; - java.util.jar.JavaUtilJarAccessImpl::getTrustedAttributes@2 (line 38)
                      ; - java.net.URLClassLoader::isSealed@18 (line 601)
                      ; - java.net.URLClassLoader::getAndVerifyPackage@68 (line 469)
                      ; - java.net.URLClassLoader::defineClass@46 (line 492)
                      ; - java.net.URLClassLoader$1::run@43 (line 427)
                      ; - java.net.URLClassLoader$1::run@1 (line 421)
                      ; - java.security.AccessController::executePrivileged@29 (line 809)
                      ; - java.security.AccessController::doPrivileged@13 (line 714)
                      ; - java.net.URLClassLoader::findClass@13 (line 420)
  0x0000016172e34fec: 90f3 4fff 

  0x0000016172e34ff0: ;   {other}
  0x0000016172e34ff0: 0f1f 8400 | e08b 00b6 | bade ffff | ff4c 8b9c | 24a8 0000 | 004c 895c | 2420 4c8b | 5c24 304c 
  0x0000016172e35010: 895c 2428 | 4c8b 9c24 | b000 0000 | 4c89 5c24 | 384c 8b9c | 2480 0000 | 004c 895c | 2448 4c89 
  0x0000016172e35030: 4c24 784c | 89b4 2480 | 0000 0044 | 8b84 2488 | 0000 0044 | 8944 245c | 4c89 8c24 | 9000 0000 
  0x0000016172e35050: 4489 9424 | a800 0000 

  0x0000016172e35058: ;   {runtime_call UncommonTrapBlob}
  0x0000016172e35058: c5f8 77e8 

  0x0000016172e3505c: ; ImmutableOopMap {rbp=NarrowOop [32]=Oop [40]=Oop [56]=Oop [72]=Oop [92]=NarrowOop [120]=Oop [128]=Oop [144]=Oop [168]=NarrowOop }
                      ;*checkcast {reexecute=0 rethrow=0 return_oop=0}
                      ; - java.lang.ClassLoader::definePackage@50 (line 2125)
                      ; - java.lang.ClassLoader::getDefinedPackage@32 (line 2267)
                      ; - java.net.URLClassLoader::getAndVerifyPackage@2 (line 457)
                      ; - java.net.URLClassLoader::defineClass@46 (line 492)
                      ; - java.net.URLClassLoader$1::run@43 (line 427)
                      ; - java.net.URLClassLoader$1::run@1 (line 421)
                      ; - java.security.AccessController::executePrivileged@29 (line 809)
                      ; - java.security.AccessController::doPrivileged@13 (line 714)
                      ; - java.net.URLClassLoader::findClass@13 (line 420)
  0x0000016172e3505c: 20f3 4fff 

  0x0000016172e35060: ;   {other}
  0x0000016172e35060: 0f1f 8400 | 508c 00b7 | bade ffff | ff4c 8b9c | 24a8 0000 | 004c 895c | 2420 4c8b | 5c24 304c 
  0x0000016172e35080: 895c 2428 | 4c8b 9c24 | b000 0000 | 4c89 5c24 | 384c 8b5c | 2450 4c89 | 5c24 484c | 8954 2470 
  0x0000016172e350a0: 4c89 4424 | 7866 6690 

  0x0000016172e350a8: ;   {runtime_call UncommonTrapBlob}
  0x0000016172e350a8: c5f8 77e8 

  0x0000016172e350ac: ; ImmutableOopMap {rbp=NarrowOop [32]=Oop [40]=Oop [56]=Oop [112]=Oop [120]=Oop [128]=Oop [136]=NarrowOop [216]=Oop }
                      ;*checkcast {reexecute=0 rethrow=0 return_oop=0}
                      ; - java.util.jar.JarFile::getManifestFromReference@14 (line 409)
                      ; - java.util.jar.JarFile::getManifest@1 (line 405)
                      ; - jdk.internal.loader.URLClassPath$JarLoader$2::getManifest@22 (line 853)
                      ; - java.net.URLClassLoader::defineClass@34 (line 491)
                      ; - java.net.URLClassLoader$1::run@43 (line 427)
                      ; - java.net.URLClassLoader$1::run@1 (line 421)
                      ; - java.security.AccessController::executePrivileged@29 (line 809)
                      ; - java.security.AccessController::doPrivileged@13 (line 714)
                      ; - java.net.URLClassLoader::findClass@13 (line 420)
  0x0000016172e350ac: d0f2 4fff 

  0x0000016172e350b0: ;   {other}
  0x0000016172e350b0: 0f1f 8400 | a08c 00b8 | baf6 ffff | ff49 8bed | 4889 5c24 | 2066 6690 

  0x0000016172e350c8: ;   {runtime_call UncommonTrapBlob}
  0x0000016172e350c8: c5f8 77e8 

  0x0000016172e350cc: ; ImmutableOopMap {rbp=Oop [32]=Oop [176]=Oop }
                      ;*invokevirtual replace {reexecute=0 rethrow=0 return_oop=0}
                      ; - java.net.URLClassLoader$1::run@8 (line 423)
                      ; - java.net.URLClassLoader$1::run@1 (line 421)
                      ; - java.security.AccessController::executePrivileged@29 (line 809)
                      ; - java.security.AccessController::doPrivileged@13 (line 714)
                      ; - java.net.URLClassLoader::findClass@13 (line 420)
  0x0000016172e350cc: b0f2 4fff 

  0x0000016172e350d0: ;   {other}
  0x0000016172e350d0: 0f1f 8400 | c08c 00b9 | baf6 ffff | ff49 8bed | 4889 5c24 | 2066 6690 

  0x0000016172e350e8: ;   {runtime_call UncommonTrapBlob}
  0x0000016172e350e8: c5f8 77e8 

  0x0000016172e350ec: ; ImmutableOopMap {rbp=Oop [32]=Oop [176]=Oop }
                      ;*arraylength {reexecute=0 rethrow=0 return_oop=0}
                      ; - java.lang.StringLatin1::replace@8 (line 295)
                      ; - java.lang.String::replace@18 (line 2933)
                      ; - java.net.URLClassLoader$1::run@8 (line 423)
                      ; - java.net.URLClassLoader$1::run@1 (line 421)
                      ; - java.security.AccessController::executePrivileged@29 (line 809)
                      ; - java.security.AccessController::doPrivileged@13 (line 714)
                      ; - java.net.URLClassLoader::findClass@13 (line 420)
  0x0000016172e350ec: 90f2 4fff 

  0x0000016172e350f0: ;   {other}
  0x0000016172e350f0: 0f1f 8400 | e08c 00ba | baf6 ffff | ff49 8bea | 4c8b 5424 | 304c 8954 | 2420 4c8b | 9424 8000 
  0x0000016172e35110: 0000 4c89 | 5424 284c | 8b94 24b0 | 0000 004c | 8954 2430 | 4889 4424 | 4866 6690 

  0x0000016172e3512c: ;   {runtime_call UncommonTrapBlob}
  0x0000016172e3512c: c5f8 77e8 

  0x0000016172e35130: ; ImmutableOopMap {rbp=Oop [32]=Oop [40]=Oop [48]=Oop }
                      ;*arraylength {reexecute=0 rethrow=0 return_oop=0}
                      ; - java.lang.String::length@4 (line 1519)
                      ; - java.lang.String::lastIndexOf@3 (line 2535)
                      ; - java.net.URLClassLoader::defineClass@7 (line 486)
                      ; - java.net.URLClassLoader$1::run@43 (line 427)
                      ; - java.net.URLClassLoader$1::run@1 (line 421)
                      ; - java.security.AccessController::executePrivileged@29 (line 809)
                      ; - java.security.AccessController::doPrivileged@13 (line 714)
                      ; - java.net.URLClassLoader::findClass@13 (line 420)
  0x0000016172e35130: 4cf2 4fff 

  0x0000016172e35134: ;   {other}
  0x0000016172e35134: 0f1f 8400 | 248d 00bb | baf4 ffff | ff48 8bac | 24a8 0000 | 004c 8b54 | 2430 4c89 | 5424 204c 
  0x0000016172e35154: 8b94 24b0 | 0000 004c | 8954 2430 | 4c8b 5424 | 504c 8954 | 2448 6690 

  0x0000016172e3516c: ;   {runtime_call UncommonTrapBlob}
  0x0000016172e3516c: c5f8 77e8 

  0x0000016172e35170: ; ImmutableOopMap {rbp=Oop [32]=Oop [48]=Oop [128]=Oop [136]=NarrowOop }
                      ;*instanceof {reexecute=0 rethrow=0 return_oop=0}
                      ; - jdk.internal.loader.Resource::getByteBuffer@6 (line 164)
                      ; - java.net.URLClassLoader::defineClass@132 (line 511)
                      ; - java.net.URLClassLoader$1::run@43 (line 427)
                      ; - java.net.URLClassLoader$1::run@1 (line 421)
                      ; - java.security.AccessController::executePrivileged@29 (line 809)
                      ; - java.security.AccessController::doPrivileged@13 (line 714)
                      ; - java.net.URLClassLoader::findClass@13 (line 420)
  0x0000016172e35170: 0cf2 4fff 

  0x0000016172e35174: ;   {other}
  0x0000016172e35174: 0f1f 8400 | 648d 00bc | baf6 ffff | ff48 8b6c | 2420 4c8b | 5424 304c | 8954 2420 | 4c8b 9424 
  0x0000016172e35194: b000 0000 | 4c89 5424 | 3066 6690 

  0x0000016172e351a0: ;   {runtime_call UncommonTrapBlob}
  0x0000016172e351a0: c5f8 77e8 

  0x0000016172e351a4: ; ImmutableOopMap {rbp=Oop [32]=Oop [40]=Oop [48]=Oop [96]=Oop }
                      ;*arraylength {reexecute=0 rethrow=0 return_oop=0}
                      ; - java.net.URLClassLoader::defineClass@217 (line 524)
                      ; - java.net.URLClassLoader$1::run@43 (line 427)
                      ; - java.net.URLClassLoader$1::run@1 (line 421)
                      ; - java.security.AccessController::executePrivileged@29 (line 809)
                      ; - java.security.AccessController::doPrivileged@13 (line 714)
                      ; - java.net.URLClassLoader::findClass@13 (line 420)
  0x0000016172e351a4: d8f1 4fff 

  0x0000016172e351a8: ;   {other}
  0x0000016172e351a8: 0f1f 8400 | 988d 00bd | baf6 ffff | ff48 8bac | 24a8 0000 | 004c 8b5c | 2430 4c89 | 5c24 204c 
  0x0000016172e351c8: 8b9c 24b0 | 0000 004c | 895c 2430 | 4c8b 5c24 | 504c 895c | 2440 4489 | 5424 484c | 8944 2460 
  0x0000016172e351e8: ;   {runtime_call UncommonTrapBlob}
  0x0000016172e351e8: c5f8 77e8 

  0x0000016172e351ec: ; ImmutableOopMap {rbp=Oop [32]=Oop [48]=Oop [96]=Oop [128]=Oop }
                      ;*getfield csu {reexecute=1 rethrow=0 return_oop=0}
                      ; - (reexecute) jdk.internal.loader.URLClassPath$JarLoader$2::getCodeSourceURL@4 (line 846)
                      ; - java.net.URLClassLoader::defineClass@13 (line 487)
                      ; - java.net.URLClassLoader$1::run@43 (line 427)
                      ; - java.net.URLClassLoader$1::run@1 (line 421)
                      ; - java.security.AccessController::executePrivileged@29 (line 809)
                      ; - java.security.AccessController::doPrivileged@13 (line 714)
                      ; - java.net.URLClassLoader::findClass@13 (line 420)
  0x0000016172e351ec: 90f1 4fff 

  0x0000016172e351f0: ;   {other}
  0x0000016172e351f0: 0f1f 8400 | e08d 00be | baf6 ffff | ff48 8bac | 24a8 0000 | 004c 8b54 | 2430 4c89 | 5424 204c 
  0x0000016172e35210: 8b94 24b0 | 0000 004c | 8954 2430 | 4c8b 5424 | 504c 8954 | 2440 4c89 | 5c24 6890 

  0x0000016172e3522c: ;   {runtime_call UncommonTrapBlob}
  0x0000016172e3522c: c5f8 77e8 

  0x0000016172e35230: ; ImmutableOopMap {rbp=Oop [32]=Oop [48]=Oop [104]=Oop [128]=Oop [136]=NarrowOop [216]=Oop }
                      ;*getfield jar {reexecute=1 rethrow=0 return_oop=0}
                      ; - (reexecute) jdk.internal.loader.URLClassPath$JarLoader$2::getManifest@7 (line 852)
                      ; - java.net.URLClassLoader::defineClass@34 (line 491)
                      ; - java.net.URLClassLoader$1::run@43 (line 427)
                      ; - java.net.URLClassLoader$1::run@1 (line 421)
                      ; - java.security.AccessController::executePrivileged@29 (line 809)
                      ; - java.security.AccessController::doPrivileged@13 (line 714)
                      ; - java.net.URLClassLoader::findClass@13 (line 420)
  0x0000016172e35230: 4cf1 4fff 

  0x0000016172e35234: ;   {other}
  0x0000016172e35234: 0f1f 8400 | 248e 00bf | baf6 ffff | ff48 8bac | 24a8 0000 | 004c 8b54 | 2430 4c89 | 5424 204c 
  0x0000016172e35254: 8b94 24b0 | 0000 004c | 8954 2430 | 4c8b 5424 | 504c 8954 | 2440 4c89 | 5c24 6890 

  0x0000016172e35270: ;   {runtime_call UncommonTrapBlob}
  0x0000016172e35270: c5f8 77e8 

  0x0000016172e35274: ; ImmutableOopMap {rbp=Oop [32]=Oop [48]=Oop [104]=Oop [128]=Oop [136]=NarrowOop [216]=Oop }
                      ;*getfield jar {reexecute=1 rethrow=0 return_oop=0}
                      ; - (reexecute) jdk.internal.loader.URLClassPath$JarLoader$2::getManifest@19 (line 853)
                      ; - java.net.URLClassLoader::defineClass@34 (line 491)
                      ; - java.net.URLClassLoader$1::run@43 (line 427)
                      ; - java.net.URLClassLoader$1::run@1 (line 421)
                      ; - java.security.AccessController::executePrivileged@29 (line 809)
                      ; - java.security.AccessController::doPrivileged@13 (line 714)
                      ; - java.net.URLClassLoader::findClass@13 (line 420)
  0x0000016172e35274: 08f1 4fff 

  0x0000016172e35278: ;   {other}
  0x0000016172e35278: 0f1f 8400 | 688e 00c0 | baf6 ffff | ff48 8bac | 24a8 0000 | 004c 8b54 | 2430 4c89 | 5424 204c 
  0x0000016172e35298: 8b94 24b0 | 0000 004c | 8954 2430 | 4c8b 5424 | 504c 8954 | 2440 4c89 | 5c24 6890 

  0x0000016172e352b4: ;   {runtime_call UncommonTrapBlob}
  0x0000016172e352b4: c5f8 77e8 

  0x0000016172e352b8: ; ImmutableOopMap {rbp=Oop [32]=Oop [48]=Oop [104]=Oop [128]=Oop [136]=NarrowOop [216]=Oop }
                      ;*invokevirtual getManifest {reexecute=0 rethrow=0 return_oop=0}
                      ; - jdk.internal.loader.URLClassPath$JarLoader$2::getManifest@22 (line 853)
                      ; - java.net.URLClassLoader::defineClass@34 (line 491)
                      ; - java.net.URLClassLoader$1::run@43 (line 427)
                      ; - java.net.URLClassLoader$1::run@1 (line 421)
                      ; - java.security.AccessController::executePrivileged@29 (line 809)
                      ; - java.security.AccessController::doPrivileged@13 (line 714)
                      ; - java.net.URLClassLoader::findClass@13 (line 420)
  0x0000016172e352b8: c4f0 4fff 

  0x0000016172e352bc: ;   {other}
  0x0000016172e352bc: 0f1f 8400 | ac8e 00c1 | baf6 ffff | ff48 8bac | 24a8 0000 | 004c 8b54 | 2430 4c89 | 5424 204c 
  0x0000016172e352dc: 8b94 24b0 | 0000 004c | 8954 2430 | 4c8b 5424 | 504c 8954 | 2448 4c89 | 4c24 584c | 8974 2460 
  0x0000016172e352fc: ;   {runtime_call UncommonTrapBlob}
  0x0000016172e352fc: c5f8 77e8 

  0x0000016172e35300: ; ImmutableOopMap {rbp=Oop [32]=Oop [48]=Oop [88]=Oop [96]=Oop [128]=Oop [136]=NarrowOop }
                      ;*arraylength {reexecute=0 rethrow=0 return_oop=0}
                      ; - java.lang.String::isEmpty@4 (line 1532)
                      ; - java.lang.ClassLoader::definePackage@1 (line 2120)
                      ; - java.lang.ClassLoader::getDefinedPackage@32 (line 2267)
                      ; - java.net.URLClassLoader::getAndVerifyPackage@2 (line 457)
                      ; - java.net.URLClassLoader::defineClass@46 (line 492)
                      ; - java.net.URLClassLoader$1::run@43 (line 427)
                      ; - java.net.URLClassLoader$1::run@1 (line 421)
                      ; - java.security.AccessController::executePrivileged@29 (line 809)
                      ; - java.security.AccessController::doPrivileged@13 (line 714)
                      ; - java.net.URLClassLoader::findClass@13 (line 420)
  0x0000016172e35300: 7cf0 4fff 

  0x0000016172e35304: ;   {other}
  0x0000016172e35304: 0f1f 8400 | f48e 00c2 | baf6 ffff | ff48 8bac | 24a8 0000 | 004c 8b54 | 2430 4c89 | 5424 204c 
  0x0000016172e35324: 8b94 24b0 | 0000 004c | 8954 2430 | 4c8b 5424 | 504c 8954 | 2448 4c89 | 4c24 584c | 8974 2460 
  0x0000016172e35344: ;   {runtime_call UncommonTrapBlob}
  0x0000016172e35344: c5f8 77e8 

  0x0000016172e35348: ; ImmutableOopMap {rbp=Oop [32]=Oop [48]=Oop [88]=Oop [96]=Oop [128]=Oop [136]=NarrowOop }
                      ;*invokevirtual isNamed {reexecute=0 rethrow=0 return_oop=0}
                      ; - java.lang.Package::isSealed@4 (line 235)
                      ; - java.net.URLClassLoader::getAndVerifyPackage@14 (line 460)
                      ; - java.net.URLClassLoader::defineClass@46 (line 492)
                      ; - java.net.URLClassLoader$1::run@43 (line 427)
                      ; - java.net.URLClassLoader$1::run@1 (line 421)
                      ; - java.security.AccessController::executePrivileged@29 (line 809)
                      ; - java.security.AccessController::doPrivileged@13 (line 714)
                      ; - java.net.URLClassLoader::findClass@13 (line 420)
  0x0000016172e35348: 34f0 4fff 

  0x0000016172e3534c: ;   {other}
  0x0000016172e3534c: 0f1f 8400 | 3c8f 00c3 | baf6 ffff | ff48 8bac | 24a8 0000 | 004c 8b54 | 2430 4c89 | 5424 204c 
  0x0000016172e3536c: 8b94 24b0 | 0000 004c | 8954 2430 | 4c8b 5424 | 504c 8954 | 2448 4c89 | 4c24 584c | 8974 2460 
  0x0000016172e3538c: ;   {runtime_call UncommonTrapBlob}
  0x0000016172e3538c: c5f8 77e8 

  0x0000016172e35390: ; ImmutableOopMap {rbp=Oop [32]=Oop [48]=Oop [88]=Oop [96]=Oop [128]=Oop [136]=NarrowOop }
                      ;*getfield sealBase {reexecute=1 rethrow=0 return_oop=0}
                      ; - (reexecute) java.lang.Package::isSealed@14 (line 235)
                      ; - java.net.URLClassLoader::getAndVerifyPackage@14 (line 460)
                      ; - java.net.URLClassLoader::defineClass@46 (line 492)
                      ; - java.net.URLClassLoader$1::run@43 (line 427)
                      ; - java.net.URLClassLoader$1::run@1 (line 421)
                      ; - java.security.AccessController::executePrivileged@29 (line 809)
                      ; - java.security.AccessController::doPrivileged@13 (line 714)
                      ; - java.net.URLClassLoader::findClass@13 (line 420)
  0x0000016172e35390: ecef 4fff 

  0x0000016172e35394: ;   {other}
  0x0000016172e35394: 0f1f 8400 | 848f 00c4 | baf6 ffff | ff48 8bac | 24a8 0000 | 004c 8b54 | 2430 4c89 | 5424 204c 
  0x0000016172e353b4: 8b94 24b0 | 0000 004c | 8954 2430 | 4c8b 5424 | 504c 8954 | 2448 4c89 | 4c24 584c | 8974 2460 
  0x0000016172e353d4: ;   {runtime_call UncommonTrapBlob}
  0x0000016172e353d4: c5f8 77e8 

  0x0000016172e353d8: ; ImmutableOopMap {rbp=Oop [32]=Oop [48]=Oop [88]=Oop [96]=Oop [128]=Oop [136]=NarrowOop }
                      ;*arraylength {reexecute=0 rethrow=0 return_oop=0}
                      ; - java.lang.StringLatin1::replace@8 (line 295)
                      ; - java.lang.String::replace@18 (line 2933)
                      ; - java.net.URLClassLoader::isSealed@9 (line 601)
                      ; - java.net.URLClassLoader::getAndVerifyPackage@68 (line 469)
                      ; - java.net.URLClassLoader::defineClass@46 (line 492)
                      ; - java.net.URLClassLoader$1::run@43 (line 427)
                      ; - java.net.URLClassLoader$1::run@1 (line 421)
                      ; - java.security.AccessController::executePrivileged@29 (line 809)
                      ; - java.security.AccessController::doPrivileged@13 (line 714)
                      ; - java.net.URLClassLoader::findClass@13 (line 420)
  0x0000016172e353d8: a4ef 4fff 

  0x0000016172e353dc: ;   {other}
  0x0000016172e353dc: 0f1f 8400 | cc8f 00c5 | baf6 ffff | ff48 8bac | 24a8 0000 | 004c 8b54 | 2430 4c89 | 5424 204c 
  0x0000016172e353fc: 8b94 24b0 | 0000 004c | 8954 2430 | 4c8b 5424 | 504c 8954 | 2448 4c89 | 4c24 584c | 8974 2460 
  0x0000016172e3541c: 4889 4424 | 7866 6690 

  0x0000016172e35424: ;   {runtime_call UncommonTrapBlob}
  0x0000016172e35424: c5f8 77e8 

  0x0000016172e35428: ; ImmutableOopMap {rbp=Oop [32]=Oop [48]=Oop [88]=Oop [96]=Oop [120]=Oop [128]=Oop [136]=NarrowOop }
                      ;*invokeinterface get {reexecute=0 rethrow=0 return_oop=0}
                      ; - java.util.jar.Manifest::getAttributes@5 (line 160)
                      ; - java.util.jar.Manifest::getTrustedAttributes@2 (line 177)
                      ; - java.util.jar.JavaUtilJarAccessImpl::getTrustedAttributes@2 (line 38)
                      ; - java.net.URLClassLoader::isSealed@18 (line 601)
                      ; - java.net.URLClassLoader::getAndVerifyPackage@68 (line 469)
                      ; - java.net.URLClassLoader::defineClass@46 (line 492)
                      ; - java.net.URLClassLoader$1::run@43 (line 427)
                      ; - java.net.URLClassLoader$1::run@1 (line 421)
                      ; - java.security.AccessController::executePrivileged@29 (line 809)
                      ; - java.security.AccessController::doPrivileged@13 (line 714)
                      ; - java.net.URLClassLoader::findClass@13 (line 420)
  0x0000016172e35428: 54ef 4fff 

  0x0000016172e3542c: ;   {other}
  0x0000016172e3542c: 0f1f 8400 | 1c90 00c6 | baf6 ffff | ff48 8bac | 24a8 0000 | 004c 8b54 | 2430 4c89 | 5424 204c 
  0x0000016172e3544c: 8b94 24b0 | 0000 004c | 8954 2430 | 4c8b 5424 | 504c 8954 | 2448 4c89 | 4c24 584c | 8974 2460 
  0x0000016172e3546c: ;   {runtime_call UncommonTrapBlob}
  0x0000016172e3546c: c5f8 77e8 

  0x0000016172e35470: ; ImmutableOopMap {rbp=Oop [32]=Oop [48]=Oop [88]=Oop [96]=Oop [128]=Oop [136]=NarrowOop }
                      ;*invokeinterface get {reexecute=0 rethrow=0 return_oop=0}
                      ; - java.util.jar.Attributes::get@5 (line 106)
                      ; - java.util.jar.Attributes::getValue@2 (line 142)
                      ; - java.net.URLClassLoader::isSealed@58 (line 608)
                      ; - java.net.URLClassLoader::getAndVerifyPackage@68 (line 469)
                      ; - java.net.URLClassLoader::defineClass@46 (line 492)
                      ; - java.net.URLClassLoader$1::run@43 (line 427)
                      ; - java.net.URLClassLoader$1::run@1 (line 421)
                      ; - java.security.AccessController::executePrivileged@29 (line 809)
                      ; - java.security.AccessController::doPrivileged@13 (line 714)
                      ; - java.net.URLClassLoader::findClass@13 (line 420)
  0x0000016172e35470: 0cef 4fff 

  0x0000016172e35474: ;   {other}
  0x0000016172e35474: 0f1f 8400 | 6490 00c7 | baf6 ffff | ff48 8bac | 24a8 0000 | 004c 8b54 | 2430 4c89 | 5424 204c 
  0x0000016172e35494: 8b94 24b0 | 0000 004c | 8954 2430 | 4c8b 5424 | 504c 8954 | 2448 4c89 | 4c24 6890 

  0x0000016172e354b0: ;   {runtime_call UncommonTrapBlob}
  0x0000016172e354b0: c5f8 77e8 

  0x0000016172e354b4: ; ImmutableOopMap {rbp=Oop [32]=Oop [48]=Oop [104]=Oop [128]=Oop [136]=NarrowOop }
                      ;*getfield jar {reexecute=1 rethrow=0 return_oop=0}
                      ; - (reexecute) jdk.internal.loader.URLClassPath$JarLoader$2::getInputStream@4 (line 848)
                      ; - jdk.internal.loader.Resource::cachedInputStream@9 (line 77)
                      ; - jdk.internal.loader.Resource::getByteBuffer@1 (line 163)
                      ; - java.net.URLClassLoader::defineClass@132 (line 511)
                      ; - java.net.URLClassLoader$1::run@43 (line 427)
                      ; - java.net.URLClassLoader$1::run@1 (line 421)
                      ; - java.security.AccessController::executePrivileged@29 (line 809)
                      ; - java.security.AccessController::doPrivileged@13 (line 714)
                      ; - java.net.URLClassLoader::findClass@13 (line 420)
  0x0000016172e354b4: c8ee 4fff 

  0x0000016172e354b8: ;   {other}
  0x0000016172e354b8: 0f1f 8400 | a890 00c8 | ba45 ffff | ff48 8bac | 24a8 0000 | 004c 8b44 | 2430 4c89 | 4424 204c 
  0x0000016172e354d8: 8b84 24b0 | 0000 004c | 8944 2430 | 4c8b 4424 | 504c 8944 | 2440 4c89 | 5c24 7044 | 8954 2478 
  0x0000016172e354f8: ;   {runtime_call UncommonTrapBlob}
  0x0000016172e354f8: c5f8 77e8 

  0x0000016172e354fc: ; ImmutableOopMap {rbp=Oop [32]=Oop [48]=Oop [112]=Oop [120]=NarrowOop [128]=Oop [136]=NarrowOop [216]=Oop }
                      ;*ifnonnull {reexecute=1 rethrow=0 return_oop=0}
                      ; - (reexecute) jdk.internal.access.SharedSecrets::javaUtilJarAccess@5 (line 139)
                      ; - jdk.internal.loader.URLClassPath$JarLoader$2::getManifest@0 (line 852)
                      ; - java.net.URLClassLoader::defineClass@34 (line 491)
                      ; - java.net.URLClassLoader$1::run@43 (line 427)
                      ; - java.net.URLClassLoader$1::run@1 (line 421)
                      ; - java.security.AccessController::executePrivileged@29 (line 809)
                      ; - java.security.AccessController::doPrivileged@13 (line 714)
                      ; - java.net.URLClassLoader::findClass@13 (line 420)
  0x0000016172e354fc: 80ee 4fff 

  0x0000016172e35500: ;   {other}
  0x0000016172e35500: 0f1f 8400 | f090 00c9 | ba45 ffff | ff4c 8b94 | 24a8 0000 | 004c 8954 | 2420 4c8b | 5424 304c 
  0x0000016172e35520: 8954 2428 | 4c8b 9424 | b000 0000 | 4c89 5424 | 384c 8b54 | 2450 4c89 | 5424 484c | 895c 2470 
  0x0000016172e35540: 4889 4c24 | 7866 6690 

  0x0000016172e35548: ;   {runtime_call UncommonTrapBlob}
  0x0000016172e35548: c5f8 77e8 

  0x0000016172e3554c: ; ImmutableOopMap {rbp=NarrowOop [32]=Oop [40]=Oop [56]=Oop [112]=Oop [120]=Oop [128]=Oop [136]=NarrowOop [216]=Oop }
                      ;*ifnull {reexecute=1 rethrow=0 return_oop=0}
                      ; - (reexecute) java.lang.ref.SoftReference::get@6 (line 114)
                      ; - java.util.jar.JarFile::getManifestFromReference@11 (line 409)
                      ; - java.util.jar.JarFile::getManifest@1 (line 405)
                      ; - jdk.internal.loader.URLClassPath$JarLoader$2::getManifest@22 (line 853)
                      ; - java.net.URLClassLoader::defineClass@34 (line 491)
                      ; - java.net.URLClassLoader$1::run@43 (line 427)
                      ; - java.net.URLClassLoader$1::run@1 (line 421)
                      ; - java.security.AccessController::executePrivileged@29 (line 809)
                      ; - java.security.AccessController::doPrivileged@13 (line 714)
                      ; - java.net.URLClassLoader::findClass@13 (line 420)
  0x0000016172e3554c: 30ee 4fff 

  0x0000016172e35550: ;   {other}
  0x0000016172e35550: 0f1f 8400 | 4091 00ca | ba45 ffff | ff48 8bac | 24a8 0000 | 004c 8b5c | 2430 4c89 | 5c24 204c 
  0x0000016172e35570: 8b9c 24b0 | 0000 004c | 895c 2430 | 4c8b 9c24 | 8000 0000 | 4c89 5c24 | 404c 8b5c | 2450 4c89 
  0x0000016172e35590: 5c24 488b | 8c24 8800 | 0000 894c | 2450 4c89 | 4c24 684c | 8954 2470 | 4c89 4c24 | 784c 89b4 
  0x0000016172e355b0: 2480 0000 | 0044 8984 | 2498 0000 | 0066 6690 

  0x0000016172e355c0: ;   {runtime_call UncommonTrapBlob}
  0x0000016172e355c0: c5f8 77e8 

  0x0000016172e355c4: ; ImmutableOopMap {rbp=Oop [32]=Oop [48]=Oop [64]=Oop [80]=NarrowOop [104]=Oop [112]=Oop [120]=Oop [128]=Oop [152]=NarrowOop }
                      ;*ifnonnull {reexecute=1 rethrow=0 return_oop=0}
                      ; - (reexecute) jdk.internal.access.SharedSecrets::javaUtilJarAccess@5 (line 139)
                      ; - java.net.URLClassLoader::isSealed@0 (line 600)
                      ; - java.net.URLClassLoader::getAndVerifyPackage@68 (line 469)
                      ; - java.net.URLClassLoader::defineClass@46 (line 492)
                      ; - java.net.URLClassLoader$1::run@43 (line 427)
                      ; - java.net.URLClassLoader$1::run@1 (line 421)
                      ; - java.security.AccessController::executePrivileged@29 (line 809)
                      ; - java.security.AccessController::doPrivileged@13 (line 714)
                      ; - java.net.URLClassLoader::findClass@13 (line 420)
  0x0000016172e355c4: b8ed 4fff 

  0x0000016172e355c8: ;   {other}
  0x0000016172e355c8: 0f1f 8400 | b891 00cb | ba45 ffff | ff48 8bac | 24a8 0000 | 004c 8b5c | 2430 4c89 | 5c24 204c 
  0x0000016172e355e8: 8b9c 24b0 | 0000 004c | 895c 2430 | 4c8b 9c24 | 8000 0000 | 4c89 5c24 | 404c 8b5c | 2450 4c89 
  0x0000016172e35608: 5c24 4844 | 8b84 2488 | 0000 0044 | 8944 2450 | 4c89 7424 | 604c 894c | 2468 4c89 | 5424 7089 
  0x0000016172e35628: 8c24 8800 | 0000 6690 

  0x0000016172e35630: ;   {runtime_call UncommonTrapBlob}
  0x0000016172e35630: c5f8 77e8 

  0x0000016172e35634: ; ImmutableOopMap {rbp=Oop [32]=Oop [48]=Oop [64]=Oop [80]=NarrowOop [96]=Oop [104]=Oop [112]=Oop [136]=NarrowOop }
                      ;*ifnull {reexecute=1 rethrow=0 return_oop=0}
                      ; - (reexecute) java.net.URLClassLoader::isSealed@51 (line 607)
                      ; - java.net.URLClassLoader::getAndVerifyPackage@68 (line 469)
                      ; - java.net.URLClassLoader::defineClass@46 (line 492)
                      ; - java.net.URLClassLoader$1::run@43 (line 427)
                      ; - java.net.URLClassLoader$1::run@1 (line 421)
                      ; - java.security.AccessController::executePrivileged@29 (line 809)
                      ; - java.security.AccessController::doPrivileged@13 (line 714)
                      ; - java.net.URLClassLoader::findClass@13 (line 420)
  0x0000016172e35634: 48ed 4fff 

  0x0000016172e35638: ;   {other}
  0x0000016172e35638: 0f1f 8400 | 2892 00cc | baf4 ffff | ff48 8bac | 2490 0000 | 004c 8b54 | 2430 4c89 | 5424 204c 
  0x0000016172e35658: 8b54 2440 | 4c89 5424 | 304c 8b94 | 2480 0000 | 004c 8954 | 2440 4c8b | 5424 504c | 8954 2448 
  0x0000016172e35678: 448b 9c24 | 8800 0000 | 4489 5c24 | 5466 6690 

  0x0000016172e35688: ;   {runtime_call UncommonTrapBlob}
  0x0000016172e35688: c5f8 77e8 

  0x0000016172e3568c: ; ImmutableOopMap {rbp=Oop [32]=Oop [48]=Oop [64]=Oop [84]=NarrowOop [96]=Oop [112]=Oop }
                      ;*checkcast {reexecute=0 rethrow=0 return_oop=0}
                      ; - java.lang.ClassLoader::definePackage@81 (line 2129)
                      ; - java.lang.ClassLoader::getDefinedPackage@32 (line 2267)
                      ; - java.net.URLClassLoader::getAndVerifyPackage@2 (line 457)
                      ; - java.net.URLClassLoader::defineClass@46 (line 492)
                      ; - java.net.URLClassLoader$1::run@43 (line 427)
                      ; - java.net.URLClassLoader$1::run@1 (line 421)
                      ; - java.security.AccessController::executePrivileged@29 (line 809)
                      ; - java.security.AccessController::doPrivileged@13 (line 714)
                      ; - java.net.URLClassLoader::findClass@13 (line 420)
  0x0000016172e3568c: f0ec 4fff 

  0x0000016172e35690: ;   {other}
  0x0000016172e35690: 0f1f 8400 | 8092 00cd | baf6 ffff | ff48 8bac | 24a8 0000 | 004c 8b54 | 2430 4c89 | 5424 204c 
  0x0000016172e356b0: 8b94 24b0 | 0000 004c | 8954 2430 | 4c8b 5424 | 504c 8954 | 2448 4c89 | 4c24 584c | 8974 2460 
  0x0000016172e356d0: ;   {runtime_call UncommonTrapBlob}
  0x0000016172e356d0: c5f8 77e8 

  0x0000016172e356d4: ; ImmutableOopMap {rbp=Oop [32]=Oop [48]=Oop [88]=Oop [96]=Oop [128]=Oop [136]=NarrowOop }
                      ;*arraylength {reexecute=0 rethrow=0 return_oop=0}
                      ; - java.lang.String::length@4 (line 1519)
                      ; - java.lang.String::equalsIgnoreCase@14 (line 1992)
                      ; - java.net.URLClassLoader::isSealed@68 (line 611)
                      ; - java.net.URLClassLoader::getAndVerifyPackage@68 (line 469)
                      ; - java.net.URLClassLoader::defineClass@46 (line 492)
                      ; - java.net.URLClassLoader$1::run@43 (line 427)
                      ; - java.net.URLClassLoader$1::run@1 (line 421)
                      ; - java.security.AccessController::executePrivileged@29 (line 809)
                      ; - java.security.AccessController::doPrivileged@13 (line 714)
                      ; - java.net.URLClassLoader::findClass@13 (line 420)
  0x0000016172e356d4: a8ec 4fff 

  0x0000016172e356d8: ;   {other}
  0x0000016172e356d8: 0f1f 8400 | c892 00ce | ba45 ffff | ff4c 8b84 | 24a8 0000 | 004c 8944 | 2420 4c8b | 4424 304c 
  0x0000016172e356f8: 8944 2428 | 4c8b 8424 | b000 0000 | 4c89 4424 | 384c 8b84 | 2480 0000 | 004c 8944 | 2448 8b8c 
  0x0000016172e35718: 2488 0000 | 004c 894c | 2478 4c89 | b424 8000 | 0000 894c | 245c 4c89 | 8c24 9000 | 0000 4489 
  0x0000016172e35738: 9c24 b000 | 0000 4489 | 9424 b400 | 0000 6690 

  0x0000016172e35748: ;   {runtime_call UncommonTrapBlob}
  0x0000016172e35748: c5f8 77e8 

  0x0000016172e3574c: ; ImmutableOopMap {rbp=NarrowOop [32]=Oop [40]=Oop [56]=Oop [72]=Oop [92]=NarrowOop [120]=Oop [128]=Oop [144]=Oop [176]=NarrowOop }
                      ;*ifnull {reexecute=1 rethrow=0 return_oop=0}
                      ; - (reexecute) java.util.concurrent.ConcurrentHashMap::get@67 (line 940)
                      ; - java.lang.ClassLoader::getDefinedPackage@13 (line 2263)
                      ; - java.net.URLClassLoader::getAndVerifyPackage@2 (line 457)
                      ; - java.net.URLClassLoader::defineClass@46 (line 492)
                      ; - java.net.URLClassLoader$1::run@43 (line 427)
                      ; - java.net.URLClassLoader$1::run@1 (line 421)
                      ; - java.security.AccessController::executePrivileged@29 (line 809)
                      ; - java.security.AccessController::doPrivileged@13 (line 714)
                      ; - java.net.URLClassLoader::findClass@13 (line 420)
  0x0000016172e3574c: 30ec 4fff 

  0x0000016172e35750: ;   {other}
  0x0000016172e35750: 0f1f 8400 | 4093 00cf | ba45 ffff | ff4c 8b9c | 24a8 0000 | 004c 895c | 2420 4c8b | 5c24 304c 
  0x0000016172e35770: 895c 2428 | 4c8b 9c24 | b000 0000 | 4c89 5c24 | 384c 8b9c | 2480 0000 | 004c 895c | 2448 8b9c 
  0x0000016172e35790: 2488 0000 | 004c 894c | 2478 4c89 | b424 8000 | 0000 895c | 245c 4c89 | 8c24 9000 | 0000 4489 
  0x0000016172e357b0: 9424 b000 | 0000 4489 | 8424 b400 | 0000 898c | 24b8 0000 | 0066 6690 

  0x0000016172e357c8: ;   {runtime_call UncommonTrapBlob}
  0x0000016172e357c8: c5f8 77e8 

  0x0000016172e357cc: ; ImmutableOopMap {rbp=NarrowOop [32]=Oop [40]=Oop [56]=Oop [72]=Oop [92]=NarrowOop [120]=Oop [128]=Oop [144]=Oop [176]=NarrowOop [180]=NarrowOop }
                      ;*ifnull {reexecute=1 rethrow=0 return_oop=0}
                      ; - (reexecute) java.util.concurrent.ConcurrentHashMap::get@67 (line 940)
                      ; - java.lang.ClassLoader::definePackage@47 (line 2125)
                      ; - java.lang.ClassLoader::getDefinedPackage@32 (line 2267)
                      ; - java.net.URLClassLoader::getAndVerifyPackage@2 (line 457)
                      ; - java.net.URLClassLoader::defineClass@46 (line 492)
                      ; - java.net.URLClassLoader$1::run@43 (line 427)
                      ; - java.net.URLClassLoader$1::run@1 (line 421)
                      ; - java.security.AccessController::executePrivileged@29 (line 809)
                      ; - java.security.AccessController::doPrivileged@13 (line 714)
                      ; - java.net.URLClassLoader::findClass@13 (line 420)
  0x0000016172e357cc: b0eb 4fff 

  0x0000016172e357d0: ;   {other}
  0x0000016172e357d0: 0f1f 8400 | c093 00d0 | ba45 ffff | ff48 8b6c | 2438 4c8b | 5424 304c | 8954 2420 | 4c8b 9424 
  0x0000016172e357f0: 8000 0000 | 4c89 5424 | 284c 8b54 | 2448 4c89 | 5424 304c | 8b54 2450 | 4c89 5424 | 4044 8b94 
  0x0000016172e35810: 2488 0000 | 0044 8954 | 2448 4c8b | 5424 704c | 8954 2468 | 4c8b 5424 | 784c 8954 | 2470 4c89 
  0x0000016172e35830: 5c24 784c | 8984 2488 | 0000 0090 

  0x0000016172e3583c: ;   {runtime_call UncommonTrapBlob}
  0x0000016172e3583c: c5f8 77e8 

  0x0000016172e35840: ; ImmutableOopMap {rbp=Oop [32]=Oop [40]=Oop [48]=Oop [72]=NarrowOop [104]=Oop [112]=Oop [120]=Oop [136]=Oop [216]=Oop }
                      ;*ifnull {reexecute=1 rethrow=0 return_oop=0}
                      ; - (reexecute) java.util.jar.JarFile::getManifestFromReference@148 (line 433)
                      ; - java.util.jar.JarFile::getManifest@1 (line 405)
                      ; - jdk.internal.loader.URLClassPath$JarLoader$2::getManifest@22 (line 853)
                      ; - java.net.URLClassLoader::defineClass@34 (line 491)
                      ; - java.net.URLClassLoader$1::run@43 (line 427)
                      ; - java.net.URLClassLoader$1::run@1 (line 421)
                      ; - java.security.AccessController::executePrivileged@29 (line 809)
                      ; - java.security.AccessController::doPrivileged@13 (line 714)
                      ; - java.net.URLClassLoader::findClass@13 (line 420)
  0x0000016172e35840: 3ceb 4fff 

  0x0000016172e35844: ;   {other}
  0x0000016172e35844: 0f1f 8400 | 3494 00d1 | baf6 ffff | ff48 8bac | 24a8 0000 | 004c 8b5c | 2430 4c89 | 5c24 204c 
  0x0000016172e35864: 8b9c 24b0 | 0000 004c | 895c 2430 | 4c8b 5c24 | 504c 895c | 2440 4489 | 5424 484c | 8944 2460 
  0x0000016172e35884: ;   {runtime_call UncommonTrapBlob}
  0x0000016172e35884: c5f8 77e8 

  0x0000016172e35888: ; ImmutableOopMap {rbp=Oop [32]=Oop [48]=Oop [96]=Oop [128]=Oop }
                      ;*invokevirtual getBaseURL {reexecute=0 rethrow=0 return_oop=0}
                      ; - jdk.internal.loader.URLClassPath$FileLoader$1::getCodeSourceURL@4 (line 1117)
                      ; - java.net.URLClassLoader::defineClass@13 (line 487)
                      ; - java.net.URLClassLoader$1::run@43 (line 427)
                      ; - java.net.URLClassLoader$1::run@1 (line 421)
                      ; - java.security.AccessController::executePrivileged@29 (line 809)
                      ; - java.security.AccessController::doPrivileged@13 (line 714)
                      ; - java.net.URLClassLoader::findClass@13 (line 420)
  0x0000016172e35888: f4ea 4fff 

  0x0000016172e3588c: ;   {other}
  0x0000016172e3588c: 0f1f 8400 | 7c94 00d2 | baf6 ffff | ff48 8bac | 24a8 0000 | 004c 8b54 | 2430 4c89 | 5424 204c 
  0x0000016172e358ac: 8b94 2480 | 0000 004c | 8954 2428 | 4c8b 9424 | b000 0000 | 4c89 5424 | 304c 8b54 | 2450 4c89 
  0x0000016172e358cc: 5424 4044 | 8b9c 2488 | 0000 0044 | 895c 2448 

  0x0000016172e358dc: ;   {runtime_call UncommonTrapBlob}
  0x0000016172e358dc: c5f8 77e8 

  0x0000016172e358e0: ; ImmutableOopMap {rbp=Oop [32]=Oop [40]=Oop [48]=Oop [72]=NarrowOop [76]=NarrowOop [104]=Oop [112]=Oop [120]=Oop [152]=Oop [216]=Oop }
                      ;*arraylength {reexecute=0 rethrow=0 return_oop=0}
                      ; - java.io.ByteArrayInputStream::<init>@21 (line 109)
                      ; - java.util.jar.JarFile::getManifestFromReference@114 (line 429)
                      ; - java.util.jar.JarFile::getManifest@1 (line 405)
                      ; - jdk.internal.loader.URLClassPath$JarLoader$2::getManifest@22 (line 853)
                      ; - java.net.URLClassLoader::defineClass@34 (line 491)
                      ; - java.net.URLClassLoader$1::run@43 (line 427)
                      ; - java.net.URLClassLoader$1::run@1 (line 421)
                      ; - java.security.AccessController::executePrivileged@29 (line 809)
                      ; - java.security.AccessController::doPrivileged@13 (line 714)
                      ; - java.net.URLClassLoader::findClass@13 (line 420)
  0x0000016172e358e0: 9cea 4fff 

  0x0000016172e358e4: ;   {other}
  0x0000016172e358e4: 0f1f 8400 | d494 00d3 | ba97 ffff | ff48 8b6c | 2440 4c8b | 5424 304c | 8954 2420 | 4c8b 5424 
  0x0000016172e35904: 504c 8954 | 2448 6690 

  0x0000016172e3590c: ;   {runtime_call UncommonTrapBlob}
  0x0000016172e3590c: c5f8 77e8 

  0x0000016172e35910: ; ImmutableOopMap {rbp=Oop [32]=Oop [96]=Oop [104]=NarrowOop [112]=Oop [128]=Oop [136]=NarrowOop }
                      ;*invokevirtual clone {reexecute=1 rethrow=0 return_oop=0}
                      ; - (reexecute) java.util.Arrays::copyOfRange@18 (line 3856)
                      ; - java.lang.StringLatin1::newString@16 (line 752)
                      ; - java.lang.String::substring@41 (line 2839)
                      ; - java.net.URLClassLoader::defineClass@28 (line 489)
                      ; - java.net.URLClassLoader$1::run@43 (line 427)
                      ; - java.net.URLClassLoader$1::run@1 (line 421)
                      ; - java.security.AccessController::executePrivileged@29 (line 809)
                      ; - java.security.AccessController::doPrivileged@13 (line 714)
                      ; - java.net.URLClassLoader::findClass@13 (line 420)
  0x0000016172e35910: 6cea 4fff 

  0x0000016172e35914: ;   {other}
  0x0000016172e35914: 0f1f 8400 | 0495 00d4 | baf4 ffff | ff66 6690 

  0x0000016172e35924: ;   {runtime_call UncommonTrapBlob}
  0x0000016172e35924: c5f8 77e8 

  0x0000016172e35928: ; ImmutableOopMap {}
                      ;*checkcast {reexecute=0 rethrow=0 return_oop=0}
                      ; - java.net.URLClassLoader::findClass@28 (line 442)
  0x0000016172e35928: 54ea 4fff 

  0x0000016172e3592c: ;   {other}
  0x0000016172e3592c: 0f1f 8400 | 1c95 00d5 | 4c8b d0e9 | 9106 0000 | 488b d8e9 | 1503 0000 | 488b d8e9 | 0d03 0000 
  0x0000016172e3594c: 4c8b d0e9 | 3901 0000 | 4c8b d0e9 | 7106 0000 | 4c8b d0e9 | 6906 0000 | 4c8b d0e9 | 6106 0000 
  0x0000016172e3596c: 4c8b d0e9 | 5906 0000 | 4c8b d0e9 | 5106 0000 | 4c8b d0e9 | 4906 0000 | 4c8b d0e9 | 4106 0000 
  0x0000016172e3598c: 4c8b d0e9 | 3906 0000 | 4c8b d0e9 | 3106 0000 | 4c8b d0e9 | 2906 0000 | 4c8b d0e9 | 2106 0000 
  0x0000016172e359ac: 4c8b d0e9 | 1906 0000 | 4c8b d0e9 | c207 0000 | 4c8b d0e9 | 0906 0000 | 4c8b d0e9 | 0106 0000 
  0x0000016172e359cc: 4c8b d0e9 | f905 0000 | 4c8b d0e9 | f105 0000 | 488b d8e9 | 2a06 0000 | 488b d8e9 | 2206 0000 
  0x0000016172e359ec: 488b d8e9 | 1a06 0000 | 488b d8e9 | 5d02 0000 | 488b 6c24 | 5048 8b94 | 2498 0000 | 004c 8bc0 
  0x0000016172e35a0c: 4c8b 9424 | a800 0000 | 4c89 5424 | 384c 8b94 | 24b0 0000 | 004c 8954 | 2448 4c8b 

  0x0000016172e35a28: ;   {no_reloc}
  0x0000016172e35a28: 5424 704c | 8954 2458 

  0x0000016172e35a30: ;   {optimized virtual_call}
  0x0000016172e35a30: c5f8 77e8 

  0x0000016172e35a34: ; ImmutableOopMap {[48]=Oop [56]=Oop [72]=Oop [88]=Oop [128]=Oop [136]=NarrowOop [152]=Oop [168]=Oop [176]=Oop [216]=Oop }
                      ;*invokevirtual addSuppressed {reexecute=0 rethrow=0 return_oop=0}
                      ; - java.util.jar.JarFile::getManifestFromReference@177 (line 431)
                      ; - java.util.jar.JarFile::getManifest@1 (line 405)
                      ; - jdk.internal.loader.URLClassPath$JarLoader$2::getManifest@22 (line 853)
                      ; - java.net.URLClassLoader::defineClass@34 (line 491)
                      ; - java.net.URLClassLoader$1::run@43 (line 427)
                      ; - java.net.URLClassLoader$1::run@1 (line 421)
                      ; - java.security.AccessController::executePrivileged@29 (line 809)
                      ; - java.security.AccessController::doPrivileged@13 (line 714)
                      ; - java.net.URLClassLoader::findClass@13 (line 420)
  0x0000016172e35a34: 4890 4fff 

  0x0000016172e35a38: ;   {other}
  0x0000016172e35a38: 0f1f 8400 | 2896 00d6 | e97b 0500 | 00e9 3205 | 0000 4889 | 8424 9800 | 0000 e92d | 0500 00e9 
  0x0000016172e35a58: 2005 0000 | 4c8b d0e9 | 6905 0000 | 488b d844 | 8b58 0849 | ba00 0000 | 0261 0100 | 004d 03d3 
  0x0000016172e35a78: 4c8b 9c24 | 8000 0000 | 4c89 5c24 | 38e9 1507 | 0000 4c8b | d049 8bda | 458b 5a08 | e990 0800 
  0x0000016172e35a98: 004c 8bd0 | e92c 0500 | 004c 8bd0 | e924 0500 | 004c 8bd0 | e91c 0500 | 0048 8bd8 | e998 0800 
  0x0000016172e35ab8: 0048 8944 | 2458 488b | 6c24 5048 | 8b54 2448 | 4c8b 5424 | 604c 8954 | 2448 4c8b | 5424 704c 
  0x0000016172e35ad8: 8954 2460 

  0x0000016172e35adc: ;   {static_call}
  0x0000016172e35adc: c5f8 77e8 

  0x0000016172e35ae0: ; ImmutableOopMap {[32]=NarrowOop [48]=Oop [56]=Oop [64]=Oop [72]=Oop [88]=Oop [96]=Oop [128]=Oop [168]=Oop [176]=Oop [216]=Oop }
                      ;*invokestatic endInit {reexecute=0 rethrow=0 return_oop=0}
                      ; - java.util.jar.JarFile::ensureInitialization@53 (line 1074)
                      ; - java.util.jar.JavaUtilJarAccessImpl::ensureInitialization@1 (line 42)
                      ; - jdk.internal.loader.URLClassPath$JarLoader$2::getManifest@10 (line 852)
                      ; - java.net.URLClassLoader::defineClass@34 (line 491)
                      ; - java.net.URLClassLoader$1::run@43 (line 427)
                      ; - java.net.URLClassLoader$1::run@1 (line 421)
                      ; - java.security.AccessController::executePrivileged@29 (line 809)
                      ; - java.security.AccessController::doPrivileged@13 (line 714)
                      ; - java.net.URLClassLoader::findClass@13 (line 420)
  0x0000016172e35ae0: 9c95 4fff 

  0x0000016172e35ae4: ;   {other}
  0x0000016172e35ae4: 0f1f 8400 | d496 00d7 | 4c8b 5424 | 5849 8bda | e960 0100 | 0048 8bd8 | e958 0100 | 004c 8bd0 
  0x0000016172e35b04: e975 0600 | 004c 8bd0 | e9c0 0000 | 004c 8bd0 | e965 0600 | 004c 8bd0 | e95d 0600 | 0048 8bd8 
  0x0000016172e35b24: e90a 0700 | 0048 8bd8 | e902 0700 | 004c 8bd0 | e945 0600 | 004c 8bd0 | e93d 0600 | 0048 8bd8 
  0x0000016172e35b44: e9ea 0600 | 004c 8bd0 | e97c 0400 | 0048 8bd8 | 448b 5808 | 49ba 0000 | 0002 6101 | 0000 4d03 
  0x0000016172e35b64: d34c 8b5c | 2428 4c89 | 5c24 38e9 | 2b06 0000 | 488b d8e9 | d507 0000 | 4c8b d0eb | 034c 8bd0 
  0x0000016172e35b84: 498b da45 | 8b5a 0849 | ba00 0000 | 0261 0100 | 004d 03d3 | 4c8b 5c24 | 284c 895c | 2438 e9f8 
  0x0000016172e35ba4: 0500 004c | 8bd0 eb03 | 4c8b d049 | 8bda e97c | 0600 004c | 8b9c 2480 | 0000 004c | 895c 2438 
  0x0000016172e35bc4: e9d6 0500 | 004c 8bd0 | eb03 4c8b | d049 8bda | e95a 0600 | 004c 8bd0 | e9ec 0300 

  0x0000016172e35be0: ;   {no_reloc}
  0x0000016172e35be0: 004c 8bd0 | e9e4 0300 | 004c 8bd0 | e9dc 0300 | 0048 8bd8 | 448b 5808 | 49ba 0000 | 0002 6101 
  0x0000016172e35c00: 0000 4d03 | d34d 8b5a | 504c 3bdd | 75a9 4533 | c9e9 f502 | 0000 488b | d8e9 f003 | 0000 488b 
  0x0000016172e35c20: d8e9 e803 | 0000 488b | d8e9 e003 | 0000 488b | d8e9 d803 | 0000 488b | d8e9 d003 | 0000 488b 
  0x0000016172e35c40: d8e9 c803 | 0000 4c8b | d0e9 3005 | 0000 4c8b | d0e9 2805 | 0000 488b | d84c 8b5c | 2438 488d 
  0x0000016172e35c60: 8424 0001 | 0000 4883 | 3800 0f84 | 7900 0000 | 4d8b 1341 | f6c2 020f | 8462 0000 | 0049 83ba 
  0x0000016172e35c80: 8600 0000 | 0074 0949 | ff8a 8600 | 0000 eb4b | 498b 8296 | 0000 0049 | 0b82 8e00 | 0000 750a 
  0x0000016172e35ca0: 49c7 423e | 0000 0000 | eb3d 4983 | ba9e 0000 | 0000 7422 | 4833 c049 | c742 3e00 | 0000 00f0 
  0x0000016172e35cc0: 8304 2400 | 4983 ba9e | 0000 0000 | 750d f04d | 0fb1 7a3e | 7505 83c8 | 01eb 0ca8 | 00eb 084c 
  0x0000016172e35ce0: ;   {no_reloc}
  0x0000016172e35ce0: 8b10 f04d | 0fb1 1375 | 0a49 ff8f | 4805 0000 | 4533 d20f | 84d7 0200 | 0048 8b4c | 2438 488d 
  0x0000016172e35d00: 9424 0001 | 0000 4d8b | c7c5 f877 | 49ba d041 | b1fd fa7f | 0000 41ff 

  0x0000016172e35d18: ;   {other}
  0x0000016172e35d18: d20f 1f84 | 0000 0000 | 00e9 aa02 | 0000 4c8b | d0e9 2a04 | 0000 4c8b | d0e9 4804 | 0000 488b 
  0x0000016172e35d38: d844 8b50 | 0849 bb00 | 0000 0261 | 0100 004d | 03da 4d8b 

  0x0000016172e35d4c: ;   {metadata('java/io/IOException')}
  0x0000016172e35d4c: 5348 49bb | 0867 0403 | 6101 0000 | 4d3b d30f | 85f8 feff | ff4c 8bd8 | 498b 87b8 | 0100 004c 
  0x0000016172e35d6c: 8bd0 4983 | c228 4d3b | 97c8 0100 | 000f 8329 | 0600 004d | 8997 b801 | 0000 410f | 1882 0001 
  0x0000016172e35d8c: 0000 48c7 | 0001 0000 

  0x0000016172e35d94: ;   {metadata('java/lang/RuntimeException')}
  0x0000016172e35d94: 00c7 4008 | c0d0 0500 | 4489 600c | 4c89 6010 | 4c89 6018 | 4c89 6020 | 4c89 5c24 | 404c 8bd0 
  0x0000016172e35db4: 4c89 5424 | 4848 8b6c | 2450 448b | 5c24 6044 | 895c 2420 | 488b 5424 | 484c 8b44 | 2440 4c8b 
  0x0000016172e35dd4: 9424 a800 | 0000 4c89 | 5424 404c | 8b94 24b0 | 0000 004c | 8954 2458 

  0x0000016172e35dec: ;   {optimized virtual_call}
  0x0000016172e35dec: c5f8 77e8 

  0x0000016172e35df0: ; ImmutableOopMap {[32]=NarrowOop [48]=Oop [56]=Oop [64]=Oop [72]=Oop [88]=Oop [112]=Oop [128]=Oop [168]=Oop [176]=Oop [216]=Oop }
                      ;*invokespecial <init> {reexecute=0 rethrow=0 return_oop=0}
                      ; - java.util.jar.JarFile::ensureInitialization@13 (line 1066)
                      ; - java.util.jar.JavaUtilJarAccessImpl::ensureInitialization@1 (line 42)
                      ; - jdk.internal.loader.URLClassPath$JarLoader$2::getManifest@10 (line 852)
                      ; - java.net.URLClassLoader::defineClass@34 (line 491)
                      ; - java.net.URLClassLoader$1::run@43 (line 427)
                      ; - java.net.URLClassLoader$1::run@1 (line 421)
                      ; - java.security.AccessController::executePrivileged@29 (line 809)
                      ; - java.security.AccessController::doPrivileged@13 (line 714)
                      ; - java.net.URLClassLoader::findClass@13 (line 420)
  0x0000016172e35df0: 8c8c 4fff 

  0x0000016172e35df4: ;   {other}
  0x0000016172e35df4: 0f1f 8400 | e499 00d8 | 4c8b 5c24 | 3848 8d84 | 2400 0100 | 0048 8338 | 000f 8479 | 0000 004d 
  0x0000016172e35e14: 8b13 41f6 | c202 0f84 | 6200 0000 | 4983 ba86 | 0000 0000 | 7409 49ff | 8a86 0000 | 00eb 4b49 
  0x0000016172e35e34: 8b82 9600 | 0000 490b | 828e 0000 | 0075 0a49 | c742 3e00 | 0000 00eb | 3d49 83ba | 9e00 0000 
  0x0000016172e35e54: 0074 2248 | 33c0 49c7 | 423e 0000 | 0000 f083 | 0424 0049 | 83ba 9e00 | 0000 0075 | 0df0 4d0f 
  0x0000016172e35e74: b17a 3e75 | 0583 c801 | eb0c a800 | eb08 4c8b | 10f0 4d0f | b113 750a | 49ff 8f48 | 0500 0045 
  0x0000016172e35e94: 33d2 0f85 | c405 0000 | 4c8b 5424 | 4849 8bda | e9c4 0300 | 004c 8bd0 | e9cd 0200 | 004c 8bd0 
  0x0000016172e35eb4: e9c5 0200 | 004c 8bd0 | e90c 0100 | 004c 8bd0 | e904 0100 | 004c 8bd0 | e9ad 0200 | 004c 8bd0 
  0x0000016172e35ed4: e9a5 0200 | 004c 8bd0 | e99d 0200 | 004c 8bd0 | e995 0200 | 0048 8bd8 | 448b 5808 

  0x0000016172e35ef0: ;   {no_reloc}
  0x0000016172e35ef0: 49ba 0000 | 0002 6101 | 0000 4d03 | d34d 8b5a | 504c 3bdd | 7552 4c8b | 4c24 4048 | 8b94 24b0 
  0x0000016172e35f10: 0000 004c | 8b44 2438 | 488b 7c24 | 2048 8bac | 24a8 0000 | 0048 8994 | 2490 0000 | 0066 6690 
  0x0000016172e35f30: ;   {optimized virtual_call}
  0x0000016172e35f30: c5f8 77e8 

  0x0000016172e35f34: ; ImmutableOopMap {rbp=Oop [32]=Oop [48]=Oop [56]=Oop [128]=Oop [136]=NarrowOop [144]=Oop [168]=Oop [176]=Oop }
                      ;*invokevirtual getAndVerifyPackage {reexecute=0 rethrow=0 return_oop=1}
                      ; - java.net.URLClassLoader::defineClass@97 (line 502)
                      ; - java.net.URLClassLoader$1::run@43 (line 427)
                      ; - java.net.URLClassLoader$1::run@1 (line 421)
                      ; - java.security.AccessController::executePrivileged@29 (line 809)
                      ; - java.security.AccessController::doPrivileged@13 (line 714)
                      ; - java.net.URLClassLoader::findClass@13 (line 420)
  0x0000016172e35f34: 488b 4fff 

  0x0000016172e35f38: ;   {other}
  0x0000016172e35f38: 0f1f 8400 | 289b 00d9 | 4885 c00f | 84eb 0400 | 004c 8b5c | 2428 4c8b | 6c24 20e9 | b276 ffff 
  0x0000016172e35f58: 4c8b 9c24 | 8000 0000 | 4c89 5c24 | 38e9 3502 | 0000 4c8b | d0e9 0c02 | 0000 4c8b | d0e9 0402 
  0x0000016172e35f78: 0000 eb00 | 4889 8424 | 9800 0000 | 4c8b 5424 | 284d 85d2 | 7432 498b | d248 8bac | 24a8 0000 
  0x0000016172e35f98: 004c 8b94 | 24b0 0000 | 004c 8954 | 2438 c5f8 | 7748 b8ff | ffff ffff 

  0x0000016172e35fb0: ;   {virtual_call}
  0x0000016172e35fb0: ffff ffe8 

  0x0000016172e35fb4: ; ImmutableOopMap {rbp=Oop [48]=Oop [56]=Oop [112]=Oop [128]=Oop [136]=NarrowOop [152]=Oop [168]=Oop [176]=Oop [216]=Oop }
                      ;*invokevirtual close {reexecute=0 rethrow=0 return_oop=0}
                      ; - java.util.jar.JarFile::getManifestFromReference@165 (line 431)
                      ; - java.util.jar.JarFile::getManifest@1 (line 405)
                      ; - jdk.internal.loader.URLClassPath$JarLoader$2::getManifest@22 (line 853)
                      ; - java.net.URLClassLoader::defineClass@34 (line 491)
                      ; - java.net.URLClassLoader$1::run@43 (line 427)
                      ; - java.net.URLClassLoader$1::run@1 (line 421)
                      ; - java.security.AccessController::executePrivileged@29 (line 809)
                      ; - java.security.AccessController::doPrivileged@13 (line 714)
                      ; - java.net.URLClassLoader::findClass@13 (line 420)
  0x0000016172e35fb4: c88d 4fff 

  0x0000016172e35fb8: ;   {other}
  0x0000016172e35fb8: 0f1f 8400 | a89b 00da | 4c8b 9424 | 9800 0000 | eb03 4c8b | d049 8bda | 448b 5b08 | 49ba 0000 
  0x0000016172e35fd8: 0002 6101 | 0000 4d03 | d34c 8b9c | 2480 0000 | 004c 895c | 2438 e9ac | 0100 004c | 8bd0 e983 
  0x0000016172e35ff8: 0100 004c | 8bd0 e97b | 0100 004c | 8bd0 e973 | 0100 0048 | 8bd8 4c8b | 9c24 8000 | 0000 4c89 
  0x0000016172e36018: 5c24 3848 | 8d84 2400 | 0100 0048 | 8338 000f | 8479 0000 | 004d 8b13 | 41f6 c202 | 0f84 6200 
  0x0000016172e36038: 0000 4983 | ba86 0000 | 0000 7409 | 49ff 8a86 | 0000 00eb | 4b49 8b82 | 9600 0000 | 490b 828e 
  0x0000016172e36058: 0000 0075 | 0a49 c742 | 3e00 0000 | 00eb 3d49 | 83ba 9e00 | 0000 0074 | 2248 33c0 | 49c7 423e 
  0x0000016172e36078: 0000 0000 | f083 0424 | 0049 83ba | 9e00 0000 | 0075 0df0 | 4d0f b17a | 3e75 0583 | c801 eb0c 
  0x0000016172e36098: a800 eb08 | 4c8b 10f0 | 4d0f b113 | 750a 49ff | 8f48 0500 | 0045 33d2 | 0f85 4e03 

  0x0000016172e360b4: ;   {no_reloc}
  0x0000016172e360b4: 0000 448b | 5b08 49ba | 0000 0002 | 6101 0000 | 4d03 d3e9 | d300 0000 | 488b d844 | 8b40 0849 
  0x0000016172e360d4: ba00 0000 | 0261 0100 | 004d 03d0 | 4c8b 9c24 | 8000 0000 | 4c89 5c24 | 38e9 ad00 | 0000 488b 
  0x0000016172e360f4: d844 8b58 | 0849 ba00 | 0000 0261 | 0100 004d | 03d3 4c8b | 5c24 284c | 895c 2438 | e98a 0000 
  0x0000016172e36114: 0048 8bd8 | 448b 5808 | 49ba 0000 | 0002 6101 | 0000 4d03 | d34c 8b5c | 2428 4c89 | 5c24 38eb 
  0x0000016172e36134: 6a48 8bd8 | 448b 5808 | 49ba 0000 | 0002 6101 | 0000 4d03 | d34c 8b5c | 2428 4c89 | 5c24 38eb 
  0x0000016172e36154: 4a4c 8bd0 | 498b da45 | 8b5a 0849 | ba00 0000 | 0261 0100 | 004d 03d3 | 4c8b 9c24 | 8000 0000 
  0x0000016172e36174: 4c89 5c24 | 38eb 244c | 8bd0 498b | da45 8b5a | 0849 ba00 | 0000 0261 | 0100 004d | 03d3 4c8b 
  0x0000016172e36194: 9c24 8000 | 0000 4c89 | 5c24 384d 

  0x0000016172e361a0: ;   {metadata('java/io/IOException')}
  0x0000016172e361a0: 8b5a 4849 | b808 6704 | 0361 0100 | 004d 3bd8 | 0f84 c301 | 0000 4d8b 

  0x0000016172e361b8: ;   {metadata('java/lang/ClassFormatError')}
  0x0000016172e361b8: 5250 49bb | 8834 6603 | 6101 0000 | 4d3b d375 | 6a48 8beb | 488b 5424 | 3890 c5f8 | 7748 b8ff 
  0x0000016172e361d8: ffff ffff 

  0x0000016172e361dc: ;   {virtual_call}
  0x0000016172e361dc: ffff ffe8 

  0x0000016172e361e0: ; ImmutableOopMap {rbp=Oop [48]=Oop [56]=Oop [168]=Oop }
                      ;*invokevirtual getDataError {reexecute=0 rethrow=0 return_oop=1}
                      ; - java.net.URLClassLoader$1::run@63 (line 431)
                      ; - java.net.URLClassLoader$1::run@1 (line 421)
                      ; - java.security.AccessController::executePrivileged@29 (line 809)
                      ; - java.security.AccessController::doPrivileged@13 (line 714)
                      ; - java.net.URLClassLoader::findClass@13 (line 420)
  0x0000016172e361e0: 9c8b 4fff 

  0x0000016172e361e4: ;   {other}
  0x0000016172e361e4: 0f1f 8400 | d49d 00db | 4885 c074 | 3748 8b54 | 2438 c5f8 | 7748 b8ff | ffff ffff 

  0x0000016172e36200: ;   {virtual_call}
  0x0000016172e36200: ffff ffe8 

  0x0000016172e36204: ; ImmutableOopMap {rbp=Oop [48]=Oop [168]=Oop }
                      ;*invokevirtual getDataError {reexecute=0 rethrow=0 return_oop=1}
                      ; - java.net.URLClassLoader$1::run@71 (line 432)
                      ; - java.net.URLClassLoader$1::run@1 (line 421)
                      ; - java.security.AccessController::executePrivileged@29 (line 809)
                      ; - java.security.AccessController::doPrivileged@13 (line 714)
                      ; - java.net.URLClassLoader::findClass@13 (line 420)
  0x0000016172e36204: 788b 4fff 

  0x0000016172e36208: ;   {other}
  0x0000016172e36208: 0f1f 8400 | f89d 00dc | 488b d54c | 8bc0 6690 

  0x0000016172e36218: ;   {optimized virtual_call}
  0x0000016172e36218: c5f8 77e8 

  0x0000016172e3621c: ; ImmutableOopMap {rbp=Oop [48]=Oop [168]=Oop }
                      ;*invokevirtual addSuppressed {reexecute=0 rethrow=0 return_oop=0}
                      ; - java.net.URLClassLoader$1::run@74 (line 432)
                      ; - java.net.URLClassLoader$1::run@1 (line 421)
                      ; - java.security.AccessController::executePrivileged@29 (line 809)
                      ; - java.security.AccessController::doPrivileged@13 (line 714)
                      ; - java.net.URLClassLoader::findClass@13 (line 420)
  0x0000016172e3621c: 6088 4fff 

  0x0000016172e36220: ;   {other}
  0x0000016172e36220: 0f1f 8400 | 109e 00dd | 488b d5e9 | fb7c ffff | 488b d844 | 8b43 0849 | ba00 0000 | 0261 0100 
  0x0000016172e36240: 004d 03d0 | eb14 488b | d844 8b58 | 0849 ba00 | 0000 0261 | 0100 004d | 03d3 4d8b 

  0x0000016172e3625c: ;   {metadata('java/lang/RuntimeException')}
  0x0000016172e3625c: 5a48 49b8 | c0d0 0502 | 6101 0000 | 4d3b d875 | 0848 8bd3 | e9b6 7cff | ff4d 8b52 

  0x0000016172e36278: ;   {metadata('java/lang/Exception')}
  0x0000016172e36278: 4049 bb20 | c000 0261 | 0100 004d | 3bd3 0f85 | 9900 0000 | 4c8b d34c | 8954 2428 | 498b 87b8 
  0x0000016172e36298: 0100 004c | 8bd0 4983 | c228 4d3b | 97c8 0100 | 000f 83aa | 0000 004d | 8997 b801 | 0000 410f 
  0x0000016172e362b8: 1882 0001 | 0000 48c7 | 0001 0000 

  0x0000016172e362c4: ;   {metadata('java/security/PrivilegedActionException')}
  0x0000016172e362c4: 00c7 4008 | c8f6 0401 | 4489 600c | 4c89 6010 | 4c89 6018 | 4c89 6020 | 488b e848 | 8bd5 4c8b 
  0x0000016172e362e4: 4424 2890 

  0x0000016172e362e8: ;   {optimized virtual_call}
  0x0000016172e362e8: c5f8 77e8 

  0x0000016172e362ec: ; ImmutableOopMap {rbp=Oop [168]=Oop }
                      ;*invokespecial <init> {reexecute=0 rethrow=0 return_oop=0}
                      ; - java.security.AccessController::wrapException@5 (line 830)
                      ; - java.security.AccessController::doPrivileged@22 (line 718)
                      ; - java.net.URLClassLoader::findClass@13 (line 420)
  0x0000016172e362ec: 9087 4fff 

  0x0000016172e362f0: ;   {other}
  0x0000016172e362f0: 0f1f 8400 | e09e 00de | 488b d590 

  0x0000016172e362fc: ;   {optimized virtual_call}
  0x0000016172e362fc: c5f8 77e8 

  0x0000016172e36300: ; ImmutableOopMap {}
                      ;*invokevirtual getException {reexecute=0 rethrow=0 return_oop=1}
                      ; - java.net.URLClassLoader::findClass@25 (line 442)
  0x0000016172e36300: 7c87 4fff 

  0x0000016172e36304: ;   {other}
  0x0000016172e36304: 0f1f 8400 | f49e 00df 

  0x0000016172e3630c: ; implicit exception: dispatches to 0x0000016172e3591c
  0x0000016172e3630c: 448b 5008 

  0x0000016172e36310: ;   {metadata('java/lang/ClassNotFoundException')}
  0x0000016172e36310: 4181 faa0 | ac06 000f | 85cc 0000 | 0048 8bd0 | e906 7cff | ff44 8b5b 

  0x0000016172e36328: ;   {metadata('java/security/PrivilegedActionException')}
  0x0000016172e36328: 0849 bac8 | f604 0361 | 0100 0049 | b800 0000 | 0261 0100 | 004d 03c3 | 4d8b 5848 | 4d3b da75 
  0x0000016172e36348: 0848 8bd3 | ebad 488b | d848 8bd3 | e9d2 7bff 

  0x0000016172e36358: ;   {metadata('java/security/PrivilegedActionException')}
  0x0000016172e36358: ff48 bac8 | f604 0361 | 0100 0090 

  0x0000016172e36364: ;   {runtime_call _new_instance_Java}
  0x0000016172e36364: c5f8 77e8 

  0x0000016172e36368: ; ImmutableOopMap {[40]=Oop [168]=Oop }
                      ;*new {reexecute=0 rethrow=0 return_oop=1}
                      ; - java.security.AccessController::wrapException@0 (line 830)
                      ; - java.security.AccessController::doPrivileged@22 (line 718)
                      ; - java.net.URLClassLoader::findClass@13 (line 420)
  0x0000016172e36368: 94eb 5bff 

  0x0000016172e3636c: ;   {other}
  0x0000016172e3636c: 0f1f 8400 | 5c9f 00e0 | e963 ffff | ff48 8beb | ba2f 0000 | 004c 8b94 | 24a8 0000 | 004c 8954 
  0x0000016172e3638c: 2420 4c8b | 5424 304c | 8954 2428 

  0x0000016172e36398: ;   {runtime_call UncommonTrapBlob}
  0x0000016172e36398: c5f8 77e8 

  0x0000016172e3639c: ; ImmutableOopMap {rbp=Oop [32]=Oop [40]=Oop [176]=Oop }
                      ;*new {reexecute=0 rethrow=0 return_oop=0}
                      ; - java.net.URLClassLoader$1::run@48 (line 429)
                      ; - java.net.URLClassLoader$1::run@1 (line 421)
                      ; - java.security.AccessController::executePrivileged@29 (line 809)
                      ; - java.security.AccessController::doPrivileged@13 (line 714)
                      ; - java.net.URLClassLoader::findClass@13 (line 420)
  0x0000016172e3639c: e0df 4fff 

  0x0000016172e363a0: ;   {other}
  0x0000016172e363a0: 0f1f 8400 | 909f 00e1 | 4c89 5c24 

  0x0000016172e363ac: ;   {metadata('java/lang/RuntimeException')}
  0x0000016172e363ac: 4048 bac0 | d005 0261 | 0100 0048 | 8b6c 2448 | 4c8b 9424 | b000 0000 | 4c89 5424 | 484c 8b54 
  0x0000016172e363cc: 2470 4c89 | 5424 6890 

  0x0000016172e363d4: ;   {runtime_call _new_instance_Java}
  0x0000016172e363d4: c5f8 77e8 

  0x0000016172e363d8: ; ImmutableOopMap {rbp=Oop [48]=Oop [56]=Oop [64]=Oop [72]=Oop [96]=NarrowOop [104]=Oop [112]=Oop [128]=Oop [168]=Oop [176]=Oop [216]=Oop }
                      ;*new {reexecute=0 rethrow=0 return_oop=1}
                      ; - java.util.jar.JarFile::ensureInitialization@8 (line 1066)
                      ; - java.util.jar.JavaUtilJarAccessImpl::ensureInitialization@1 (line 42)
                      ; - jdk.internal.loader.URLClassPath$JarLoader$2::getManifest@10 (line 852)
                      ; - java.net.URLClassLoader::defineClass@34 (line 491)
                      ; - java.net.URLClassLoader$1::run@43 (line 427)
                      ; - java.net.URLClassLoader$1::run@1 (line 421)
                      ; - java.security.AccessController::executePrivileged@29 (line 809)
                      ; - java.security.AccessController::doPrivileged@13 (line 714)
                      ; - java.net.URLClassLoader::findClass@13 (line 420)
  0x0000016172e363d8: 24eb 5bff 

  0x0000016172e363dc: ;   {other}
  0x0000016172e363dc: 0f1f 8400 | cc9f 00e2 | e9c8 f9ff | ffba deff | ffff 488b | e866 6690 

  0x0000016172e363f4: ;   {runtime_call UncommonTrapBlob}
  0x0000016172e363f4: c5f8 77e8 

  0x0000016172e363f8: ; ImmutableOopMap {rbp=Oop }
                      ;*checkcast {reexecute=0 rethrow=0 return_oop=0}
                      ; - java.net.URLClassLoader::findClass@28 (line 442)
  0x0000016172e363f8: 84df 4fff 

  0x0000016172e363fc: ;   {other}
  0x0000016172e363fc: 0f1f 8400 | ec9f 00e3 | 488b 8c24 | 8000 0000 | 488d 9424 | 0001 0000 | 4d8b c7c5 | f877 49ba 
  0x0000016172e3641c: d041 b1fd | fa7f 0000 

  0x0000016172e36424: ;   {other}
  0x0000016172e36424: 41ff d20f | 1f84 0000 | 0000 00e9 | 82fc ffff | bafd 0000 | 004c 8b54 | 2430 4c89 | 5424 204c 
  0x0000016172e36444: 8b54 2438 | 4c89 5424 | 3066 6690 

  0x0000016172e36450: ;   {runtime_call UncommonTrapBlob}
  0x0000016172e36450: c5f8 77e8 

  0x0000016172e36454: ; ImmutableOopMap {rbp=Oop [32]=Oop [48]=Oop [128]=Oop [144]=Oop }
                      ;*new {reexecute=0 rethrow=0 return_oop=0}
                      ; - java.net.URLClassLoader::defineClass@103 (line 504)
                      ; - java.net.URLClassLoader$1::run@43 (line 427)
                      ; - java.net.URLClassLoader$1::run@1 (line 421)
                      ; - java.security.AccessController::executePrivileged@29 (line 809)
                      ; - java.security.AccessController::doPrivileged@13 (line 714)
                      ; - java.net.URLClassLoader::findClass@13 (line 420)
  0x0000016172e36454: 28df 4fff 

  0x0000016172e36458: ;   {other}
  0x0000016172e36458: 0f1f 8400 | 48a0 00e4 | 498b cb48 | 8d94 2400 | 0100 004d | 8bc7 c5f8 | 7749 bad0 | 41b1 fdfa 
  0x0000016172e36478: 7f00 0041 

  0x0000016172e3647c: ;   {other}
  0x0000016172e3647c: ffd2 0f1f | 8400 0000 | 0000 e911 

  0x0000016172e36488: ;   {internal_word}
  0x0000016172e36488: faff ff49 | ba0c dae2 | 7261 0100 | 004d 8997 | 6004 0000 

  0x0000016172e3649c: ;   {runtime_call SafepointBlob}
  0x0000016172e3649c: e9df ef4f 

  0x0000016172e364a0: ;   {runtime_call StubRoutines (final stubs)}
  0x0000016172e364a0: ffe8 3a00 | 4eff e933 | 69ff fff4 | f4f4 f4f4 
[Stub Code]
  0x0000016172e364b0: ;   {no_reloc}
  0x0000016172e364b0: 48bb 0000 | 0000 0000 

  0x0000016172e364b8: ;   {runtime_call nmethod}
  0x0000016172e364b8: 0000 e9fb 

  0x0000016172e364bc: ;   {static_stub}
  0x0000016172e364bc: ffff ff48 | bb00 0000 | 0000 0000 

  0x0000016172e364c8: ;   {runtime_call nmethod}
  0x0000016172e364c8: 00e9 fbff 

  0x0000016172e364cc: ;   {static_stub}
  0x0000016172e364cc: ffff 48bb | 0000 0000 | 0000 0000 

  0x0000016172e364d8: ;   {runtime_call nmethod}
  0x0000016172e364d8: e9fb ffff 

  0x0000016172e364dc: ;   {static_stub}
  0x0000016172e364dc: ff48 bb00 | 0000 0000 

  0x0000016172e364e4: ;   {runtime_call nmethod}
  0x0000016172e364e4: 0000 00e9 | fbff ffff 

  0x0000016172e364ec: ;   {static_stub}
  0x0000016172e364ec: 48bb 0000 | 0000 0000 

  0x0000016172e364f4: ;   {runtime_call nmethod}
  0x0000016172e364f4: 0000 e9fb 

  0x0000016172e364f8: ;   {static_stub}
  0x0000016172e364f8: ffff ff48 | bb38 4221 | 0261 0100 

  0x0000016172e36504: ;   {runtime_call I2C/C2I adapters}
  0x0000016172e36504: 00e9 59cf 

  0x0000016172e36508: ;   {static_stub}
  0x0000016172e36508: 4fff 48bb | 0000 0000 | 0000 0000 

  0x0000016172e36514: ;   {runtime_call nmethod}
  0x0000016172e36514: e9fb ffff 

  0x0000016172e36518: ;   {static_stub}
  0x0000016172e36518: ff48 bb00 | 0000 0000 

  0x0000016172e36520: ;   {runtime_call nmethod}
  0x0000016172e36520: 0000 00e9 | fbff ffff 

  0x0000016172e36528: ;   {static_stub}
  0x0000016172e36528: 48bb 0000 | 0000 0000 

  0x0000016172e36530: ;   {runtime_call nmethod}
  0x0000016172e36530: 0000 e9fb 

  0x0000016172e36534: ;   {static_stub}
  0x0000016172e36534: ffff ff48 | bb00 0000 | 0000 0000 

  0x0000016172e36540: ;   {runtime_call nmethod}
  0x0000016172e36540: 00e9 fbff 

  0x0000016172e36544: ;   {static_stub}
  0x0000016172e36544: ffff 48bb | 0000 0000 | 0000 0000 

  0x0000016172e36550: ;   {runtime_call nmethod}
  0x0000016172e36550: e9fb ffff 

  0x0000016172e36554: ;   {static_stub}
  0x0000016172e36554: ff48 bb00 | 0000 0000 

  0x0000016172e3655c: ;   {runtime_call nmethod}
  0x0000016172e3655c: 0000 00e9 | fbff ffff 

  0x0000016172e36564: ;   {static_stub}
  0x0000016172e36564: 48bb 0000 | 0000 0000 

  0x0000016172e3656c: ;   {runtime_call nmethod}
  0x0000016172e3656c: 0000 e9fb 

  0x0000016172e36570: ;   {static_stub}
  0x0000016172e36570: ffff ff48 | bb00 0000 | 0000 0000 

  0x0000016172e3657c: ;   {runtime_call nmethod}
  0x0000016172e3657c: 00e9 fbff 

  0x0000016172e36580: ;   {static_stub}
  0x0000016172e36580: ffff 48bb | 0000 0000 | 0000 0000 

  0x0000016172e3658c: ;   {runtime_call nmethod}
  0x0000016172e3658c: e9fb ffff 

  0x0000016172e36590: ;   {static_stub}
  0x0000016172e36590: ff48 bb00 | 0000 0000 

  0x0000016172e36598: ;   {runtime_call nmethod}
  0x0000016172e36598: 0000 00e9 | fbff ffff 

  0x0000016172e365a0: ;   {static_stub}
  0x0000016172e365a0: 48bb 0000 | 0000 0000 

  0x0000016172e365a8: ;   {runtime_call nmethod}
  0x0000016172e365a8: 0000 e9fb 

  0x0000016172e365ac: ;   {static_stub}
  0x0000016172e365ac: ffff ff48 | bb00 0000 | 0000 0000 

  0x0000016172e365b8: ;   {runtime_call nmethod}
  0x0000016172e365b8: 00e9 fbff 

  0x0000016172e365bc: ;   {static_stub}
  0x0000016172e365bc: ffff 48bb | 0000 0000 | 0000 0000 

  0x0000016172e365c8: ;   {runtime_call nmethod}
  0x0000016172e365c8: e9fb ffff 

  0x0000016172e365cc: ;   {static_stub}
  0x0000016172e365cc: ff48 bb00 | 0000 0000 

  0x0000016172e365d4: ;   {runtime_call nmethod}
  0x0000016172e365d4: 0000 00e9 | fbff ffff 

  0x0000016172e365dc: ;   {static_stub}
  0x0000016172e365dc: 48bb 0000 | 0000 0000 

  0x0000016172e365e4: ;   {runtime_call nmethod}
  0x0000016172e365e4: 0000 e9fb 

  0x0000016172e365e8: ;   {static_stub}
  0x0000016172e365e8: ffff ff48 | bb00 0000 | 0000 0000 

  0x0000016172e365f4: ;   {runtime_call nmethod}
  0x0000016172e365f4: 00e9 fbff 

  0x0000016172e365f8: ;   {static_stub}
  0x0000016172e365f8: ffff 48bb | 0000 0000 | 0000 0000 

  0x0000016172e36604: ;   {runtime_call nmethod}
  0x0000016172e36604: e9fb ffff 

  0x0000016172e36608: ;   {static_stub}
  0x0000016172e36608: ff48 bb00 | 0000 0000 

  0x0000016172e36610: ;   {runtime_call nmethod}
  0x0000016172e36610: 0000 00e9 | fbff ffff 

  0x0000016172e36618: ;   {static_stub}
  0x0000016172e36618: 48bb 0000 | 0000 0000 

  0x0000016172e36620: ;   {runtime_call nmethod}
  0x0000016172e36620: 0000 e9fb 

  0x0000016172e36624: ;   {static_stub}
  0x0000016172e36624: ffff ff48 | bb00 0000 | 0000 0000 

  0x0000016172e36630: ;   {runtime_call nmethod}
  0x0000016172e36630: 00e9 fbff 

  0x0000016172e36634: ;   {static_stub}
  0x0000016172e36634: ffff 48bb | 0000 0000 | 0000 0000 

  0x0000016172e36640: ;   {runtime_call nmethod}
  0x0000016172e36640: e9fb ffff 

  0x0000016172e36644: ;   {static_stub}
  0x0000016172e36644: ff48 bb00 | 0000 0000 

  0x0000016172e3664c: ;   {runtime_call nmethod}
  0x0000016172e3664c: 0000 00e9 | fbff ffff 

  0x0000016172e36654: ;   {static_stub}
  0x0000016172e36654: 48bb 0000 | 0000 0000 

  0x0000016172e3665c: ;   {runtime_call nmethod}
  0x0000016172e3665c: 0000 e9fb 

  0x0000016172e36660: ;   {static_stub}
  0x0000016172e36660: ffff ff48 | bb00 0000 | 0000 0000 

  0x0000016172e3666c: ;   {runtime_call nmethod}
  0x0000016172e3666c: 00e9 fbff 

  0x0000016172e36670: ;   {static_stub}
  0x0000016172e36670: ffff 48bb | 0000 0000 | 0000 0000 

  0x0000016172e3667c: ;   {runtime_call nmethod}
  0x0000016172e3667c: e9fb ffff 

  0x0000016172e36680: ;   {static_stub}
  0x0000016172e36680: ff48 bb40 | c144 0261 

  0x0000016172e36688: ;   {runtime_call I2C/C2I adapters}
  0x0000016172e36688: 0100 00e9 | 57d9 4fff 

  0x0000016172e36690: ;   {static_stub}
  0x0000016172e36690: 48bb 0000 | 0000 0000 

  0x0000016172e36698: ;   {runtime_call nmethod}
  0x0000016172e36698: 0000 e9fb 

  0x0000016172e3669c: ;   {static_stub}
  0x0000016172e3669c: ffff ff48 | bb00 0000 | 0000 0000 

  0x0000016172e366a8: ;   {runtime_call nmethod}
  0x0000016172e366a8: 00e9 fbff 

  0x0000016172e366ac: ;   {static_stub}
  0x0000016172e366ac: ffff 48bb | 0000 0000 | 0000 0000 

  0x0000016172e366b8: ;   {runtime_call nmethod}
  0x0000016172e366b8: e9fb ffff 

  0x0000016172e366bc: ;   {static_stub}
  0x0000016172e366bc: ff48 bb00 | 0000 0000 

  0x0000016172e366c4: ;   {runtime_call nmethod}
  0x0000016172e366c4: 0000 00e9 | fbff ffff 

  0x0000016172e366cc: ;   {static_stub}
  0x0000016172e366cc: 48bb 0000 | 0000 0000 

  0x0000016172e366d4: ;   {runtime_call nmethod}
  0x0000016172e366d4: 0000 e9fb 

  0x0000016172e366d8: ;   {static_stub}
  0x0000016172e366d8: ffff ff48 | bb00 0000 | 0000 0000 

  0x0000016172e366e4: ;   {runtime_call nmethod}
  0x0000016172e366e4: 00e9 fbff 

  0x0000016172e366e8: ;   {static_stub}
  0x0000016172e366e8: ffff 48bb | 0000 0000 | 0000 0000 

  0x0000016172e366f4: ;   {runtime_call nmethod}
  0x0000016172e366f4: e9fb ffff 

  0x0000016172e366f8: ;   {static_stub}
  0x0000016172e366f8: ff48 bb00 | 0000 0000 

  0x0000016172e36700: ;   {runtime_call nmethod}
  0x0000016172e36700: 0000 00e9 | fbff ffff 

  0x0000016172e36708: ;   {static_stub}
  0x0000016172e36708: 48bb 000d | 0502 6101 

  0x0000016172e36710: ;   {runtime_call I2C/C2I adapters}
  0x0000016172e36710: 0000 e954 

  0x0000016172e36714: ;   {static_stub}
  0x0000016172e36714: 474f ff48 | bbf8 e40f | 0261 0100 

  0x0000016172e36720: ;   {runtime_call I2C/C2I adapters}
  0x0000016172e36720: 00e9 3cd1 

  0x0000016172e36724: ;   {static_stub}
  0x0000016172e36724: 4fff 48bb | 0000 0000 | 0000 0000 

  0x0000016172e36730: ;   {runtime_call nmethod}
  0x0000016172e36730: e9fb ffff 

  0x0000016172e36734: ;   {runtime_call ExceptionBlob}
  0x0000016172e36734: ffe9 46f1 | 5bff e800 | 0000 0048 | 832c 2405 

  0x0000016172e36744: ;   {runtime_call DeoptimizationBlob}
  0x0000016172e36744: e9d7 df4f | fff4 f4f4 | f4f4 f4f4 
[/MachCode]


---------------  P R O C E S S  ---------------

Threads class SMR info:
_java_thread_list=0x000001613ec8a690, length=86, elements={
0x0000016160418460, 0x000001617f29c3c0, 0x000001617f29f990, 0x000001617f2a47f0,
0x000001617f2a7250, 0x000001617f2a7ca0, 0x000001617f2a9260, 0x000001617f2ae8c0,
0x000001617f2b11d0, 0x000001617f52f140, 0x000001617f585600, 0x000001613b0c6e10,
0x000001613bef9940, 0x000001613b1344b0, 0x000001613b12d9b0, 0x000001613b359400,
0x000001617f519e80, 0x000001617f516a00, 0x000001617f5197f0, 0x000001617f518440,
0x000001617f517720, 0x000001617f518ad0, 0x000001617f517db0, 0x000001617f517090,
0x000001613cdb8d80, 0x000001613cdbae50, 0x000001613cdbb4e0, 0x000001613cdba7c0,
0x000001613cdbc890, 0x000001613cdbe960, 0x000001613cdbe2d0, 0x000001613cdbbb70,
0x000001613cdbcf20, 0x000001613cdbeff0, 0x000001613cdbd5b0, 0x000001613cdbf680,
0x000001613cdbc200, 0x000001613dd03100, 0x000001613dd03790, 0x000001613dd03e20,
0x000001613dd02a70, 0x000001613dd023e0, 0x000001613dd01d50, 0x000001613dd06580,
0x000001613dd072a0, 0x000001613dd07930, 0x000001613dd06c10, 0x000001613dd07fc0,
0x000001613dd04b40, 0x000001613dd08650, 0x000001613dd051d0, 0x000001613cc829f0,
0x000001613cc87220, 0x000001613cc85150, 0x000001613cc87f40, 0x000001613cc85e70,
0x000001614170a7a0, 0x00000161417086d0, 0x000001614170ae30, 0x00000161417093f0,
0x0000016141709a80, 0x000001614170c1e0, 0x0000016141708d60, 0x000001614170f660,
0x000001614170c870, 0x000001614170cf00, 0x000001614170efd0, 0x000001614170dc20,
0x000001614170d590, 0x000001614170e2b0, 0x000001614170e940, 0x000001613dd08ce0,
0x000001613dd09370, 0x000001613f286250, 0x000001613f285bc0, 0x000001614250c4d0,
0x000001613f289040, 0x000001613f289d60, 0x00000161415fe3b0, 0x00000161416011a0,
0x0000016140f11df0, 0x0000016140f13ec0, 0x000001613dd05860, 0x000001613dd044b0,
0x0000016142510670, 0x0000016189f65970
}

Java Threads: ( => current thread )
  0x0000016160418460 JavaThread "main"                              [_thread_blocked, id=39992, stack(0x0000001843a00000,0x0000001843b00000) (1024K)]
  0x000001617f29c3c0 JavaThread "Reference Handler"          daemon [_thread_blocked, id=20212, stack(0x0000001844200000,0x0000001844300000) (1024K)]
  0x000001617f29f990 JavaThread "Finalizer"                  daemon [_thread_blocked, id=28988, stack(0x0000001844300000,0x0000001844400000) (1024K)]
  0x000001617f2a47f0 JavaThread "Signal Dispatcher"          daemon [_thread_blocked, id=38948, stack(0x0000001844400000,0x0000001844500000) (1024K)]
  0x000001617f2a7250 JavaThread "Attach Listener"            daemon [_thread_blocked, id=9324, stack(0x0000001844500000,0x0000001844600000) (1024K)]
  0x000001617f2a7ca0 JavaThread "Service Thread"             daemon [_thread_blocked, id=44920, stack(0x0000001844600000,0x0000001844700000) (1024K)]
  0x000001617f2a9260 JavaThread "Monitor Deflation Thread"   daemon [_thread_blocked, id=6268, stack(0x0000001844700000,0x0000001844800000) (1024K)]
  0x000001617f2ae8c0 JavaThread "C2 CompilerThread0"         daemon [_thread_blocked, id=35352, stack(0x0000001844800000,0x0000001844900000) (1024K)]
  0x000001617f2b11d0 JavaThread "C1 CompilerThread0"         daemon [_thread_blocked, id=30692, stack(0x0000001844900000,0x0000001844a00000) (1024K)]
  0x000001617f52f140 JavaThread "Common-Cleaner"             daemon [_thread_blocked, id=11188, stack(0x0000001844a00000,0x0000001844b00000) (1024K)]
  0x000001617f585600 JavaThread "Notification Thread"        daemon [_thread_blocked, id=40444, stack(0x0000001844b00000,0x0000001844c00000) (1024K)]
  0x000001613b0c6e10 JavaThread "Daemon health stats"               [_thread_blocked, id=4500, stack(0x0000001845400000,0x0000001845500000) (1024K)]
  0x000001613bef9940 JavaThread "Incoming local TCP Connector on port 54343"        [_thread_in_native, id=31004, stack(0x0000001844e00000,0x0000001844f00000) (1024K)]
  0x000001613b1344b0 JavaThread "Daemon periodic checks"            [_thread_blocked, id=29660, stack(0x0000001845500000,0x0000001845600000) (1024K)]
  0x000001613b12d9b0 JavaThread "Daemon"                            [_thread_blocked, id=7580, stack(0x0000001845600000,0x0000001845700000) (1024K)]
  0x000001613b359400 JavaThread "Handler for socket connection from /127.0.0.1:54343 to /127.0.0.1:54344"        [_thread_in_native, id=26488, stack(0x0000001845700000,0x0000001845800000) (1024K)]
  0x000001617f519e80 JavaThread "Cancel handler"                    [_thread_blocked, id=2468, stack(0x0000001845800000,0x0000001845900000) (1024K)]
  0x000001617f516a00 JavaThread "Daemon worker"                     [_thread_blocked, id=35472, stack(0x0000001845900000,0x0000001845a00000) (1024K)]
  0x000001617f5197f0 JavaThread "Asynchronous log dispatcher for DefaultDaemonConnection: socket connection from /127.0.0.1:54343 to /127.0.0.1:54344"        [_thread_blocked, id=27788, stack(0x0000001845a00000,0x0000001845b00000) (1024K)]
  0x000001617f518440 JavaThread "Stdin handler"                     [_thread_blocked, id=41636, stack(0x0000001845b00000,0x0000001845c00000) (1024K)]
  0x000001617f517720 JavaThread "Daemon client event forwarder"        [_thread_blocked, id=26592, stack(0x0000001845c00000,0x0000001845d00000) (1024K)]
  0x000001617f518ad0 JavaThread "Cache worker for journal cache (C:\Users\lin17\.gradle\caches\journal-1)"        [_thread_blocked, id=42416, stack(0x0000001845d00000,0x0000001845e00000) (1024K)]
  0x000001617f517db0 JavaThread "File lock request listener"        [_thread_in_native, id=41684, stack(0x0000001845e00000,0x0000001845f00000) (1024K)]
  0x000001617f517090 JavaThread "Cache worker for file hash cache (C:\Users\lin17\.gradle\caches\9.4.0\fileHashes)"        [_thread_blocked, id=35508, stack(0x0000001845f00000,0x0000001846000000) (1024K)]
  0x000001613cdb8d80 JavaThread "Cache worker for file hash cache (D:\code\intellij\cangjie\.gradle\9.4.0\fileHashes)"        [_thread_blocked, id=2824, stack(0x0000001844c00000,0x0000001844d00000) (1024K)]
  0x000001613cdbae50 JavaThread "Cache worker for checksums cache (D:\code\intellij\cangjie\.gradle\9.4.0\checksums)"        [_thread_blocked, id=18828, stack(0x0000001844d00000,0x0000001844e00000) (1024K)]
  0x000001613cdbb4e0 JavaThread "Cache worker for Build Output Cleanup Cache (D:\code\intellij\cangjie\.gradle\buildOutputCleanup)"        [_thread_blocked, id=47020, stack(0x0000001846b00000,0x0000001846c00000) (1024K)]
  0x000001613cdba7c0 JavaThread "Cache worker for file content cache (C:\Users\lin17\.gradle\caches\9.4.0\fileContent)"        [_thread_blocked, id=38164, stack(0x0000001846900000,0x0000001846a00000) (1024K)]
  0x000001613cdbc890 JavaThread "File watcher server"        daemon [_thread_in_native, id=18120, stack(0x0000001847000000,0x0000001847100000) (1024K)]
  0x000001613cdbe960 JavaThread "File watcher consumer"      daemon [_thread_blocked, id=23248, stack(0x0000001847100000,0x0000001847200000) (1024K)]
  0x000001613cdbe2d0 JavaThread "Cache worker for cache directory md-supplier (C:\Users\lin17\.gradle\caches\9.4.0\md-supplier)"        [_thread_blocked, id=29084, stack(0x0000001846e00000,0x0000001846f00000) (1024K)]
  0x000001613cdbbb70 JavaThread "Cache worker for cache directory md-rule (C:\Users\lin17\.gradle\caches\9.4.0\md-rule)"        [_thread_blocked, id=26548, stack(0x0000001847200000,0x0000001847300000) (1024K)]
  0x000001613cdbcf20 JavaThread "Cache worker for Build Output Cleanup Cache (D:\code\intellij\cangjie\repo\gradle-settings-conventions\.gradle\buildOutputCleanup)"        [_thread_blocked, id=43376, stack(0x0000001847600000,0x0000001847700000) (1024K)]
  0x000001613cdbeff0 JavaThread "Build operations"                  [_thread_blocked, id=36424, stack(0x0000001846f00000,0x0000001847000000) (1024K)]
  0x000001613cdbd5b0 JavaThread "Build operations Thread 2"         [_thread_blocked, id=45672, stack(0x0000001847300000,0x0000001847400000) (1024K)]
  0x000001613cdbf680 JavaThread "Build operations Thread 3"         [_thread_blocked, id=44268, stack(0x0000001847400000,0x0000001847500000) (1024K)]
  0x000001613cdbc200 JavaThread "Build operations Thread 4"         [_thread_blocked, id=5040, stack(0x0000001847500000,0x0000001847600000) (1024K)]
  0x000001613dd03100 JavaThread "Build operations Thread 5"         [_thread_blocked, id=36716, stack(0x0000001847700000,0x0000001847800000) (1024K)]
  0x000001613dd03790 JavaThread "Build operations Thread 6"         [_thread_blocked, id=14852, stack(0x0000001847800000,0x0000001847900000) (1024K)]
  0x000001613dd03e20 JavaThread "Cache worker for Build Output Cleanup Cache (D:\code\intellij\cangjie\repo\gradle-build-conventions\.gradle\buildOutputCleanup)"        [_thread_blocked, id=35380, stack(0x0000001847900000,0x0000001847a00000) (1024K)]
  0x000001613dd02a70 JavaThread "Configuration cache report writer"        [_thread_blocked, id=31968, stack(0x0000001847c00000,0x0000001847d00000) (1024K)]
  0x000001613dd023e0 JavaThread "Build operations Thread 7"         [_thread_blocked, id=26216, stack(0x0000001847b00000,0x0000001847c00000) (1024K)]
  0x000001613dd01d50 JavaThread "Build operations Thread 8"         [_thread_blocked, id=13904, stack(0x0000001847d00000,0x0000001847e00000) (1024K)]
  0x000001613dd06580 JavaThread "Build operations Thread 9"         [_thread_blocked, id=48380, stack(0x0000001847e00000,0x0000001847f00000) (1024K)]
  0x000001613dd072a0 JavaThread "Build operations Thread 10"        [_thread_blocked, id=26392, stack(0x0000001847f00000,0x0000001848000000) (1024K)]
  0x000001613dd07930 JavaThread "Build operations Thread 11"        [_thread_blocked, id=32352, stack(0x0000001848000000,0x0000001848100000) (1024K)]
  0x000001613dd06c10 JavaThread "Build operations Thread 12"        [_thread_blocked, id=33992, stack(0x0000001848100000,0x0000001848200000) (1024K)]
  0x000001613dd07fc0 JavaThread "Build operations Thread 13"        [_thread_blocked, id=5988, stack(0x0000001848200000,0x0000001848300000) (1024K)]
  0x000001613dd04b40 JavaThread "Build operations Thread 14"        [_thread_blocked, id=19928, stack(0x0000001848300000,0x0000001848400000) (1024K)]
  0x000001613dd08650 JavaThread "Build operations Thread 15"        [_thread_blocked, id=48324, stack(0x0000001848400000,0x0000001848500000) (1024K)]
  0x000001613dd051d0 JavaThread "Build operations Thread 16"        [_thread_blocked, id=36624, stack(0x0000001848500000,0x0000001848600000) (1024K)]
  0x000001613cc829f0 JavaThread "Memory manager"                    [_thread_blocked, id=15248, stack(0x0000001848600000,0x0000001848700000) (1024K)]
  0x000001613cc87220 JavaThread "build event listener"              [_thread_blocked, id=30244, stack(0x0000001848700000,0x0000001848800000) (1024K)]
  0x000001613cc85150 JavaThread "ForkJoinPool.commonPool-worker-2" daemon [_thread_blocked, id=27936, stack(0x0000001848900000,0x0000001848a00000) (1024K)]
  0x000001613cc87f40 JavaThread "ForkJoinPool.commonPool-worker-7" daemon [_thread_blocked, id=25248, stack(0x0000001848e00000,0x0000001848f00000) (1024K)]
  0x000001613cc85e70 JavaThread "ForkJoinPool.commonPool-worker-10" daemon [_thread_blocked, id=48752, stack(0x0000001849100000,0x0000001849200000) (1024K)]
  0x000001614170a7a0 JavaThread "included builds"                   [_thread_blocked, id=20408, stack(0x0000001849600000,0x0000001849700000) (1024K)]
  0x00000161417086d0 JavaThread "Execution worker"                  [_thread_blocked, id=38344, stack(0x0000001849700000,0x0000001849800000) (1024K)]
  0x000001614170ae30 JavaThread "Execution worker Thread 2"         [_thread_blocked, id=9228, stack(0x0000001849800000,0x0000001849900000) (1024K)]
  0x00000161417093f0 JavaThread "Execution worker Thread 3"         [_thread_blocked, id=35456, stack(0x0000001849900000,0x0000001849a00000) (1024K)]
  0x0000016141709a80 JavaThread "Execution worker Thread 4"         [_thread_in_vm, id=42068, stack(0x0000001849a00000,0x0000001849b00000) (1024K)]
  0x000001614170c1e0 JavaThread "Execution worker Thread 5"         [_thread_blocked, id=42264, stack(0x0000001849b00000,0x0000001849c00000) (1024K)]
  0x0000016141708d60 JavaThread "Execution worker Thread 6"         [_thread_blocked, id=4112, stack(0x0000001849c00000,0x0000001849d00000) (1024K)]
  0x000001614170f660 JavaThread "Execution worker Thread 7"         [_thread_blocked, id=29924, stack(0x0000001849d00000,0x0000001849e00000) (1024K)]
  0x000001614170c870 JavaThread "Execution worker Thread 8"         [_thread_blocked, id=41940, stack(0x0000001849e00000,0x0000001849f00000) (1024K)]
  0x000001614170cf00 JavaThread "Execution worker Thread 9"         [_thread_blocked, id=8892, stack(0x0000001849f00000,0x000000184a000000) (1024K)]
  0x000001614170efd0 JavaThread "Execution worker Thread 10"        [_thread_blocked, id=30192, stack(0x000000184a000000,0x000000184a100000) (1024K)]
  0x000001614170dc20 JavaThread "Execution worker Thread 11"        [_thread_blocked, id=42404, stack(0x000000184a100000,0x000000184a200000) (1024K)]
  0x000001614170d590 JavaThread "Execution worker Thread 12"        [_thread_blocked, id=34356, stack(0x000000184a200000,0x000000184a300000) (1024K)]
  0x000001614170e2b0 JavaThread "Execution worker Thread 13"        [_thread_blocked, id=24164, stack(0x000000184a300000,0x000000184a400000) (1024K)]
  0x000001614170e940 JavaThread "Execution worker Thread 14"        [_thread_blocked, id=29900, stack(0x000000184a400000,0x000000184a500000) (1024K)]
  0x000001613dd08ce0 JavaThread "Execution worker Thread 15"        [_thread_blocked, id=32584, stack(0x000000184a500000,0x000000184a600000) (1024K)]
  0x000001613dd09370 JavaThread "Cache worker for execution history cache (D:\code\intellij\cangjie\repo\gradle-settings-conventions\.gradle\9.4.0\executionHistory)"        [_thread_blocked, id=34788, stack(0x000000184a600000,0x000000184a700000) (1024K)]
  0x000001613f286250 JavaThread "build event listener"              [_thread_blocked, id=4524, stack(0x0000001846c00000,0x0000001846d00000) (1024K)]
  0x000001613f285bc0 JavaThread "ForkJoinPool.commonPool-worker-11" daemon [_thread_blocked, id=32040, stack(0x0000001843700000,0x0000001843800000) (1024K)]
  0x000001614250c4d0 JavaThread "Cache worker for execution history cache (D:\code\intellij\cangjie\repo\gradle-build-conventions\.gradle\9.4.0\executionHistory)"        [_thread_blocked, id=40988, stack(0x0000001843800000,0x0000001843900000) (1024K)]
  0x000001613f289040 JavaThread "build event listener"              [_thread_blocked, id=32376, stack(0x0000001847a00000,0x0000001847b00000) (1024K)]
  0x000001613f289d60 JavaThread "Cache worker for execution history cache (D:\code\intellij\cangjie\.gradle\9.4.0\executionHistory)"        [_thread_blocked, id=33844, stack(0x0000001849300000,0x0000001849400000) (1024K)]
  0x00000161415fe3b0 JavaThread "WorkerExecutor Queue"              [_thread_blocked, id=9060, stack(0x0000001849500000,0x0000001849600000) (1024K)]
  0x00000161416011a0 JavaThread "WorkerExecutor Queue Thread 2"        [_thread_blocked, id=6216, stack(0x000000184a800000,0x000000184a900000) (1024K)]
  0x0000016140f11df0 JavaThread "WorkerExecutor Queue Thread 3"        [_thread_blocked, id=14948, stack(0x0000001846d00000,0x0000001846e00000) (1024K)]
=>0x0000016140f13ec0 JavaThread "pool-3-thread-1"                   [_thread_in_vm, id=40224, stack(0x000000184aa00000,0x000000184ab00000) (1024K)]
  0x000001613dd05860 JavaThread "WorkerExecutor Queue Thread 4"        [_thread_blocked, id=35364, stack(0x000000184a900000,0x000000184aa00000) (1024K)]
  0x000001613dd044b0 JavaThread "pool-4-thread-1"                   [_thread_in_vm, id=25640, stack(0x000000184ad00000,0x000000184ae00000) (1024K)]
  0x0000016142510670 JavaThread "WorkerExecutor Queue Thread 5"        [_thread_blocked, id=39584, stack(0x000000184ae00000,0x000000184af00000) (1024K)]
  0x0000016189f65970 JavaThread "File lock release action executor Thread 2"        [_thread_blocked, id=34888, stack(0x0000001843900000,0x0000001843a00000) (1024K)]
Total: 86

Other Threads:
  0x000001617f279570 VMThread "VM Thread"                           [id=37704, stack(0x0000001844100000,0x0000001844200000) (1024K)] _threads_hazard_ptr=0x000001613ec8a690
  0x000001617f2676c0 WatcherThread "VM Periodic Task Thread"        [id=25116, stack(0x0000001844000000,0x0000001844100000) (1024K)]
  0x00000161627d4cb0 WorkerThread "GC Thread#0"                     [id=27120, stack(0x0000001843b00000,0x0000001843c00000) (1024K)]
  0x000001613b08cdf0 WorkerThread "GC Thread#1"                     [id=22112, stack(0x0000001845000000,0x0000001845100000) (1024K)]
  0x000001617fc9ce80 WorkerThread "GC Thread#2"                     [id=35300, stack(0x0000001845100000,0x0000001845200000) (1024K)]
  0x000001617fc9d220 WorkerThread "GC Thread#3"                     [id=7204, stack(0x0000001845200000,0x0000001845300000) (1024K)]
  0x000001617fc9d5c0 WorkerThread "GC Thread#4"                     [id=11548, stack(0x0000001845300000,0x0000001845400000) (1024K)]
  0x000001613dfe6840 WorkerThread "GC Thread#5"                     [id=33284, stack(0x0000001846000000,0x0000001846100000) (1024K)]
  0x000001613dfe6be0 WorkerThread "GC Thread#6"                     [id=6928, stack(0x0000001846100000,0x0000001846200000) (1024K)]
  0x000001617f8d9d80 WorkerThread "GC Thread#7"                     [id=42936, stack(0x0000001846200000,0x0000001846300000) (1024K)]
  0x000001613d82bf20 WorkerThread "GC Thread#8"                     [id=27392, stack(0x0000001846300000,0x0000001846400000) (1024K)]
  0x000001613d82c2c0 WorkerThread "GC Thread#9"                     [id=29836, stack(0x0000001846400000,0x0000001846500000) (1024K)]
  0x000001613d82c660 WorkerThread "GC Thread#10"                    [id=9512, stack(0x0000001846500000,0x0000001846600000) (1024K)]
  0x000001613d82d4e0 WorkerThread "GC Thread#11"                    [id=35236, stack(0x0000001846600000,0x0000001846700000) (1024K)]
  0x000001613d82bb80 WorkerThread "GC Thread#12"                    [id=36932, stack(0x0000001846700000,0x0000001846800000) (1024K)]
  0x00000161627e2bb0 ConcurrentGCThread "G1 Main Marker"            [id=28068, stack(0x0000001843c00000,0x0000001843d00000) (1024K)]
  0x00000161627e4c50 WorkerThread "G1 Conc#0"                       [id=19572, stack(0x0000001843d00000,0x0000001843e00000) (1024K)]
  0x000001613d82ca00 WorkerThread "G1 Conc#1"                       [id=16080, stack(0x0000001844f00000,0x0000001845000000) (1024K)]
  0x000001613d82cda0 WorkerThread "G1 Conc#2"                       [id=16372, stack(0x0000001846800000,0x0000001846900000) (1024K)]
  0x000001616283e5f0 ConcurrentGCThread "G1 Refine#0"               [id=45168, stack(0x0000001843e00000,0x0000001843f00000) (1024K)]
  0x000001617f139330 ConcurrentGCThread "G1 Service"                [id=9292, stack(0x0000001843f00000,0x0000001844000000) (1024K)]
Total: 21

Threads with active compile tasks:
Total: 0

VM state: synchronizing (normal execution)

VM Mutex/Monitor currently owned by a thread:  ([mutex/lock_event])
[0x00007ffafe0934f0] Metaspace_lock - owner thread: 0x0000016140f13ec0
[0x00007ffafe095570] Threads_lock - owner thread: 0x000001617f279570

Heap address: 0x0000000740000000, size: 3072 MB, Compressed Oops mode: Zero based, Oop shift amount: 3

CDS archive(s) mapped at: [0x0000016102000000-0x0000016102c80000-0x0000016102c80000), size 13107200, SharedBaseAddress: 0x0000016102000000, ArchiveRelocationMode: 1.
Compressed class space mapped at: 0x0000016103000000-0x0000016137000000, reserved size: 872415232
Narrow klass base: 0x0000016102000000, Narrow klass shift: 0, Narrow klass range: 0x100000000

GC Precious Log:
 CardTable entry size: 512
 Card Set container configuration: InlinePtr #cards 4 size 8 Array Of Cards #cards 16 size 48 Howl #buckets 8 coarsen threshold 3686 Howl Bitmap #cards 512 size 80 coarsen threshold 460 Card regions per heap region 1 cards per card region 4096
 CPUs: 16 total, 16 available
 Memory: 15613M
 Large Page Support: Disabled
 NUMA Support: Disabled
 Compressed Oops: Enabled (Zero based)
 Heap Region Size: 2M
 Heap Min Capacity: 8M
 Heap Initial Capacity: 244M
 Heap Max Capacity: 3G
 Pre-touch: Disabled
 Parallel Workers: 13
 Concurrent Workers: 3
 Concurrent Refinement Workers: 13
 Periodic GC: Disabled

Heap:
 garbage-first heap   total 1693696K, used 879437K [0x0000000740000000, 0x0000000800000000)
  region size 2048K, 35 young (71680K), 4 survivors (8192K)
 Metaspace       used 402737K, committed 406720K, reserved 1245184K
  class space    used 46638K, committed 48512K, reserved 851968K

Heap Regions: E=young(eden), S=young(survivor), O=old, HS=humongous(starts), HC=humongous(continues), CS=collection set, F=free, TAMS=top-at-mark-start, PB=parsable bottom
|   0|0x0000000740000000, 0x0000000740200000, 0x0000000740200000|100%|HS|  |TAMS 0x0000000740000000| PB 0x0000000740000000| Complete 
|   1|0x0000000740200000, 0x0000000740400000, 0x0000000740400000|100%|HC|  |TAMS 0x0000000740200000| PB 0x0000000740200000| Complete 
|   2|0x0000000740400000, 0x0000000740600000, 0x0000000740600000|100%| O|  |TAMS 0x0000000740400000| PB 0x0000000740400000| Untracked 
|   3|0x0000000740600000, 0x0000000740800000, 0x0000000740800000|100%| O|  |TAMS 0x0000000740600000| PB 0x0000000740600000| Untracked 
|   4|0x0000000740800000, 0x0000000740a00000, 0x0000000740a00000|100%| O|  |TAMS 0x0000000740800000| PB 0x0000000740800000| Untracked 
|   5|0x0000000740a00000, 0x0000000740c00000, 0x0000000740c00000|100%| O|  |TAMS 0x0000000740a00000| PB 0x0000000740a00000| Untracked 
|   6|0x0000000740c00000, 0x0000000740e00000, 0x0000000740e00000|100%| O|  |TAMS 0x0000000740c00000| PB 0x0000000740c00000| Untracked 
|   7|0x0000000740e00000, 0x0000000741000000, 0x0000000741000000|100%| O|  |TAMS 0x0000000740e00000| PB 0x0000000740e00000| Untracked 
|   8|0x0000000741000000, 0x0000000741200000, 0x0000000741200000|100%| O|  |TAMS 0x0000000741000000| PB 0x0000000741000000| Untracked 
|   9|0x0000000741200000, 0x0000000741400000, 0x0000000741400000|100%| O|  |TAMS 0x0000000741200000| PB 0x0000000741200000| Untracked 
|  10|0x0000000741400000, 0x0000000741600000, 0x0000000741600000|100%| O|  |TAMS 0x0000000741400000| PB 0x0000000741400000| Untracked 
|  11|0x0000000741600000, 0x0000000741800000, 0x0000000741800000|100%|HS|  |TAMS 0x0000000741600000| PB 0x0000000741600000| Complete 
|  12|0x0000000741800000, 0x0000000741a00000, 0x0000000741a00000|100%|HS|  |TAMS 0x0000000741800000| PB 0x0000000741800000| Complete 
|  13|0x0000000741a00000, 0x0000000741c00000, 0x0000000741c00000|100%| O|  |TAMS 0x0000000741a00000| PB 0x0000000741a00000| Untracked 
|  14|0x0000000741c00000, 0x0000000741e00000, 0x0000000741e00000|100%| O|  |TAMS 0x0000000741c00000| PB 0x0000000741c00000| Untracked 
|  15|0x0000000741e00000, 0x0000000742000000, 0x0000000742000000|100%| O|  |TAMS 0x0000000741e00000| PB 0x0000000741e00000| Untracked 
|  16|0x0000000742000000, 0x0000000742200000, 0x0000000742200000|100%| O|  |TAMS 0x0000000742000000| PB 0x0000000742000000| Untracked 
|  17|0x0000000742200000, 0x0000000742400000, 0x0000000742400000|100%| O|  |TAMS 0x0000000742200000| PB 0x0000000742200000| Untracked 
|  18|0x0000000742400000, 0x0000000742600000, 0x0000000742600000|100%| O|  |TAMS 0x0000000742400000| PB 0x0000000742400000| Untracked 
|  19|0x0000000742600000, 0x0000000742800000, 0x0000000742800000|100%| O|  |TAMS 0x0000000742600000| PB 0x0000000742600000| Untracked 
|  20|0x0000000742800000, 0x0000000742a00000, 0x0000000742a00000|100%| O|  |TAMS 0x0000000742800000| PB 0x0000000742800000| Untracked 
|  21|0x0000000742a00000, 0x0000000742c00000, 0x0000000742c00000|100%| O|  |TAMS 0x0000000742a00000| PB 0x0000000742a00000| Untracked 
|  22|0x0000000742c00000, 0x0000000742e00000, 0x0000000742e00000|100%| O|  |TAMS 0x0000000742c00000| PB 0x0000000742c00000| Untracked 
|  23|0x0000000742e00000, 0x0000000743000000, 0x0000000743000000|100%| O|  |TAMS 0x0000000742e00000| PB 0x0000000742e00000| Untracked 
|  24|0x0000000743000000, 0x0000000743200000, 0x0000000743200000|100%| O|  |TAMS 0x0000000743000000| PB 0x0000000743000000| Untracked 
|  25|0x0000000743200000, 0x0000000743400000, 0x0000000743400000|100%| O|  |TAMS 0x0000000743200000| PB 0x0000000743200000| Untracked 
|  26|0x0000000743400000, 0x0000000743600000, 0x0000000743600000|100%| O|  |TAMS 0x0000000743400000| PB 0x0000000743400000| Untracked 
|  27|0x0000000743600000, 0x0000000743800000, 0x0000000743800000|100%|HS|  |TAMS 0x0000000743600000| PB 0x0000000743600000| Complete 
|  28|0x0000000743800000, 0x0000000743a00000, 0x0000000743a00000|100%| O|  |TAMS 0x0000000743800000| PB 0x0000000743800000| Untracked 
|  29|0x0000000743a00000, 0x0000000743c00000, 0x0000000743c00000|100%| O|  |TAMS 0x0000000743a00000| PB 0x0000000743a00000| Untracked 
|  30|0x0000000743c00000, 0x0000000743e00000, 0x0000000743e00000|100%| O|  |TAMS 0x0000000743c00000| PB 0x0000000743c00000| Untracked 
|  31|0x0000000743e00000, 0x0000000744000000, 0x0000000744000000|100%| O|  |TAMS 0x0000000743e00000| PB 0x0000000743e00000| Untracked 
|  32|0x0000000744000000, 0x0000000744200000, 0x0000000744200000|100%| O|  |TAMS 0x0000000744000000| PB 0x0000000744000000| Untracked 
|  33|0x0000000744200000, 0x0000000744400000, 0x0000000744400000|100%| O|  |TAMS 0x0000000744200000| PB 0x0000000744200000| Untracked 
|  34|0x0000000744400000, 0x0000000744600000, 0x0000000744600000|100%| O|  |TAMS 0x0000000744400000| PB 0x0000000744400000| Untracked 
|  35|0x0000000744600000, 0x0000000744800000, 0x0000000744800000|100%| O|  |TAMS 0x0000000744600000| PB 0x0000000744600000| Untracked 
|  36|0x0000000744800000, 0x0000000744a00000, 0x0000000744a00000|100%| O|  |TAMS 0x0000000744800000| PB 0x0000000744800000| Untracked 
|  37|0x0000000744a00000, 0x0000000744c00000, 0x0000000744c00000|100%| O|  |TAMS 0x0000000744a00000| PB 0x0000000744a00000| Untracked 
|  38|0x0000000744c00000, 0x0000000744e00000, 0x0000000744e00000|100%| O|  |TAMS 0x0000000744c00000| PB 0x0000000744c00000| Untracked 
|  39|0x0000000744e00000, 0x0000000745000000, 0x0000000745000000|100%| O|  |TAMS 0x0000000744e00000| PB 0x0000000744e00000| Untracked 
|  40|0x0000000745000000, 0x0000000745200000, 0x0000000745200000|100%| O|  |TAMS 0x0000000745000000| PB 0x0000000745000000| Untracked 
|  41|0x0000000745200000, 0x0000000745400000, 0x0000000745400000|100%| O|  |TAMS 0x0000000745200000| PB 0x0000000745200000| Untracked 
|  42|0x0000000745400000, 0x0000000745600000, 0x0000000745600000|100%| O|  |TAMS 0x0000000745400000| PB 0x0000000745400000| Untracked 
|  43|0x0000000745600000, 0x0000000745800000, 0x0000000745800000|100%| O|  |TAMS 0x0000000745600000| PB 0x0000000745600000| Untracked 
|  44|0x0000000745800000, 0x0000000745a00000, 0x0000000745a00000|100%| O|  |TAMS 0x0000000745800000| PB 0x0000000745800000| Untracked 
|  45|0x0000000745a00000, 0x0000000745c00000, 0x0000000745c00000|100%| O|  |TAMS 0x0000000745a00000| PB 0x0000000745a00000| Untracked 
|  46|0x0000000745c00000, 0x0000000745e00000, 0x0000000745e00000|100%| O|  |TAMS 0x0000000745c00000| PB 0x0000000745c00000| Untracked 
|  47|0x0000000745e00000, 0x0000000746000000, 0x0000000746000000|100%| O|  |TAMS 0x0000000745e00000| PB 0x0000000745e00000| Untracked 
|  48|0x0000000746000000, 0x0000000746200000, 0x0000000746200000|100%| O|  |TAMS 0x0000000746000000| PB 0x0000000746000000| Untracked 
|  49|0x0000000746200000, 0x0000000746400000, 0x0000000746400000|100%| O|  |TAMS 0x0000000746200000| PB 0x0000000746200000| Untracked 
|  50|0x0000000746400000, 0x0000000746600000, 0x0000000746600000|100%| O|  |TAMS 0x0000000746400000| PB 0x0000000746400000| Untracked 
|  51|0x0000000746600000, 0x0000000746800000, 0x0000000746800000|100%| O|  |TAMS 0x0000000746600000| PB 0x0000000746600000| Untracked 
|  52|0x0000000746800000, 0x0000000746a00000, 0x0000000746a00000|100%| O|  |TAMS 0x0000000746800000| PB 0x0000000746800000| Untracked 
|  53|0x0000000746a00000, 0x0000000746c00000, 0x0000000746c00000|100%| O|  |TAMS 0x0000000746a00000| PB 0x0000000746a00000| Untracked 
|  54|0x0000000746c00000, 0x0000000746e00000, 0x0000000746e00000|100%| O|  |TAMS 0x0000000746c00000| PB 0x0000000746c00000| Untracked 
|  55|0x0000000746e00000, 0x0000000747000000, 0x0000000747000000|100%| O|  |TAMS 0x0000000746e00000| PB 0x0000000746e00000| Untracked 
|  56|0x0000000747000000, 0x0000000747200000, 0x0000000747200000|100%| O|  |TAMS 0x0000000747000000| PB 0x0000000747000000| Untracked 
|  57|0x0000000747200000, 0x0000000747400000, 0x0000000747400000|100%| O|  |TAMS 0x0000000747200000| PB 0x0000000747200000| Untracked 
|  58|0x0000000747400000, 0x0000000747600000, 0x0000000747600000|100%| O|  |TAMS 0x0000000747400000| PB 0x0000000747400000| Untracked 
|  59|0x0000000747600000, 0x0000000747800000, 0x0000000747800000|100%| O|  |TAMS 0x0000000747600000| PB 0x0000000747600000| Untracked 
|  60|0x0000000747800000, 0x0000000747a00000, 0x0000000747a00000|100%| O|  |TAMS 0x0000000747800000| PB 0x0000000747800000| Untracked 
|  61|0x0000000747a00000, 0x0000000747c00000, 0x0000000747c00000|100%| O|  |TAMS 0x0000000747a00000| PB 0x0000000747a00000| Untracked 
|  62|0x0000000747c00000, 0x0000000747e00000, 0x0000000747e00000|100%| O|  |TAMS 0x0000000747c00000| PB 0x0000000747c00000| Untracked 
|  63|0x0000000747e00000, 0x0000000748000000, 0x0000000748000000|100%| O|  |TAMS 0x0000000747e00000| PB 0x0000000747e00000| Untracked 
|  64|0x0000000748000000, 0x0000000748200000, 0x0000000748200000|100%| O|  |TAMS 0x0000000748000000| PB 0x0000000748000000| Untracked 
|  65|0x0000000748200000, 0x0000000748400000, 0x0000000748400000|100%| O|  |TAMS 0x0000000748200000| PB 0x0000000748200000| Untracked 
|  66|0x0000000748400000, 0x0000000748600000, 0x0000000748600000|100%| O|  |TAMS 0x0000000748400000| PB 0x0000000748400000| Untracked 
|  67|0x0000000748600000, 0x0000000748800000, 0x0000000748800000|100%| O|  |TAMS 0x0000000748600000| PB 0x0000000748600000| Untracked 
|  68|0x0000000748800000, 0x0000000748a00000, 0x0000000748a00000|100%| O|  |TAMS 0x0000000748800000| PB 0x0000000748800000| Untracked 
|  69|0x0000000748a00000, 0x0000000748c00000, 0x0000000748c00000|100%| O|  |TAMS 0x0000000748a00000| PB 0x0000000748a00000| Untracked 
|  70|0x0000000748c00000, 0x0000000748e00000, 0x0000000748e00000|100%| O|  |TAMS 0x0000000748c00000| PB 0x0000000748c00000| Untracked 
|  71|0x0000000748e00000, 0x0000000749000000, 0x0000000749000000|100%| O|  |TAMS 0x0000000748e00000| PB 0x0000000748e00000| Untracked 
|  72|0x0000000749000000, 0x0000000749200000, 0x0000000749200000|100%| O|  |TAMS 0x0000000749000000| PB 0x0000000749000000| Untracked 
|  73|0x0000000749200000, 0x0000000749400000, 0x0000000749400000|100%| O|  |TAMS 0x0000000749200000| PB 0x0000000749200000| Untracked 
|  74|0x0000000749400000, 0x0000000749600000, 0x0000000749600000|100%| O|  |TAMS 0x0000000749400000| PB 0x0000000749400000| Untracked 
|  75|0x0000000749600000, 0x0000000749800000, 0x0000000749800000|100%| O|  |TAMS 0x0000000749600000| PB 0x0000000749600000| Untracked 
|  76|0x0000000749800000, 0x0000000749a00000, 0x0000000749a00000|100%| O|  |TAMS 0x0000000749800000| PB 0x0000000749800000| Untracked 
|  77|0x0000000749a00000, 0x0000000749c00000, 0x0000000749c00000|100%| O|  |TAMS 0x0000000749a00000| PB 0x0000000749a00000| Untracked 
|  78|0x0000000749c00000, 0x0000000749e00000, 0x0000000749e00000|100%| O|  |TAMS 0x0000000749c00000| PB 0x0000000749c00000| Untracked 
|  79|0x0000000749e00000, 0x000000074a000000, 0x000000074a000000|100%| O|  |TAMS 0x0000000749e00000| PB 0x0000000749e00000| Untracked 
|  80|0x000000074a000000, 0x000000074a200000, 0x000000074a200000|100%| O|Cm|TAMS 0x000000074a000000| PB 0x000000074a000000| Complete 
|  81|0x000000074a200000, 0x000000074a400000, 0x000000074a400000|100%| O|  |TAMS 0x000000074a200000| PB 0x000000074a200000| Untracked 
|  82|0x000000074a400000, 0x000000074a600000, 0x000000074a600000|100%| O|  |TAMS 0x000000074a400000| PB 0x000000074a400000| Untracked 
|  83|0x000000074a600000, 0x000000074a800000, 0x000000074a800000|100%| O|  |TAMS 0x000000074a600000| PB 0x000000074a600000| Untracked 
|  84|0x000000074a800000, 0x000000074aa00000, 0x000000074aa00000|100%| O|  |TAMS 0x000000074a800000| PB 0x000000074a800000| Untracked 
|  85|0x000000074aa00000, 0x000000074ac00000, 0x000000074ac00000|100%| O|  |TAMS 0x000000074aa00000| PB 0x000000074aa00000| Untracked 
|  86|0x000000074ac00000, 0x000000074ae00000, 0x000000074ae00000|100%| O|  |TAMS 0x000000074ac00000| PB 0x000000074ac00000| Untracked 
|  87|0x000000074ae00000, 0x000000074b000000, 0x000000074b000000|100%|HS|  |TAMS 0x000000074ae00000| PB 0x000000074ae00000| Complete 
|  88|0x000000074b000000, 0x000000074b200000, 0x000000074b200000|100%|HC|  |TAMS 0x000000074b000000| PB 0x000000074b000000| Complete 
|  89|0x000000074b200000, 0x000000074b400000, 0x000000074b400000|100%| O|  |TAMS 0x000000074b200000| PB 0x000000074b200000| Untracked 
|  90|0x000000074b400000, 0x000000074b600000, 0x000000074b600000|100%| O|  |TAMS 0x000000074b400000| PB 0x000000074b400000| Untracked 
|  91|0x000000074b600000, 0x000000074b800000, 0x000000074b800000|100%| O|Cm|TAMS 0x000000074b600000| PB 0x000000074b600000| Complete 
|  92|0x000000074b800000, 0x000000074ba00000, 0x000000074ba00000|100%| O|Cm|TAMS 0x000000074b800000| PB 0x000000074b800000| Complete 
|  93|0x000000074ba00000, 0x000000074bc00000, 0x000000074bc00000|100%| O|  |TAMS 0x000000074ba00000| PB 0x000000074ba00000| Untracked 
|  94|0x000000074bc00000, 0x000000074be00000, 0x000000074be00000|100%| O|  |TAMS 0x000000074bc00000| PB 0x000000074bc00000| Untracked 
|  95|0x000000074be00000, 0x000000074c000000, 0x000000074c000000|100%| O|  |TAMS 0x000000074be00000| PB 0x000000074be00000| Untracked 
|  96|0x000000074c000000, 0x000000074c200000, 0x000000074c200000|100%| O|  |TAMS 0x000000074c000000| PB 0x000000074c000000| Untracked 
|  97|0x000000074c200000, 0x000000074c400000, 0x000000074c400000|100%| O|  |TAMS 0x000000074c200000| PB 0x000000074c200000| Untracked 
|  98|0x000000074c400000, 0x000000074c600000, 0x000000074c600000|100%| O|Cm|TAMS 0x000000074c400000| PB 0x000000074c400000| Complete 
|  99|0x000000074c600000, 0x000000074c800000, 0x000000074c800000|100%| O|Cm|TAMS 0x000000074c600000| PB 0x000000074c600000| Complete 
| 100|0x000000074c800000, 0x000000074ca00000, 0x000000074ca00000|100%| O|Cm|TAMS 0x000000074c800000| PB 0x000000074c800000| Complete 
| 101|0x000000074ca00000, 0x000000074cc00000, 0x000000074cc00000|100%| O|Cm|TAMS 0x000000074ca00000| PB 0x000000074ca00000| Complete 
| 102|0x000000074cc00000, 0x000000074ce00000, 0x000000074ce00000|100%| O|  |TAMS 0x000000074cc00000| PB 0x000000074cc00000| Untracked 
| 103|0x000000074ce00000, 0x000000074d000000, 0x000000074d000000|100%| O|  |TAMS 0x000000074ce00000| PB 0x000000074ce00000| Untracked 
| 104|0x000000074d000000, 0x000000074d200000, 0x000000074d200000|100%| O|  |TAMS 0x000000074d000000| PB 0x000000074d000000| Untracked 
| 105|0x000000074d200000, 0x000000074d400000, 0x000000074d400000|100%| O|  |TAMS 0x000000074d200000| PB 0x000000074d200000| Untracked 
| 106|0x000000074d400000, 0x000000074d600000, 0x000000074d600000|100%| O|  |TAMS 0x000000074d400000| PB 0x000000074d400000| Untracked 
| 107|0x000000074d600000, 0x000000074d800000, 0x000000074d800000|100%| O|  |TAMS 0x000000074d600000| PB 0x000000074d600000| Untracked 
| 108|0x000000074d800000, 0x000000074da00000, 0x000000074da00000|100%| O|  |TAMS 0x000000074d800000| PB 0x000000074d800000| Untracked 
| 109|0x000000074da00000, 0x000000074dc00000, 0x000000074dc00000|100%| O|  |TAMS 0x000000074da00000| PB 0x000000074da00000| Untracked 
| 110|0x000000074dc00000, 0x000000074de00000, 0x000000074de00000|100%| O|Cm|TAMS 0x000000074dc00000| PB 0x000000074dc00000| Complete 
| 111|0x000000074de00000, 0x000000074e000000, 0x000000074e000000|100%| O|  |TAMS 0x000000074de00000| PB 0x000000074de00000| Untracked 
| 112|0x000000074e000000, 0x000000074e200000, 0x000000074e200000|100%| O|  |TAMS 0x000000074e000000| PB 0x000000074e000000| Untracked 
| 113|0x000000074e200000, 0x000000074e400000, 0x000000074e400000|100%| O|  |TAMS 0x000000074e200000| PB 0x000000074e200000| Untracked 
| 114|0x000000074e400000, 0x000000074e600000, 0x000000074e600000|100%| O|  |TAMS 0x000000074e400000| PB 0x000000074e400000| Untracked 
| 115|0x000000074e600000, 0x000000074e800000, 0x000000074e800000|100%| O|  |TAMS 0x000000074e600000| PB 0x000000074e600000| Untracked 
| 116|0x000000074e800000, 0x000000074ea00000, 0x000000074ea00000|100%| O|  |TAMS 0x000000074e800000| PB 0x000000074e800000| Untracked 
| 117|0x000000074ea00000, 0x000000074ec00000, 0x000000074ec00000|100%| O|  |TAMS 0x000000074ea00000| PB 0x000000074ea00000| Untracked 
| 118|0x000000074ec00000, 0x000000074ee00000, 0x000000074ee00000|100%| O|  |TAMS 0x000000074ec00000| PB 0x000000074ec00000| Untracked 
| 119|0x000000074ee00000, 0x000000074f000000, 0x000000074f000000|100%| O|  |TAMS 0x000000074ee00000| PB 0x000000074ee00000| Untracked 
| 120|0x000000074f000000, 0x000000074f200000, 0x000000074f200000|100%| O|  |TAMS 0x000000074f000000| PB 0x000000074f000000| Untracked 
| 121|0x000000074f200000, 0x000000074f400000, 0x000000074f400000|100%| O|  |TAMS 0x000000074f200000| PB 0x000000074f200000| Untracked 
| 122|0x000000074f400000, 0x000000074f600000, 0x000000074f600000|100%| O|  |TAMS 0x000000074f400000| PB 0x000000074f400000| Untracked 
| 123|0x000000074f600000, 0x000000074f800000, 0x000000074f800000|100%| O|  |TAMS 0x000000074f600000| PB 0x000000074f600000| Untracked 
| 124|0x000000074f800000, 0x000000074fa00000, 0x000000074fa00000|100%| O|Cm|TAMS 0x000000074f800000| PB 0x000000074f800000| Complete 
| 125|0x000000074fa00000, 0x000000074fc00000, 0x000000074fc00000|100%| O|  |TAMS 0x000000074fa00000| PB 0x000000074fa00000| Untracked 
| 126|0x000000074fc00000, 0x000000074fe00000, 0x000000074fe00000|100%| O|  |TAMS 0x000000074fc00000| PB 0x000000074fc00000| Untracked 
| 127|0x000000074fe00000, 0x0000000750000000, 0x0000000750000000|100%| O|  |TAMS 0x000000074fe00000| PB 0x000000074fe00000| Untracked 
| 128|0x0000000750000000, 0x0000000750200000, 0x0000000750200000|100%| O|  |TAMS 0x0000000750000000| PB 0x0000000750000000| Untracked 
| 129|0x0000000750200000, 0x0000000750400000, 0x0000000750400000|100%| O|  |TAMS 0x0000000750200000| PB 0x0000000750200000| Untracked 
| 130|0x0000000750400000, 0x0000000750600000, 0x0000000750600000|100%| O|  |TAMS 0x0000000750400000| PB 0x0000000750400000| Untracked 
| 131|0x0000000750600000, 0x0000000750800000, 0x0000000750800000|100%| O|  |TAMS 0x0000000750600000| PB 0x0000000750600000| Untracked 
| 132|0x0000000750800000, 0x0000000750a00000, 0x0000000750a00000|100%| O|  |TAMS 0x0000000750800000| PB 0x0000000750800000| Untracked 
| 133|0x0000000750a00000, 0x0000000750c00000, 0x0000000750c00000|100%| O|  |TAMS 0x0000000750a00000| PB 0x0000000750a00000| Untracked 
| 134|0x0000000750c00000, 0x0000000750e00000, 0x0000000750e00000|100%| O|  |TAMS 0x0000000750c00000| PB 0x0000000750c00000| Untracked 
| 135|0x0000000750e00000, 0x0000000751000000, 0x0000000751000000|100%| O|Cm|TAMS 0x0000000750e00000| PB 0x0000000750e00000| Complete 
| 136|0x0000000751000000, 0x0000000751200000, 0x0000000751200000|100%| O|Cm|TAMS 0x0000000751000000| PB 0x0000000751000000| Complete 
| 137|0x0000000751200000, 0x0000000751400000, 0x0000000751400000|100%| O|Cm|TAMS 0x0000000751200000| PB 0x0000000751200000| Complete 
| 138|0x0000000751400000, 0x0000000751600000, 0x0000000751600000|100%| O|  |TAMS 0x0000000751400000| PB 0x0000000751400000| Untracked 
| 139|0x0000000751600000, 0x0000000751800000, 0x0000000751800000|100%| O|Cm|TAMS 0x0000000751600000| PB 0x0000000751600000| Complete 
| 140|0x0000000751800000, 0x0000000751a00000, 0x0000000751a00000|100%| O|  |TAMS 0x0000000751800000| PB 0x0000000751800000| Untracked 
| 141|0x0000000751a00000, 0x0000000751c00000, 0x0000000751c00000|100%| O|  |TAMS 0x0000000751a00000| PB 0x0000000751a00000| Untracked 
| 142|0x0000000751c00000, 0x0000000751e00000, 0x0000000751e00000|100%| O|  |TAMS 0x0000000751c00000| PB 0x0000000751c00000| Untracked 
| 143|0x0000000751e00000, 0x0000000752000000, 0x0000000752000000|100%| O|Cm|TAMS 0x0000000751e00000| PB 0x0000000751e00000| Complete 
| 144|0x0000000752000000, 0x0000000752200000, 0x0000000752200000|100%| O|  |TAMS 0x0000000752000000| PB 0x0000000752000000| Untracked 
| 145|0x0000000752200000, 0x0000000752400000, 0x0000000752400000|100%| O|  |TAMS 0x0000000752200000| PB 0x0000000752200000| Untracked 
| 146|0x0000000752400000, 0x0000000752600000, 0x0000000752600000|100%| O|  |TAMS 0x0000000752400000| PB 0x0000000752400000| Untracked 
| 147|0x0000000752600000, 0x0000000752800000, 0x0000000752800000|100%| O|Cm|TAMS 0x0000000752600000| PB 0x0000000752600000| Complete 
| 148|0x0000000752800000, 0x0000000752a00000, 0x0000000752a00000|100%| O|  |TAMS 0x0000000752800000| PB 0x0000000752800000| Untracked 
| 149|0x0000000752a00000, 0x0000000752c00000, 0x0000000752c00000|100%| O|  |TAMS 0x0000000752a00000| PB 0x0000000752a00000| Untracked 
| 150|0x0000000752c00000, 0x0000000752e00000, 0x0000000752e00000|100%| O|  |TAMS 0x0000000752c00000| PB 0x0000000752c00000| Untracked 
| 151|0x0000000752e00000, 0x0000000753000000, 0x0000000753000000|100%| O|  |TAMS 0x0000000752e00000| PB 0x0000000752e00000| Untracked 
| 152|0x0000000753000000, 0x0000000753200000, 0x0000000753200000|100%| O|  |TAMS 0x0000000753000000| PB 0x0000000753000000| Untracked 
| 153|0x0000000753200000, 0x0000000753400000, 0x0000000753400000|100%| O|  |TAMS 0x0000000753200000| PB 0x0000000753200000| Untracked 
| 154|0x0000000753400000, 0x0000000753600000, 0x0000000753600000|100%| O|Cm|TAMS 0x0000000753400000| PB 0x0000000753400000| Complete 
| 155|0x0000000753600000, 0x0000000753800000, 0x0000000753800000|100%| O|  |TAMS 0x0000000753600000| PB 0x0000000753600000| Untracked 
| 156|0x0000000753800000, 0x0000000753a00000, 0x0000000753a00000|100%| O|  |TAMS 0x0000000753800000| PB 0x0000000753800000| Untracked 
| 157|0x0000000753a00000, 0x0000000753c00000, 0x0000000753c00000|100%| O|  |TAMS 0x0000000753a00000| PB 0x0000000753a00000| Untracked 
| 158|0x0000000753c00000, 0x0000000753e00000, 0x0000000753e00000|100%| O|  |TAMS 0x0000000753c00000| PB 0x0000000753c00000| Untracked 
| 159|0x0000000753e00000, 0x0000000754000000, 0x0000000754000000|100%| O|  |TAMS 0x0000000753e00000| PB 0x0000000753e00000| Untracked 
| 160|0x0000000754000000, 0x0000000754200000, 0x0000000754200000|100%| O|  |TAMS 0x0000000754000000| PB 0x0000000754000000| Untracked 
| 161|0x0000000754200000, 0x0000000754400000, 0x0000000754400000|100%| O|  |TAMS 0x0000000754200000| PB 0x0000000754200000| Untracked 
| 162|0x0000000754400000, 0x0000000754600000, 0x0000000754600000|100%| O|  |TAMS 0x0000000754400000| PB 0x0000000754400000| Untracked 
| 163|0x0000000754600000, 0x0000000754800000, 0x0000000754800000|100%| O|  |TAMS 0x0000000754600000| PB 0x0000000754600000| Untracked 
| 164|0x0000000754800000, 0x0000000754a00000, 0x0000000754a00000|100%| O|Cm|TAMS 0x0000000754800000| PB 0x0000000754800000| Complete 
| 165|0x0000000754a00000, 0x0000000754c00000, 0x0000000754c00000|100%| O|  |TAMS 0x0000000754a00000| PB 0x0000000754a00000| Untracked 
| 166|0x0000000754c00000, 0x0000000754e00000, 0x0000000754e00000|100%| O|  |TAMS 0x0000000754c00000| PB 0x0000000754c00000| Untracked 
| 167|0x0000000754e00000, 0x0000000755000000, 0x0000000755000000|100%| O|  |TAMS 0x0000000754e00000| PB 0x0000000754e00000| Untracked 
| 168|0x0000000755000000, 0x0000000755200000, 0x0000000755200000|100%| O|  |TAMS 0x0000000755000000| PB 0x0000000755000000| Untracked 
| 169|0x0000000755200000, 0x0000000755400000, 0x0000000755400000|100%| O|  |TAMS 0x0000000755200000| PB 0x0000000755200000| Untracked 
| 170|0x0000000755400000, 0x0000000755600000, 0x0000000755600000|100%| O|  |TAMS 0x0000000755400000| PB 0x0000000755400000| Untracked 
| 171|0x0000000755600000, 0x0000000755800000, 0x0000000755800000|100%| O|  |TAMS 0x0000000755600000| PB 0x0000000755600000| Untracked 
| 172|0x0000000755800000, 0x0000000755a00000, 0x0000000755a00000|100%| O|  |TAMS 0x0000000755800000| PB 0x0000000755800000| Untracked 
| 173|0x0000000755a00000, 0x0000000755c00000, 0x0000000755c00000|100%| O|  |TAMS 0x0000000755a00000| PB 0x0000000755a00000| Untracked 
| 174|0x0000000755c00000, 0x0000000755e00000, 0x0000000755e00000|100%| O|  |TAMS 0x0000000755c00000| PB 0x0000000755c00000| Untracked 
| 175|0x0000000755e00000, 0x0000000756000000, 0x0000000756000000|100%| O|  |TAMS 0x0000000755e00000| PB 0x0000000755e00000| Untracked 
| 176|0x0000000756000000, 0x0000000756200000, 0x0000000756200000|100%| O|  |TAMS 0x0000000756000000| PB 0x0000000756000000| Untracked 
| 177|0x0000000756200000, 0x0000000756400000, 0x0000000756400000|100%| O|  |TAMS 0x0000000756200000| PB 0x0000000756200000| Untracked 
| 178|0x0000000756400000, 0x0000000756600000, 0x0000000756600000|100%| O|  |TAMS 0x0000000756400000| PB 0x0000000756400000| Untracked 
| 179|0x0000000756600000, 0x0000000756800000, 0x0000000756800000|100%| O|  |TAMS 0x0000000756600000| PB 0x0000000756600000| Untracked 
| 180|0x0000000756800000, 0x0000000756a00000, 0x0000000756a00000|100%| O|  |TAMS 0x0000000756800000| PB 0x0000000756800000| Untracked 
| 181|0x0000000756a00000, 0x0000000756c00000, 0x0000000756c00000|100%| O|Cm|TAMS 0x0000000756a00000| PB 0x0000000756a00000| Complete 
| 182|0x0000000756c00000, 0x0000000756e00000, 0x0000000756e00000|100%| O|  |TAMS 0x0000000756c00000| PB 0x0000000756c00000| Untracked 
| 183|0x0000000756e00000, 0x0000000757000000, 0x0000000757000000|100%| O|  |TAMS 0x0000000756e00000| PB 0x0000000756e00000| Untracked 
| 184|0x0000000757000000, 0x0000000757200000, 0x0000000757200000|100%| O|  |TAMS 0x0000000757000000| PB 0x0000000757000000| Untracked 
| 185|0x0000000757200000, 0x0000000757400000, 0x0000000757400000|100%| O|  |TAMS 0x0000000757200000| PB 0x0000000757200000| Untracked 
| 186|0x0000000757400000, 0x0000000757600000, 0x0000000757600000|100%| O|  |TAMS 0x0000000757400000| PB 0x0000000757400000| Untracked 
| 187|0x0000000757600000, 0x0000000757800000, 0x0000000757800000|100%| O|Cm|TAMS 0x0000000757600000| PB 0x0000000757600000| Complete 
| 188|0x0000000757800000, 0x0000000757a00000, 0x0000000757a00000|100%| O|Cm|TAMS 0x0000000757800000| PB 0x0000000757800000| Complete 
| 189|0x0000000757a00000, 0x0000000757c00000, 0x0000000757c00000|100%| O|  |TAMS 0x0000000757a00000| PB 0x0000000757a00000| Untracked 
| 190|0x0000000757c00000, 0x0000000757e00000, 0x0000000757e00000|100%| O|  |TAMS 0x0000000757c00000| PB 0x0000000757c00000| Untracked 
| 191|0x0000000757e00000, 0x0000000758000000, 0x0000000758000000|100%| O|  |TAMS 0x0000000757e00000| PB 0x0000000757e00000| Untracked 
| 192|0x0000000758000000, 0x0000000758200000, 0x0000000758200000|100%| O|  |TAMS 0x0000000758000000| PB 0x0000000758000000| Untracked 
| 193|0x0000000758200000, 0x0000000758400000, 0x0000000758400000|100%| O|  |TAMS 0x0000000758200000| PB 0x0000000758200000| Untracked 
| 194|0x0000000758400000, 0x0000000758600000, 0x0000000758600000|100%| O|  |TAMS 0x0000000758400000| PB 0x0000000758400000| Untracked 
| 195|0x0000000758600000, 0x0000000758800000, 0x0000000758800000|100%| O|  |TAMS 0x0000000758600000| PB 0x0000000758600000| Untracked 
| 196|0x0000000758800000, 0x0000000758a00000, 0x0000000758a00000|100%| O|  |TAMS 0x0000000758800000| PB 0x0000000758800000| Untracked 
| 197|0x0000000758a00000, 0x0000000758c00000, 0x0000000758c00000|100%| O|  |TAMS 0x0000000758a00000| PB 0x0000000758a00000| Untracked 
| 198|0x0000000758c00000, 0x0000000758e00000, 0x0000000758e00000|100%| O|Cm|TAMS 0x0000000758c00000| PB 0x0000000758c00000| Complete 
| 199|0x0000000758e00000, 0x0000000759000000, 0x0000000759000000|100%| O|  |TAMS 0x0000000758e00000| PB 0x0000000758e00000| Untracked 
| 200|0x0000000759000000, 0x0000000759200000, 0x0000000759200000|100%| O|  |TAMS 0x0000000759000000| PB 0x0000000759000000| Untracked 
| 201|0x0000000759200000, 0x0000000759400000, 0x0000000759400000|100%| O|  |TAMS 0x0000000759200000| PB 0x0000000759200000| Untracked 
| 202|0x0000000759400000, 0x0000000759600000, 0x0000000759600000|100%| O|  |TAMS 0x0000000759400000| PB 0x0000000759400000| Untracked 
| 203|0x0000000759600000, 0x0000000759800000, 0x0000000759800000|100%| O|  |TAMS 0x0000000759600000| PB 0x0000000759600000| Untracked 
| 204|0x0000000759800000, 0x0000000759a00000, 0x0000000759a00000|100%| O|  |TAMS 0x0000000759800000| PB 0x0000000759800000| Untracked 
| 205|0x0000000759a00000, 0x0000000759c00000, 0x0000000759c00000|100%| O|  |TAMS 0x0000000759a00000| PB 0x0000000759a00000| Untracked 
| 206|0x0000000759c00000, 0x0000000759e00000, 0x0000000759e00000|100%| O|  |TAMS 0x0000000759c00000| PB 0x0000000759c00000| Untracked 
| 207|0x0000000759e00000, 0x000000075a000000, 0x000000075a000000|100%| O|  |TAMS 0x0000000759e00000| PB 0x0000000759e00000| Untracked 
| 208|0x000000075a000000, 0x000000075a200000, 0x000000075a200000|100%| O|Cm|TAMS 0x000000075a000000| PB 0x000000075a000000| Complete 
| 209|0x000000075a200000, 0x000000075a400000, 0x000000075a400000|100%| O|  |TAMS 0x000000075a200000| PB 0x000000075a200000| Untracked 
| 210|0x000000075a400000, 0x000000075a600000, 0x000000075a600000|100%| O|  |TAMS 0x000000075a400000| PB 0x000000075a400000| Untracked 
| 211|0x000000075a600000, 0x000000075a800000, 0x000000075a800000|100%| O|  |TAMS 0x000000075a600000| PB 0x000000075a600000| Untracked 
| 212|0x000000075a800000, 0x000000075aa00000, 0x000000075aa00000|100%| O|  |TAMS 0x000000075a800000| PB 0x000000075a800000| Untracked 
| 213|0x000000075aa00000, 0x000000075ac00000, 0x000000075ac00000|100%| O|  |TAMS 0x000000075aa00000| PB 0x000000075aa00000| Untracked 
| 214|0x000000075ac00000, 0x000000075ae00000, 0x000000075ae00000|100%| O|  |TAMS 0x000000075ac00000| PB 0x000000075ac00000| Untracked 
| 215|0x000000075ae00000, 0x000000075b000000, 0x000000075b000000|100%| O|  |TAMS 0x000000075ae00000| PB 0x000000075ae00000| Untracked 
| 216|0x000000075b000000, 0x000000075b200000, 0x000000075b200000|100%| O|  |TAMS 0x000000075b000000| PB 0x000000075b000000| Untracked 
| 217|0x000000075b200000, 0x000000075b400000, 0x000000075b400000|100%| O|  |TAMS 0x000000075b200000| PB 0x000000075b200000| Untracked 
| 218|0x000000075b400000, 0x000000075b600000, 0x000000075b600000|100%| O|  |TAMS 0x000000075b400000| PB 0x000000075b400000| Untracked 
| 219|0x000000075b600000, 0x000000075b800000, 0x000000075b800000|100%| O|  |TAMS 0x000000075b600000| PB 0x000000075b600000| Untracked 
| 220|0x000000075b800000, 0x000000075ba00000, 0x000000075ba00000|100%| O|  |TAMS 0x000000075b800000| PB 0x000000075b800000| Untracked 
| 221|0x000000075ba00000, 0x000000075bc00000, 0x000000075bc00000|100%| O|Cm|TAMS 0x000000075ba00000| PB 0x000000075ba00000| Complete 
| 222|0x000000075bc00000, 0x000000075be00000, 0x000000075be00000|100%| O|  |TAMS 0x000000075bc00000| PB 0x000000075bc00000| Untracked 
| 223|0x000000075be00000, 0x000000075c000000, 0x000000075c000000|100%| O|  |TAMS 0x000000075be00000| PB 0x000000075be00000| Untracked 
| 224|0x000000075c000000, 0x000000075c200000, 0x000000075c200000|100%| O|Cm|TAMS 0x000000075c000000| PB 0x000000075c000000| Complete 
| 225|0x000000075c200000, 0x000000075c400000, 0x000000075c400000|100%| O|  |TAMS 0x000000075c200000| PB 0x000000075c200000| Untracked 
| 226|0x000000075c400000, 0x000000075c600000, 0x000000075c600000|100%| O|  |TAMS 0x000000075c400000| PB 0x000000075c400000| Untracked 
| 227|0x000000075c600000, 0x000000075c800000, 0x000000075c800000|100%| O|  |TAMS 0x000000075c600000| PB 0x000000075c600000| Untracked 
| 228|0x000000075c800000, 0x000000075ca00000, 0x000000075ca00000|100%| O|  |TAMS 0x000000075c800000| PB 0x000000075c800000| Untracked 
| 229|0x000000075ca00000, 0x000000075cc00000, 0x000000075cc00000|100%| O|  |TAMS 0x000000075ca00000| PB 0x000000075ca00000| Untracked 
| 230|0x000000075cc00000, 0x000000075ce00000, 0x000000075ce00000|100%| O|  |TAMS 0x000000075cc00000| PB 0x000000075cc00000| Untracked 
| 231|0x000000075ce00000, 0x000000075d000000, 0x000000075d000000|100%| O|  |TAMS 0x000000075ce00000| PB 0x000000075ce00000| Untracked 
| 232|0x000000075d000000, 0x000000075d200000, 0x000000075d200000|100%| O|  |TAMS 0x000000075d000000| PB 0x000000075d000000| Untracked 
| 233|0x000000075d200000, 0x000000075d400000, 0x000000075d400000|100%| O|  |TAMS 0x000000075d200000| PB 0x000000075d200000| Untracked 
| 234|0x000000075d400000, 0x000000075d600000, 0x000000075d600000|100%| O|  |TAMS 0x000000075d400000| PB 0x000000075d400000| Untracked 
| 235|0x000000075d600000, 0x000000075d800000, 0x000000075d800000|100%| O|  |TAMS 0x000000075d600000| PB 0x000000075d600000| Untracked 
| 236|0x000000075d800000, 0x000000075da00000, 0x000000075da00000|100%| O|  |TAMS 0x000000075d800000| PB 0x000000075d800000| Untracked 
| 237|0x000000075da00000, 0x000000075dc00000, 0x000000075dc00000|100%| O|  |TAMS 0x000000075da00000| PB 0x000000075da00000| Untracked 
| 238|0x000000075dc00000, 0x000000075de00000, 0x000000075de00000|100%| O|Cm|TAMS 0x000000075dc00000| PB 0x000000075dc00000| Complete 
| 239|0x000000075de00000, 0x000000075e000000, 0x000000075e000000|100%| O|Cm|TAMS 0x000000075de00000| PB 0x000000075de00000| Complete 
| 240|0x000000075e000000, 0x000000075e200000, 0x000000075e200000|100%| O|  |TAMS 0x000000075e000000| PB 0x000000075e000000| Untracked 
| 241|0x000000075e200000, 0x000000075e400000, 0x000000075e400000|100%| O|  |TAMS 0x000000075e200000| PB 0x000000075e200000| Untracked 
| 242|0x000000075e400000, 0x000000075e600000, 0x000000075e600000|100%| O|  |TAMS 0x000000075e400000| PB 0x000000075e400000| Untracked 
| 243|0x000000075e600000, 0x000000075e800000, 0x000000075e800000|100%| O|  |TAMS 0x000000075e600000| PB 0x000000075e600000| Untracked 
| 244|0x000000075e800000, 0x000000075ea00000, 0x000000075ea00000|100%| O|  |TAMS 0x000000075e800000| PB 0x000000075e800000| Untracked 
| 245|0x000000075ea00000, 0x000000075ec00000, 0x000000075ec00000|100%| O|  |TAMS 0x000000075ea00000| PB 0x000000075ea00000| Untracked 
| 246|0x000000075ec00000, 0x000000075ee00000, 0x000000075ee00000|100%| O|  |TAMS 0x000000075ec00000| PB 0x000000075ec00000| Untracked 
| 247|0x000000075ee00000, 0x000000075f000000, 0x000000075f000000|100%| O|  |TAMS 0x000000075ee00000| PB 0x000000075ee00000| Untracked 
| 248|0x000000075f000000, 0x000000075f200000, 0x000000075f200000|100%| O|  |TAMS 0x000000075f000000| PB 0x000000075f000000| Untracked 
| 249|0x000000075f200000, 0x000000075f400000, 0x000000075f400000|100%| O|  |TAMS 0x000000075f200000| PB 0x000000075f200000| Untracked 
| 250|0x000000075f400000, 0x000000075f600000, 0x000000075f600000|100%| O|  |TAMS 0x000000075f400000| PB 0x000000075f400000| Untracked 
| 251|0x000000075f600000, 0x000000075f800000, 0x000000075f800000|100%| O|  |TAMS 0x000000075f600000| PB 0x000000075f600000| Untracked 
| 252|0x000000075f800000, 0x000000075fa00000, 0x000000075fa00000|100%| O|  |TAMS 0x000000075f800000| PB 0x000000075f800000| Untracked 
| 253|0x000000075fa00000, 0x000000075fc00000, 0x000000075fc00000|100%| O|  |TAMS 0x000000075fa00000| PB 0x000000075fa00000| Untracked 
| 254|0x000000075fc00000, 0x000000075fe00000, 0x000000075fe00000|100%| O|  |TAMS 0x000000075fc00000| PB 0x000000075fc00000| Untracked 
| 255|0x000000075fe00000, 0x0000000760000000, 0x0000000760000000|100%| O|  |TAMS 0x000000075fe00000| PB 0x000000075fe00000| Untracked 
| 256|0x0000000760000000, 0x0000000760200000, 0x0000000760200000|100%| O|  |TAMS 0x0000000760000000| PB 0x0000000760000000| Untracked 
| 257|0x0000000760200000, 0x0000000760400000, 0x0000000760400000|100%| O|  |TAMS 0x0000000760200000| PB 0x0000000760200000| Untracked 
| 258|0x0000000760400000, 0x0000000760600000, 0x0000000760600000|100%| O|  |TAMS 0x0000000760400000| PB 0x0000000760400000| Untracked 
| 259|0x0000000760600000, 0x0000000760800000, 0x0000000760800000|100%| O|  |TAMS 0x0000000760600000| PB 0x0000000760600000| Untracked 
| 260|0x0000000760800000, 0x0000000760a00000, 0x0000000760a00000|100%| O|  |TAMS 0x0000000760800000| PB 0x0000000760800000| Untracked 
| 261|0x0000000760a00000, 0x0000000760c00000, 0x0000000760c00000|100%| O|  |TAMS 0x0000000760a00000| PB 0x0000000760a00000| Untracked 
| 262|0x0000000760c00000, 0x0000000760e00000, 0x0000000760e00000|100%| O|  |TAMS 0x0000000760c00000| PB 0x0000000760c00000| Untracked 
| 263|0x0000000760e00000, 0x0000000761000000, 0x0000000761000000|100%| O|Cm|TAMS 0x0000000760e00000| PB 0x0000000760e00000| Complete 
| 264|0x0000000761000000, 0x0000000761200000, 0x0000000761200000|100%| O|  |TAMS 0x0000000761000000| PB 0x0000000761000000| Untracked 
| 265|0x0000000761200000, 0x0000000761400000, 0x0000000761400000|100%| O|  |TAMS 0x0000000761200000| PB 0x0000000761200000| Untracked 
| 266|0x0000000761400000, 0x0000000761600000, 0x0000000761600000|100%| O|  |TAMS 0x0000000761400000| PB 0x0000000761400000| Untracked 
| 267|0x0000000761600000, 0x0000000761800000, 0x0000000761800000|100%| O|  |TAMS 0x0000000761600000| PB 0x0000000761600000| Untracked 
| 268|0x0000000761800000, 0x0000000761a00000, 0x0000000761a00000|100%| O|  |TAMS 0x0000000761800000| PB 0x0000000761800000| Untracked 
| 269|0x0000000761a00000, 0x0000000761c00000, 0x0000000761c00000|100%| O|  |TAMS 0x0000000761a00000| PB 0x0000000761a00000| Untracked 
| 270|0x0000000761c00000, 0x0000000761e00000, 0x0000000761e00000|100%| O|  |TAMS 0x0000000761c00000| PB 0x0000000761c00000| Untracked 
| 271|0x0000000761e00000, 0x0000000762000000, 0x0000000762000000|100%| O|  |TAMS 0x0000000761e00000| PB 0x0000000761e00000| Untracked 
| 272|0x0000000762000000, 0x0000000762200000, 0x0000000762200000|100%| O|  |TAMS 0x0000000762000000| PB 0x0000000762000000| Untracked 
| 273|0x0000000762200000, 0x0000000762400000, 0x0000000762400000|100%| O|  |TAMS 0x0000000762200000| PB 0x0000000762200000| Untracked 
| 274|0x0000000762400000, 0x0000000762600000, 0x0000000762600000|100%| O|Cm|TAMS 0x0000000762400000| PB 0x0000000762400000| Complete 
| 275|0x0000000762600000, 0x0000000762800000, 0x0000000762800000|100%| O|Cm|TAMS 0x0000000762600000| PB 0x0000000762600000| Complete 
| 276|0x0000000762800000, 0x0000000762a00000, 0x0000000762a00000|100%| O|  |TAMS 0x0000000762800000| PB 0x0000000762800000| Untracked 
| 277|0x0000000762a00000, 0x0000000762c00000, 0x0000000762c00000|100%| O|  |TAMS 0x0000000762a00000| PB 0x0000000762a00000| Untracked 
| 278|0x0000000762c00000, 0x0000000762e00000, 0x0000000762e00000|100%| O|  |TAMS 0x0000000762c00000| PB 0x0000000762c00000| Untracked 
| 279|0x0000000762e00000, 0x0000000763000000, 0x0000000763000000|100%| O|  |TAMS 0x0000000762e00000| PB 0x0000000762e00000| Untracked 
| 280|0x0000000763000000, 0x0000000763200000, 0x0000000763200000|100%| O|  |TAMS 0x0000000763000000| PB 0x0000000763000000| Untracked 
| 281|0x0000000763200000, 0x0000000763400000, 0x0000000763400000|100%| O|  |TAMS 0x0000000763200000| PB 0x0000000763200000| Untracked 
| 282|0x0000000763400000, 0x0000000763600000, 0x0000000763600000|100%| O|  |TAMS 0x0000000763400000| PB 0x0000000763400000| Untracked 
| 283|0x0000000763600000, 0x0000000763800000, 0x0000000763800000|100%| O|  |TAMS 0x0000000763600000| PB 0x0000000763600000| Untracked 
| 284|0x0000000763800000, 0x0000000763a00000, 0x0000000763a00000|100%| O|  |TAMS 0x0000000763800000| PB 0x0000000763800000| Untracked 
| 285|0x0000000763a00000, 0x0000000763c00000, 0x0000000763c00000|100%| O|  |TAMS 0x0000000763a00000| PB 0x0000000763a00000| Untracked 
| 286|0x0000000763c00000, 0x0000000763e00000, 0x0000000763e00000|100%| O|  |TAMS 0x0000000763c00000| PB 0x0000000763c00000| Untracked 
| 287|0x0000000763e00000, 0x0000000764000000, 0x0000000764000000|100%| O|  |TAMS 0x0000000763e00000| PB 0x0000000763e00000| Untracked 
| 288|0x0000000764000000, 0x0000000764200000, 0x0000000764200000|100%| O|  |TAMS 0x0000000764000000| PB 0x0000000764000000| Untracked 
| 289|0x0000000764200000, 0x0000000764400000, 0x0000000764400000|100%| O|  |TAMS 0x0000000764200000| PB 0x0000000764200000| Untracked 
| 290|0x0000000764400000, 0x0000000764600000, 0x0000000764600000|100%| O|  |TAMS 0x0000000764400000| PB 0x0000000764400000| Untracked 
| 291|0x0000000764600000, 0x0000000764800000, 0x0000000764800000|100%| O|  |TAMS 0x0000000764600000| PB 0x0000000764600000| Untracked 
| 292|0x0000000764800000, 0x0000000764a00000, 0x0000000764a00000|100%| O|  |TAMS 0x0000000764800000| PB 0x0000000764800000| Untracked 
| 293|0x0000000764a00000, 0x0000000764c00000, 0x0000000764c00000|100%| O|  |TAMS 0x0000000764a00000| PB 0x0000000764a00000| Untracked 
| 294|0x0000000764c00000, 0x0000000764e00000, 0x0000000764e00000|100%| O|  |TAMS 0x0000000764c00000| PB 0x0000000764c00000| Untracked 
| 295|0x0000000764e00000, 0x0000000765000000, 0x0000000765000000|100%| O|Cm|TAMS 0x0000000764e00000| PB 0x0000000764e00000| Complete 
| 296|0x0000000765000000, 0x0000000765200000, 0x0000000765200000|100%| O|  |TAMS 0x0000000765000000| PB 0x0000000765000000| Untracked 
| 297|0x0000000765200000, 0x0000000765400000, 0x0000000765400000|100%| O|  |TAMS 0x0000000765200000| PB 0x0000000765200000| Untracked 
| 298|0x0000000765400000, 0x0000000765600000, 0x0000000765600000|100%| O|  |TAMS 0x0000000765400000| PB 0x0000000765400000| Untracked 
| 299|0x0000000765600000, 0x0000000765800000, 0x0000000765800000|100%| O|  |TAMS 0x0000000765600000| PB 0x0000000765600000| Untracked 
| 300|0x0000000765800000, 0x0000000765a00000, 0x0000000765a00000|100%| O|  |TAMS 0x0000000765800000| PB 0x0000000765800000| Untracked 
| 301|0x0000000765a00000, 0x0000000765c00000, 0x0000000765c00000|100%| O|  |TAMS 0x0000000765a00000| PB 0x0000000765a00000| Untracked 
| 302|0x0000000765c00000, 0x0000000765e00000, 0x0000000765e00000|100%| O|  |TAMS 0x0000000765c00000| PB 0x0000000765c00000| Untracked 
| 303|0x0000000765e00000, 0x0000000766000000, 0x0000000766000000|100%| O|  |TAMS 0x0000000765e00000| PB 0x0000000765e00000| Untracked 
| 304|0x0000000766000000, 0x0000000766200000, 0x0000000766200000|100%| O|  |TAMS 0x0000000766000000| PB 0x0000000766000000| Untracked 
| 305|0x0000000766200000, 0x0000000766400000, 0x0000000766400000|100%| O|  |TAMS 0x0000000766200000| PB 0x0000000766200000| Untracked 
| 306|0x0000000766400000, 0x0000000766600000, 0x0000000766600000|100%| O|Cm|TAMS 0x0000000766400000| PB 0x0000000766400000| Complete 
| 307|0x0000000766600000, 0x0000000766800000, 0x0000000766800000|100%| O|  |TAMS 0x0000000766600000| PB 0x0000000766600000| Untracked 
| 308|0x0000000766800000, 0x0000000766a00000, 0x0000000766a00000|100%| O|  |TAMS 0x0000000766800000| PB 0x0000000766800000| Untracked 
| 309|0x0000000766a00000, 0x0000000766c00000, 0x0000000766c00000|100%| O|  |TAMS 0x0000000766a00000| PB 0x0000000766a00000| Untracked 
| 310|0x0000000766c00000, 0x0000000766e00000, 0x0000000766e00000|100%| O|  |TAMS 0x0000000766c00000| PB 0x0000000766c00000| Untracked 
| 311|0x0000000766e00000, 0x0000000767000000, 0x0000000767000000|100%| O|  |TAMS 0x0000000766e00000| PB 0x0000000766e00000| Untracked 
| 312|0x0000000767000000, 0x0000000767200000, 0x0000000767200000|100%| O|  |TAMS 0x0000000767000000| PB 0x0000000767000000| Untracked 
| 313|0x0000000767200000, 0x0000000767400000, 0x0000000767400000|100%| O|  |TAMS 0x0000000767200000| PB 0x0000000767200000| Untracked 
| 314|0x0000000767400000, 0x0000000767600000, 0x0000000767600000|100%| O|  |TAMS 0x0000000767400000| PB 0x0000000767400000| Untracked 
| 315|0x0000000767600000, 0x0000000767800000, 0x0000000767800000|100%| O|  |TAMS 0x0000000767600000| PB 0x0000000767600000| Untracked 
| 316|0x0000000767800000, 0x0000000767a00000, 0x0000000767a00000|100%| O|  |TAMS 0x0000000767800000| PB 0x0000000767800000| Untracked 
| 317|0x0000000767a00000, 0x0000000767c00000, 0x0000000767c00000|100%| O|  |TAMS 0x0000000767a00000| PB 0x0000000767a00000| Untracked 
| 318|0x0000000767c00000, 0x0000000767e00000, 0x0000000767e00000|100%| O|  |TAMS 0x0000000767c00000| PB 0x0000000767c00000| Untracked 
| 319|0x0000000767e00000, 0x0000000768000000, 0x0000000768000000|100%| O|  |TAMS 0x0000000767e00000| PB 0x0000000767e00000| Untracked 
| 320|0x0000000768000000, 0x0000000768200000, 0x0000000768200000|100%| O|  |TAMS 0x0000000768000000| PB 0x0000000768000000| Untracked 
| 321|0x0000000768200000, 0x0000000768400000, 0x0000000768400000|100%| O|  |TAMS 0x0000000768200000| PB 0x0000000768200000| Untracked 
| 322|0x0000000768400000, 0x0000000768600000, 0x0000000768600000|100%| O|  |TAMS 0x0000000768400000| PB 0x0000000768400000| Untracked 
| 323|0x0000000768600000, 0x0000000768800000, 0x0000000768800000|100%| O|  |TAMS 0x0000000768600000| PB 0x0000000768600000| Untracked 
| 324|0x0000000768800000, 0x0000000768a00000, 0x0000000768a00000|100%| O|  |TAMS 0x0000000768800000| PB 0x0000000768800000| Untracked 
| 325|0x0000000768a00000, 0x0000000768c00000, 0x0000000768c00000|100%| O|  |TAMS 0x0000000768a00000| PB 0x0000000768a00000| Untracked 
| 326|0x0000000768c00000, 0x0000000768e00000, 0x0000000768e00000|100%| O|  |TAMS 0x0000000768c00000| PB 0x0000000768c00000| Untracked 
| 327|0x0000000768e00000, 0x0000000769000000, 0x0000000769000000|100%| O|Cm|TAMS 0x0000000768e00000| PB 0x0000000768e00000| Complete 
| 328|0x0000000769000000, 0x0000000769200000, 0x0000000769200000|100%| O|Cm|TAMS 0x0000000769000000| PB 0x0000000769000000| Complete 
| 329|0x0000000769200000, 0x0000000769400000, 0x0000000769400000|100%| O|  |TAMS 0x0000000769200000| PB 0x0000000769200000| Untracked 
| 330|0x0000000769400000, 0x0000000769600000, 0x0000000769600000|100%| O|  |TAMS 0x0000000769400000| PB 0x0000000769400000| Untracked 
| 331|0x0000000769600000, 0x0000000769800000, 0x0000000769800000|100%| O|  |TAMS 0x0000000769600000| PB 0x0000000769600000| Untracked 
| 332|0x0000000769800000, 0x0000000769a00000, 0x0000000769a00000|100%| O|  |TAMS 0x0000000769800000| PB 0x0000000769800000| Untracked 
| 333|0x0000000769a00000, 0x0000000769c00000, 0x0000000769c00000|100%| O|  |TAMS 0x0000000769a00000| PB 0x0000000769a00000| Untracked 
| 334|0x0000000769c00000, 0x0000000769e00000, 0x0000000769e00000|100%| O|  |TAMS 0x0000000769c00000| PB 0x0000000769c00000| Untracked 
| 335|0x0000000769e00000, 0x000000076a000000, 0x000000076a000000|100%| O|  |TAMS 0x0000000769e00000| PB 0x0000000769e00000| Untracked 
| 336|0x000000076a000000, 0x000000076a200000, 0x000000076a200000|100%| O|  |TAMS 0x000000076a000000| PB 0x000000076a000000| Untracked 
| 337|0x000000076a200000, 0x000000076a400000, 0x000000076a400000|100%| O|  |TAMS 0x000000076a200000| PB 0x000000076a200000| Untracked 
| 338|0x000000076a400000, 0x000000076a600000, 0x000000076a600000|100%| O|  |TAMS 0x000000076a400000| PB 0x000000076a400000| Untracked 
| 339|0x000000076a600000, 0x000000076a800000, 0x000000076a800000|100%| O|  |TAMS 0x000000076a600000| PB 0x000000076a600000| Untracked 
| 340|0x000000076a800000, 0x000000076aa00000, 0x000000076aa00000|100%| O|  |TAMS 0x000000076a800000| PB 0x000000076a800000| Untracked 
| 341|0x000000076aa00000, 0x000000076ac00000, 0x000000076ac00000|100%| O|  |TAMS 0x000000076aa00000| PB 0x000000076aa00000| Untracked 
| 342|0x000000076ac00000, 0x000000076ae00000, 0x000000076ae00000|100%| O|  |TAMS 0x000000076ac00000| PB 0x000000076ac00000| Untracked 
| 343|0x000000076ae00000, 0x000000076b000000, 0x000000076b000000|100%| O|  |TAMS 0x000000076ae00000| PB 0x000000076ae00000| Untracked 
| 344|0x000000076b000000, 0x000000076b200000, 0x000000076b200000|100%| O|  |TAMS 0x000000076b000000| PB 0x000000076b000000| Untracked 
| 345|0x000000076b200000, 0x000000076b400000, 0x000000076b400000|100%| O|  |TAMS 0x000000076b200000| PB 0x000000076b200000| Untracked 
| 346|0x000000076b400000, 0x000000076b600000, 0x000000076b600000|100%| O|  |TAMS 0x000000076b400000| PB 0x000000076b400000| Untracked 
| 347|0x000000076b600000, 0x000000076b800000, 0x000000076b800000|100%| O|  |TAMS 0x000000076b600000| PB 0x000000076b600000| Untracked 
| 348|0x000000076b800000, 0x000000076ba00000, 0x000000076ba00000|100%| O|  |TAMS 0x000000076b800000| PB 0x000000076b800000| Untracked 
| 349|0x000000076ba00000, 0x000000076bc00000, 0x000000076bc00000|100%| O|  |TAMS 0x000000076ba00000| PB 0x000000076ba00000| Untracked 
| 350|0x000000076bc00000, 0x000000076be00000, 0x000000076be00000|100%| O|  |TAMS 0x000000076bc00000| PB 0x000000076bc00000| Untracked 
| 351|0x000000076be00000, 0x000000076c000000, 0x000000076c000000|100%| O|  |TAMS 0x000000076be00000| PB 0x000000076be00000| Untracked 
| 352|0x000000076c000000, 0x000000076c200000, 0x000000076c200000|100%| O|Cm|TAMS 0x000000076c000000| PB 0x000000076c000000| Complete 
| 353|0x000000076c200000, 0x000000076c400000, 0x000000076c400000|100%| O|  |TAMS 0x000000076c200000| PB 0x000000076c200000| Untracked 
| 354|0x000000076c400000, 0x000000076c600000, 0x000000076c600000|100%| O|  |TAMS 0x000000076c400000| PB 0x000000076c400000| Untracked 
| 355|0x000000076c600000, 0x000000076c800000, 0x000000076c800000|100%| O|  |TAMS 0x000000076c600000| PB 0x000000076c600000| Untracked 
| 356|0x000000076c800000, 0x000000076ca00000, 0x000000076ca00000|100%| O|  |TAMS 0x000000076c800000| PB 0x000000076c800000| Untracked 
| 357|0x000000076ca00000, 0x000000076cc00000, 0x000000076cc00000|100%| O|  |TAMS 0x000000076ca00000| PB 0x000000076ca00000| Untracked 
| 358|0x000000076cc00000, 0x000000076ce00000, 0x000000076ce00000|100%| O|  |TAMS 0x000000076cc00000| PB 0x000000076cc00000| Untracked 
| 359|0x000000076ce00000, 0x000000076d000000, 0x000000076d000000|100%| O|  |TAMS 0x000000076ce00000| PB 0x000000076ce00000| Untracked 
| 360|0x000000076d000000, 0x000000076d200000, 0x000000076d200000|100%| O|  |TAMS 0x000000076d000000| PB 0x000000076d000000| Untracked 
| 361|0x000000076d200000, 0x000000076d400000, 0x000000076d400000|100%| O|  |TAMS 0x000000076d200000| PB 0x000000076d200000| Untracked 
| 362|0x000000076d400000, 0x000000076d600000, 0x000000076d600000|100%| O|  |TAMS 0x000000076d400000| PB 0x000000076d400000| Untracked 
| 363|0x000000076d600000, 0x000000076d800000, 0x000000076d800000|100%| O|  |TAMS 0x000000076d600000| PB 0x000000076d600000| Untracked 
| 364|0x000000076d800000, 0x000000076da00000, 0x000000076da00000|100%| O|  |TAMS 0x000000076d800000| PB 0x000000076d800000| Untracked 
| 365|0x000000076da00000, 0x000000076dc00000, 0x000000076dc00000|100%| O|  |TAMS 0x000000076da00000| PB 0x000000076da00000| Untracked 
| 366|0x000000076dc00000, 0x000000076de00000, 0x000000076de00000|100%| O|  |TAMS 0x000000076dc00000| PB 0x000000076dc00000| Untracked 
| 367|0x000000076de00000, 0x000000076e000000, 0x000000076e000000|100%| O|  |TAMS 0x000000076de00000| PB 0x000000076de00000| Untracked 
| 368|0x000000076e000000, 0x000000076e200000, 0x000000076e200000|100%| O|  |TAMS 0x000000076e000000| PB 0x000000076e000000| Untracked 
| 369|0x000000076e200000, 0x000000076e400000, 0x000000076e400000|100%| O|Cm|TAMS 0x000000076e200000| PB 0x000000076e200000| Complete 
| 370|0x000000076e400000, 0x000000076e600000, 0x000000076e600000|100%| O|Cm|TAMS 0x000000076e400000| PB 0x000000076e400000| Complete 
| 371|0x000000076e600000, 0x000000076e800000, 0x000000076e800000|100%| O|Cm|TAMS 0x000000076e600000| PB 0x000000076e600000| Complete 
| 372|0x000000076e800000, 0x000000076ea00000, 0x000000076ea00000|100%| O|Cm|TAMS 0x000000076e800000| PB 0x000000076e800000| Complete 
| 373|0x000000076ea00000, 0x000000076ec00000, 0x000000076ec00000|100%| O|  |TAMS 0x000000076ea00000| PB 0x000000076ea00000| Untracked 
| 374|0x000000076ec00000, 0x000000076ee00000, 0x000000076ee00000|100%| O|  |TAMS 0x000000076ec00000| PB 0x000000076ec00000| Untracked 
| 375|0x000000076ee00000, 0x000000076f000000, 0x000000076f000000|100%| O|  |TAMS 0x000000076ee00000| PB 0x000000076ee00000| Untracked 
| 376|0x000000076f000000, 0x000000076f200000, 0x000000076f200000|100%| O|  |TAMS 0x000000076f000000| PB 0x000000076f000000| Untracked 
| 377|0x000000076f200000, 0x000000076f400000, 0x000000076f400000|100%| O|  |TAMS 0x000000076f200000| PB 0x000000076f200000| Untracked 
| 378|0x000000076f400000, 0x000000076f600000, 0x000000076f600000|100%| O|  |TAMS 0x000000076f400000| PB 0x000000076f400000| Untracked 
| 379|0x000000076f600000, 0x000000076f800000, 0x000000076f800000|100%| O|  |TAMS 0x000000076f600000| PB 0x000000076f600000| Untracked 
| 380|0x000000076f800000, 0x000000076fa00000, 0x000000076fa00000|100%| O|  |TAMS 0x000000076f800000| PB 0x000000076f800000| Untracked 
| 381|0x000000076fa00000, 0x000000076fad3400, 0x000000076fc00000| 41%| O|  |TAMS 0x000000076fa00000| PB 0x000000076fa00000| Untracked 
| 382|0x000000076fc00000, 0x000000076fc00000, 0x000000076fe00000|  0%| F|  |TAMS 0x000000076fc00000| PB 0x000000076fc00000| Untracked 
| 383|0x000000076fe00000, 0x000000076fe00000, 0x0000000770000000|  0%| F|  |TAMS 0x000000076fe00000| PB 0x000000076fe00000| Untracked 
| 384|0x0000000770000000, 0x0000000770000000, 0x0000000770200000|  0%| F|  |TAMS 0x0000000770000000| PB 0x0000000770000000| Untracked 
| 385|0x0000000770200000, 0x0000000770200000, 0x0000000770400000|  0%| F|  |TAMS 0x0000000770200000| PB 0x0000000770200000| Untracked 
| 386|0x0000000770400000, 0x0000000770400000, 0x0000000770600000|  0%| F|  |TAMS 0x0000000770400000| PB 0x0000000770400000| Untracked 
| 387|0x0000000770600000, 0x0000000770600000, 0x0000000770800000|  0%| F|  |TAMS 0x0000000770600000| PB 0x0000000770600000| Untracked 
| 388|0x0000000770800000, 0x0000000770800000, 0x0000000770a00000|  0%| F|  |TAMS 0x0000000770800000| PB 0x0000000770800000| Untracked 
| 389|0x0000000770a00000, 0x0000000770a00000, 0x0000000770c00000|  0%| F|  |TAMS 0x0000000770a00000| PB 0x0000000770a00000| Untracked 
| 390|0x0000000770c00000, 0x0000000770c00000, 0x0000000770e00000|  0%| F|  |TAMS 0x0000000770c00000| PB 0x0000000770c00000| Untracked 
| 391|0x0000000770e00000, 0x0000000770e00000, 0x0000000771000000|  0%| F|  |TAMS 0x0000000770e00000| PB 0x0000000770e00000| Untracked 
| 392|0x0000000771000000, 0x0000000771000000, 0x0000000771200000|  0%| F|  |TAMS 0x0000000771000000| PB 0x0000000771000000| Untracked 
| 393|0x0000000771200000, 0x0000000771200000, 0x0000000771400000|  0%| F|  |TAMS 0x0000000771200000| PB 0x0000000771200000| Untracked 
| 394|0x0000000771400000, 0x0000000771400000, 0x0000000771600000|  0%| F|  |TAMS 0x0000000771400000| PB 0x0000000771400000| Untracked 
| 395|0x0000000771600000, 0x0000000771600000, 0x0000000771800000|  0%| F|  |TAMS 0x0000000771600000| PB 0x0000000771600000| Untracked 
| 396|0x0000000771800000, 0x0000000771800000, 0x0000000771a00000|  0%| F|  |TAMS 0x0000000771800000| PB 0x0000000771800000| Untracked 
| 397|0x0000000771a00000, 0x0000000771a00000, 0x0000000771c00000|  0%| F|  |TAMS 0x0000000771a00000| PB 0x0000000771a00000| Untracked 
| 398|0x0000000771c00000, 0x0000000771c00000, 0x0000000771e00000|  0%| F|  |TAMS 0x0000000771c00000| PB 0x0000000771c00000| Untracked 
| 399|0x0000000771e00000, 0x0000000771e00000, 0x0000000772000000|  0%| F|  |TAMS 0x0000000771e00000| PB 0x0000000771e00000| Untracked 
| 400|0x0000000772000000, 0x0000000772000000, 0x0000000772200000|  0%| F|  |TAMS 0x0000000772000000| PB 0x0000000772000000| Untracked 
| 401|0x0000000772200000, 0x0000000772200000, 0x0000000772400000|  0%| F|  |TAMS 0x0000000772200000| PB 0x0000000772200000| Untracked 
| 402|0x0000000772400000, 0x0000000772400000, 0x0000000772600000|  0%| F|  |TAMS 0x0000000772400000| PB 0x0000000772400000| Untracked 
| 403|0x0000000772600000, 0x0000000772600000, 0x0000000772800000|  0%| F|  |TAMS 0x0000000772600000| PB 0x0000000772600000| Untracked 
| 404|0x0000000772800000, 0x0000000772800000, 0x0000000772a00000|  0%| F|  |TAMS 0x0000000772800000| PB 0x0000000772800000| Untracked 
| 405|0x0000000772a00000, 0x0000000772a00000, 0x0000000772c00000|  0%| F|  |TAMS 0x0000000772a00000| PB 0x0000000772a00000| Untracked 
| 406|0x0000000772c00000, 0x0000000772c00000, 0x0000000772e00000|  0%| F|  |TAMS 0x0000000772c00000| PB 0x0000000772c00000| Untracked 
| 407|0x0000000772e00000, 0x0000000772e00000, 0x0000000773000000|  0%| F|  |TAMS 0x0000000772e00000| PB 0x0000000772e00000| Untracked 
| 408|0x0000000773000000, 0x0000000773000000, 0x0000000773200000|  0%| F|  |TAMS 0x0000000773000000| PB 0x0000000773000000| Untracked 
| 409|0x0000000773200000, 0x0000000773200000, 0x0000000773400000|  0%| F|  |TAMS 0x0000000773200000| PB 0x0000000773200000| Untracked 
| 410|0x0000000773400000, 0x0000000773400000, 0x0000000773600000|  0%| F|  |TAMS 0x0000000773400000| PB 0x0000000773400000| Untracked 
| 411|0x0000000773600000, 0x0000000773600000, 0x0000000773800000|  0%| F|  |TAMS 0x0000000773600000| PB 0x0000000773600000| Untracked 
| 412|0x0000000773800000, 0x0000000773800000, 0x0000000773a00000|  0%| F|  |TAMS 0x0000000773800000| PB 0x0000000773800000| Untracked 
| 413|0x0000000773a00000, 0x0000000773a00000, 0x0000000773c00000|  0%| F|  |TAMS 0x0000000773a00000| PB 0x0000000773a00000| Untracked 
| 414|0x0000000773c00000, 0x0000000773c00000, 0x0000000773e00000|  0%| F|  |TAMS 0x0000000773c00000| PB 0x0000000773c00000| Untracked 
| 415|0x0000000773e00000, 0x0000000773e00000, 0x0000000774000000|  0%| F|  |TAMS 0x0000000773e00000| PB 0x0000000773e00000| Untracked 
| 416|0x0000000774000000, 0x0000000774000000, 0x0000000774200000|  0%| F|  |TAMS 0x0000000774000000| PB 0x0000000774000000| Untracked 
| 417|0x0000000774200000, 0x0000000774200000, 0x0000000774400000|  0%| F|  |TAMS 0x0000000774200000| PB 0x0000000774200000| Untracked 
| 418|0x0000000774400000, 0x0000000774400000, 0x0000000774600000|  0%| F|  |TAMS 0x0000000774400000| PB 0x0000000774400000| Untracked 
| 419|0x0000000774600000, 0x0000000774600000, 0x0000000774800000|  0%| F|  |TAMS 0x0000000774600000| PB 0x0000000774600000| Untracked 
| 420|0x0000000774800000, 0x0000000774800000, 0x0000000774a00000|  0%| F|  |TAMS 0x0000000774800000| PB 0x0000000774800000| Untracked 
| 421|0x0000000774a00000, 0x0000000774a00000, 0x0000000774c00000|  0%| F|  |TAMS 0x0000000774a00000| PB 0x0000000774a00000| Untracked 
| 422|0x0000000774c00000, 0x0000000774c00000, 0x0000000774e00000|  0%| F|  |TAMS 0x0000000774c00000| PB 0x0000000774c00000| Untracked 
| 423|0x0000000774e00000, 0x0000000774e00000, 0x0000000775000000|  0%| F|  |TAMS 0x0000000774e00000| PB 0x0000000774e00000| Untracked 
| 424|0x0000000775000000, 0x0000000775000000, 0x0000000775200000|  0%| F|  |TAMS 0x0000000775000000| PB 0x0000000775000000| Untracked 
| 425|0x0000000775200000, 0x0000000775200000, 0x0000000775400000|  0%| F|  |TAMS 0x0000000775200000| PB 0x0000000775200000| Untracked 
| 426|0x0000000775400000, 0x0000000775400000, 0x0000000775600000|  0%| F|  |TAMS 0x0000000775400000| PB 0x0000000775400000| Untracked 
| 427|0x0000000775600000, 0x0000000775600000, 0x0000000775800000|  0%| F|  |TAMS 0x0000000775600000| PB 0x0000000775600000| Untracked 
| 428|0x0000000775800000, 0x0000000775800000, 0x0000000775a00000|  0%| F|  |TAMS 0x0000000775800000| PB 0x0000000775800000| Untracked 
| 429|0x0000000775a00000, 0x0000000775a00000, 0x0000000775c00000|  0%| F|  |TAMS 0x0000000775a00000| PB 0x0000000775a00000| Untracked 
| 430|0x0000000775c00000, 0x0000000775c00000, 0x0000000775e00000|  0%| F|  |TAMS 0x0000000775c00000| PB 0x0000000775c00000| Untracked 
| 431|0x0000000775e00000, 0x0000000775e00000, 0x0000000776000000|  0%| F|  |TAMS 0x0000000775e00000| PB 0x0000000775e00000| Untracked 
| 432|0x0000000776000000, 0x0000000776000000, 0x0000000776200000|  0%| F|  |TAMS 0x0000000776000000| PB 0x0000000776000000| Untracked 
| 433|0x0000000776200000, 0x0000000776200000, 0x0000000776400000|  0%| F|  |TAMS 0x0000000776200000| PB 0x0000000776200000| Untracked 
| 434|0x0000000776400000, 0x0000000776400000, 0x0000000776600000|  0%| F|  |TAMS 0x0000000776400000| PB 0x0000000776400000| Untracked 
| 435|0x0000000776600000, 0x0000000776600000, 0x0000000776800000|  0%| F|  |TAMS 0x0000000776600000| PB 0x0000000776600000| Untracked 
| 436|0x0000000776800000, 0x0000000776800000, 0x0000000776a00000|  0%| F|  |TAMS 0x0000000776800000| PB 0x0000000776800000| Untracked 
| 437|0x0000000776a00000, 0x0000000776a00000, 0x0000000776c00000|  0%| F|  |TAMS 0x0000000776a00000| PB 0x0000000776a00000| Untracked 
| 438|0x0000000776c00000, 0x0000000776c00000, 0x0000000776e00000|  0%| F|  |TAMS 0x0000000776c00000| PB 0x0000000776c00000| Untracked 
| 439|0x0000000776e00000, 0x0000000776e00000, 0x0000000777000000|  0%| F|  |TAMS 0x0000000776e00000| PB 0x0000000776e00000| Untracked 
| 440|0x0000000777000000, 0x0000000777000000, 0x0000000777200000|  0%| F|  |TAMS 0x0000000777000000| PB 0x0000000777000000| Untracked 
| 441|0x0000000777200000, 0x0000000777200000, 0x0000000777400000|  0%| F|  |TAMS 0x0000000777200000| PB 0x0000000777200000| Untracked 
| 442|0x0000000777400000, 0x0000000777400000, 0x0000000777600000|  0%| F|  |TAMS 0x0000000777400000| PB 0x0000000777400000| Untracked 
| 443|0x0000000777600000, 0x0000000777600000, 0x0000000777800000|  0%| F|  |TAMS 0x0000000777600000| PB 0x0000000777600000| Untracked 
| 444|0x0000000777800000, 0x0000000777800000, 0x0000000777a00000|  0%| F|  |TAMS 0x0000000777800000| PB 0x0000000777800000| Untracked 
| 445|0x0000000777a00000, 0x0000000777a00000, 0x0000000777c00000|  0%| F|  |TAMS 0x0000000777a00000| PB 0x0000000777a00000| Untracked 
| 446|0x0000000777c00000, 0x0000000777c00000, 0x0000000777e00000|  0%| F|  |TAMS 0x0000000777c00000| PB 0x0000000777c00000| Untracked 
| 447|0x0000000777e00000, 0x0000000777e00000, 0x0000000778000000|  0%| F|  |TAMS 0x0000000777e00000| PB 0x0000000777e00000| Untracked 
| 448|0x0000000778000000, 0x0000000778000000, 0x0000000778200000|  0%| F|  |TAMS 0x0000000778000000| PB 0x0000000778000000| Untracked 
| 449|0x0000000778200000, 0x0000000778200000, 0x0000000778400000|  0%| F|  |TAMS 0x0000000778200000| PB 0x0000000778200000| Untracked 
| 450|0x0000000778400000, 0x0000000778400000, 0x0000000778600000|  0%| F|  |TAMS 0x0000000778400000| PB 0x0000000778400000| Untracked 
| 451|0x0000000778600000, 0x0000000778600000, 0x0000000778800000|  0%| F|  |TAMS 0x0000000778600000| PB 0x0000000778600000| Untracked 
| 452|0x0000000778800000, 0x0000000778800000, 0x0000000778a00000|  0%| F|  |TAMS 0x0000000778800000| PB 0x0000000778800000| Untracked 
| 453|0x0000000778a00000, 0x0000000778a00000, 0x0000000778c00000|  0%| F|  |TAMS 0x0000000778a00000| PB 0x0000000778a00000| Untracked 
| 454|0x0000000778c00000, 0x0000000778c00000, 0x0000000778e00000|  0%| F|  |TAMS 0x0000000778c00000| PB 0x0000000778c00000| Untracked 
| 455|0x0000000778e00000, 0x0000000778e00000, 0x0000000779000000|  0%| F|  |TAMS 0x0000000778e00000| PB 0x0000000778e00000| Untracked 
| 456|0x0000000779000000, 0x0000000779000000, 0x0000000779200000|  0%| F|  |TAMS 0x0000000779000000| PB 0x0000000779000000| Untracked 
| 457|0x0000000779200000, 0x0000000779200000, 0x0000000779400000|  0%| F|  |TAMS 0x0000000779200000| PB 0x0000000779200000| Untracked 
| 458|0x0000000779400000, 0x0000000779400000, 0x0000000779600000|  0%| F|  |TAMS 0x0000000779400000| PB 0x0000000779400000| Untracked 
| 459|0x0000000779600000, 0x0000000779600000, 0x0000000779800000|  0%| F|  |TAMS 0x0000000779600000| PB 0x0000000779600000| Untracked 
| 460|0x0000000779800000, 0x0000000779800000, 0x0000000779a00000|  0%| F|  |TAMS 0x0000000779800000| PB 0x0000000779800000| Untracked 
| 461|0x0000000779a00000, 0x0000000779a00000, 0x0000000779c00000|  0%| F|  |TAMS 0x0000000779a00000| PB 0x0000000779a00000| Untracked 
| 462|0x0000000779c00000, 0x0000000779c00000, 0x0000000779e00000|  0%| F|  |TAMS 0x0000000779c00000| PB 0x0000000779c00000| Untracked 
| 463|0x0000000779e00000, 0x0000000779e00000, 0x000000077a000000|  0%| F|  |TAMS 0x0000000779e00000| PB 0x0000000779e00000| Untracked 
| 464|0x000000077a000000, 0x000000077a000000, 0x000000077a200000|  0%| F|  |TAMS 0x000000077a000000| PB 0x000000077a000000| Untracked 
| 465|0x000000077a200000, 0x000000077a200000, 0x000000077a400000|  0%| F|  |TAMS 0x000000077a200000| PB 0x000000077a200000| Untracked 
| 466|0x000000077a400000, 0x000000077a400000, 0x000000077a600000|  0%| F|  |TAMS 0x000000077a400000| PB 0x000000077a400000| Untracked 
| 467|0x000000077a600000, 0x000000077a600000, 0x000000077a800000|  0%| F|  |TAMS 0x000000077a600000| PB 0x000000077a600000| Untracked 
| 468|0x000000077a800000, 0x000000077a800000, 0x000000077aa00000|  0%| F|  |TAMS 0x000000077a800000| PB 0x000000077a800000| Untracked 
| 469|0x000000077aa00000, 0x000000077aa00000, 0x000000077ac00000|  0%| F|  |TAMS 0x000000077aa00000| PB 0x000000077aa00000| Untracked 
| 470|0x000000077ac00000, 0x000000077ac00000, 0x000000077ae00000|  0%| F|  |TAMS 0x000000077ac00000| PB 0x000000077ac00000| Untracked 
| 471|0x000000077ae00000, 0x000000077ae00000, 0x000000077b000000|  0%| F|  |TAMS 0x000000077ae00000| PB 0x000000077ae00000| Untracked 
| 472|0x000000077b000000, 0x000000077b000000, 0x000000077b200000|  0%| F|  |TAMS 0x000000077b000000| PB 0x000000077b000000| Untracked 
| 473|0x000000077b200000, 0x000000077b200000, 0x000000077b400000|  0%| F|  |TAMS 0x000000077b200000| PB 0x000000077b200000| Untracked 
| 474|0x000000077b400000, 0x000000077b400000, 0x000000077b600000|  0%| F|  |TAMS 0x000000077b400000| PB 0x000000077b400000| Untracked 
| 475|0x000000077b600000, 0x000000077b600000, 0x000000077b800000|  0%| F|  |TAMS 0x000000077b600000| PB 0x000000077b600000| Untracked 
| 476|0x000000077b800000, 0x000000077b800000, 0x000000077ba00000|  0%| F|  |TAMS 0x000000077b800000| PB 0x000000077b800000| Untracked 
| 477|0x000000077ba00000, 0x000000077ba00000, 0x000000077bc00000|  0%| F|  |TAMS 0x000000077ba00000| PB 0x000000077ba00000| Untracked 
| 478|0x000000077bc00000, 0x000000077bc00000, 0x000000077be00000|  0%| F|  |TAMS 0x000000077bc00000| PB 0x000000077bc00000| Untracked 
| 479|0x000000077be00000, 0x000000077be00000, 0x000000077c000000|  0%| F|  |TAMS 0x000000077be00000| PB 0x000000077be00000| Untracked 
| 480|0x000000077c000000, 0x000000077c000000, 0x000000077c200000|  0%| F|  |TAMS 0x000000077c000000| PB 0x000000077c000000| Untracked 
| 481|0x000000077c200000, 0x000000077c200000, 0x000000077c400000|  0%| F|  |TAMS 0x000000077c200000| PB 0x000000077c200000| Untracked 
| 482|0x000000077c400000, 0x000000077c400000, 0x000000077c600000|  0%| F|  |TAMS 0x000000077c400000| PB 0x000000077c400000| Untracked 
| 483|0x000000077c600000, 0x000000077c600000, 0x000000077c800000|  0%| F|  |TAMS 0x000000077c600000| PB 0x000000077c600000| Untracked 
| 484|0x000000077c800000, 0x000000077c800000, 0x000000077ca00000|  0%| F|  |TAMS 0x000000077c800000| PB 0x000000077c800000| Untracked 
| 485|0x000000077ca00000, 0x000000077ca00000, 0x000000077cc00000|  0%| F|  |TAMS 0x000000077ca00000| PB 0x000000077ca00000| Untracked 
| 486|0x000000077cc00000, 0x000000077cc00000, 0x000000077ce00000|  0%| F|  |TAMS 0x000000077cc00000| PB 0x000000077cc00000| Untracked 
| 487|0x000000077ce00000, 0x000000077ce00000, 0x000000077d000000|  0%| F|  |TAMS 0x000000077ce00000| PB 0x000000077ce00000| Untracked 
| 488|0x000000077d000000, 0x000000077d000000, 0x000000077d200000|  0%| F|  |TAMS 0x000000077d000000| PB 0x000000077d000000| Untracked 
| 489|0x000000077d200000, 0x000000077d200000, 0x000000077d400000|  0%| F|  |TAMS 0x000000077d200000| PB 0x000000077d200000| Untracked 
| 490|0x000000077d400000, 0x000000077d400000, 0x000000077d600000|  0%| F|  |TAMS 0x000000077d400000| PB 0x000000077d400000| Untracked 
| 491|0x000000077d600000, 0x000000077d600000, 0x000000077d800000|  0%| F|  |TAMS 0x000000077d600000| PB 0x000000077d600000| Untracked 
| 492|0x000000077d800000, 0x000000077d800000, 0x000000077da00000|  0%| F|  |TAMS 0x000000077d800000| PB 0x000000077d800000| Untracked 
| 493|0x000000077da00000, 0x000000077da00000, 0x000000077dc00000|  0%| F|  |TAMS 0x000000077da00000| PB 0x000000077da00000| Untracked 
| 494|0x000000077dc00000, 0x000000077dc00000, 0x000000077de00000|  0%| F|  |TAMS 0x000000077dc00000| PB 0x000000077dc00000| Untracked 
| 495|0x000000077de00000, 0x000000077de00000, 0x000000077e000000|  0%| F|  |TAMS 0x000000077de00000| PB 0x000000077de00000| Untracked 
| 496|0x000000077e000000, 0x000000077e000000, 0x000000077e200000|  0%| F|  |TAMS 0x000000077e000000| PB 0x000000077e000000| Untracked 
| 497|0x000000077e200000, 0x000000077e200000, 0x000000077e400000|  0%| F|  |TAMS 0x000000077e200000| PB 0x000000077e200000| Untracked 
| 498|0x000000077e400000, 0x000000077e400000, 0x000000077e600000|  0%| F|  |TAMS 0x000000077e400000| PB 0x000000077e400000| Untracked 
| 499|0x000000077e600000, 0x000000077e600000, 0x000000077e800000|  0%| F|  |TAMS 0x000000077e600000| PB 0x000000077e600000| Untracked 
| 500|0x000000077e800000, 0x000000077e800000, 0x000000077ea00000|  0%| F|  |TAMS 0x000000077e800000| PB 0x000000077e800000| Untracked 
| 501|0x000000077ea00000, 0x000000077ea00000, 0x000000077ec00000|  0%| F|  |TAMS 0x000000077ea00000| PB 0x000000077ea00000| Untracked 
| 502|0x000000077ec00000, 0x000000077ec00000, 0x000000077ee00000|  0%| F|  |TAMS 0x000000077ec00000| PB 0x000000077ec00000| Untracked 
| 503|0x000000077ee00000, 0x000000077ee00000, 0x000000077f000000|  0%| F|  |TAMS 0x000000077ee00000| PB 0x000000077ee00000| Untracked 
| 504|0x000000077f000000, 0x000000077f000000, 0x000000077f200000|  0%| F|  |TAMS 0x000000077f000000| PB 0x000000077f000000| Untracked 
| 505|0x000000077f200000, 0x000000077f200000, 0x000000077f400000|  0%| F|  |TAMS 0x000000077f200000| PB 0x000000077f200000| Untracked 
| 506|0x000000077f400000, 0x000000077f400000, 0x000000077f600000|  0%| F|  |TAMS 0x000000077f400000| PB 0x000000077f400000| Untracked 
| 507|0x000000077f600000, 0x000000077f600000, 0x000000077f800000|  0%| F|  |TAMS 0x000000077f600000| PB 0x000000077f600000| Untracked 
| 508|0x000000077f800000, 0x000000077f800000, 0x000000077fa00000|  0%| F|  |TAMS 0x000000077f800000| PB 0x000000077f800000| Untracked 
| 509|0x000000077fa00000, 0x000000077fa00000, 0x000000077fc00000|  0%| F|  |TAMS 0x000000077fa00000| PB 0x000000077fa00000| Untracked 
| 510|0x000000077fc00000, 0x000000077fc00000, 0x000000077fe00000|  0%| F|  |TAMS 0x000000077fc00000| PB 0x000000077fc00000| Untracked 
| 511|0x000000077fe00000, 0x000000077fe00000, 0x0000000780000000|  0%| F|  |TAMS 0x000000077fe00000| PB 0x000000077fe00000| Untracked 
| 512|0x0000000780000000, 0x0000000780000000, 0x0000000780200000|  0%| F|  |TAMS 0x0000000780000000| PB 0x0000000780000000| Untracked 
| 513|0x0000000780200000, 0x0000000780200000, 0x0000000780400000|  0%| F|  |TAMS 0x0000000780200000| PB 0x0000000780200000| Untracked 
| 514|0x0000000780400000, 0x0000000780400000, 0x0000000780600000|  0%| F|  |TAMS 0x0000000780400000| PB 0x0000000780400000| Untracked 
| 515|0x0000000780600000, 0x0000000780600000, 0x0000000780800000|  0%| F|  |TAMS 0x0000000780600000| PB 0x0000000780600000| Untracked 
| 516|0x0000000780800000, 0x0000000780800000, 0x0000000780a00000|  0%| F|  |TAMS 0x0000000780800000| PB 0x0000000780800000| Untracked 
| 517|0x0000000780a00000, 0x0000000780a00000, 0x0000000780c00000|  0%| F|  |TAMS 0x0000000780a00000| PB 0x0000000780a00000| Untracked 
| 518|0x0000000780c00000, 0x0000000780c00000, 0x0000000780e00000|  0%| F|  |TAMS 0x0000000780c00000| PB 0x0000000780c00000| Untracked 
| 519|0x0000000780e00000, 0x0000000780e00000, 0x0000000781000000|  0%| F|  |TAMS 0x0000000780e00000| PB 0x0000000780e00000| Untracked 
| 520|0x0000000781000000, 0x0000000781000000, 0x0000000781200000|  0%| F|  |TAMS 0x0000000781000000| PB 0x0000000781000000| Untracked 
| 521|0x0000000781200000, 0x0000000781200000, 0x0000000781400000|  0%| F|  |TAMS 0x0000000781200000| PB 0x0000000781200000| Untracked 
| 522|0x0000000781400000, 0x0000000781400000, 0x0000000781600000|  0%| F|  |TAMS 0x0000000781400000| PB 0x0000000781400000| Untracked 
| 523|0x0000000781600000, 0x0000000781600000, 0x0000000781800000|  0%| F|  |TAMS 0x0000000781600000| PB 0x0000000781600000| Untracked 
| 524|0x0000000781800000, 0x0000000781800000, 0x0000000781a00000|  0%| F|  |TAMS 0x0000000781800000| PB 0x0000000781800000| Untracked 
| 525|0x0000000781a00000, 0x0000000781a00000, 0x0000000781c00000|  0%| F|  |TAMS 0x0000000781a00000| PB 0x0000000781a00000| Untracked 
| 526|0x0000000781c00000, 0x0000000781c00000, 0x0000000781e00000|  0%| F|  |TAMS 0x0000000781c00000| PB 0x0000000781c00000| Untracked 
| 527|0x0000000781e00000, 0x0000000781e00000, 0x0000000782000000|  0%| F|  |TAMS 0x0000000781e00000| PB 0x0000000781e00000| Untracked 
| 528|0x0000000782000000, 0x0000000782000000, 0x0000000782200000|  0%| F|  |TAMS 0x0000000782000000| PB 0x0000000782000000| Untracked 
| 529|0x0000000782200000, 0x0000000782200000, 0x0000000782400000|  0%| F|  |TAMS 0x0000000782200000| PB 0x0000000782200000| Untracked 
| 530|0x0000000782400000, 0x0000000782400000, 0x0000000782600000|  0%| F|  |TAMS 0x0000000782400000| PB 0x0000000782400000| Untracked 
| 531|0x0000000782600000, 0x0000000782600000, 0x0000000782800000|  0%| F|  |TAMS 0x0000000782600000| PB 0x0000000782600000| Untracked 
| 532|0x0000000782800000, 0x0000000782800000, 0x0000000782a00000|  0%| F|  |TAMS 0x0000000782800000| PB 0x0000000782800000| Untracked 
| 533|0x0000000782a00000, 0x0000000782a00000, 0x0000000782c00000|  0%| F|  |TAMS 0x0000000782a00000| PB 0x0000000782a00000| Untracked 
| 534|0x0000000782c00000, 0x0000000782c00000, 0x0000000782e00000|  0%| F|  |TAMS 0x0000000782c00000| PB 0x0000000782c00000| Untracked 
| 535|0x0000000782e00000, 0x0000000782e00000, 0x0000000783000000|  0%| F|  |TAMS 0x0000000782e00000| PB 0x0000000782e00000| Untracked 
| 536|0x0000000783000000, 0x0000000783000000, 0x0000000783200000|  0%| F|  |TAMS 0x0000000783000000| PB 0x0000000783000000| Untracked 
| 537|0x0000000783200000, 0x0000000783200000, 0x0000000783400000|  0%| F|  |TAMS 0x0000000783200000| PB 0x0000000783200000| Untracked 
| 538|0x0000000783400000, 0x0000000783400000, 0x0000000783600000|  0%| F|  |TAMS 0x0000000783400000| PB 0x0000000783400000| Untracked 
| 539|0x0000000783600000, 0x0000000783600000, 0x0000000783800000|  0%| F|  |TAMS 0x0000000783600000| PB 0x0000000783600000| Untracked 
| 540|0x0000000783800000, 0x0000000783800000, 0x0000000783a00000|  0%| F|  |TAMS 0x0000000783800000| PB 0x0000000783800000| Untracked 
| 541|0x0000000783a00000, 0x0000000783a00000, 0x0000000783c00000|  0%| F|  |TAMS 0x0000000783a00000| PB 0x0000000783a00000| Untracked 
| 542|0x0000000783c00000, 0x0000000783c00000, 0x0000000783e00000|  0%| F|  |TAMS 0x0000000783c00000| PB 0x0000000783c00000| Untracked 
| 543|0x0000000783e00000, 0x0000000783e00000, 0x0000000784000000|  0%| F|  |TAMS 0x0000000783e00000| PB 0x0000000783e00000| Untracked 
| 544|0x0000000784000000, 0x0000000784000000, 0x0000000784200000|  0%| F|  |TAMS 0x0000000784000000| PB 0x0000000784000000| Untracked 
| 545|0x0000000784200000, 0x0000000784200000, 0x0000000784400000|  0%| F|  |TAMS 0x0000000784200000| PB 0x0000000784200000| Untracked 
| 546|0x0000000784400000, 0x0000000784400000, 0x0000000784600000|  0%| F|  |TAMS 0x0000000784400000| PB 0x0000000784400000| Untracked 
| 547|0x0000000784600000, 0x0000000784600000, 0x0000000784800000|  0%| F|  |TAMS 0x0000000784600000| PB 0x0000000784600000| Untracked 
| 548|0x0000000784800000, 0x0000000784800000, 0x0000000784a00000|  0%| F|  |TAMS 0x0000000784800000| PB 0x0000000784800000| Untracked 
| 549|0x0000000784a00000, 0x0000000784a00000, 0x0000000784c00000|  0%| F|  |TAMS 0x0000000784a00000| PB 0x0000000784a00000| Untracked 
| 550|0x0000000784c00000, 0x0000000784c00000, 0x0000000784e00000|  0%| F|  |TAMS 0x0000000784c00000| PB 0x0000000784c00000| Untracked 
| 551|0x0000000784e00000, 0x0000000784e00000, 0x0000000785000000|  0%| F|  |TAMS 0x0000000784e00000| PB 0x0000000784e00000| Untracked 
| 552|0x0000000785000000, 0x0000000785000000, 0x0000000785200000|  0%| F|  |TAMS 0x0000000785000000| PB 0x0000000785000000| Untracked 
| 553|0x0000000785200000, 0x0000000785200000, 0x0000000785400000|  0%| F|  |TAMS 0x0000000785200000| PB 0x0000000785200000| Untracked 
| 554|0x0000000785400000, 0x0000000785400000, 0x0000000785600000|  0%| F|  |TAMS 0x0000000785400000| PB 0x0000000785400000| Untracked 
| 555|0x0000000785600000, 0x0000000785600000, 0x0000000785800000|  0%| F|  |TAMS 0x0000000785600000| PB 0x0000000785600000| Untracked 
| 556|0x0000000785800000, 0x0000000785800000, 0x0000000785a00000|  0%| F|  |TAMS 0x0000000785800000| PB 0x0000000785800000| Untracked 
| 557|0x0000000785a00000, 0x0000000785a00000, 0x0000000785c00000|  0%| F|  |TAMS 0x0000000785a00000| PB 0x0000000785a00000| Untracked 
| 558|0x0000000785c00000, 0x0000000785c00000, 0x0000000785e00000|  0%| F|  |TAMS 0x0000000785c00000| PB 0x0000000785c00000| Untracked 
| 559|0x0000000785e00000, 0x0000000785e00000, 0x0000000786000000|  0%| F|  |TAMS 0x0000000785e00000| PB 0x0000000785e00000| Untracked 
| 560|0x0000000786000000, 0x0000000786000000, 0x0000000786200000|  0%| F|  |TAMS 0x0000000786000000| PB 0x0000000786000000| Untracked 
| 561|0x0000000786200000, 0x0000000786200000, 0x0000000786400000|  0%| F|  |TAMS 0x0000000786200000| PB 0x0000000786200000| Untracked 
| 562|0x0000000786400000, 0x0000000786400000, 0x0000000786600000|  0%| F|  |TAMS 0x0000000786400000| PB 0x0000000786400000| Untracked 
| 563|0x0000000786600000, 0x0000000786600000, 0x0000000786800000|  0%| F|  |TAMS 0x0000000786600000| PB 0x0000000786600000| Untracked 
| 564|0x0000000786800000, 0x0000000786800000, 0x0000000786a00000|  0%| F|  |TAMS 0x0000000786800000| PB 0x0000000786800000| Untracked 
| 565|0x0000000786a00000, 0x0000000786a00000, 0x0000000786c00000|  0%| F|  |TAMS 0x0000000786a00000| PB 0x0000000786a00000| Untracked 
| 566|0x0000000786c00000, 0x0000000786c00000, 0x0000000786e00000|  0%| F|  |TAMS 0x0000000786c00000| PB 0x0000000786c00000| Untracked 
| 567|0x0000000786e00000, 0x0000000786e00000, 0x0000000787000000|  0%| F|  |TAMS 0x0000000786e00000| PB 0x0000000786e00000| Untracked 
| 568|0x0000000787000000, 0x0000000787000000, 0x0000000787200000|  0%| F|  |TAMS 0x0000000787000000| PB 0x0000000787000000| Untracked 
| 569|0x0000000787200000, 0x0000000787200000, 0x0000000787400000|  0%| F|  |TAMS 0x0000000787200000| PB 0x0000000787200000| Untracked 
| 570|0x0000000787400000, 0x0000000787400000, 0x0000000787600000|  0%| F|  |TAMS 0x0000000787400000| PB 0x0000000787400000| Untracked 
| 571|0x0000000787600000, 0x0000000787600000, 0x0000000787800000|  0%| F|  |TAMS 0x0000000787600000| PB 0x0000000787600000| Untracked 
| 572|0x0000000787800000, 0x0000000787800000, 0x0000000787a00000|  0%| F|  |TAMS 0x0000000787800000| PB 0x0000000787800000| Untracked 
| 573|0x0000000787a00000, 0x0000000787a00000, 0x0000000787c00000|  0%| F|  |TAMS 0x0000000787a00000| PB 0x0000000787a00000| Untracked 
| 574|0x0000000787c00000, 0x0000000787c00000, 0x0000000787e00000|  0%| F|  |TAMS 0x0000000787c00000| PB 0x0000000787c00000| Untracked 
| 575|0x0000000787e00000, 0x0000000787e00000, 0x0000000788000000|  0%| F|  |TAMS 0x0000000787e00000| PB 0x0000000787e00000| Untracked 
| 576|0x0000000788000000, 0x0000000788000000, 0x0000000788200000|  0%| F|  |TAMS 0x0000000788000000| PB 0x0000000788000000| Untracked 
| 577|0x0000000788200000, 0x0000000788200000, 0x0000000788400000|  0%| F|  |TAMS 0x0000000788200000| PB 0x0000000788200000| Untracked 
| 578|0x0000000788400000, 0x0000000788400000, 0x0000000788600000|  0%| F|  |TAMS 0x0000000788400000| PB 0x0000000788400000| Untracked 
| 579|0x0000000788600000, 0x0000000788600000, 0x0000000788800000|  0%| F|  |TAMS 0x0000000788600000| PB 0x0000000788600000| Untracked 
| 580|0x0000000788800000, 0x0000000788800000, 0x0000000788a00000|  0%| F|  |TAMS 0x0000000788800000| PB 0x0000000788800000| Untracked 
| 581|0x0000000788a00000, 0x0000000788a00000, 0x0000000788c00000|  0%| F|  |TAMS 0x0000000788a00000| PB 0x0000000788a00000| Untracked 
| 582|0x0000000788c00000, 0x0000000788c00000, 0x0000000788e00000|  0%| F|  |TAMS 0x0000000788c00000| PB 0x0000000788c00000| Untracked 
| 583|0x0000000788e00000, 0x0000000788e00000, 0x0000000789000000|  0%| F|  |TAMS 0x0000000788e00000| PB 0x0000000788e00000| Untracked 
| 584|0x0000000789000000, 0x0000000789000000, 0x0000000789200000|  0%| F|  |TAMS 0x0000000789000000| PB 0x0000000789000000| Untracked 
| 585|0x0000000789200000, 0x0000000789200000, 0x0000000789400000|  0%| F|  |TAMS 0x0000000789200000| PB 0x0000000789200000| Untracked 
| 586|0x0000000789400000, 0x0000000789400000, 0x0000000789600000|  0%| F|  |TAMS 0x0000000789400000| PB 0x0000000789400000| Untracked 
| 587|0x0000000789600000, 0x0000000789600000, 0x0000000789800000|  0%| F|  |TAMS 0x0000000789600000| PB 0x0000000789600000| Untracked 
| 588|0x0000000789800000, 0x0000000789800000, 0x0000000789a00000|  0%| F|  |TAMS 0x0000000789800000| PB 0x0000000789800000| Untracked 
| 589|0x0000000789a00000, 0x0000000789a00000, 0x0000000789c00000|  0%| F|  |TAMS 0x0000000789a00000| PB 0x0000000789a00000| Untracked 
| 590|0x0000000789c00000, 0x0000000789c00000, 0x0000000789e00000|  0%| F|  |TAMS 0x0000000789c00000| PB 0x0000000789c00000| Untracked 
| 591|0x0000000789e00000, 0x0000000789e00000, 0x000000078a000000|  0%| F|  |TAMS 0x0000000789e00000| PB 0x0000000789e00000| Untracked 
| 592|0x000000078a000000, 0x000000078a000000, 0x000000078a200000|  0%| F|  |TAMS 0x000000078a000000| PB 0x000000078a000000| Untracked 
| 593|0x000000078a200000, 0x000000078a200000, 0x000000078a400000|  0%| F|  |TAMS 0x000000078a200000| PB 0x000000078a200000| Untracked 
| 594|0x000000078a400000, 0x000000078a400000, 0x000000078a600000|  0%| F|  |TAMS 0x000000078a400000| PB 0x000000078a400000| Untracked 
| 595|0x000000078a600000, 0x000000078a600000, 0x000000078a800000|  0%| F|  |TAMS 0x000000078a600000| PB 0x000000078a600000| Untracked 
| 596|0x000000078a800000, 0x000000078a800000, 0x000000078aa00000|  0%| F|  |TAMS 0x000000078a800000| PB 0x000000078a800000| Untracked 
| 597|0x000000078aa00000, 0x000000078aa00000, 0x000000078ac00000|  0%| F|  |TAMS 0x000000078aa00000| PB 0x000000078aa00000| Untracked 
| 598|0x000000078ac00000, 0x000000078ac00000, 0x000000078ae00000|  0%| F|  |TAMS 0x000000078ac00000| PB 0x000000078ac00000| Untracked 
| 599|0x000000078ae00000, 0x000000078ae00000, 0x000000078b000000|  0%| F|  |TAMS 0x000000078ae00000| PB 0x000000078ae00000| Untracked 
| 600|0x000000078b000000, 0x000000078b000000, 0x000000078b200000|  0%| F|  |TAMS 0x000000078b000000| PB 0x000000078b000000| Untracked 
| 601|0x000000078b200000, 0x000000078b200000, 0x000000078b400000|  0%| F|  |TAMS 0x000000078b200000| PB 0x000000078b200000| Untracked 
| 602|0x000000078b400000, 0x000000078b400000, 0x000000078b600000|  0%| F|  |TAMS 0x000000078b400000| PB 0x000000078b400000| Untracked 
| 603|0x000000078b600000, 0x000000078b600000, 0x000000078b800000|  0%| F|  |TAMS 0x000000078b600000| PB 0x000000078b600000| Untracked 
| 604|0x000000078b800000, 0x000000078b800000, 0x000000078ba00000|  0%| F|  |TAMS 0x000000078b800000| PB 0x000000078b800000| Untracked 
| 605|0x000000078ba00000, 0x000000078ba00000, 0x000000078bc00000|  0%| F|  |TAMS 0x000000078ba00000| PB 0x000000078ba00000| Untracked 
| 606|0x000000078bc00000, 0x000000078bc00000, 0x000000078be00000|  0%| F|  |TAMS 0x000000078bc00000| PB 0x000000078bc00000| Untracked 
| 607|0x000000078be00000, 0x000000078be00000, 0x000000078c000000|  0%| F|  |TAMS 0x000000078be00000| PB 0x000000078be00000| Untracked 
| 608|0x000000078c000000, 0x000000078c000000, 0x000000078c200000|  0%| F|  |TAMS 0x000000078c000000| PB 0x000000078c000000| Untracked 
| 609|0x000000078c200000, 0x000000078c200000, 0x000000078c400000|  0%| F|  |TAMS 0x000000078c200000| PB 0x000000078c200000| Untracked 
| 610|0x000000078c400000, 0x000000078c400000, 0x000000078c600000|  0%| F|  |TAMS 0x000000078c400000| PB 0x000000078c400000| Untracked 
| 611|0x000000078c600000, 0x000000078c600000, 0x000000078c800000|  0%| F|  |TAMS 0x000000078c600000| PB 0x000000078c600000| Untracked 
| 612|0x000000078c800000, 0x000000078c800000, 0x000000078ca00000|  0%| F|  |TAMS 0x000000078c800000| PB 0x000000078c800000| Untracked 
| 613|0x000000078ca00000, 0x000000078ca00000, 0x000000078cc00000|  0%| F|  |TAMS 0x000000078ca00000| PB 0x000000078ca00000| Untracked 
| 614|0x000000078cc00000, 0x000000078cc00000, 0x000000078ce00000|  0%| F|  |TAMS 0x000000078cc00000| PB 0x000000078cc00000| Untracked 
| 615|0x000000078ce00000, 0x000000078ce00000, 0x000000078d000000|  0%| F|  |TAMS 0x000000078ce00000| PB 0x000000078ce00000| Untracked 
| 616|0x000000078d000000, 0x000000078d000000, 0x000000078d200000|  0%| F|  |TAMS 0x000000078d000000| PB 0x000000078d000000| Untracked 
| 617|0x000000078d200000, 0x000000078d200000, 0x000000078d400000|  0%| F|  |TAMS 0x000000078d200000| PB 0x000000078d200000| Untracked 
| 618|0x000000078d400000, 0x000000078d400000, 0x000000078d600000|  0%| F|  |TAMS 0x000000078d400000| PB 0x000000078d400000| Untracked 
| 619|0x000000078d600000, 0x000000078d600000, 0x000000078d800000|  0%| F|  |TAMS 0x000000078d600000| PB 0x000000078d600000| Untracked 
| 620|0x000000078d800000, 0x000000078d800000, 0x000000078da00000|  0%| F|  |TAMS 0x000000078d800000| PB 0x000000078d800000| Untracked 
| 621|0x000000078da00000, 0x000000078da00000, 0x000000078dc00000|  0%| F|  |TAMS 0x000000078da00000| PB 0x000000078da00000| Untracked 
| 622|0x000000078dc00000, 0x000000078dc00000, 0x000000078de00000|  0%| F|  |TAMS 0x000000078dc00000| PB 0x000000078dc00000| Untracked 
| 623|0x000000078de00000, 0x000000078de00000, 0x000000078e000000|  0%| F|  |TAMS 0x000000078de00000| PB 0x000000078de00000| Untracked 
| 624|0x000000078e000000, 0x000000078e000000, 0x000000078e200000|  0%| F|  |TAMS 0x000000078e000000| PB 0x000000078e000000| Untracked 
| 625|0x000000078e200000, 0x000000078e200000, 0x000000078e400000|  0%| F|  |TAMS 0x000000078e200000| PB 0x000000078e200000| Untracked 
| 626|0x000000078e400000, 0x000000078e400000, 0x000000078e600000|  0%| F|  |TAMS 0x000000078e400000| PB 0x000000078e400000| Untracked 
| 627|0x000000078e600000, 0x000000078e600000, 0x000000078e800000|  0%| F|  |TAMS 0x000000078e600000| PB 0x000000078e600000| Untracked 
| 628|0x000000078e800000, 0x000000078e800000, 0x000000078ea00000|  0%| F|  |TAMS 0x000000078e800000| PB 0x000000078e800000| Untracked 
| 629|0x000000078ea00000, 0x000000078ea00000, 0x000000078ec00000|  0%| F|  |TAMS 0x000000078ea00000| PB 0x000000078ea00000| Untracked 
| 630|0x000000078ec00000, 0x000000078ec00000, 0x000000078ee00000|  0%| F|  |TAMS 0x000000078ec00000| PB 0x000000078ec00000| Untracked 
| 631|0x000000078ee00000, 0x000000078ee00000, 0x000000078f000000|  0%| F|  |TAMS 0x000000078ee00000| PB 0x000000078ee00000| Untracked 
| 632|0x000000078f000000, 0x000000078f000000, 0x000000078f200000|  0%| F|  |TAMS 0x000000078f000000| PB 0x000000078f000000| Untracked 
| 633|0x000000078f200000, 0x000000078f200000, 0x000000078f400000|  0%| F|  |TAMS 0x000000078f200000| PB 0x000000078f200000| Untracked 
| 634|0x000000078f400000, 0x000000078f400000, 0x000000078f600000|  0%| F|  |TAMS 0x000000078f400000| PB 0x000000078f400000| Untracked 
| 635|0x000000078f600000, 0x000000078f600000, 0x000000078f800000|  0%| F|  |TAMS 0x000000078f600000| PB 0x000000078f600000| Untracked 
| 636|0x000000078f800000, 0x000000078f800000, 0x000000078fa00000|  0%| F|  |TAMS 0x000000078f800000| PB 0x000000078f800000| Untracked 
| 637|0x000000078fa00000, 0x000000078fa00000, 0x000000078fc00000|  0%| F|  |TAMS 0x000000078fa00000| PB 0x000000078fa00000| Untracked 
| 638|0x000000078fc00000, 0x000000078fc00000, 0x000000078fe00000|  0%| F|  |TAMS 0x000000078fc00000| PB 0x000000078fc00000| Untracked 
| 639|0x000000078fe00000, 0x000000078fe00000, 0x0000000790000000|  0%| F|  |TAMS 0x000000078fe00000| PB 0x000000078fe00000| Untracked 
| 640|0x0000000790000000, 0x0000000790000000, 0x0000000790200000|  0%| F|  |TAMS 0x0000000790000000| PB 0x0000000790000000| Untracked 
| 641|0x0000000790200000, 0x0000000790200000, 0x0000000790400000|  0%| F|  |TAMS 0x0000000790200000| PB 0x0000000790200000| Untracked 
| 642|0x0000000790400000, 0x0000000790400000, 0x0000000790600000|  0%| F|  |TAMS 0x0000000790400000| PB 0x0000000790400000| Untracked 
| 643|0x0000000790600000, 0x0000000790600000, 0x0000000790800000|  0%| F|  |TAMS 0x0000000790600000| PB 0x0000000790600000| Untracked 
| 644|0x0000000790800000, 0x0000000790800000, 0x0000000790a00000|  0%| F|  |TAMS 0x0000000790800000| PB 0x0000000790800000| Untracked 
| 645|0x0000000790a00000, 0x0000000790a00000, 0x0000000790c00000|  0%| F|  |TAMS 0x0000000790a00000| PB 0x0000000790a00000| Untracked 
| 646|0x0000000790c00000, 0x0000000790c00000, 0x0000000790e00000|  0%| F|  |TAMS 0x0000000790c00000| PB 0x0000000790c00000| Untracked 
| 647|0x0000000790e00000, 0x0000000790e00000, 0x0000000791000000|  0%| F|  |TAMS 0x0000000790e00000| PB 0x0000000790e00000| Untracked 
| 648|0x0000000791000000, 0x0000000791000000, 0x0000000791200000|  0%| F|  |TAMS 0x0000000791000000| PB 0x0000000791000000| Untracked 
| 649|0x0000000791200000, 0x0000000791200000, 0x0000000791400000|  0%| F|  |TAMS 0x0000000791200000| PB 0x0000000791200000| Untracked 
| 650|0x0000000791400000, 0x0000000791400000, 0x0000000791600000|  0%| F|  |TAMS 0x0000000791400000| PB 0x0000000791400000| Untracked 
| 651|0x0000000791600000, 0x0000000791600000, 0x0000000791800000|  0%| F|  |TAMS 0x0000000791600000| PB 0x0000000791600000| Untracked 
| 652|0x0000000791800000, 0x0000000791800000, 0x0000000791a00000|  0%| F|  |TAMS 0x0000000791800000| PB 0x0000000791800000| Untracked 
| 653|0x0000000791a00000, 0x0000000791a00000, 0x0000000791c00000|  0%| F|  |TAMS 0x0000000791a00000| PB 0x0000000791a00000| Untracked 
| 654|0x0000000791c00000, 0x0000000791c00000, 0x0000000791e00000|  0%| F|  |TAMS 0x0000000791c00000| PB 0x0000000791c00000| Untracked 
| 655|0x0000000791e00000, 0x0000000791e00000, 0x0000000792000000|  0%| F|  |TAMS 0x0000000791e00000| PB 0x0000000791e00000| Untracked 
| 656|0x0000000792000000, 0x0000000792000000, 0x0000000792200000|  0%| F|  |TAMS 0x0000000792000000| PB 0x0000000792000000| Untracked 
| 657|0x0000000792200000, 0x0000000792200000, 0x0000000792400000|  0%| F|  |TAMS 0x0000000792200000| PB 0x0000000792200000| Untracked 
| 658|0x0000000792400000, 0x0000000792400000, 0x0000000792600000|  0%| F|  |TAMS 0x0000000792400000| PB 0x0000000792400000| Untracked 
| 659|0x0000000792600000, 0x0000000792600000, 0x0000000792800000|  0%| F|  |TAMS 0x0000000792600000| PB 0x0000000792600000| Untracked 
| 660|0x0000000792800000, 0x0000000792800000, 0x0000000792a00000|  0%| F|  |TAMS 0x0000000792800000| PB 0x0000000792800000| Untracked 
| 661|0x0000000792a00000, 0x0000000792a00000, 0x0000000792c00000|  0%| F|  |TAMS 0x0000000792a00000| PB 0x0000000792a00000| Untracked 
| 662|0x0000000792c00000, 0x0000000792c00000, 0x0000000792e00000|  0%| F|  |TAMS 0x0000000792c00000| PB 0x0000000792c00000| Untracked 
| 663|0x0000000792e00000, 0x0000000792e00000, 0x0000000793000000|  0%| F|  |TAMS 0x0000000792e00000| PB 0x0000000792e00000| Untracked 
| 664|0x0000000793000000, 0x0000000793000000, 0x0000000793200000|  0%| F|  |TAMS 0x0000000793000000| PB 0x0000000793000000| Untracked 
| 665|0x0000000793200000, 0x0000000793200000, 0x0000000793400000|  0%| F|  |TAMS 0x0000000793200000| PB 0x0000000793200000| Untracked 
| 666|0x0000000793400000, 0x0000000793400000, 0x0000000793600000|  0%| F|  |TAMS 0x0000000793400000| PB 0x0000000793400000| Untracked 
| 667|0x0000000793600000, 0x0000000793600000, 0x0000000793800000|  0%| F|  |TAMS 0x0000000793600000| PB 0x0000000793600000| Untracked 
| 668|0x0000000793800000, 0x0000000793800000, 0x0000000793a00000|  0%| F|  |TAMS 0x0000000793800000| PB 0x0000000793800000| Untracked 
| 669|0x0000000793a00000, 0x0000000793a00000, 0x0000000793c00000|  0%| F|  |TAMS 0x0000000793a00000| PB 0x0000000793a00000| Untracked 
| 670|0x0000000793c00000, 0x0000000793c00000, 0x0000000793e00000|  0%| F|  |TAMS 0x0000000793c00000| PB 0x0000000793c00000| Untracked 
| 671|0x0000000793e00000, 0x0000000793e00000, 0x0000000794000000|  0%| F|  |TAMS 0x0000000793e00000| PB 0x0000000793e00000| Untracked 
| 672|0x0000000794000000, 0x0000000794000000, 0x0000000794200000|  0%| F|  |TAMS 0x0000000794000000| PB 0x0000000794000000| Untracked 
| 673|0x0000000794200000, 0x0000000794200000, 0x0000000794400000|  0%| F|  |TAMS 0x0000000794200000| PB 0x0000000794200000| Untracked 
| 674|0x0000000794400000, 0x0000000794400000, 0x0000000794600000|  0%| F|  |TAMS 0x0000000794400000| PB 0x0000000794400000| Untracked 
| 675|0x0000000794600000, 0x0000000794600000, 0x0000000794800000|  0%| F|  |TAMS 0x0000000794600000| PB 0x0000000794600000| Untracked 
| 676|0x0000000794800000, 0x0000000794800000, 0x0000000794a00000|  0%| F|  |TAMS 0x0000000794800000| PB 0x0000000794800000| Untracked 
| 677|0x0000000794a00000, 0x0000000794a00000, 0x0000000794c00000|  0%| F|  |TAMS 0x0000000794a00000| PB 0x0000000794a00000| Untracked 
| 678|0x0000000794c00000, 0x0000000794c00000, 0x0000000794e00000|  0%| F|  |TAMS 0x0000000794c00000| PB 0x0000000794c00000| Untracked 
| 679|0x0000000794e00000, 0x0000000794e00000, 0x0000000795000000|  0%| F|  |TAMS 0x0000000794e00000| PB 0x0000000794e00000| Untracked 
| 680|0x0000000795000000, 0x0000000795000000, 0x0000000795200000|  0%| F|  |TAMS 0x0000000795000000| PB 0x0000000795000000| Untracked 
| 681|0x0000000795200000, 0x0000000795200000, 0x0000000795400000|  0%| F|  |TAMS 0x0000000795200000| PB 0x0000000795200000| Untracked 
| 682|0x0000000795400000, 0x0000000795400000, 0x0000000795600000|  0%| F|  |TAMS 0x0000000795400000| PB 0x0000000795400000| Untracked 
| 683|0x0000000795600000, 0x0000000795600000, 0x0000000795800000|  0%| F|  |TAMS 0x0000000795600000| PB 0x0000000795600000| Untracked 
| 684|0x0000000795800000, 0x0000000795800000, 0x0000000795a00000|  0%| F|  |TAMS 0x0000000795800000| PB 0x0000000795800000| Untracked 
| 685|0x0000000795a00000, 0x0000000795a00000, 0x0000000795c00000|  0%| F|  |TAMS 0x0000000795a00000| PB 0x0000000795a00000| Untracked 
| 686|0x0000000795c00000, 0x0000000795c00000, 0x0000000795e00000|  0%| F|  |TAMS 0x0000000795c00000| PB 0x0000000795c00000| Untracked 
| 687|0x0000000795e00000, 0x0000000795e00000, 0x0000000796000000|  0%| F|  |TAMS 0x0000000795e00000| PB 0x0000000795e00000| Untracked 
| 688|0x0000000796000000, 0x0000000796000000, 0x0000000796200000|  0%| F|  |TAMS 0x0000000796000000| PB 0x0000000796000000| Untracked 
| 689|0x0000000796200000, 0x0000000796200000, 0x0000000796400000|  0%| F|  |TAMS 0x0000000796200000| PB 0x0000000796200000| Untracked 
| 690|0x0000000796400000, 0x0000000796400000, 0x0000000796600000|  0%| F|  |TAMS 0x0000000796400000| PB 0x0000000796400000| Untracked 
| 691|0x0000000796600000, 0x0000000796600000, 0x0000000796800000|  0%| F|  |TAMS 0x0000000796600000| PB 0x0000000796600000| Untracked 
| 692|0x0000000796800000, 0x0000000796800000, 0x0000000796a00000|  0%| F|  |TAMS 0x0000000796800000| PB 0x0000000796800000| Untracked 
| 693|0x0000000796a00000, 0x0000000796a00000, 0x0000000796c00000|  0%| F|  |TAMS 0x0000000796a00000| PB 0x0000000796a00000| Untracked 
| 694|0x0000000796c00000, 0x0000000796c00000, 0x0000000796e00000|  0%| F|  |TAMS 0x0000000796c00000| PB 0x0000000796c00000| Untracked 
| 695|0x0000000796e00000, 0x0000000796e00000, 0x0000000797000000|  0%| F|  |TAMS 0x0000000796e00000| PB 0x0000000796e00000| Untracked 
| 696|0x0000000797000000, 0x0000000797000000, 0x0000000797200000|  0%| F|  |TAMS 0x0000000797000000| PB 0x0000000797000000| Untracked 
| 697|0x0000000797200000, 0x0000000797200000, 0x0000000797400000|  0%| F|  |TAMS 0x0000000797200000| PB 0x0000000797200000| Untracked 
| 698|0x0000000797400000, 0x0000000797400000, 0x0000000797600000|  0%| F|  |TAMS 0x0000000797400000| PB 0x0000000797400000| Untracked 
| 699|0x0000000797600000, 0x0000000797600000, 0x0000000797800000|  0%| F|  |TAMS 0x0000000797600000| PB 0x0000000797600000| Untracked 
| 700|0x0000000797800000, 0x0000000797800000, 0x0000000797a00000|  0%| F|  |TAMS 0x0000000797800000| PB 0x0000000797800000| Untracked 
| 701|0x0000000797a00000, 0x0000000797a00000, 0x0000000797c00000|  0%| F|  |TAMS 0x0000000797a00000| PB 0x0000000797a00000| Untracked 
| 702|0x0000000797c00000, 0x0000000797c00000, 0x0000000797e00000|  0%| F|  |TAMS 0x0000000797c00000| PB 0x0000000797c00000| Untracked 
| 703|0x0000000797e00000, 0x0000000797e00000, 0x0000000798000000|  0%| F|  |TAMS 0x0000000797e00000| PB 0x0000000797e00000| Untracked 
| 704|0x0000000798000000, 0x0000000798000000, 0x0000000798200000|  0%| F|  |TAMS 0x0000000798000000| PB 0x0000000798000000| Untracked 
| 705|0x0000000798200000, 0x0000000798200000, 0x0000000798400000|  0%| F|  |TAMS 0x0000000798200000| PB 0x0000000798200000| Untracked 
| 706|0x0000000798400000, 0x0000000798400000, 0x0000000798600000|  0%| F|  |TAMS 0x0000000798400000| PB 0x0000000798400000| Untracked 
| 707|0x0000000798600000, 0x0000000798600000, 0x0000000798800000|  0%| F|  |TAMS 0x0000000798600000| PB 0x0000000798600000| Untracked 
| 708|0x0000000798800000, 0x0000000798800000, 0x0000000798a00000|  0%| F|  |TAMS 0x0000000798800000| PB 0x0000000798800000| Untracked 
| 709|0x0000000798a00000, 0x0000000798a00000, 0x0000000798c00000|  0%| F|  |TAMS 0x0000000798a00000| PB 0x0000000798a00000| Untracked 
| 710|0x0000000798c00000, 0x0000000798c00000, 0x0000000798e00000|  0%| F|  |TAMS 0x0000000798c00000| PB 0x0000000798c00000| Untracked 
| 711|0x0000000798e00000, 0x0000000798e00000, 0x0000000799000000|  0%| F|  |TAMS 0x0000000798e00000| PB 0x0000000798e00000| Untracked 
| 712|0x0000000799000000, 0x0000000799000000, 0x0000000799200000|  0%| F|  |TAMS 0x0000000799000000| PB 0x0000000799000000| Untracked 
| 713|0x0000000799200000, 0x0000000799200000, 0x0000000799400000|  0%| F|  |TAMS 0x0000000799200000| PB 0x0000000799200000| Untracked 
| 714|0x0000000799400000, 0x0000000799400000, 0x0000000799600000|  0%| F|  |TAMS 0x0000000799400000| PB 0x0000000799400000| Untracked 
| 715|0x0000000799600000, 0x0000000799600000, 0x0000000799800000|  0%| F|  |TAMS 0x0000000799600000| PB 0x0000000799600000| Untracked 
| 716|0x0000000799800000, 0x0000000799800000, 0x0000000799a00000|  0%| F|  |TAMS 0x0000000799800000| PB 0x0000000799800000| Untracked 
| 717|0x0000000799a00000, 0x0000000799a00000, 0x0000000799c00000|  0%| F|  |TAMS 0x0000000799a00000| PB 0x0000000799a00000| Untracked 
| 718|0x0000000799c00000, 0x0000000799c00000, 0x0000000799e00000|  0%| F|  |TAMS 0x0000000799c00000| PB 0x0000000799c00000| Untracked 
| 719|0x0000000799e00000, 0x0000000799e00000, 0x000000079a000000|  0%| F|  |TAMS 0x0000000799e00000| PB 0x0000000799e00000| Untracked 
| 720|0x000000079a000000, 0x000000079a000000, 0x000000079a200000|  0%| F|  |TAMS 0x000000079a000000| PB 0x000000079a000000| Untracked 
| 721|0x000000079a200000, 0x000000079a200000, 0x000000079a400000|  0%| F|  |TAMS 0x000000079a200000| PB 0x000000079a200000| Untracked 
| 722|0x000000079a400000, 0x000000079a400000, 0x000000079a600000|  0%| F|  |TAMS 0x000000079a400000| PB 0x000000079a400000| Untracked 
| 723|0x000000079a600000, 0x000000079a600000, 0x000000079a800000|  0%| F|  |TAMS 0x000000079a600000| PB 0x000000079a600000| Untracked 
| 724|0x000000079a800000, 0x000000079a800000, 0x000000079aa00000|  0%| F|  |TAMS 0x000000079a800000| PB 0x000000079a800000| Untracked 
| 725|0x000000079aa00000, 0x000000079aa00000, 0x000000079ac00000|  0%| F|  |TAMS 0x000000079aa00000| PB 0x000000079aa00000| Untracked 
| 726|0x000000079ac00000, 0x000000079ac00000, 0x000000079ae00000|  0%| F|  |TAMS 0x000000079ac00000| PB 0x000000079ac00000| Untracked 
| 727|0x000000079ae00000, 0x000000079ae00000, 0x000000079b000000|  0%| F|  |TAMS 0x000000079ae00000| PB 0x000000079ae00000| Untracked 
| 728|0x000000079b000000, 0x000000079b000000, 0x000000079b200000|  0%| F|  |TAMS 0x000000079b000000| PB 0x000000079b000000| Untracked 
| 729|0x000000079b200000, 0x000000079b200000, 0x000000079b400000|  0%| F|  |TAMS 0x000000079b200000| PB 0x000000079b200000| Untracked 
| 730|0x000000079b400000, 0x000000079b400000, 0x000000079b600000|  0%| F|  |TAMS 0x000000079b400000| PB 0x000000079b400000| Untracked 
| 731|0x000000079b600000, 0x000000079b600000, 0x000000079b800000|  0%| F|  |TAMS 0x000000079b600000| PB 0x000000079b600000| Untracked 
| 732|0x000000079b800000, 0x000000079b800000, 0x000000079ba00000|  0%| F|  |TAMS 0x000000079b800000| PB 0x000000079b800000| Untracked 
| 733|0x000000079ba00000, 0x000000079ba00000, 0x000000079bc00000|  0%| F|  |TAMS 0x000000079ba00000| PB 0x000000079ba00000| Untracked 
| 734|0x000000079bc00000, 0x000000079bc00000, 0x000000079be00000|  0%| F|  |TAMS 0x000000079bc00000| PB 0x000000079bc00000| Untracked 
| 735|0x000000079be00000, 0x000000079be00000, 0x000000079c000000|  0%| F|  |TAMS 0x000000079be00000| PB 0x000000079be00000| Untracked 
| 736|0x000000079c000000, 0x000000079c000000, 0x000000079c200000|  0%| F|  |TAMS 0x000000079c000000| PB 0x000000079c000000| Untracked 
| 737|0x000000079c200000, 0x000000079c200000, 0x000000079c400000|  0%| F|  |TAMS 0x000000079c200000| PB 0x000000079c200000| Untracked 
| 738|0x000000079c400000, 0x000000079c400000, 0x000000079c600000|  0%| F|  |TAMS 0x000000079c400000| PB 0x000000079c400000| Untracked 
| 739|0x000000079c600000, 0x000000079c600000, 0x000000079c800000|  0%| F|  |TAMS 0x000000079c600000| PB 0x000000079c600000| Untracked 
| 740|0x000000079c800000, 0x000000079c800000, 0x000000079ca00000|  0%| F|  |TAMS 0x000000079c800000| PB 0x000000079c800000| Untracked 
| 741|0x000000079ca00000, 0x000000079ca00000, 0x000000079cc00000|  0%| F|  |TAMS 0x000000079ca00000| PB 0x000000079ca00000| Untracked 
| 742|0x000000079cc00000, 0x000000079cc00000, 0x000000079ce00000|  0%| F|  |TAMS 0x000000079cc00000| PB 0x000000079cc00000| Untracked 
| 743|0x000000079ce00000, 0x000000079ce00000, 0x000000079d000000|  0%| F|  |TAMS 0x000000079ce00000| PB 0x000000079ce00000| Untracked 
| 744|0x000000079d000000, 0x000000079d000000, 0x000000079d200000|  0%| F|  |TAMS 0x000000079d000000| PB 0x000000079d000000| Untracked 
| 745|0x000000079d200000, 0x000000079d200000, 0x000000079d400000|  0%| F|  |TAMS 0x000000079d200000| PB 0x000000079d200000| Untracked 
| 746|0x000000079d400000, 0x000000079d400000, 0x000000079d600000|  0%| F|  |TAMS 0x000000079d400000| PB 0x000000079d400000| Untracked 
| 747|0x000000079d600000, 0x000000079d600000, 0x000000079d800000|  0%| F|  |TAMS 0x000000079d600000| PB 0x000000079d600000| Untracked 
| 748|0x000000079d800000, 0x000000079d800000, 0x000000079da00000|  0%| F|  |TAMS 0x000000079d800000| PB 0x000000079d800000| Untracked 
| 749|0x000000079da00000, 0x000000079da00000, 0x000000079dc00000|  0%| F|  |TAMS 0x000000079da00000| PB 0x000000079da00000| Untracked 
| 750|0x000000079dc00000, 0x000000079dc00000, 0x000000079de00000|  0%| F|  |TAMS 0x000000079dc00000| PB 0x000000079dc00000| Untracked 
| 751|0x000000079de00000, 0x000000079de00000, 0x000000079e000000|  0%| F|  |TAMS 0x000000079de00000| PB 0x000000079de00000| Untracked 
| 752|0x000000079e000000, 0x000000079e000000, 0x000000079e200000|  0%| F|  |TAMS 0x000000079e000000| PB 0x000000079e000000| Untracked 
| 753|0x000000079e200000, 0x000000079e200000, 0x000000079e400000|  0%| F|  |TAMS 0x000000079e200000| PB 0x000000079e200000| Untracked 
| 754|0x000000079e400000, 0x000000079e400000, 0x000000079e600000|  0%| F|  |TAMS 0x000000079e400000| PB 0x000000079e400000| Untracked 
| 755|0x000000079e600000, 0x000000079e600000, 0x000000079e800000|  0%| F|  |TAMS 0x000000079e600000| PB 0x000000079e600000| Untracked 
| 756|0x000000079e800000, 0x000000079e800000, 0x000000079ea00000|  0%| F|  |TAMS 0x000000079e800000| PB 0x000000079e800000| Untracked 
| 757|0x000000079ea00000, 0x000000079ea00000, 0x000000079ec00000|  0%| F|  |TAMS 0x000000079ea00000| PB 0x000000079ea00000| Untracked 
| 758|0x000000079ec00000, 0x000000079ec00000, 0x000000079ee00000|  0%| F|  |TAMS 0x000000079ec00000| PB 0x000000079ec00000| Untracked 
| 759|0x000000079ee00000, 0x000000079ee00000, 0x000000079f000000|  0%| F|  |TAMS 0x000000079ee00000| PB 0x000000079ee00000| Untracked 
| 760|0x000000079f000000, 0x000000079f000000, 0x000000079f200000|  0%| F|  |TAMS 0x000000079f000000| PB 0x000000079f000000| Untracked 
| 761|0x000000079f200000, 0x000000079f200000, 0x000000079f400000|  0%| F|  |TAMS 0x000000079f200000| PB 0x000000079f200000| Untracked 
| 762|0x000000079f400000, 0x000000079f400000, 0x000000079f600000|  0%| F|  |TAMS 0x000000079f400000| PB 0x000000079f400000| Untracked 
| 763|0x000000079f600000, 0x000000079f600000, 0x000000079f800000|  0%| F|  |TAMS 0x000000079f600000| PB 0x000000079f600000| Untracked 
| 764|0x000000079f800000, 0x000000079f800000, 0x000000079fa00000|  0%| F|  |TAMS 0x000000079f800000| PB 0x000000079f800000| Untracked 
| 765|0x000000079fa00000, 0x000000079fa00000, 0x000000079fc00000|  0%| F|  |TAMS 0x000000079fa00000| PB 0x000000079fa00000| Untracked 
| 766|0x000000079fc00000, 0x000000079fc00000, 0x000000079fe00000|  0%| F|  |TAMS 0x000000079fc00000| PB 0x000000079fc00000| Untracked 
| 767|0x000000079fe00000, 0x000000079fe00000, 0x00000007a0000000|  0%| F|  |TAMS 0x000000079fe00000| PB 0x000000079fe00000| Untracked 
| 768|0x00000007a0000000, 0x00000007a0000000, 0x00000007a0200000|  0%| F|  |TAMS 0x00000007a0000000| PB 0x00000007a0000000| Untracked 
| 769|0x00000007a0200000, 0x00000007a0200000, 0x00000007a0400000|  0%| F|  |TAMS 0x00000007a0200000| PB 0x00000007a0200000| Untracked 
| 770|0x00000007a0400000, 0x00000007a0400000, 0x00000007a0600000|  0%| F|  |TAMS 0x00000007a0400000| PB 0x00000007a0400000| Untracked 
| 771|0x00000007a0600000, 0x00000007a0600000, 0x00000007a0800000|  0%| F|  |TAMS 0x00000007a0600000| PB 0x00000007a0600000| Untracked 
| 772|0x00000007a0800000, 0x00000007a0800000, 0x00000007a0a00000|  0%| F|  |TAMS 0x00000007a0800000| PB 0x00000007a0800000| Untracked 
| 773|0x00000007a0a00000, 0x00000007a0a00000, 0x00000007a0c00000|  0%| F|  |TAMS 0x00000007a0a00000| PB 0x00000007a0a00000| Untracked 
| 774|0x00000007a0c00000, 0x00000007a0c00000, 0x00000007a0e00000|  0%| F|  |TAMS 0x00000007a0c00000| PB 0x00000007a0c00000| Untracked 
| 775|0x00000007a0e00000, 0x00000007a0e00000, 0x00000007a1000000|  0%| F|  |TAMS 0x00000007a0e00000| PB 0x00000007a0e00000| Untracked 
| 776|0x00000007a1000000, 0x00000007a1000000, 0x00000007a1200000|  0%| F|  |TAMS 0x00000007a1000000| PB 0x00000007a1000000| Untracked 
| 777|0x00000007a1200000, 0x00000007a13c6fc8, 0x00000007a1400000| 88%| E|  |TAMS 0x00000007a1200000| PB 0x00000007a1200000| Complete 
| 778|0x00000007a1400000, 0x00000007a1600000, 0x00000007a1600000|100%| E|CS|TAMS 0x00000007a1400000| PB 0x00000007a1400000| Complete 
| 779|0x00000007a1600000, 0x00000007a1800000, 0x00000007a1800000|100%| S|CS|TAMS 0x00000007a1600000| PB 0x00000007a1600000| Complete 
| 780|0x00000007a1800000, 0x00000007a1a00000, 0x00000007a1a00000|100%| S|CS|TAMS 0x00000007a1800000| PB 0x00000007a1800000| Complete 
| 781|0x00000007a1a00000, 0x00000007a1c00000, 0x00000007a1c00000|100%| S|CS|TAMS 0x00000007a1a00000| PB 0x00000007a1a00000| Complete 
| 782|0x00000007a1c00000, 0x00000007a1e00000, 0x00000007a1e00000|100%| S|CS|TAMS 0x00000007a1c00000| PB 0x00000007a1c00000| Complete 
| 783|0x00000007a1e00000, 0x00000007a2000000, 0x00000007a2000000|100%| E|  |TAMS 0x00000007a1e00000| PB 0x00000007a1e00000| Complete 
| 784|0x00000007a2000000, 0x00000007a2200000, 0x00000007a2200000|100%| E|CS|TAMS 0x00000007a2000000| PB 0x00000007a2000000| Complete 
| 785|0x00000007a2200000, 0x00000007a2400000, 0x00000007a2400000|100%| E|CS|TAMS 0x00000007a2200000| PB 0x00000007a2200000| Complete 
| 786|0x00000007a2400000, 0x00000007a2600000, 0x00000007a2600000|100%| E|CS|TAMS 0x00000007a2400000| PB 0x00000007a2400000| Complete 
| 787|0x00000007a2600000, 0x00000007a2800000, 0x00000007a2800000|100%| E|CS|TAMS 0x00000007a2600000| PB 0x00000007a2600000| Complete 
| 788|0x00000007a2800000, 0x00000007a2a00000, 0x00000007a2a00000|100%| E|CS|TAMS 0x00000007a2800000| PB 0x00000007a2800000| Complete 
| 789|0x00000007a2a00000, 0x00000007a2c00000, 0x00000007a2c00000|100%| E|CS|TAMS 0x00000007a2a00000| PB 0x00000007a2a00000| Complete 
| 790|0x00000007a2c00000, 0x00000007a2e00000, 0x00000007a2e00000|100%| E|CS|TAMS 0x00000007a2c00000| PB 0x00000007a2c00000| Complete 
| 791|0x00000007a2e00000, 0x00000007a3000000, 0x00000007a3000000|100%| E|CS|TAMS 0x00000007a2e00000| PB 0x00000007a2e00000| Complete 
| 792|0x00000007a3000000, 0x00000007a3200000, 0x00000007a3200000|100%| E|CS|TAMS 0x00000007a3000000| PB 0x00000007a3000000| Complete 
| 793|0x00000007a3200000, 0x00000007a3400000, 0x00000007a3400000|100%| E|CS|TAMS 0x00000007a3200000| PB 0x00000007a3200000| Complete 
| 794|0x00000007a3400000, 0x00000007a3600000, 0x00000007a3600000|100%| E|CS|TAMS 0x00000007a3400000| PB 0x00000007a3400000| Complete 
| 795|0x00000007a3600000, 0x00000007a3800000, 0x00000007a3800000|100%| E|CS|TAMS 0x00000007a3600000| PB 0x00000007a3600000| Complete 
| 796|0x00000007a3800000, 0x00000007a3a00000, 0x00000007a3a00000|100%| E|CS|TAMS 0x00000007a3800000| PB 0x00000007a3800000| Complete 
| 797|0x00000007a3a00000, 0x00000007a3c00000, 0x00000007a3c00000|100%| E|CS|TAMS 0x00000007a3a00000| PB 0x00000007a3a00000| Complete 
| 798|0x00000007a3c00000, 0x00000007a3e00000, 0x00000007a3e00000|100%| E|CS|TAMS 0x00000007a3c00000| PB 0x00000007a3c00000| Complete 
| 799|0x00000007a3e00000, 0x00000007a4000000, 0x00000007a4000000|100%| E|CS|TAMS 0x00000007a3e00000| PB 0x00000007a3e00000| Complete 
| 800|0x00000007a4000000, 0x00000007a4200000, 0x00000007a4200000|100%| E|CS|TAMS 0x00000007a4000000| PB 0x00000007a4000000| Complete 
|1510|0x00000007fcc00000, 0x00000007fce00000, 0x00000007fce00000|100%| E|CS|TAMS 0x00000007fcc00000| PB 0x00000007fcc00000| Complete 
|1511|0x00000007fce00000, 0x00000007fd000000, 0x00000007fd000000|100%| E|CS|TAMS 0x00000007fce00000| PB 0x00000007fce00000| Complete 
|1512|0x00000007fd000000, 0x00000007fd200000, 0x00000007fd200000|100%| O|  |TAMS 0x00000007fd000000| PB 0x00000007fd000000| Untracked 
|1513|0x00000007fd200000, 0x00000007fd400000, 0x00000007fd400000|100%| E|CS|TAMS 0x00000007fd200000| PB 0x00000007fd200000| Complete 
|1514|0x00000007fd400000, 0x00000007fd600000, 0x00000007fd600000|100%| E|CS|TAMS 0x00000007fd400000| PB 0x00000007fd400000| Complete 
|1515|0x00000007fd600000, 0x00000007fd800000, 0x00000007fd800000|100%| O|  |TAMS 0x00000007fd600000| PB 0x00000007fd600000| Untracked 
|1516|0x00000007fd800000, 0x00000007fda00000, 0x00000007fda00000|100%| O|Cm|TAMS 0x00000007fd800000| PB 0x00000007fd800000| Complete 
|1517|0x00000007fda00000, 0x00000007fdc00000, 0x00000007fdc00000|100%| O|Cm|TAMS 0x00000007fda00000| PB 0x00000007fda00000| Complete 
|1518|0x00000007fdc00000, 0x00000007fde00000, 0x00000007fde00000|100%| O|  |TAMS 0x00000007fdc00000| PB 0x00000007fdc00000| Untracked 
|1519|0x00000007fde00000, 0x00000007fe000000, 0x00000007fe000000|100%| O|Cm|TAMS 0x00000007fde00000| PB 0x00000007fde00000| Complete 
|1520|0x00000007fe000000, 0x00000007fe200000, 0x00000007fe200000|100%| E|CS|TAMS 0x00000007fe000000| PB 0x00000007fe000000| Complete 
|1521|0x00000007fe200000, 0x00000007fe400000, 0x00000007fe400000|100%| O|  |TAMS 0x00000007fe200000| PB 0x00000007fe200000| Untracked 
|1522|0x00000007fe400000, 0x00000007fe600000, 0x00000007fe600000|100%| E|CS|TAMS 0x00000007fe400000| PB 0x00000007fe400000| Complete 
|1523|0x00000007fe600000, 0x00000007fe800000, 0x00000007fe800000|100%| E|CS|TAMS 0x00000007fe600000| PB 0x00000007fe600000| Complete 
|1524|0x00000007fe800000, 0x00000007fea00000, 0x00000007fea00000|100%| O|  |TAMS 0x00000007fe800000| PB 0x00000007fe800000| Untracked 
|1525|0x00000007fea00000, 0x00000007fec00000, 0x00000007fec00000|100%| O|  |TAMS 0x00000007fea00000| PB 0x00000007fea00000| Untracked 
|1526|0x00000007fec00000, 0x00000007fee00000, 0x00000007fee00000|100%| O|  |TAMS 0x00000007fec00000| PB 0x00000007fec00000| Untracked 
|1527|0x00000007fee00000, 0x00000007ff000000, 0x00000007ff000000|100%| O|  |TAMS 0x00000007fee00000| PB 0x00000007fee00000| Untracked 
|1528|0x00000007ff000000, 0x00000007ff200000, 0x00000007ff200000|100%| O|  |TAMS 0x00000007ff000000| PB 0x00000007ff000000| Untracked 
|1529|0x00000007ff200000, 0x00000007ff400000, 0x00000007ff400000|100%| E|CS|TAMS 0x00000007ff200000| PB 0x00000007ff200000| Complete 
|1530|0x00000007ff400000, 0x00000007ff600000, 0x00000007ff600000|100%| O|  |TAMS 0x00000007ff400000| PB 0x00000007ff400000| Untracked 
|1531|0x00000007ff600000, 0x00000007ff800000, 0x00000007ff800000|100%| E|CS|TAMS 0x00000007ff600000| PB 0x00000007ff600000| Complete 
|1532|0x00000007ff800000, 0x00000007ffa00000, 0x00000007ffa00000|100%| E|CS|TAMS 0x00000007ff800000| PB 0x00000007ff800000| Complete 
|1533|0x00000007ffa00000, 0x00000007ffc00000, 0x00000007ffc00000|100%| O|  |TAMS 0x00000007ffa00000| PB 0x00000007ffa00000| Untracked 
|1534|0x00000007ffc00000, 0x00000007ffe00000, 0x00000007ffe00000|100%| O|  |TAMS 0x00000007ffc00000| PB 0x00000007ffc00000| Untracked 
|1535|0x00000007ffe00000, 0x0000000800000000, 0x0000000800000000|100%| E|CS|TAMS 0x00000007ffe00000| PB 0x00000007ffe00000| Complete 

Card table byte_map: [0x000001617ad10000,0x000001617b310000] _byte_map_base: 0x0000016177310000

Marking Bits: (CMBitMap*) 0x00000161627d52c0
 Bits: [0x000001617b310000, 0x000001617e310000)

Polling page: 0x00000161603b0000

Metaspace:

Usage:
  Non-class:    347.75 MB used.
      Class:     45.55 MB used.
       Both:    393.30 MB used.

Virtual space:
  Non-class space:      384.00 MB reserved,     349.81 MB ( 91%) committed,  6 nodes.
      Class space:      832.00 MB reserved,      47.38 MB (  6%) committed,  1 nodes.
             Both:        1.19 GB reserved,     397.19 MB ( 33%) committed. 

Chunk freelists:
   Non-Class:  2.20 MB
       Class:  624.00 KB
        Both:  2.81 MB

MaxMetaspaceSize: 1.00 GB
CompressedClassSpaceSize: 832.00 MB
Initial GC threshold: 21.00 MB
Current GC threshold: 650.56 MB
CDS: on
 - commit_granule_bytes: 65536.
 - commit_granule_words: 8192.
 - virtual_space_node_default_size: 8388608.
 - enlarge_chunks_in_place: 1.
 - use_allocation_guard: 0.


Internal statistics:

num_allocs_failed_limit: 12.
num_arena_births: 6282.
num_arena_deaths: 90.
num_vsnodes_births: 7.
num_vsnodes_deaths: 0.
num_space_committed: 6493.
num_space_uncommitted: 120.
num_chunks_returned_to_freelist: 3894.
num_chunks_taken_from_freelist: 31542.
num_chunk_merges: 166.
num_chunk_splits: 17523.
num_chunks_enlarged: 8272.
num_inconsistent_stats: 0.

CodeHeap 'non-profiled nmethods': size=119168Kb used=31524Kb max_used=33352Kb free=87643Kb
 bounds [0x0000016172a30000, 0x0000016174ad0000, 0x0000016179e90000]
CodeHeap 'profiled nmethods': size=119104Kb used=91069Kb max_used=119027Kb free=28034Kb
 bounds [0x000001616ae90000, 0x00000161722e0000, 0x00000161722e0000]
CodeHeap 'non-nmethods': size=7488Kb used=2337Kb max_used=4148Kb free=5151Kb
 bounds [0x00000161722e0000, 0x0000016172700000, 0x0000016172a30000]
CodeCache: size=245760Kb, used=124930Kb, max_used=156527Kb, free=120828Kb
 total_blobs=27909, nmethods=26755, adapters=1052, full_count=0
Compilation: enabled, stopped_count=0, restarted_count=0

Compilation events (20 events):
Event: 536.319 Thread 0x000001617f2b11d0 97431       3       java.util.Formatter$FormatSpecifier::printString (97 bytes)
Event: 536.321 Thread 0x000001617f2b11d0 nmethod 97431 0x000001616c8b6010 code [0x000001616c8b62e0, 0x000001616c8b71b0]
Event: 536.334 Thread 0x000001617f2ae8c0 97434       4       org.gradle.tooling.internal.provider.runner.ClientBuildEventGenerator::finished (128 bytes)
Event: 536.377 Thread 0x000001617f2b11d0 97435       3       java.util.Formatter$FormatSpecifier::<init> (68 bytes)
Event: 536.378 Thread 0x000001617f2b11d0 nmethod 97435 0x000001616e594010 code [0x000001616e594220, 0x000001616e594888]
Event: 536.378 Thread 0x000001617f2b11d0 97436       3       java.util.Formatter$Conversion::isText (34 bytes)
Event: 536.378 Thread 0x000001617f2b11d0 nmethod 97436 0x000001617040e690 code [0x000001617040e820, 0x000001617040e988]
Event: 536.384 Thread 0x000001617f2ae8c0 nmethod 97434 0x000001617348ed10 code [0x000001617348ef80, 0x000001617348f9f0]
Event: 536.735 Thread 0x000001617f2ae8c0 97437       4       java.util.HashMap$ValueSpliterator::forEachRemaining (186 bytes)
Event: 536.755 Thread 0x000001617f2ae8c0 nmethod 97437 0x00000161730b1c90 code [0x00000161730b1f20, 0x00000161730b2dc0]
Event: 536.800 Thread 0x000001617f2b11d0 97438       3       sun.nio.ch.Util$BufferCache::get (164 bytes)
Event: 536.800 Thread 0x000001617f2b11d0 nmethod 97438 0x000001616c535390 code [0x000001616c5355c0, 0x000001616c535fb0]
Event: 536.800 Thread 0x000001617f2b11d0 97439       3       java.nio.MappedByteBuffer::flip (5 bytes)
Event: 536.801 Thread 0x000001617f2b11d0 nmethod 97439 0x000001616f1fe710 code [0x000001616f1fe8c0, 0x000001616f1feb00]
Event: 536.801 Thread 0x000001617f2b11d0 97440       3       sun.nio.ch.Util$BufferCache::offerFirst (73 bytes)
Event: 536.801 Thread 0x000001617f2b11d0 nmethod 97440 0x000001616d29d510 code [0x000001616d29d6c0, 0x000001616d29da30]
Event: 536.807 Thread 0x000001617f2b11d0 97441       3       sun.nio.ch.Util::offerFirstTemporaryDirectBuffer (53 bytes)
Event: 536.808 Thread 0x000001617f2b11d0 nmethod 97441 0x000001616ee90d10 code [0x000001616ee90f80, 0x000001616ee91a58]
Event: 536.808 Thread 0x000001617f2b11d0 97442       3       sun.nio.ch.Util::isBufferTooLarge (8 bytes)
Event: 536.808 Thread 0x000001617f2b11d0 nmethod 97442 0x0000016171327c10 code [0x0000016171327dc0, 0x0000016171327f88]

GC Heap History (20 events):
Event: 352.279 GC heap before
{Heap before GC invocations=127 (full 0):
 garbage-first heap   total 1208320K, used 961430K [0x0000000740000000, 0x0000000800000000)
  region size 2048K, 127 young (260096K), 10 survivors (20480K)
 Metaspace       used 376010K, committed 380096K, reserved 1245184K
  class space    used 44492K, committed 46400K, reserved 851968K
}
Event: 352.903 GC heap after
{Heap after GC invocations=128 (full 0):
 garbage-first heap   total 1208320K, used 751461K [0x0000000740000000, 0x0000000800000000)
  region size 2048K, 17 young (34816K), 17 survivors (34816K)
 Metaspace       used 376010K, committed 380096K, reserved 1245184K
  class space    used 44492K, committed 46400K, reserved 851968K
}
Event: 361.834 GC heap before
{Heap before GC invocations=128 (full 0):
 garbage-first heap   total 1208320K, used 776037K [0x0000000740000000, 0x0000000800000000)
  region size 2048K, 29 young (59392K), 17 survivors (34816K)
 Metaspace       used 377443K, committed 381504K, reserved 1245184K
  class space    used 44625K, committed 46528K, reserved 851968K
}
Event: 362.159 GC heap after
{Heap after GC invocations=129 (full 0):
 garbage-first heap   total 1208320K, used 759520K [0x0000000740000000, 0x0000000800000000)
  region size 2048K, 3 young (6144K), 3 survivors (6144K)
 Metaspace       used 377443K, committed 381504K, reserved 1245184K
  class space    used 44625K, committed 46528K, reserved 851968K
}
Event: 384.600 GC heap before
{Heap before GC invocations=130 (full 0):
 garbage-first heap   total 1267712K, used 898784K [0x0000000740000000, 0x0000000800000000)
  region size 2048K, 72 young (147456K), 3 survivors (6144K)
 Metaspace       used 381488K, committed 385600K, reserved 1245184K
  class space    used 44958K, committed 46912K, reserved 851968K
}
Event: 384.641 GC heap after
{Heap after GC invocations=131 (full 0):
 garbage-first heap   total 1267712K, used 770365K [0x0000000740000000, 0x0000000800000000)
  region size 2048K, 9 young (18432K), 9 survivors (18432K)
 Metaspace       used 381488K, committed 385600K, reserved 1245184K
  class space    used 44958K, committed 46912K, reserved 851968K
}
Event: 392.778 GC heap before
{Heap before GC invocations=131 (full 0):
 garbage-first heap   total 1267712K, used 921917K [0x0000000740000000, 0x0000000800000000)
  region size 2048K, 84 young (172032K), 9 survivors (18432K)
 Metaspace       used 386622K, committed 390656K, reserved 1245184K
  class space    used 45374K, committed 47296K, reserved 851968K
}
Event: 393.397 GC heap after
{Heap after GC invocations=132 (full 0):
 garbage-first heap   total 1267712K, used 782660K [0x0000000740000000, 0x0000000800000000)
  region size 2048K, 15 young (30720K), 15 survivors (30720K)
 Metaspace       used 386622K, committed 390656K, reserved 1245184K
  class space    used 45374K, committed 47296K, reserved 851968K
}
Event: 397.472 GC heap before
{Heap before GC invocations=132 (full 0):
 garbage-first heap   total 1267712K, used 811332K [0x0000000740000000, 0x0000000800000000)
  region size 2048K, 30 young (61440K), 15 survivors (30720K)
 Metaspace       used 387372K, committed 391360K, reserved 1245184K
  class space    used 45417K, committed 47296K, reserved 851968K
}
Event: 397.858 GC heap after
{Heap after GC invocations=133 (full 0):
 garbage-first heap   total 1267712K, used 786866K [0x0000000740000000, 0x0000000800000000)
  region size 2048K, 3 young (6144K), 3 survivors (6144K)
 Metaspace       used 387372K, committed 391360K, reserved 1245184K
  class space    used 45417K, committed 47296K, reserved 851968K
}
Event: 403.195 GC heap before
{Heap before GC invocations=133 (full 0):
 garbage-first heap   total 1267712K, used 891314K [0x0000000740000000, 0x0000000800000000)
  region size 2048K, 55 young (112640K), 3 survivors (6144K)
 Metaspace       used 388366K, committed 392384K, reserved 1245184K
  class space    used 45466K, committed 47360K, reserved 851968K
}
Event: 403.305 GC heap after
{Heap after GC invocations=134 (full 0):
 garbage-first heap   total 1267712K, used 795058K [0x0000000740000000, 0x0000000800000000)
  region size 2048K, 7 young (14336K), 7 survivors (14336K)
 Metaspace       used 388366K, committed 392384K, reserved 1245184K
  class space    used 45466K, committed 47360K, reserved 851968K
}
Event: 406.402 GC heap before
{Heap before GC invocations=134 (full 0):
 garbage-first heap   total 1329152K, used 852402K [0x0000000740000000, 0x0000000800000000)
  region size 2048K, 35 young (71680K), 7 survivors (14336K)
 Metaspace       used 388608K, committed 392640K, reserved 1245184K
  class space    used 45475K, committed 47360K, reserved 851968K
}
Event: 406.469 GC heap after
{Heap after GC invocations=135 (full 0):
 garbage-first heap   total 1693696K, used 800180K [0x0000000740000000, 0x0000000800000000)
  region size 2048K, 3 young (6144K), 3 survivors (6144K)
 Metaspace       used 388608K, committed 392640K, reserved 1245184K
  class space    used 45475K, committed 47360K, reserved 851968K
}
Event: 423.690 GC heap before
{Heap before GC invocations=136 (full 0):
 garbage-first heap   total 1693696K, used 949684K [0x0000000740000000, 0x0000000800000000)
  region size 2048K, 77 young (157696K), 3 survivors (6144K)
 Metaspace       used 390742K, committed 394816K, reserved 1245184K
  class space    used 45658K, committed 47552K, reserved 851968K
}
Event: 423.824 GC heap after
{Heap after GC invocations=137 (full 0):
 garbage-first heap   total 1693696K, used 812690K [0x0000000740000000, 0x0000000800000000)
  region size 2048K, 9 young (18432K), 9 survivors (18432K)
 Metaspace       used 390742K, committed 394816K, reserved 1245184K
  class space    used 45658K, committed 47552K, reserved 851968K
}
Event: 451.102 GC heap before
{Heap before GC invocations=137 (full 0):
 garbage-first heap   total 1693696K, used 894610K [0x0000000740000000, 0x0000000800000000)
  region size 2048K, 50 young (102400K), 9 survivors (18432K)
 Metaspace       used 395146K, committed 399168K, reserved 1245184K
  class space    used 46057K, committed 47936K, reserved 851968K
}
Event: 451.391 GC heap after
{Heap after GC invocations=138 (full 0):
 garbage-first heap   total 1693696K, used 819438K [0x0000000740000000, 0x0000000800000000)
  region size 2048K, 12 young (24576K), 12 survivors (24576K)
 Metaspace       used 395146K, committed 399168K, reserved 1245184K
  class space    used 46057K, committed 47936K, reserved 851968K
}
Event: 495.432 GC heap before
{Heap before GC invocations=139 (full 0):
 garbage-first heap   total 1693696K, used 878167K [0x0000000740000000, 0x0000000800000000)
  region size 2048K, 41 young (83968K), 12 survivors (24576K)
 Metaspace       used 397062K, committed 401088K, reserved 1245184K
  class space    used 46135K, committed 48064K, reserved 851968K
}
Event: 495.925 GC heap after
{Heap after GC invocations=140 (full 0):
 garbage-first heap   total 1693696K, used 820045K [0x0000000740000000, 0x0000000800000000)
  region size 2048K, 4 young (8192K), 4 survivors (8192K)
 Metaspace       used 397062K, committed 401088K, reserved 1245184K
  class space    used 46135K, committed 48064K, reserved 851968K
}

Dll operation events (15 events):
Event: 0.171 Loaded shared library C:\Users\lin17\.jdks\corretto-21.0.9\bin\java.dll
Event: 0.569 Loaded shared library C:\Users\lin17\.jdks\corretto-21.0.9\bin\jsvml.dll
Event: 0.801 Loaded shared library C:\Users\lin17\.jdks\corretto-21.0.9\bin\zip.dll
Event: 0.811 Loaded shared library C:\Users\lin17\.jdks\corretto-21.0.9\bin\instrument.dll
Event: 0.831 Loaded shared library C:\Users\lin17\.jdks\corretto-21.0.9\bin\net.dll
Event: 0.840 Loaded shared library C:\Users\lin17\.jdks\corretto-21.0.9\bin\nio.dll
Event: 0.848 Loaded shared library C:\Users\lin17\.jdks\corretto-21.0.9\bin\zip.dll
Event: 1.477 Loaded shared library C:\Users\lin17\.jdks\corretto-21.0.9\bin\jimage.dll
Event: 2.696 Loaded shared library C:\Users\lin17\.jdks\corretto-21.0.9\bin\verify.dll
Event: 3.800 Loaded shared library C:\Users\lin17\.gradle\native\660c5614fbf4a5f2a75b1949f50a0caf5cd603558e7d8a26e50b933a0cfb79d1\windows-amd64\native-platform.dll
Event: 3.845 Loaded shared library C:\Users\lin17\.gradle\native\0.2.8\x86_64-windows-gnu\gradle-fileevents.dll
Event: 5.640 Loaded shared library C:\Users\lin17\.jdks\corretto-21.0.9\bin\management.dll
Event: 5.649 Loaded shared library C:\Users\lin17\.jdks\corretto-21.0.9\bin\management_ext.dll
Event: 6.415 Loaded shared library C:\Users\lin17\.jdks\corretto-21.0.9\bin\extnet.dll
Event: 8.280 Loaded shared library C:\Users\lin17\.jdks\corretto-21.0.9\bin\sunmscapi.dll

Deoptimization events (20 events):
Event: 536.063 Thread 0x0000016140f13ec0 Uncommon trap: trap_request=0xffffffc6 fr.pc=0x000001617313e3b4 relative=0x0000000000000534
Event: 536.063 Thread 0x0000016140f13ec0 Uncommon trap: reason=bimorphic_or_optimized_type_check action=maybe_recompile pc=0x000001617313e3b4 method=org.jetbrains.kotlin.ir.visitors.IrElementTransformerVoid.visitBlockBody(Lorg/jetbrains/kotlin/ir/expressions/IrBlockBody;Ljava/lang/Void;)Lorg/jet
Event: 536.063 Thread 0x0000016140f13ec0 DEOPT PACKING pc=0x000001617313e3b4 sp=0x000000184aafd030
Event: 536.065 Thread 0x0000016140f13ec0 DEOPT UNPACKING pc=0x0000016172334422 sp=0x000000184aafcd68 mode 2
Event: 536.065 Thread 0x0000016140f13ec0 Uncommon trap: trap_request=0xffffffc6 fr.pc=0x0000016172ff520c relative=0x000000000000032c
Event: 536.065 Thread 0x0000016140f13ec0 Uncommon trap: reason=bimorphic_or_optimized_type_check action=maybe_recompile pc=0x0000016172ff520c method=org.jetbrains.kotlin.ir.visitors.IrElementTransformerVoid.visitReturn(Lorg/jetbrains/kotlin/ir/expressions/IrReturn;Ljava/lang/Void;)Lorg/jetbrains
Event: 536.065 Thread 0x0000016140f13ec0 DEOPT PACKING pc=0x0000016172ff520c sp=0x000000184aafcb60
Event: 536.065 Thread 0x0000016140f13ec0 DEOPT UNPACKING pc=0x0000016172334422 sp=0x000000184aafcaa0 mode 2
Event: 536.065 Thread 0x0000016140f13ec0 Uncommon trap: trap_request=0xffffffc6 fr.pc=0x0000016173bf23b0 relative=0x0000000000000090
Event: 536.065 Thread 0x0000016140f13ec0 Uncommon trap: reason=bimorphic_or_optimized_type_check action=maybe_recompile pc=0x0000016173bf23b0 method=org.jetbrains.kotlin.ir.visitors.IrElementTransformerVoid.visitGetValue(Lorg/jetbrains/kotlin/ir/expressions/IrGetValue;Ljava/lang/Void;)Lorg/jetbr
Event: 536.065 Thread 0x0000016140f13ec0 DEOPT PACKING pc=0x0000016173bf23b0 sp=0x000000184aafc690
Event: 536.065 Thread 0x0000016140f13ec0 DEOPT UNPACKING pc=0x0000016172334422 sp=0x000000184aafc5a0 mode 2
Event: 536.116 Thread 0x0000016140f13ec0 Uncommon trap: trap_request=0xffffff45 fr.pc=0x0000016172a3c61c relative=0x00000000000001dc
Event: 536.116 Thread 0x0000016140f13ec0 Uncommon trap: reason=unstable_if action=reinterpret pc=0x0000016172a3c61c method=kotlin.sequences.GeneratorSequence$iterator$1.hasNext()Z @ 4 c2
Event: 536.119 Thread 0x0000016140f13ec0 DEOPT PACKING pc=0x0000016172a3c61c sp=0x000000184aafcf70
Event: 536.119 Thread 0x0000016140f13ec0 DEOPT UNPACKING pc=0x0000016172334422 sp=0x000000184aafcf38 mode 2
Event: 536.126 Thread 0x0000016140f13ec0 Uncommon trap: trap_request=0xffffff76 fr.pc=0x000001617398ba18 relative=0x0000000000002738
Event: 536.127 Thread 0x0000016140f13ec0 Uncommon trap: reason=predicate action=maybe_recompile pc=0x000001617398ba18 method=kotlin.collections.CollectionsKt___CollectionsKt.joinTo(Ljava/lang/Iterable;Ljava/lang/Appendable;Ljava/lang/CharSequence;Ljava/lang/CharSequence;Ljava/lang/CharSequence;I
Event: 536.127 Thread 0x0000016140f13ec0 DEOPT PACKING pc=0x000001617398ba18 sp=0x000000184aafcf20
Event: 536.127 Thread 0x0000016140f13ec0 DEOPT UNPACKING pc=0x0000016172334422 sp=0x000000184aafcf18 mode 2

Classes loaded (20 events):
Event: 182.275 Loading class com/sun/org/apache/xerces/internal/parsers/AbstractSAXParser$LocatorProxy
Event: 182.275 Loading class org/xml/sax/ext/Locator2
Event: 182.275 Loading class org/xml/sax/ext/Locator2 done
Event: 182.275 Loading class com/sun/org/apache/xerces/internal/parsers/AbstractSAXParser$LocatorProxy done
Event: 182.275 Loading class com/sun/org/apache/xerces/internal/util/XMLChar
Event: 182.275 Loading class com/sun/org/apache/xerces/internal/util/XMLChar done
Event: 182.277 Loading class com/sun/org/apache/xerces/internal/impl/XMLScanner$NameType
Event: 182.277 Loading class com/sun/org/apache/xerces/internal/impl/XMLScanner$NameType done
Event: 182.278 Loading class com/sun/org/apache/xerces/internal/impl/Constants
Event: 182.281 Loading class com/sun/org/apache/xerces/internal/impl/Constants done
Event: 182.281 Loading class com/sun/org/apache/xerces/internal/impl/Constants$ArrayEnumeration
Event: 182.281 Loading class com/sun/org/apache/xerces/internal/impl/Constants$ArrayEnumeration done
Event: 182.294 Loading class com/sun/org/apache/xerces/internal/impl/io/MalformedByteSequenceException
Event: 182.295 Loading class com/sun/org/apache/xerces/internal/impl/io/MalformedByteSequenceException done
Event: 182.600 Loading class sun/nio/cs/US_ASCII$Encoder
Event: 182.603 Loading class sun/nio/cs/US_ASCII$Encoder done
Event: 182.610 Loading class java/nio/file/attribute/FileTime$1
Event: 182.618 Loading class java/nio/file/attribute/FileTime$1 done
Event: 182.667 Loading class java/net/URLEncoder
Event: 182.668 Loading class java/net/URLEncoder done

Classes unloaded (20 events):
Event: 203.857 Thread 0x000001617f279570 Unloading class 0x0000016104263448 'org/jetbrains/kotlin/config/CompilerConfiguration'
Event: 203.858 Thread 0x000001617f279570 Unloading class 0x0000016104263220 'org/jetbrains/kotlin/cli/common/arguments/CommonCompilerArguments'
Event: 203.858 Thread 0x000001617f279570 Unloading class 0x0000016104263008 'org/jetbrains/kotlin/cli/common/arguments/CommonToolArguments'
Event: 203.858 Thread 0x000001617f279570 Unloading class 0x0000016104262df8 'org/jetbrains/kotlin/cli/common/arguments/Freezable'
Event: 203.858 Thread 0x000001617f279570 Unloading class 0x0000016104262bf0 'org/jetbrains/kotlin/cli/jvm/K2JVMCompiler$Companion'
Event: 203.858 Thread 0x000001617f279570 Unloading class 0x0000016104262990 'org/jetbrains/kotlin/cli/jvm/compiler/CompileEnvironmentException'
Event: 203.858 Thread 0x000001617f279570 Unloading class 0x0000016104262788 'org/jetbrains/kotlin/cli/common/CLICompiler$Companion'
Event: 203.858 Thread 0x000001617f279570 Unloading class 0x00000161042624c0 'org/jetbrains/kotlin/codegen/CompilationException'
Event: 203.858 Thread 0x000001617f279570 Unloading class 0x0000016104262200 'org/jetbrains/kotlin/utils/KotlinExceptionWithAttachments'
Event: 203.858 Thread 0x000001617f279570 Unloading class 0x0000016104262000 'org/jetbrains/kotlin/utils/exceptions/KotlinExceptionWithAttachments'
Event: 203.858 Thread 0x000001617f279570 Unloading class 0x0000016104261df0 'org/jetbrains/kotlin/com/intellij/openapi/diagnostic/ExceptionWithAttachments'
Event: 203.858 Thread 0x000001617f279570 Unloading class 0x0000016104261b90 'org/jetbrains/kotlin/analyzer/CompilationErrorException'
Event: 203.858 Thread 0x000001617f279570 Unloading class 0x0000016104261930 'org/jetbrains/kotlin/progress/CompilationCanceledException'
Event: 203.858 Thread 0x000001617f279570 Unloading class 0x00000161042616d0 'org/jetbrains/kotlin/com/intellij/openapi/progress/ProcessCanceledException'
Event: 203.858 Thread 0x000001617f279570 Unloading class 0x00000161042614d0 'org/jetbrains/kotlin/com/intellij/openapi/diagnostic/ControlFlowException'
Event: 203.858 Thread 0x000001617f279570 Unloading class 0x0000016104261268 'org/jetbrains/kotlin/cli/jvm/K2JVMCompiler'
Event: 203.858 Thread 0x000001617f279570 Unloading class 0x0000016104261000 'org/jetbrains/kotlin/cli/common/CLICompiler'
Event: 203.858 Thread 0x000001617f279570 Unloading class 0x0000016104260c18 'org/jetbrains/kotlin/config/Services$Builder'
Event: 203.858 Thread 0x000001617f279570 Unloading class 0x0000016104260a10 'org/jetbrains/kotlin/config/Services$Companion'
Event: 203.858 Thread 0x000001617f279570 Unloading class 0x0000016104260800 'org/jetbrains/kotlin/config/Services'

Classes redefined (0 events):
No events

Internal exceptions (20 events):
Event: 277.559 Thread 0x00000161415fea40 Exception <a 'java/lang/NoSuchMethodError'{0x000000077956d2a0}: 'java.lang.Object java.lang.invoke.DirectMethodHandle$Holder.invokeStatic(java.lang.Object, java.lang.Object, int, int, java.lang.Object)'> (0x000000077956d2a0) 
thrown [s\src\hotspot\share\interpreter\linkResolver.cpp, line 773]
Event: 279.068 Thread 0x00000161415fea40 Implicit null exception at 0x000001617304f65e to 0x000001617304f68e
Event: 288.050 Thread 0x0000016140f13ec0 Exception <a 'java/lang/NoSuchMethodError'{0x0000000779c0b8c8}: 'java.lang.Object java.lang.invoke.DirectMethodHandle$Holder.invokeStatic(java.lang.Object, java.lang.Object, java.lang.Object, java.lang.Object, java.lang.Object, java.lang.Object, java.lang.Object, java.lang.Object, int)'> (0x0000000779c0b8c8) 
thrown [s\src\hotspot\share\interpreter\linkResolver.cpp, line 773]
Event: 291.805 Thread 0x0000016142cda180 Implicit null exception at 0x0000016172ab6963 to 0x0000016172ab6b2c
Event: 324.080 Thread 0x0000016140f13ec0 Implicit null exception at 0x0000016172dd71f1 to 0x0000016172dd73ec
Event: 380.852 Thread 0x0000016142cda180 Implicit null exception at 0x0000016172b60171 to 0x0000016172b6036c
Event: 382.336 Thread 0x0000016140f13ec0 Implicit null exception at 0x0000016173a97242 to 0x0000016173a99974
Event: 390.759 Thread 0x00000161415fea40 Implicit null exception at 0x0000016173146164 to 0x0000016173147a90
Event: 401.688 Thread 0x00000161415fea40 Implicit null exception at 0x0000016173cca176 to 0x0000016173cca254
Event: 401.784 Thread 0x00000161415fea40 Implicit null exception at 0x000001617341e1bb to 0x00000161734208a8
Event: 426.327 Thread 0x000001614170c870 Exception <a 'sun/nio/fs/WindowsException'{0x00000007fce1aca0}> (0x00000007fce1aca0) 
thrown [s\src\hotspot\share\prims\jni.cpp, line 520]
Event: 426.340 Thread 0x000001614170c870 Exception <a 'sun/nio/fs/WindowsException'{0x00000007fce1d8c0}> (0x00000007fce1d8c0) 
thrown [s\src\hotspot\share\prims\jni.cpp, line 520]
Event: 426.341 Thread 0x000001614170c870 Exception <a 'sun/nio/fs/WindowsException'{0x00000007fce20298}> (0x00000007fce20298) 
thrown [s\src\hotspot\share\prims\jni.cpp, line 520]
Event: 426.443 Thread 0x000001614170c870 Exception <a 'sun/nio/fs/WindowsException'{0x00000007fceccc20}> (0x00000007fceccc20) 
thrown [s\src\hotspot\share\prims\jni.cpp, line 520]
Event: 426.870 Thread 0x000001614170c870 Exception <a 'sun/nio/fs/WindowsException'{0x00000007a3e0d910}> (0x00000007a3e0d910) 
thrown [s\src\hotspot\share\prims\jni.cpp, line 520]
Event: 426.877 Thread 0x000001614170c870 Exception <a 'sun/nio/fs/WindowsException'{0x00000007a3e14648}> (0x00000007a3e14648) 
thrown [s\src\hotspot\share\prims\jni.cpp, line 520]
Event: 443.688 Thread 0x000001613dd044b0 Implicit null exception at 0x00000161744911ba to 0x0000016174491440
Event: 443.712 Thread 0x000001613dd044b0 Implicit null exception at 0x000001617389e8e3 to 0x000001617389eaac
Event: 480.826 Thread 0x000001613dd044b0 Implicit null exception at 0x00000161738a5a74 to 0x00000161738a9fa8
Event: 536.076 Thread 0x0000016141709a80 Exception <a 'java/io/FileNotFoundException'{0x00000007a132b3a0}> (0x00000007a132b3a0) 
thrown [s\src\hotspot\share\prims\jni.cpp, line 520]

ZGC Phase Switch (0 events):
No events

VM Operations (20 events):
Event: 531.430 Executing VM operation: Cleanup done
Event: 532.442 Executing VM operation: Cleanup
Event: 532.504 Executing VM operation: Cleanup done
Event: 533.516 Executing VM operation: Cleanup
Event: 533.739 Executing VM operation: Cleanup done
Event: 534.747 Executing VM operation: Cleanup
Event: 534.763 Executing VM operation: Cleanup done
Event: 535.772 Executing VM operation: Cleanup
Event: 535.865 Executing VM operation: Cleanup done
Event: 535.903 Executing VM operation: HandshakeAllThreads (Deoptimize)
Event: 535.912 Executing VM operation: HandshakeAllThreads (Deoptimize) done
Event: 536.030 Executing VM operation: HandshakeAllThreads (Deoptimize)
Event: 536.034 Executing VM operation: HandshakeAllThreads (Deoptimize) done
Event: 536.100 Executing VM operation: HandshakeAllThreads (Deoptimize)
Event: 536.114 Executing VM operation: HandshakeAllThreads (Deoptimize) done
Event: 536.121 Executing VM operation: HandshakeAllThreads (Deoptimize)
Event: 536.129 Executing VM operation: HandshakeAllThreads (Deoptimize) done
Event: 536.142 Executing VM operation: HandshakeAllThreads (Deoptimize)
Event: 536.160 Executing VM operation: HandshakeAllThreads (Deoptimize) done
Event: 537.174 Executing VM operation: Cleanup

Memory protections (0 events):
No events

Nmethod flushes (20 events):
Event: 467.596 Thread 0x000001617f279570 flushing  nmethod 0x0000016171738710
Event: 467.596 Thread 0x000001617f279570 flushing  nmethod 0x0000016171739290
Event: 467.596 Thread 0x000001617f279570 flushing  nmethod 0x000001617173c110
Event: 467.596 Thread 0x000001617f279570 flushing  nmethod 0x0000016171894790
Event: 467.596 Thread 0x000001617f279570 flushing  nmethod 0x0000016171898f90
Event: 467.596 Thread 0x000001617f279570 flushing  nmethod 0x000001617189ca10
Event: 467.596 Thread 0x000001617f279570 flushing  nmethod 0x000001617189ce10
Event: 467.596 Thread 0x000001617f279570 flushing  nmethod 0x000001617199e010
Event: 467.596 Thread 0x000001617f279570 flushing  nmethod 0x000001617199e490
Event: 467.596 Thread 0x000001617f279570 flushing  nmethod 0x000001617199e910
Event: 467.596 Thread 0x000001617f279570 flushing  nmethod 0x000001617199ed90
Event: 467.596 Thread 0x000001617f279570 flushing  nmethod 0x000001617199f210
Event: 467.596 Thread 0x000001617f279570 flushing  nmethod 0x000001617199f690
Event: 467.596 Thread 0x000001617f279570 flushing  nmethod 0x00000161719a4410
Event: 467.596 Thread 0x000001617f279570 flushing  nmethod 0x00000161719a4890
Event: 467.596 Thread 0x000001617f279570 flushing  nmethod 0x00000161719ac090
Event: 467.596 Thread 0x000001617f279570 flushing  nmethod 0x00000161719ac510
Event: 467.596 Thread 0x000001617f279570 flushing  nmethod 0x00000161719b3210
Event: 467.596 Thread 0x000001617f279570 flushing  nmethod 0x00000161719b6610
Event: 467.596 Thread 0x000001617f279570 flushing  nmethod 0x00000161719c0510

Events (20 events):
Event: 268.854 Thread 0x000001617f2b11d0 Thread added: 0x0000016141998e60
Event: 270.049 Thread 0x0000016141998e60 Thread exited: 0x0000016141998e60
Event: 270.223 Thread 0x000001617f2b11d0 Thread added: 0x0000016141998e60
Event: 271.777 Thread 0x0000016141998e60 Thread added: 0x000001614373f230
Event: 273.171 Thread 0x0000016141998e60 Thread added: 0x00000161406079e0
Event: 273.510 Thread 0x000001617f2b11d0 Thread added: 0x00000161406057d0
Event: 280.550 Thread 0x00000161406079e0 Thread exited: 0x00000161406079e0
Event: 285.353 Thread 0x00000161406057d0 Thread exited: 0x00000161406057d0
Event: 286.405 Thread 0x000001613cc892f0 Thread exited: 0x000001613cc892f0
Event: 289.985 Thread 0x000001614373f230 Thread exited: 0x000001614373f230
Event: 299.763 Thread 0x0000016141998e60 Thread exited: 0x0000016141998e60
Event: 346.704 Thread 0x000001613cc878b0 Thread exited: 0x000001613cc878b0
Event: 406.696 Thread 0x000001613cc88c60 Thread exited: 0x000001613cc88c60
Event: 416.823 Thread 0x0000016142cda180 Thread exited: 0x0000016142cda180
Event: 458.575 Thread 0x00000161415fea40 Thread exited: 0x00000161415fea40
Event: 468.287 Thread 0x000001613cc857e0 Thread exited: 0x000001613cc857e0
Event: 479.135 Thread 0x000001617f517db0 Thread added: 0x0000016189f65970
Event: 527.939 Thread 0x000001613cc81cd0 Thread exited: 0x000001613cc81cd0
Event: 536.021 Thread 0x000001617f2b11d0 Thread added: 0x00000161481edf90
Event: 536.310 Thread 0x00000161481edf90 Thread exited: 0x00000161481edf90


Dynamic libraries:
0x00007ff7a5f40000 - 0x00007ff7a5f4e000 	C:\Users\lin17\.jdks\corretto-21.0.9\bin\java.exe
0x00007ffbe8960000 - 0x00007ffbe8bc7000 	C:\WINDOWS\SYSTEM32\ntdll.dll
0x00007ffbe6e20000 - 0x00007ffbe6ee9000 	C:\WINDOWS\System32\KERNEL32.DLL
0x00007ffbe5440000 - 0x00007ffbe5837000 	C:\WINDOWS\System32\KERNELBASE.dll
0x00007ffbe6590000 - 0x00007ffbe66db000 	C:\WINDOWS\System32\ucrtbase.dll
0x00007ffb69590000 - 0x00007ffb695ae000 	C:\Users\lin17\.jdks\corretto-21.0.9\bin\VCRUNTIME140.dll
0x00007ffb69420000 - 0x00007ffb69438000 	C:\Users\lin17\.jdks\corretto-21.0.9\bin\jli.dll
0x00007ffbe8650000 - 0x00007ffbe8816000 	C:\WINDOWS\System32\USER32.dll
0x00007ffbc8de0000 - 0x00007ffbc9072000 	C:\WINDOWS\WinSxS\amd64_microsoft.windows.common-controls_6595b64144ccf1df_6.0.26100.8457_none_3e0b2faee331e92d\COMCTL32.dll
0x00007ffbe58f0000 - 0x00007ffbe5917000 	C:\WINDOWS\System32\win32u.dll
0x00007ffbe7300000 - 0x00007ffbe732b000 	C:\WINDOWS\System32\GDI32.dll
0x00007ffbe59e0000 - 0x00007ffbe5b0c000 	C:\WINDOWS\System32\gdi32full.dll
0x00007ffbe5390000 - 0x00007ffbe5433000 	C:\WINDOWS\System32\msvcp_win.dll
0x00007ffbe6850000 - 0x00007ffbe68f9000 	C:\WINDOWS\System32\msvcrt.dll
0x00007ffbe66e0000 - 0x00007ffbe6712000 	C:\WINDOWS\System32\IMM32.DLL
0x00007ffbae8f0000 - 0x00007ffbae8fc000 	C:\Users\lin17\.jdks\corretto-21.0.9\bin\vcruntime140_1.dll
0x00007ffb0b190000 - 0x00007ffb0b219000 	C:\Users\lin17\.jdks\corretto-21.0.9\bin\msvcp140.dll
0x00007ffafd3d0000 - 0x00007ffafe177000 	C:\Users\lin17\.jdks\corretto-21.0.9\bin\server\jvm.dll
0x00007ffbe75d0000 - 0x00007ffbe7686000 	C:\WINDOWS\System32\ADVAPI32.dll
0x00007ffbe6ce0000 - 0x00007ffbe6d87000 	C:\WINDOWS\System32\sechost.dll
0x00007ffbe71e0000 - 0x00007ffbe72f8000 	C:\WINDOWS\System32\RPCRT4.dll
0x00007ffbe6d90000 - 0x00007ffbe6e10000 	C:\WINDOWS\System32\WS2_32.dll
0x00007ffbe5040000 - 0x00007ffbe509e000 	C:\WINDOWS\SYSTEM32\POWRPROF.dll
0x00007ffbdee60000 - 0x00007ffbdee6b000 	C:\WINDOWS\SYSTEM32\VERSION.dll
0x00007ffbd6ad0000 - 0x00007ffbd6b06000 	C:\WINDOWS\SYSTEM32\WINMM.dll
0x00007ffbe5020000 - 0x00007ffbe5034000 	C:\WINDOWS\SYSTEM32\UMPDC.dll
0x00007ffbe40e0000 - 0x00007ffbe40fb000 	C:\WINDOWS\SYSTEM32\kernel.appcore.dll
0x00007ffbad0a0000 - 0x00007ffbad0aa000 	C:\Users\lin17\.jdks\corretto-21.0.9\bin\jimage.dll
0x00007ffbe2dd0000 - 0x00007ffbe3012000 	C:\WINDOWS\SYSTEM32\DBGHELP.DLL
0x00007ffbe6900000 - 0x00007ffbe6c83000 	C:\WINDOWS\System32\combase.dll
0x00007ffbe7490000 - 0x00007ffbe7569000 	C:\WINDOWS\System32\OLEAUT32.dll
0x00007ffbcf690000 - 0x00007ffbcf6cb000 	C:\WINDOWS\SYSTEM32\dbgcore.DLL
0x00007ffbe5840000 - 0x00007ffbe58e8000 	C:\WINDOWS\System32\bcryptPrimitives.dll
0x00007ffb79580000 - 0x00007ffb79590000 	C:\Users\lin17\.jdks\corretto-21.0.9\bin\instrument.dll
0x00007ffb68dd0000 - 0x00007ffb68df1000 	C:\Users\lin17\.jdks\corretto-21.0.9\bin\java.dll
0x00007ffbe7d90000 - 0x00007ffbe84fe000 	C:\WINDOWS\System32\SHELL32.dll
0x00007ffbe5ba0000 - 0x00007ffbe640c000 	C:\WINDOWS\System32\windows.storage.dll
0x00007ffbe70d0000 - 0x00007ffbe71c6000 	C:\WINDOWS\System32\SHCORE.dll
0x00007ffbe6750000 - 0x00007ffbe67b6000 	C:\WINDOWS\System32\shlwapi.dll
0x00007ffbe52b0000 - 0x00007ffbe52d9000 	C:\WINDOWS\SYSTEM32\profapi.dll
0x00007ffb05f90000 - 0x00007ffb06067000 	C:\Users\lin17\.jdks\corretto-21.0.9\bin\jsvml.dll
0x00007ffb5a730000 - 0x00007ffb5a748000 	C:\Users\lin17\.jdks\corretto-21.0.9\bin\zip.dll
0x00007ffb68d50000 - 0x00007ffb68d61000 	C:\Users\lin17\.jdks\corretto-21.0.9\bin\net.dll
0x00007ffbdf5c0000 - 0x00007ffbdf6e9000 	C:\WINDOWS\SYSTEM32\WINHTTP.dll
0x00007ffbe4630000 - 0x00007ffbe469c000 	C:\WINDOWS\system32\mswsock.dll
0x00007ffb5c0d0000 - 0x00007ffb5c0e6000 	C:\Users\lin17\.jdks\corretto-21.0.9\bin\nio.dll
0x00007ffbacf20000 - 0x00007ffbacf30000 	C:\Users\lin17\.jdks\corretto-21.0.9\bin\verify.dll
0x00007ffb5a700000 - 0x00007ffb5a727000 	C:\Users\lin17\.gradle\native\660c5614fbf4a5f2a75b1949f50a0caf5cd603558e7d8a26e50b933a0cfb79d1\windows-amd64\native-platform.dll
0x00007ffba73e0000 - 0x00007ffba7457000 	C:\Users\lin17\.gradle\native\0.2.8\x86_64-windows-gnu\gradle-fileevents.dll
0x00007ffba7b40000 - 0x00007ffba7b4a000 	C:\Users\lin17\.jdks\corretto-21.0.9\bin\management.dll
0x00007ffba7240000 - 0x00007ffba724c000 	C:\Users\lin17\.jdks\corretto-21.0.9\bin\management_ext.dll
0x00007ffbe71d0000 - 0x00007ffbe71d8000 	C:\WINDOWS\System32\PSAPI.DLL
0x00007ffbe3ad0000 - 0x00007ffbe3b02000 	C:\WINDOWS\SYSTEM32\IPHLPAPI.DLL
0x00007ffbe6720000 - 0x00007ffbe672a000 	C:\WINDOWS\System32\NSI.dll
0x00007ffb974d0000 - 0x00007ffb974d9000 	C:\Users\lin17\.jdks\corretto-21.0.9\bin\extnet.dll
0x00007ffbe4a30000 - 0x00007ffbe4a4b000 	C:\WINDOWS\SYSTEM32\CRYPTSP.dll
0x00007ffbe4040000 - 0x00007ffbe4079000 	C:\WINDOWS\system32\rsaenh.dll
0x00007ffbe46e0000 - 0x00007ffbe4713000 	C:\WINDOWS\SYSTEM32\USERENV.dll
0x00007ffbe5280000 - 0x00007ffbe52aa000 	C:\WINDOWS\SYSTEM32\bcrypt.dll
0x00007ffbe4890000 - 0x00007ffbe489c000 	C:\WINDOWS\SYSTEM32\CRYPTBASE.dll
0x00007ffb710f0000 - 0x00007ffb710fe000 	C:\Users\lin17\.jdks\corretto-21.0.9\bin\sunmscapi.dll
0x00007ffbe6410000 - 0x00007ffbe6588000 	C:\WINDOWS\System32\CRYPT32.dll
0x00007ffbe4b90000 - 0x00007ffbe4bc0000 	C:\WINDOWS\SYSTEM32\ncrypt.dll
0x00007ffbe4b40000 - 0x00007ffbe4b7f000 	C:\WINDOWS\SYSTEM32\NTASN1.dll
0x00007ffbb3a60000 - 0x00007ffbb3a68000 	C:\WINDOWS\system32\wshunix.dll

JVMTI agents:
C:\Users\lin17\.gradle\wrapper\dists\gradle-9.4.0-bin\lcvyxq3t37f6mx9miaydrrgs\gradle-9.4.0\lib\agents\gradle-instrumentation-agent-9.4.0.jar path:C:\Users\lin17\.jdks\corretto-21.0.9\bin\instrument.dll, loaded, initialized, instrumentlib options:none

dbghelp: loaded successfully - version: 4.0.5 - missing functions: none
symbol engine: initialized successfully - sym options: 0x614 - pdb path: .;C:\Users\lin17\.jdks\corretto-21.0.9\bin;C:\WINDOWS\SYSTEM32;C:\WINDOWS\WinSxS\amd64_microsoft.windows.common-controls_6595b64144ccf1df_6.0.26100.8457_none_3e0b2faee331e92d;C:\Users\lin17\.jdks\corretto-21.0.9\bin\server;C:\Users\lin17\.gradle\native\660c5614fbf4a5f2a75b1949f50a0caf5cd603558e7d8a26e50b933a0cfb79d1\windows-amd64;C:\Users\lin17\.gradle\native\0.2.8\x86_64-windows-gnu

VM Arguments:
jvm_args: --add-opens=java.base/java.lang=ALL-UNNAMED --add-opens=java.base/java.lang.invoke=ALL-UNNAMED --add-opens=java.base/java.util=ALL-UNNAMED --add-opens=java.prefs/java.util.prefs=ALL-UNNAMED --add-exports=jdk.compiler/com.sun.tools.javac.api=ALL-UNNAMED --add-exports=jdk.compiler/com.sun.tools.javac.util=ALL-UNNAMED --add-opens=java.base/java.util=ALL-UNNAMED --add-opens=java.prefs/java.util.prefs=ALL-UNNAMED --add-opens=java.base/java.nio.charset=ALL-UNNAMED --add-opens=java.base/java.net=ALL-UNNAMED --add-opens=java.base/java.util.concurrent=ALL-UNNAMED --add-opens=java.base/java.util.concurrent.atomic=ALL-UNNAMED --add-opens=java.xml/javax.xml.namespace=ALL-UNNAMED --add-opens=java.base/java.time=ALL-UNNAMED -XX:MaxMetaspaceSize=1g -Xmx3g -Dfile.encoding=UTF-8 -Duser.country=CN -Duser.language=zh -Duser.variant -javaagent:C:\Users\lin17\.gradle\wrapper\dists\gradle-9.4.0-bin\lcvyxq3t37f6mx9miaydrrgs\gradle-9.4.0\lib\agents\gradle-instrumentation-agent-9.4.0.jar 
java_command: org.gradle.launcher.daemon.bootstrap.GradleDaemon 9.4.0
java_class_path (initial): C:\Users\lin17\.gradle\wrapper\dists\gradle-9.4.0-bin\lcvyxq3t37f6mx9miaydrrgs\gradle-9.4.0\lib\gradle-daemon-main-9.4.0.jar
Launcher Type: SUN_STANDARD

[Global flags]
     intx CICompilerCount                          = 12                                        {product} {ergonomic}
   size_t CompressedClassSpaceSize                 = 872415232                                 {product} {ergonomic}
     uint ConcGCThreads                            = 3                                         {product} {ergonomic}
     uint G1ConcRefinementThreads                  = 13                                        {product} {ergonomic}
   size_t G1HeapRegionSize                         = 2097152                                   {product} {ergonomic}
    uintx GCDrainStackTargetSize                   = 64                                        {product} {ergonomic}
   size_t InitialHeapSize                          = 255852544                                 {product} {ergonomic}
   size_t MarkStackSize                            = 4194304                                   {product} {ergonomic}
   size_t MaxHeapSize                              = 3221225472                                {product} {command line}
   size_t MaxMetaspaceSize                         = 1073741824                                {product} {command line}
   size_t MaxNewSize                               = 1931476992                                {product} {ergonomic}
   size_t MinHeapDeltaBytes                        = 2097152                                   {product} {ergonomic}
   size_t MinHeapSize                              = 8388608                                   {product} {ergonomic}
    uintx NonNMethodCodeHeapSize                   = 7602480                                {pd product} {ergonomic}
    uintx NonProfiledCodeHeapSize                  = 122027880                              {pd product} {ergonomic}
    uintx ProfiledCodeHeapSize                     = 122027880                              {pd product} {ergonomic}
    uintx ReservedCodeCacheSize                    = 251658240                              {pd product} {ergonomic}
     bool SegmentedCodeCache                       = true                                      {product} {ergonomic}
   size_t SoftMaxHeapSize                          = 3221225472                             {manageable} {ergonomic}
     bool UseCompressedOops                        = true                           {product lp64_product} {ergonomic}
     bool UseG1GC                                  = true                                      {product} {ergonomic}
     bool UseLargePagesIndividualAllocation        = false                                  {pd product} {ergonomic}

Logging:
Log output configuration:
 #0: stdout all=warning uptime,level,tags foldmultilines=false
 #1: stderr all=off uptime,level,tags foldmultilines=false

Release file:
IMPLEMENTOR="Amazon.com Inc." 
IMPLEMENTOR_VERSION="Corretto-21.0.9.10.1" 
JAVA_RUNTIME_VERSION="21.0.9+10-LTS" 
JAVA_VERSION="21.0.9" 
JAVA_VERSION_DATE="2025-10-21" 
LIBC="default" 
MODULES="java.base java.compiler java.datatransfer java.xml java.prefs java.desktop java.instrument java.logging java.management java.security.sasl java.naming java.rmi java.management.rmi java.net.http java.scripting java.security.jgss java.transaction.xa java.sql java.sql.rowset java.xml.crypto java.se java.smartcardio jdk.accessibility jdk.internal.jvmstat jdk.attach jdk.charsets jdk.internal.opt jdk.zipfs jdk.compiler jdk.crypto.ec jdk.crypto.cryptoki jdk.crypto.mscapi jdk.dynalink jdk.internal.ed jdk.editpad jdk.hotspot.agent jdk.httpserver jdk.incubator.vector jdk.internal.le jdk.internal.vm.ci jdk.internal.vm.compiler jdk.internal.vm.compiler.management jdk.jartool jdk.javadoc jdk.jcmd jdk.management jdk.management.agent jdk.jconsole jdk.jdeps jdk.jdwp.agent jdk.jdi jdk.jfr jdk.jlink jdk.jpackage jdk.jshell jdk.jsobject jdk.jstatd jdk.localedata jdk.management.jfr jdk.naming.dns jdk.naming.rmi jdk.net jdk.nio.mapmode jdk.random jdk.sctp jdk.security.auth jdk.security.jgss jdk.unsupported jdk.unsupported.desktop jdk.xml.dom" 
OS_ARCH="x86_64" 
OS_NAME="Windows" 
SOURCE="" 

Environment Variables:
JAVA_HOME=C:\Users\lin17\.jdks\corretto-21.0.9
CLASSPATH=D:\code\intellij\cangjie\\gradle\wrapper\gradle-wrapper.jar
PATH=C:\Users\lin17\.codex\tmp\arg0\codex-arg0XwL25B;C:\WINDOWS\system32;C:\WINDOWS;C:\WINDOWS\System32\Wbem;C:\WINDOWS\System32\WindowsPowerShell\v1.0\;C:\WINDOWS\System32\OpenSSH\;C:\Program Files\Git\cmd;C:\Program Files\dotnet\;C:\Program Files (x86)\Windows Kits\10\Windows Performance Toolkit\;C:\Program Files (x86)\NetSarang\Xshell 8\;C:\Program Files (x86)\NetSarang\Xftp 8\;C:\Program Files (x86)\Tencent\微信web开发者工具\dll;C:\Users\lin17\AppData\Local\nvm;C:\nvm4w\nodejs;C:\Program Files\CMake\bin;C:\Program Files\GitHub CLI\;C:\Program Files\Docker\Docker\resources\bin;C:\Users\lin17\.bun\bin;C:\Users\lin17\AppData\Local\AtomCode;C:\Users\lin17\AppData\Local\Programs\Python\Launcher\;C:\Users\lin17\.cargo\bin;C:\Users\lin17\.local\bin;C:\Users\lin17\AppData\Local\Microsoft\WindowsApps;C:\Users\lin17\AppData\Local\JetBrains\Toolbox\scripts;C:\Users\lin17\AppData\Local\Programs\Microsoft VS Code\bin;C:\Users\lin17\.cangjie\sdks\cangjie-1.0.5\runtime\lib\windows_x86_64_llvm;C:\Users\lin17\AppData\Local\Microsoft\WinGet\Packages\Google.Protobuf_Microsoft.Winget.Source_8wekyb3d8bbwe\bin;C:\Program Files\OpenSSL-Win64\bin;C:\Users\lin17\.jdks\corretto-21.0.9\bin;C:\Users\lin17\AppData\Local\Programs\cursor\resources\app\bin;C:\Users\lin17\.cangjie\sdks\cangjie-1.0.5\bin;C:\Users\lin17\AppData\Local\Programs\Kiro\bin;C:\Users\lin17\.cangjie\sdks\cangjie-1.0.5\tools\bin;C:\Users\lin17\.cangjie\sdks\cangjie-1.0.5\runtime\lib\windows_x86_64_cjnative;C:\Users\lin17\AppData\Local\pnpm;C:\Users\lin17\AppData\Roaming\npm;C:\Users\lin17\AppData\Local\OpenAI\Codex\bin\ada252862d154cdd;C:\Program Files\WindowsApps\OpenAI.Codex_26.519.11010.0_x64__2p2nqsd0c76g0\app\resources
USERNAME=lin17
SHELL=C:\WINDOWS\System32\WindowsPowerShell\v1.0\powershell.exe
OS=Windows_NT
PROCESSOR_IDENTIFIER=AMD64 Family 25 Model 68 Stepping 1, AuthenticAMD
TMP=C:\Users\lin17\AppData\Local\Temp
TEMP=C:\Users\lin17\AppData\Local\Temp




Periodic native trim disabled

---------------  S Y S T E M  ---------------

OS:
 Windows 11 , 64 bit Build 26100 (10.0.26100.8328)
OS uptime: 0 days 1:30 hours
Hyper-V role detected

CPU: total 16 (initial active 16) (16 cores per cpu, 2 threads per core) family 25 model 68 stepping 1 microcode 0xa404101, cx8, cmov, fxsr, ht, mmx, 3dnowpref, sse, sse2, sse3, ssse3, sse4a, sse4.1, sse4.2, popcnt, lzcnt, tsc, tscinvbit, avx, avx2, aes, clmul, bmi1, bmi2, adx, sha, fma, vzeroupper, clflush, clflushopt, hv, rdtscp, rdpid, f16c, cet_ss
Processor Information for the first 16 processors :
  Max Mhz: 3201, Current Mhz: 3201, Mhz Limit: 3201

Memory: 4k page, system-wide physical 15613M (1045M free)
TotalPageFile size 62717M (AvailPageFile size 0M)
current process WorkingSet (physical memory assigned to process): 229M, peak: 1352M
current process commit charge ("private bytes"): 2568M, peak: 2568M

vm_info: OpenJDK 64-Bit Server VM (21.0.9+10-LTS) for windows-amd64 JRE (21.0.9+10-LTS), built on 2025-10-16T09:41:28Z by "Administrator" with unknown MS VC++:1944

END.
